record_type,scenario_id,denominator_id,model_id,prior_id,kappa,cell_id,cell_label,successes,trials,k_rep,predictive_probability,predictive_mean,predictive_variance,mass_sum,parameter_uncertainty_included,conditional_on_model_assumptions,status,reason
summary,primary,primary_conservative_method_1,M0,beta_2_2,4,CP02-VHF-2015,VHF — 2015,15,15,,,14.47265625,0.536521288207533,0.999999999999925,true,true,ok_conditional,Exact Beta-Binomial marginal; M0 cell marginals are cross-cell dependent.
pmf,primary,primary_conservative_method_1,M0,beta_2_2,4,CP02-VHF-2015,VHF — 2015,15,15,0,3.22490491537112e-19,14.47265625,0.536521288207533,0.999999999999925,true,true,ok_conditional,Exact Beta-Binomial marginal; M0 cell marginals are cross-cell dependent.
pmf,primary,primary_conservative_method_1,M0,beta_2_2,4,CP02-VHF-2015,VHF — 2015,15,15,1,5.19490117889157e-17,14.47265625,0.536521288207533,0.999999999999925,true,true,ok_conditional,Exact Beta-Binomial marginal; M0 cell marginals are cross-cell dependent.
pmf,primary,primary_conservative_method_1,M0,beta_2_2,4,CP02-VHF-2015,VHF — 2015,15,15,2,4.09924929388849e-15,14.47265625,0.536521288207533,0.999999999999925,true,true,ok_conditional,Exact Beta-Binomial marginal; M0 cell marginals are cross-cell dependent.
pmf,primary,primary_conservative_method_1,M0,beta_2_2,4,CP02-VHF-2015,VHF — 2015,15,15,3,2.10623332766991e-13,14.47265625,0.536521288207533,0.999999999999925,true,true,ok_conditional,Exact Beta-Binomial marginal; M0 cell marginals are cross-cell dependent.
pmf,primary,primary_conservative_method_1,M0,beta_2_2,4,CP02-VHF-2015,VHF — 2015,15,15,4,7.89837497876149e-12,14.47265625,0.536521288207533,0.999999999999925,true,true,ok_conditional,Exact Beta-Binomial marginal; M0 cell marginals are cross-cell dependent.
pmf,primary,primary_conservative_method_1,M0,beta_2_2,4,CP02-VHF-2015,VHF — 2015,15,15,5,2.29551719119568e-10,14.47265625,0.536521288207533,0.999999999999925,true,true,ok_conditional,Exact Beta-Binomial marginal; M0 cell marginals are cross-cell dependent.
pmf,primary,primary_conservative_method_1,M0,beta_2_2,4,CP02-VHF-2015,VHF — 2015,15,15,6,5.35620677945679e-09,14.47265625,0.536521288207533,0.999999999999925,true,true,ok_conditional,Exact Beta-Binomial marginal; M0 cell marginals are cross-cell dependent.
pmf,primary,primary_conservative_method_1,M0,beta_2_2,4,CP02-VHF-2015,VHF — 2015,15,15,7,1.02488091065743e-07,14.47265625,0.536521288207533,0.999999999999925,true,true,ok_conditional,Exact Beta-Binomial marginal; M0 cell marginals are cross-cell dependent.
pmf,primary,primary_conservative_method_1,M0,beta_2_2,4,CP02-VHF-2015,VHF — 2015,15,15,8,1.62699844566885e-06,14.47265625,0.536521288207533,0.999999999999925,true,true,ok_conditional,Exact Beta-Binomial marginal; M0 cell marginals are cross-cell dependent.
pmf,primary,primary_conservative_method_1,M0,beta_2_2,4,CP02-VHF-2015,VHF — 2015,15,15,9,2.151253500384e-05,14.47265625,0.536521288207533,0.999999999999925,true,true,ok_conditional,Exact Beta-Binomial marginal; M0 cell marginals are cross-cell dependent.
pmf,primary,primary_conservative_method_1,M0,beta_2_2,4,CP02-VHF-2015,VHF — 2015,15,15,10,0.000236023241184983,14.47265625,0.536521288207533,0.999999999999925,true,true,ok_conditional,Exact Beta-Binomial marginal; M0 cell marginals are cross-cell dependent.
pmf,primary,primary_conservative_method_1,M0,beta_2_2,4,CP02-VHF-2015,VHF — 2015,15,15,11,0.00212090814631265,14.47265625,0.536521288207533,0.999999999999925,true,true,ok_conditional,Exact Beta-Binomial marginal; M0 cell marginals are cross-cell dependent.
pmf,primary,primary_conservative_method_1,M0,beta_2_2,4,CP02-VHF-2015,VHF — 2015,15,15,12,0.0151998417152448,14.47265625,0.536521288207533,0.999999999999925,true,true,ok_conditional,Exact Beta-Binomial marginal; M0 cell marginals are cross-cell dependent.
pmf,primary,primary_conservative_method_1,M0,beta_2_2,4,CP02-VHF-2015,VHF — 2015,15,15,13,0.0825893497394622,14.47265625,0.536521288207533,0.999999999999925,true,true,ok_conditional,Exact Beta-Binomial marginal; M0 cell marginals are cross-cell dependent.
pmf,primary,primary_conservative_method_1,M0,beta_2_2,4,CP02-VHF-2015,VHF — 2015,15,15,14,0.306760441889472,14.47265625,0.536521288207533,0.999999999999925,true,true,ok_conditional,Exact Beta-Binomial marginal; M0 cell marginals are cross-cell dependent.
pmf,primary,primary_conservative_method_1,M0,beta_2_2,4,CP02-VHF-2015,VHF — 2015,15,15,15,0.593070187652836,14.47265625,0.536521288207533,0.999999999999925,true,true,ok_conditional,Exact Beta-Binomial marginal; M0 cell marginals are cross-cell dependent.
summary,primary,primary_conservative_method_1,M0,beta_2_2,4,CP02-VHF-2016,VHF — 2016,32,32,,,30.875,1.21637889105058,1.00000000000019,true,true,ok_conditional,Exact Beta-Binomial marginal; M0 cell marginals are cross-cell dependent.
pmf,primary,primary_conservative_method_1,M0,beta_2_2,4,CP02-VHF-2016,VHF — 2016,32,32,0,2.71352970392005e-35,30.875,1.21637889105058,1.00000000000019,true,true,ok_conditional,Exact Beta-Binomial marginal; M0 cell marginals are cross-cell dependent.
pmf,primary,primary_conservative_method_1,M0,beta_2_2,4,CP02-VHF-2016,VHF — 2016,32,32,1,5.36193469494633e-33,30.875,1.21637889105058,1.00000000000019,true,true,ok_conditional,Exact Beta-Binomial marginal; M0 cell marginals are cross-cell dependent.
pmf,primary,primary_conservative_method_1,M0,beta_2_2,4,CP02-VHF-2016,VHF — 2016,32,32,2,5.28494281214645e-31,30.875,1.21637889105058,1.00000000000019,true,true,ok_conditional,Exact Beta-Binomial marginal; M0 cell marginals are cross-cell dependent.
pmf,primary,primary_conservative_method_1,M0,beta_2_2,4,CP02-VHF-2016,VHF — 2016,32,32,3,3.46302831638068e-29,30.875,1.21637889105058,1.00000000000019,true,true,ok_conditional,Exact Beta-Binomial marginal; M0 cell marginals are cross-cell dependent.
pmf,primary,primary_conservative_method_1,M0,beta_2_2,4,CP02-VHF-2016,VHF — 2016,32,32,4,1.6964158982273e-27,30.875,1.21637889105058,1.00000000000019,true,true,ok_conditional,Exact Beta-Binomial marginal; M0 cell marginals are cross-cell dependent.
pmf,primary,primary_conservative_method_1,M0,beta_2_2,4,CP02-VHF-2016,VHF — 2016,32,32,5,6.62356162929785e-26,30.875,1.21637889105058,1.00000000000019,true,true,ok_conditional,Exact Beta-Binomial marginal; M0 cell marginals are cross-cell dependent.
pmf,primary,primary_conservative_method_1,M0,beta_2_2,4,CP02-VHF-2016,VHF — 2016,32,32,6,2.14603396789315e-24,30.875,1.21637889105058,1.00000000000019,true,true,ok_conditional,Exact Beta-Binomial marginal; M0 cell marginals are cross-cell dependent.
pmf,primary,primary_conservative_method_1,M0,beta_2_2,4,CP02-VHF-2016,VHF — 2016,32,32,7,5.931349344875e-23,30.875,1.21637889105058,1.00000000000019,true,true,ok_conditional,Exact Beta-Binomial marginal; M0 cell marginals are cross-cell dependent.
pmf,primary,primary_conservative_method_1,M0,beta_2_2,4,CP02-VHF-2016,VHF — 2016,32,32,8,1.42666925530134e-21,30.875,1.21637889105058,1.00000000000019,true,true,ok_conditional,Exact Beta-Binomial marginal; M0 cell marginals are cross-cell dependent.
pmf,primary,primary_conservative_method_1,M0,beta_2_2,4,CP02-VHF-2016,VHF — 2016,32,32,9,3.03167216751489e-20,30.875,1.21637889105058,1.00000000000019,true,true,ok_conditional,Exact Beta-Binomial marginal; M0 cell marginals are cross-cell dependent.
pmf,primary,primary_conservative_method_1,M0,beta_2_2,4,CP02-VHF-2016,VHF — 2016,32,32,10,5.75822120075062e-19,30.875,1.21637889105058,1.00000000000019,true,true,ok_conditional,Exact Beta-Binomial marginal; M0 cell marginals are cross-cell dependent.
pmf,primary,primary_conservative_method_1,M0,beta_2_2,4,CP02-VHF-2016,VHF — 2016,32,32,11,9.86575232395327e-18,30.875,1.21637889105058,1.00000000000019,true,true,ok_conditional,Exact Beta-Binomial marginal; M0 cell marginals are cross-cell dependent.
pmf,primary,primary_conservative_method_1,M0,beta_2_2,4,CP02-VHF-2016,VHF — 2016,32,32,12,1.53599557733307e-16,30.875,1.21637889105058,1.00000000000019,true,true,ok_conditional,Exact Beta-Binomial marginal; M0 cell marginals are cross-cell dependent.
pmf,primary,primary_conservative_method_1,M0,beta_2_2,4,CP02-VHF-2016,VHF — 2016,32,32,13,2.18583986005075e-15,30.875,1.21637889105058,1.00000000000019,true,true,ok_conditional,Exact Beta-Binomial marginal; M0 cell marginals are cross-cell dependent.
pmf,primary,primary_conservative_method_1,M0,beta_2_2,4,CP02-VHF-2016,VHF — 2016,32,32,14,2.85662669541041e-14,30.875,1.21637889105058,1.00000000000019,true,true,ok_conditional,Exact Beta-Binomial marginal; M0 cell marginals are cross-cell dependent.
pmf,primary,primary_conservative_method_1,M0,beta_2_2,4,CP02-VHF-2016,VHF — 2016,32,32,15,3.44113646539345e-13,30.875,1.21637889105058,1.00000000000019,true,true,ok_conditional,Exact Beta-Binomial marginal; M0 cell marginals are cross-cell dependent.
pmf,primary,primary_conservative_method_1,M0,beta_2_2,4,CP02-VHF-2016,VHF — 2016,32,32,16,3.83170545421649e-12,30.875,1.21637889105058,1.00000000000019,true,true,ok_conditional,Exact Beta-Binomial marginal; M0 cell marginals are cross-cell dependent.
pmf,primary,primary_conservative_method_1,M0,beta_2_2,4,CP02-VHF-2016,VHF — 2016,32,32,17,3.95191582140757e-11,30.875,1.21637889105058,1.00000000000019,true,true,ok_conditional,Exact Beta-Binomial marginal; M0 cell marginals are cross-cell dependent.
pmf,primary,primary_conservative_method_1,M0,beta_2_2,4,CP02-VHF-2016,VHF — 2016,32,32,18,3.78009339438883e-10,30.875,1.21637889105058,1.00000000000019,true,true,ok_conditional,Exact Beta-Binomial marginal; M0 cell marginals are cross-cell dependent.
pmf,primary,primary_conservative_method_1,M0,beta_2_2,4,CP02-VHF-2016,VHF — 2016,32,32,19,3.3550589696611e-09,30.875,1.21637889105058,1.00000000000019,true,true,ok_conditional,Exact Beta-Binomial marginal; M0 cell marginals are cross-cell dependent.
pmf,primary,primary_conservative_method_1,M0,beta_2_2,4,CP02-VHF-2016,VHF — 2016,32,32,20,2.76233188502093e-08,30.875,1.21637889105058,1.00000000000019,true,true,ok_conditional,Exact Beta-Binomial marginal; M0 cell marginals are cross-cell dependent.
pmf,primary,primary_conservative_method_1,M0,beta_2_2,4,CP02-VHF-2016,VHF — 2016,32,32,21,2.10726460943077e-07,30.875,1.21637889105058,1.00000000000019,true,true,ok_conditional,Exact Beta-Binomial marginal; M0 cell marginals are cross-cell dependent.
pmf,primary,primary_conservative_method_1,M0,beta_2_2,4,CP02-VHF-2016,VHF — 2016,32,32,22,1.48617609296695e-06,30.875,1.21637889105058,1.00000000000019,true,true,ok_conditional,Exact Beta-Binomial marginal; M0 cell marginals are cross-cell dependent.
pmf,primary,primary_conservative_method_1,M0,beta_2_2,4,CP02-VHF-2016,VHF — 2016,32,32,23,9.65655480695702e-06,30.875,1.21637889105058,1.00000000000019,true,true,ok_conditional,Exact Beta-Binomial marginal; M0 cell marginals are cross-cell dependent.
pmf,primary,primary_conservative_method_1,M0,beta_2_2,4,CP02-VHF-2016,VHF — 2016,32,32,24,5.75133043649765e-05,30.875,1.21637889105058,1.00000000000019,true,true,ok_conditional,Exact Beta-Binomial marginal; M0 cell marginals are cross-cell dependent.
pmf,primary,primary_conservative_method_1,M0,beta_2_2,4,CP02-VHF-2016,VHF — 2016,32,32,25,0.000311722109658098,30.875,1.21637889105058,1.00000000000019,true,true,ok_conditional,Exact Beta-Binomial marginal; M0 cell marginals are cross-cell dependent.
pmf,primary,primary_conservative_method_1,M0,beta_2_2,4,CP02-VHF-2016,VHF — 2016,32,32,26,0.00152184332510016,30.875,1.21637889105058,1.00000000000019,true,true,ok_conditional,Exact Beta-Binomial marginal; M0 cell marginals are cross-cell dependent.
pmf,primary,primary_conservative_method_1,M0,beta_2_2,4,CP02-VHF-2016,VHF — 2016,32,32,27,0.00659465440876784,30.875,1.21637889105058,1.00000000000019,true,true,ok_conditional,Exact Beta-Binomial marginal; M0 cell marginals are cross-cell dependent.
pmf,primary,primary_conservative_method_1,M0,beta_2_2,4,CP02-VHF-2016,VHF — 2016,32,32,28,0.0248205399450841,30.875,1.21637889105058,1.00000000000019,true,true,ok_conditional,Exact Beta-Binomial marginal; M0 cell marginals are cross-cell dependent.
pmf,primary,primary_conservative_method_1,M0,beta_2_2,4,CP02-VHF-2016,VHF — 2016,32,32,29,0.0784557297114908,30.875,1.21637889105058,1.00000000000019,true,true,ok_conditional,Exact Beta-Binomial marginal; M0 cell marginals are cross-cell dependent.
pmf,primary,primary_conservative_method_1,M0,beta_2_2,4,CP02-VHF-2016,VHF — 2016,32,32,30,0.196852558185211,30.875,1.21637889105058,1.00000000000019,true,true,ok_conditional,Exact Beta-Binomial marginal; M0 cell marginals are cross-cell dependent.
pmf,primary,primary_conservative_method_1,M0,beta_2_2,4,CP02-VHF-2016,VHF — 2016,32,32,31,0.351794571724583,30.875,1.21637889105058,1.00000000000019,true,true,ok_conditional,Exact Beta-Binomial marginal; M0 cell marginals are cross-cell dependent.
pmf,primary,primary_conservative_method_1,M0,beta_2_2,4,CP02-VHF-2016,VHF — 2016,32,32,32,0.339579482428453,30.875,1.21637889105058,1.00000000000019,true,true,ok_conditional,Exact Beta-Binomial marginal; M0 cell marginals are cross-cell dependent.
summary,primary,primary_conservative_method_1,M0,beta_2_2,4,CP02-VHF-2017,VHF — 2017,19,19,,,18.33203125,0.689624534042893,1.00000000000014,true,true,ok_conditional,Exact Beta-Binomial marginal; M0 cell marginals are cross-cell dependent.
pmf,primary,primary_conservative_method_1,M0,beta_2_2,4,CP02-VHF-2017,VHF — 2017,19,19,0,2.46350740449165e-23,18.33203125,0.689624534042893,1.00000000000014,true,true,ok_conditional,Exact Beta-Binomial marginal; M0 cell marginals are cross-cell dependent.
pmf,primary,primary_conservative_method_1,M0,beta_2_2,4,CP02-VHF-2017,VHF — 2017,19,19,1,4.28194083306697e-21,18.33203125,0.689624534042893,1.00000000000014,true,true,ok_conditional,Exact Beta-Binomial marginal; M0 cell marginals are cross-cell dependent.
pmf,primary,primary_conservative_method_1,M0,beta_2_2,4,CP02-VHF-2017,VHF — 2017,19,19,2,3.6758815151551e-19,18.33203125,0.689624534042893,1.00000000000014,true,true,ok_conditional,Exact Beta-Binomial marginal; M0 cell marginals are cross-cell dependent.
pmf,primary,primary_conservative_method_1,M0,beta_2_2,4,CP02-VHF-2017,VHF — 2017,19,19,3,2.07466752715418e-17,18.33203125,0.689624534042893,1.00000000000014,true,true,ok_conditional,Exact Beta-Binomial marginal; M0 cell marginals are cross-cell dependent.
pmf,primary,primary_conservative_method_1,M0,beta_2_2,4,CP02-VHF-2017,VHF — 2017,19,19,4,8.64444802980781e-16,18.33203125,0.689624534042893,1.00000000000014,true,true,ok_conditional,Exact Beta-Binomial marginal; M0 cell marginals are cross-cell dependent.
pmf,primary,primary_conservative_method_1,M0,beta_2_2,4,CP02-VHF-2017,VHF — 2017,19,19,5,2.83011711584514e-14,18.33203125,0.689624534042893,1.00000000000014,true,true,ok_conditional,Exact Beta-Binomial marginal; M0 cell marginals are cross-cell dependent.
pmf,primary,primary_conservative_method_1,M0,beta_2_2,4,CP02-VHF-2017,VHF — 2017,19,19,6,7.56413120053215e-13,18.33203125,0.689624534042893,1.00000000000014,true,true,ok_conditional,Exact Beta-Binomial marginal; M0 cell marginals are cross-cell dependent.
pmf,primary,primary_conservative_method_1,M0,beta_2_2,4,CP02-VHF-2017,VHF — 2017,19,19,7,1.6924100352758e-11,18.33203125,0.689624534042893,1.00000000000014,true,true,ok_conditional,Exact Beta-Binomial marginal; M0 cell marginals are cross-cell dependent.
pmf,primary,primary_conservative_method_1,M0,beta_2_2,4,CP02-VHF-2017,VHF — 2017,19,19,8,3.2240411172006e-10,18.33203125,0.689624534042893,1.00000000000014,true,true,ok_conditional,Exact Beta-Binomial marginal; M0 cell marginals are cross-cell dependent.
pmf,primary,primary_conservative_method_1,M0,beta_2_2,4,CP02-VHF-2017,VHF — 2017,19,19,9,5.28855867470599e-09,18.33203125,0.689624534042893,1.00000000000014,true,true,ok_conditional,Exact Beta-Binomial marginal; M0 cell marginals are cross-cell dependent.
pmf,primary,primary_conservative_method_1,M0,beta_2_2,4,CP02-VHF-2017,VHF — 2017,19,19,10,7.52150567069267e-08,18.33203125,0.689624534042893,1.00000000000014,true,true,ok_conditional,Exact Beta-Binomial marginal; M0 cell marginals are cross-cell dependent.
pmf,primary,primary_conservative_method_1,M0,beta_2_2,4,CP02-VHF-2017,VHF — 2017,19,19,11,9.30333829749244e-07,18.33203125,0.689624534042893,1.00000000000014,true,true,ok_conditional,Exact Beta-Binomial marginal; M0 cell marginals are cross-cell dependent.
pmf,primary,primary_conservative_method_1,M0,beta_2_2,4,CP02-VHF-2017,VHF — 2017,19,19,12,1.00010886698065e-05,18.33203125,0.689624534042893,1.00000000000014,true,true,ok_conditional,Exact Beta-Binomial marginal; M0 cell marginals are cross-cell dependent.
pmf,primary,primary_conservative_method_1,M0,beta_2_2,4,CP02-VHF-2017,VHF — 2017,19,19,13,9.29844808120899e-05,18.33203125,0.689624534042893,1.00000000000014,true,true,ok_conditional,Exact Beta-Binomial marginal; M0 cell marginals are cross-cell dependent.
pmf,primary,primary_conservative_method_1,M0,beta_2_2,4,CP02-VHF-2017,VHF — 2017,19,19,14,0.000740080561565591,18.33203125,0.689624534042893,1.00000000000014,true,true,ok_conditional,Exact Beta-Binomial marginal; M0 cell marginals are cross-cell dependent.
pmf,primary,primary_conservative_method_1,M0,beta_2_2,4,CP02-VHF-2017,VHF — 2017,19,19,15,0.00495284683509234,18.33203125,0.689624534042893,1.00000000000014,true,true,ok_conditional,Exact Beta-Binomial marginal; M0 cell marginals are cross-cell dependent.
pmf,primary,primary_conservative_method_1,M0,beta_2_2,4,CP02-VHF-2017,VHF — 2017,19,19,16,0.0270342889748829,18.33203125,0.689624534042893,1.00000000000014,true,true,ok_conditional,Exact Beta-Binomial marginal; M0 cell marginals are cross-cell dependent.
pmf,primary,primary_conservative_method_1,M0,beta_2_2,4,CP02-VHF-2017,VHF — 2017,19,19,17,0.114064459899375,18.33203125,0.689624534042893,1.00000000000014,true,true,ok_conditional,Exact Beta-Binomial marginal; M0 cell marginals are cross-cell dependent.
pmf,primary,primary_conservative_method_1,M0,beta_2_2,4,CP02-VHF-2017,VHF — 2017,19,19,18,0.334589082371458,18.33203125,0.689624534042893,1.00000000000014,true,true,ok_conditional,Exact Beta-Binomial marginal; M0 cell marginals are cross-cell dependent.
pmf,primary,primary_conservative_method_1,M0,beta_2_2,4,CP02-VHF-2017,VHF — 2017,19,19,19,0.518515244610724,18.33203125,0.689624534042893,1.00000000000014,true,true,ok_conditional,Exact Beta-Binomial marginal; M0 cell marginals are cross-cell dependent.
summary,primary,primary_conservative_method_1,M0,beta_2_2,4,CP02-VHF-2018,VHF — 2018,25,25,,,24.12109375,0.92719853620121,1.00000000000007,true,true,ok_conditional,Exact Beta-Binomial marginal; M0 cell marginals are cross-cell dependent.
pmf,primary,primary_conservative_method_1,M0,beta_2_2,4,CP02-VHF-2018,VHF — 2018,25,25,0,4.30257245410991e-29,24.12109375,0.92719853620121,1.00000000000007,true,true,ok_conditional,Exact Beta-Binomial marginal; M0 cell marginals are cross-cell dependent.
pmf,primary,primary_conservative_method_1,M0,beta_2_2,4,CP02-VHF-2018,VHF — 2018,25,25,1,8.05102572852328e-27,24.12109375,0.92719853620121,1.00000000000007,true,true,ok_conditional,Exact Beta-Binomial marginal; M0 cell marginals are cross-cell dependent.
pmf,primary,primary_conservative_method_1,M0,beta_2_2,4,CP02-VHF-2018,VHF — 2018,25,25,2,7.48745392752623e-25,24.12109375,0.92719853620121,1.00000000000007,true,true,ok_conditional,Exact Beta-Binomial marginal; M0 cell marginals are cross-cell dependent.
pmf,primary,primary_conservative_method_1,M0,beta_2_2,4,CP02-VHF-2018,VHF — 2018,25,25,3,4.61082243472549e-23,24.12109375,0.92719853620121,1.00000000000007,true,true,ok_conditional,Exact Beta-Binomial marginal; M0 cell marginals are cross-cell dependent.
pmf,primary,primary_conservative_method_1,M0,beta_2_2,4,CP02-VHF-2018,VHF — 2018,25,25,4,2.11329361591594e-21,24.12109375,0.92719853620121,1.00000000000007,true,true,ok_conditional,Exact Beta-Binomial marginal; M0 cell marginals are cross-cell dependent.
pmf,primary,primary_conservative_method_1,M0,beta_2_2,4,CP02-VHF-2018,VHF — 2018,25,25,5,7.6821866548212e-20,24.12109375,0.92719853620121,1.00000000000007,true,true,ok_conditional,Exact Beta-Binomial marginal; M0 cell marginals are cross-cell dependent.
pmf,primary,primary_conservative_method_1,M0,beta_2_2,4,CP02-VHF-2018,VHF — 2018,25,25,6,2.30465599644659e-18,24.12109375,0.92719853620121,1.00000000000007,true,true,ok_conditional,Exact Beta-Binomial marginal; M0 cell marginals are cross-cell dependent.
pmf,primary,primary_conservative_method_1,M0,beta_2_2,4,CP02-VHF-2018,VHF — 2018,25,25,7,5.86163035710076e-17,24.12109375,0.92719853620121,1.00000000000007,true,true,ok_conditional,Exact Beta-Binomial marginal; M0 cell marginals are cross-cell dependent.
pmf,primary,primary_conservative_method_1,M0,beta_2_2,4,CP02-VHF-2018,VHF — 2018,25,25,8,1.28843144195501e-15,24.12109375,0.92719853620121,1.00000000000007,true,true,ok_conditional,Exact Beta-Binomial marginal; M0 cell marginals are cross-cell dependent.
pmf,primary,primary_conservative_method_1,M0,beta_2_2,4,CP02-VHF-2018,VHF — 2018,25,25,9,2.48237791149989e-14,24.12109375,0.92719853620121,1.00000000000007,true,true,ok_conditional,Exact Beta-Binomial marginal; M0 cell marginals are cross-cell dependent.
pmf,primary,primary_conservative_method_1,M0,beta_2_2,4,CP02-VHF-2018,VHF — 2018,25,25,10,4.23659163562607e-13,24.12109375,0.92719853620121,1.00000000000007,true,true,ok_conditional,Exact Beta-Binomial marginal; M0 cell marginals are cross-cell dependent.
pmf,primary,primary_conservative_method_1,M0,beta_2_2,4,CP02-VHF-2018,VHF — 2018,25,25,11,6.45535998234703e-12,24.12109375,0.92719853620121,1.00000000000007,true,true,ok_conditional,Exact Beta-Binomial marginal; M0 cell marginals are cross-cell dependent.
pmf,primary,primary_conservative_method_1,M0,beta_2_2,4,CP02-VHF-2018,VHF — 2018,25,25,12,8.83210615766751e-11,24.12109375,0.92719853620121,1.00000000000007,true,true,ok_conditional,Exact Beta-Binomial marginal; M0 cell marginals are cross-cell dependent.
pmf,primary,primary_conservative_method_1,M0,beta_2_2,4,CP02-VHF-2018,VHF — 2018,25,25,13,1.08929309277895e-09,24.12109375,0.92719853620121,1.00000000000007,true,true,ok_conditional,Exact Beta-Binomial marginal; M0 cell marginals are cross-cell dependent.
pmf,primary,primary_conservative_method_1,M0,beta_2_2,4,CP02-VHF-2018,VHF — 2018,25,25,14,1.21378373195365e-08,24.12109375,0.92719853620121,1.00000000000007,true,true,ok_conditional,Exact Beta-Binomial marginal; M0 cell marginals are cross-cell dependent.
pmf,primary,primary_conservative_method_1,M0,beta_2_2,4,CP02-VHF-2018,VHF — 2018,25,25,15,1.22272740155752e-07,24.12109375,0.92719853620121,1.00000000000007,true,true,ok_conditional,Exact Beta-Binomial marginal; M0 cell marginals are cross-cell dependent.
pmf,primary,primary_conservative_method_1,M0,beta_2_2,4,CP02-VHF-2018,VHF — 2018,25,25,16,1.11234228891695e-06,24.12109375,0.92719853620121,1.00000000000007,true,true,ok_conditional,Exact Beta-Binomial marginal; M0 cell marginals are cross-cell dependent.
pmf,primary,primary_conservative_method_1,M0,beta_2_2,4,CP02-VHF-2018,VHF — 2018,25,25,17,9.11042975040327e-06,24.12109375,0.92719853620121,1.00000000000007,true,true,ok_conditional,Exact Beta-Binomial marginal; M0 cell marginals are cross-cell dependent.
pmf,primary,primary_conservative_method_1,M0,beta_2_2,4,CP02-VHF-2018,VHF — 2018,25,25,18,6.68098181696064e-05,24.12109375,0.92719853620121,1.00000000000007,true,true,ok_conditional,Exact Beta-Binomial marginal; M0 cell marginals are cross-cell dependent.
pmf,primary,primary_conservative_method_1,M0,beta_2_2,4,CP02-VHF-2018,VHF — 2018,25,25,19,0.000434849869139056,24.12109375,0.92719853620121,1.00000000000007,true,true,ok_conditional,Exact Beta-Binomial marginal; M0 cell marginals are cross-cell dependent.
pmf,primary,primary_conservative_method_1,M0,beta_2_2,4,CP02-VHF-2018,VHF — 2018,25,25,20,0.00247864425409231,24.12109375,0.92719853620121,1.00000000000007,true,true,ok_conditional,Exact Beta-Binomial marginal; M0 cell marginals are cross-cell dependent.
pmf,primary,primary_conservative_method_1,M0,beta_2_2,4,CP02-VHF-2018,VHF — 2018,25,25,21,0.0121208427810048,24.12109375,0.92719853620121,1.00000000000007,true,true,ok_conditional,Exact Beta-Binomial marginal; M0 cell marginals are cross-cell dependent.
pmf,primary,primary_conservative_method_1,M0,beta_2_2,4,CP02-VHF-2018,VHF — 2018,25,25,22,0.0492179676561968,24.12109375,0.92719853620121,1.00000000000007,true,true,ok_conditional,Exact Beta-Binomial marginal; M0 cell marginals are cross-cell dependent.
pmf,primary,primary_conservative_method_1,M0,beta_2_2,4,CP02-VHF-2018,VHF — 2018,25,25,23,0.156991699203719,24.12109375,0.92719853620121,1.00000000000007,true,true,ok_conditional,Exact Beta-Binomial marginal; M0 cell marginals are cross-cell dependent.
pmf,primary,primary_conservative_method_1,M0,beta_2_2,4,CP02-VHF-2018,VHF — 2018,25,25,24,0.353231323208507,24.12109375,0.92719853620121,1.00000000000007,true,true,ok_conditional,Exact Beta-Binomial marginal; M0 cell marginals are cross-cell dependent.
pmf,primary,primary_conservative_method_1,M0,beta_2_2,4,CP02-VHF-2018,VHF — 2018,25,25,25,0.425447504842102,24.12109375,0.92719853620121,1.00000000000007,true,true,ok_conditional,Exact Beta-Binomial marginal; M0 cell marginals are cross-cell dependent.
summary,primary,primary_conservative_method_1,M0,beta_2_2,4,CP02-VHF-2019,VHF — 2019,24,26,,,25.0859375,0.967718102124878,1.0000000000001,true,true,ok_conditional,Exact Beta-Binomial marginal; M0 cell marginals are cross-cell dependent.
pmf,primary,primary_conservative_method_1,M0,beta_2_2,4,CP02-VHF-2019,VHF — 2019,24,26,0,5.20595955301585e-30,25.0859375,0.967718102124878,1.0000000000001,true,true,ok_conditional,Exact Beta-Binomial marginal; M0 cell marginals are cross-cell dependent.
pmf,primary,primary_conservative_method_1,M0,beta_2_2,4,CP02-VHF-2019,VHF — 2019,24,26,1,9.83313889690289e-28,25.0859375,0.967718102124878,1.0000000000001,true,true,ok_conditional,Exact Beta-Binomial marginal; M0 cell marginals are cross-cell dependent.
pmf,primary,primary_conservative_method_1,M0,beta_2_2,4,CP02-VHF-2019,VHF — 2019,24,26,2,9.2371910849672e-26,25.0859375,0.967718102124878,1.0000000000001,true,true,ok_conditional,Exact Beta-Binomial marginal; M0 cell marginals are cross-cell dependent.
pmf,primary,primary_conservative_method_1,M0,beta_2_2,4,CP02-VHF-2019,VHF — 2019,24,26,3,5.75015145039335e-24,25.0859375,0.967718102124878,1.0000000000001,true,true,ok_conditional,Exact Beta-Binomial marginal; M0 cell marginals are cross-cell dependent.
pmf,primary,primary_conservative_method_1,M0,beta_2_2,4,CP02-VHF-2019,VHF — 2019,24,26,4,2.66640087417406e-22,25.0859375,0.967718102124878,1.0000000000001,true,true,ok_conditional,Exact Beta-Binomial marginal; M0 cell marginals are cross-cell dependent.
pmf,primary,primary_conservative_method_1,M0,beta_2_2,4,CP02-VHF-2019,VHF — 2019,24,26,5,9.81591041812489e-21,25.0859375,0.967718102124878,1.0000000000001,true,true,ok_conditional,Exact Beta-Binomial marginal; M0 cell marginals are cross-cell dependent.
pmf,primary,primary_conservative_method_1,M0,beta_2_2,4,CP02-VHF-2019,VHF — 2019,24,26,6,2.98539068578863e-19,25.0859375,0.967718102124878,1.0000000000001,true,true,ok_conditional,Exact Beta-Binomial marginal; M0 cell marginals are cross-cell dependent.
pmf,primary,primary_conservative_method_1,M0,beta_2_2,4,CP02-VHF-2019,VHF — 2019,24,26,7,7.70718207657753e-18,25.0859375,0.967718102124878,1.0000000000001,true,true,ok_conditional,Exact Beta-Binomial marginal; M0 cell marginals are cross-cell dependent.
pmf,primary,primary_conservative_method_1,M0,beta_2_2,4,CP02-VHF-2019,VHF — 2019,24,26,8,1.72198429173935e-16,25.0859375,0.967718102124878,1.0000000000001,true,true,ok_conditional,Exact Beta-Binomial marginal; M0 cell marginals are cross-cell dependent.
pmf,primary,primary_conservative_method_1,M0,beta_2_2,4,CP02-VHF-2019,VHF — 2019,24,26,9,3.37773841841073e-15,25.0859375,0.967718102124878,1.0000000000001,true,true,ok_conditional,Exact Beta-Binomial marginal; M0 cell marginals are cross-cell dependent.
pmf,primary,primary_conservative_method_1,M0,beta_2_2,4,CP02-VHF-2019,VHF — 2019,24,26,10,5.87996703877027e-14,25.0859375,0.967718102124878,1.0000000000001,true,true,ok_conditional,Exact Beta-Binomial marginal; M0 cell marginals are cross-cell dependent.
pmf,primary,primary_conservative_method_1,M0,beta_2_2,4,CP02-VHF-2019,VHF — 2019,24,26,11,9.15849411493187e-13,25.0859375,0.967718102124878,1.0000000000001,true,true,ok_conditional,Exact Beta-Binomial marginal; M0 cell marginals are cross-cell dependent.
pmf,primary,primary_conservative_method_1,M0,beta_2_2,4,CP02-VHF-2019,VHF — 2019,24,26,12,1.28418015307224e-11,25.0859375,0.967718102124878,1.0000000000001,true,true,ok_conditional,Exact Beta-Binomial marginal; M0 cell marginals are cross-cell dependent.
pmf,primary,primary_conservative_method_1,M0,beta_2_2,4,CP02-VHF-2019,VHF — 2019,24,26,13,1.62812490735642e-10,25.0859375,0.967718102124878,1.0000000000001,true,true,ok_conditional,Exact Beta-Binomial marginal; M0 cell marginals are cross-cell dependent.
pmf,primary,primary_conservative_method_1,M0,beta_2_2,4,CP02-VHF-2019,VHF — 2019,24,26,14,1.87178985947795e-09,25.0859375,0.967718102124878,1.0000000000001,true,true,ok_conditional,Exact Beta-Binomial marginal; M0 cell marginals are cross-cell dependent.
pmf,primary,primary_conservative_method_1,M0,beta_2_2,4,CP02-VHF-2019,VHF — 2019,24,26,15,1.95414861329463e-08,25.0859375,0.967718102124878,1.0000000000001,true,true,ok_conditional,Exact Beta-Binomial marginal; M0 cell marginals are cross-cell dependent.
pmf,primary,primary_conservative_method_1,M0,beta_2_2,4,CP02-VHF-2019,VHF — 2019,24,26,16,1.85258431036723e-07,25.0859375,0.967718102124878,1.0000000000001,true,true,ok_conditional,Exact Beta-Binomial marginal; M0 cell marginals are cross-cell dependent.
pmf,primary,primary_conservative_method_1,M0,beta_2_2,4,CP02-VHF-2019,VHF — 2019,24,26,17,1.59225383538108e-06,25.0859375,0.967718102124878,1.0000000000001,true,true,ok_conditional,Exact Beta-Binomial marginal; M0 cell marginals are cross-cell dependent.
pmf,primary,primary_conservative_method_1,M0,beta_2_2,4,CP02-VHF-2019,VHF — 2019,24,26,18,1.23633827217785e-05,25.0859375,0.967718102124878,1.0000000000001,true,true,ok_conditional,Exact Beta-Binomial marginal; M0 cell marginals are cross-cell dependent.
pmf,primary,primary_conservative_method_1,M0,beta_2_2,4,CP02-VHF-2019,VHF — 2019,24,26,19,8.62183268755672e-05,25.0859375,0.967718102124878,1.0000000000001,true,true,ok_conditional,Exact Beta-Binomial marginal; M0 cell marginals are cross-cell dependent.
pmf,primary,primary_conservative_method_1,M0,beta_2_2,4,CP02-VHF-2019,VHF — 2019,24,26,20,0.000535128415474312,25.0859375,0.967718102124878,1.0000000000001,true,true,ok_conditional,Exact Beta-Binomial marginal; M0 cell marginals are cross-cell dependent.
pmf,primary,primary_conservative_method_1,M0,beta_2_2,4,CP02-VHF-2019,VHF — 2019,24,26,21,0.00291590381493219,25.0859375,0.967718102124878,1.0000000000001,true,true,ok_conditional,Exact Beta-Binomial marginal; M0 cell marginals are cross-cell dependent.
pmf,primary,primary_conservative_method_1,M0,beta_2_2,4,CP02-VHF-2019,VHF — 2019,24,26,22,0.0136619269650653,25.0859375,0.967718102124878,1.0000000000001,true,true,ok_conditional,Exact Beta-Binomial marginal; M0 cell marginals are cross-cell dependent.
pmf,primary,primary_conservative_method_1,M0,beta_2_2,4,CP02-VHF-2019,VHF — 2019,24,26,23,0.0532617152695966,25.0859375,0.967718102124878,1.0000000000001,true,true,ok_conditional,Exact Beta-Binomial marginal; M0 cell marginals are cross-cell dependent.
pmf,primary,primary_conservative_method_1,M0,beta_2_2,4,CP02-VHF-2019,VHF — 2019,24,26,24,0.163416626395384,25.0859375,0.967718102124878,1.0000000000001,true,true,ok_conditional,Exact Beta-Binomial marginal; M0 cell marginals are cross-cell dependent.
pmf,primary,primary_conservative_method_1,M0,beta_2_2,4,CP02-VHF-2019,VHF — 2019,24,26,25,0.354287246025155,25.0859375,0.967718102124878,1.0000000000001,true,true,ok_conditional,Exact Beta-Binomial marginal; M0 cell marginals are cross-cell dependent.
pmf,primary,primary_conservative_method_1,M0,beta_2_2,4,CP02-VHF-2019,VHF — 2019,24,26,26,0.411821072302724,25.0859375,0.967718102124878,1.0000000000001,true,true,ok_conditional,Exact Beta-Binomial marginal; M0 cell marginals are cross-cell dependent.
summary,primary,primary_conservative_method_1,M0,beta_2_2,4,CP02-PTT-2019,PTT — 2019,17,18,,,17.3671875,0.650952765913789,0.999999999999968,true,true,ok_conditional,Exact Beta-Binomial marginal; M0 cell marginals are cross-cell dependent.
pmf,primary,primary_conservative_method_1,M0,beta_2_2,4,CP02-PTT-2019,PTT — 2019,17,18,0,2.50000381048379e-22,17.3671875,0.650952765913789,0.999999999999968,true,true,ok_conditional,Exact Beta-Binomial marginal; M0 cell marginals are cross-cell dependent.
pmf,primary,primary_conservative_method_1,M0,beta_2_2,4,CP02-PTT-2019,PTT — 2019,17,18,1,4.27500651592693e-20,17.3671875,0.650952765913789,0.999999999999968,true,true,ok_conditional,Exact Beta-Binomial marginal; M0 cell marginals are cross-cell dependent.
pmf,primary,primary_conservative_method_1,M0,beta_2_2,4,CP02-PTT-2019,PTT — 2019,17,18,2,3.60468549422976e-18,17.3671875,0.650952765913789,0.999999999999968,true,true,ok_conditional,Exact Beta-Binomial marginal; M0 cell marginals are cross-cell dependent.
pmf,primary,primary_conservative_method_1,M0,beta_2_2,4,CP02-PTT-2019,PTT — 2019,17,18,3,1.99459264014058e-16,17.3671875,0.650952765913789,0.999999999999968,true,true,ok_conditional,Exact Beta-Binomial marginal; M0 cell marginals are cross-cell dependent.
pmf,primary,primary_conservative_method_1,M0,beta_2_2,4,CP02-PTT-2019,PTT — 2019,17,18,4,8.13013304405095e-15,17.3671875,0.650952765913789,0.999999999999968,true,true,ok_conditional,Exact Beta-Binomial marginal; M0 cell marginals are cross-cell dependent.
pmf,primary,primary_conservative_method_1,M0,beta_2_2,4,CP02-PTT-2019,PTT — 2019,17,18,5,2.59720795607167e-13,17.3671875,0.650952765913789,0.999999999999968,true,true,ok_conditional,Exact Beta-Binomial marginal; M0 cell marginals are cross-cell dependent.
pmf,primary,primary_conservative_method_1,M0,beta_2_2,4,CP02-PTT-2019,PTT — 2019,17,18,6,6.75274068578756e-12,17.3671875,0.650952765913789,0.999999999999968,true,true,ok_conditional,Exact Beta-Binomial marginal; M0 cell marginals are cross-cell dependent.
pmf,primary,primary_conservative_method_1,M0,beta_2_2,4,CP02-PTT-2019,PTT — 2019,17,18,7,1.46438005157512e-10,17.3671875,0.650952765913789,0.999999999999968,true,true,ok_conditional,Exact Beta-Binomial marginal; M0 cell marginals are cross-cell dependent.
pmf,primary,primary_conservative_method_1,M0,beta_2_2,4,CP02-PTT-2019,PTT — 2019,17,18,8,2.69176175269862e-09,17.3671875,0.650952765913789,0.999999999999968,true,true,ok_conditional,Exact Beta-Binomial marginal; M0 cell marginals are cross-cell dependent.
pmf,primary,primary_conservative_method_1,M0,beta_2_2,4,CP02-PTT-2019,PTT — 2019,17,18,9,4.2370323885061e-08,17.3671875,0.650952765913789,0.999999999999968,true,true,ok_conditional,Exact Beta-Binomial marginal; M0 cell marginals are cross-cell dependent.
pmf,primary,primary_conservative_method_1,M0,beta_2_2,4,CP02-PTT-2019,PTT — 2019,17,18,10,5.74242507242211e-07,17.3671875,0.650952765913789,0.999999999999968,true,true,ok_conditional,Exact Beta-Binomial marginal; M0 cell marginals are cross-cell dependent.
pmf,primary,primary_conservative_method_1,M0,beta_2_2,4,CP02-PTT-2019,PTT — 2019,17,18,11,6.70819656187475e-06,17.3671875,0.650952765913789,0.999999999999968,true,true,ok_conditional,Exact Beta-Binomial marginal; M0 cell marginals are cross-cell dependent.
pmf,primary,primary_conservative_method_1,M0,beta_2_2,4,CP02-PTT-2019,PTT — 2019,17,18,12,6.73055721708257e-05,17.3671875,0.650952765913789,0.999999999999968,true,true,ok_conditional,Exact Beta-Binomial marginal; M0 cell marginals are cross-cell dependent.
pmf,primary,primary_conservative_method_1,M0,beta_2_2,4,CP02-PTT-2019,PTT — 2019,17,18,13,0.000574686039304661,17.3671875,0.650952765913789,0.999999999999968,true,true,ok_conditional,Exact Beta-Binomial marginal; M0 cell marginals are cross-cell dependent.
pmf,primary,primary_conservative_method_1,M0,beta_2_2,4,CP02-PTT-2019,PTT — 2019,17,18,14,0.00410490028074777,17.3671875,0.650952765913789,0.999999999999968,true,true,ok_conditional,Exact Beta-Binomial marginal; M0 cell marginals are cross-cell dependent.
pmf,primary,primary_conservative_method_1,M0,beta_2_2,4,CP02-PTT-2019,PTT — 2019,17,18,15,0.0238084216283353,17.3671875,0.650952765913789,0.999999999999968,true,true,ok_conditional,Exact Beta-Binomial marginal; M0 cell marginals are cross-cell dependent.
pmf,primary,primary_conservative_method_1,M0,beta_2_2,4,CP02-PTT-2019,PTT — 2019,17,18,16,0.10632624659018,17.3671875,0.650952765913789,0.999999999999968,true,true,ok_conditional,Exact Beta-Binomial marginal; M0 cell marginals are cross-cell dependent.
pmf,primary,primary_conservative_method_1,M0,beta_2_2,4,CP02-PTT-2019,PTT — 2019,17,18,17,0.32898591592028,17.3671875,0.650952765913789,0.999999999999968,true,true,ok_conditional,Exact Beta-Binomial marginal; M0 cell marginals are cross-cell dependent.
pmf,primary,primary_conservative_method_1,M0,beta_2_2,4,CP02-PTT-2019,PTT — 2019,17,18,18,0.536125196314336,17.3671875,0.650952765913789,0.999999999999968,true,true,ok_conditional,Exact Beta-Binomial marginal; M0 cell marginals are cross-cell dependent.
summary,primary,primary_conservative_method_1,M0,beta_2_2,4,CP02-VHF-2020,VHF — 2020,24,24,,,23.15625,0.886942941391051,1.00000000000019,true,true,ok_conditional,Exact Beta-Binomial marginal; M0 cell marginals are cross-cell dependent.
pmf,primary,primary_conservative_method_1,M0,beta_2_2,4,CP02-VHF-2020,VHF — 2020,24,24,0,3.65066753682036e-28,23.15625,0.886942941391051,1.00000000000019,true,true,ok_conditional,Exact Beta-Binomial marginal; M0 cell marginals are cross-cell dependent.
pmf,primary,primary_conservative_method_1,M0,beta_2_2,4,CP02-VHF-2020,VHF — 2020,24,24,1,6.76286161196046e-26,23.15625,0.886942941391051,1.00000000000019,true,true,ok_conditional,Exact Beta-Binomial marginal; M0 cell marginals are cross-cell dependent.
pmf,primary,primary_conservative_method_1,M0,beta_2_2,4,CP02-VHF-2020,VHF — 2020,24,24,2,6.22183268300263e-24,23.15625,0.886942941391051,1.00000000000019,true,true,ok_conditional,Exact Beta-Binomial marginal; M0 cell marginals are cross-cell dependent.
pmf,primary,primary_conservative_method_1,M0,beta_2_2,4,CP02-VHF-2020,VHF — 2020,24,24,3,3.78702215972182e-22,23.15625,0.886942941391051,1.00000000000019,true,true,ok_conditional,Exact Beta-Binomial marginal; M0 cell marginals are cross-cell dependent.
pmf,primary,primary_conservative_method_1,M0,beta_2_2,4,CP02-VHF-2020,VHF — 2020,24,24,4,1.71395399470166e-20,23.15625,0.886942941391051,1.00000000000019,true,true,ok_conditional,Exact Beta-Binomial marginal; M0 cell marginals are cross-cell dependent.
pmf,primary,primary_conservative_method_1,M0,beta_2_2,4,CP02-VHF-2020,VHF — 2020,24,24,5,6.1457493238576e-19,23.15625,0.886942941391051,1.00000000000019,true,true,ok_conditional,Exact Beta-Binomial marginal; M0 cell marginals are cross-cell dependent.
pmf,primary,primary_conservative_method_1,M0,beta_2_2,4,CP02-VHF-2020,VHF — 2020,24,24,6,1.81641035571819e-17,23.15625,0.886942941391051,1.00000000000019,true,true,ok_conditional,Exact Beta-Binomial marginal; M0 cell marginals are cross-cell dependent.
pmf,primary,primary_conservative_method_1,M0,beta_2_2,4,CP02-VHF-2020,VHF — 2020,24,24,7,4.54501799996717e-16,23.15625,0.886942941391051,1.00000000000019,true,true,ok_conditional,Exact Beta-Binomial marginal; M0 cell marginals are cross-cell dependent.
pmf,primary,primary_conservative_method_1,M0,beta_2_2,4,CP02-VHF-2020,VHF — 2020,24,24,8,9.81269386193169e-15,23.15625,0.886942941391051,1.00000000000019,true,true,ok_conditional,Exact Beta-Binomial marginal; M0 cell marginals are cross-cell dependent.
pmf,primary,primary_conservative_method_1,M0,beta_2_2,4,CP02-VHF-2020,VHF — 2020,24,24,9,1.85350884058651e-13,23.15625,0.886942941391051,1.00000000000019,true,true,ok_conditional,Exact Beta-Binomial marginal; M0 cell marginals are cross-cell dependent.
pmf,primary,primary_conservative_method_1,M0,beta_2_2,4,CP02-VHF-2020,VHF — 2020,24,24,10,3.09455389037058e-12,23.15625,0.886942941391051,1.00000000000019,true,true,ok_conditional,Exact Beta-Binomial marginal; M0 cell marginals are cross-cell dependent.
pmf,primary,primary_conservative_method_1,M0,beta_2_2,4,CP02-VHF-2020,VHF — 2020,24,24,11,4.60091111469129e-11,23.15625,0.886942941391051,1.00000000000019,true,true,ok_conditional,Exact Beta-Binomial marginal; M0 cell marginals are cross-cell dependent.
pmf,primary,primary_conservative_method_1,M0,beta_2_2,4,CP02-VHF-2020,VHF — 2020,24,24,12,6.12359360265042e-10,23.15625,0.886942941391051,1.00000000000019,true,true,ok_conditional,Exact Beta-Binomial marginal; M0 cell marginals are cross-cell dependent.
pmf,primary,primary_conservative_method_1,M0,beta_2_2,4,CP02-VHF-2020,VHF — 2020,24,24,13,7.32004958347491e-09,23.15625,0.886942941391051,1.00000000000019,true,true,ok_conditional,Exact Beta-Binomial marginal; M0 cell marginals are cross-cell dependent.
pmf,primary,primary_conservative_method_1,M0,beta_2_2,4,CP02-VHF-2020,VHF — 2020,24,24,14,7.87042925140649e-08,23.15625,0.886942941391051,1.00000000000019,true,true,ok_conditional,Exact Beta-Binomial marginal; M0 cell marginals are cross-cell dependent.
pmf,primary,primary_conservative_method_1,M0,beta_2_2,4,CP02-VHF-2020,VHF — 2020,24,24,15,7.60808160969156e-07,23.15625,0.886942941391051,1.00000000000019,true,true,ok_conditional,Exact Beta-Binomial marginal; M0 cell marginals are cross-cell dependent.
pmf,primary,primary_conservative_method_1,M0,beta_2_2,4,CP02-VHF-2020,VHF — 2020,24,24,16,6.59553545428421e-06,23.15625,0.886942941391051,1.00000000000019,true,true,ok_conditional,Exact Beta-Binomial marginal; M0 cell marginals are cross-cell dependent.
pmf,primary,primary_conservative_method_1,M0,beta_2_2,4,CP02-VHF-2020,VHF — 2020,24,24,17,5.10184066022625e-05,23.15625,0.886942941391051,1.00000000000019,true,true,ok_conditional,Exact Beta-Binomial marginal; M0 cell marginals are cross-cell dependent.
pmf,primary,primary_conservative_method_1,M0,beta_2_2,4,CP02-VHF-2020,VHF — 2020,24,24,18,0.000349192649633177,23.15625,0.886942941391051,1.00000000000019,true,true,ok_conditional,Exact Beta-Binomial marginal; M0 cell marginals are cross-cell dependent.
pmf,primary,primary_conservative_method_1,M0,beta_2_2,4,CP02-VHF-2020,VHF — 2020,24,24,19,0.00208727937186759,23.15625,0.886942941391051,1.00000000000019,true,true,ok_conditional,Exact Beta-Binomial marginal; M0 cell marginals are cross-cell dependent.
pmf,primary,primary_conservative_method_1,M0,beta_2_2,4,CP02-VHF-2020,VHF — 2020,24,24,20,0.0106772367868605,23.15625,0.886942941391051,1.00000000000019,true,true,ok_conditional,Exact Beta-Binomial marginal; M0 cell marginals are cross-cell dependent.
pmf,primary,primary_conservative_method_1,M0,beta_2_2,4,CP02-VHF-2020,VHF — 2020,24,24,21,0.0452511463824245,23.15625,0.886942941391051,1.00000000000019,true,true,ok_conditional,Exact Beta-Binomial marginal; M0 cell marginals are cross-cell dependent.
pmf,primary,primary_conservative_method_1,M0,beta_2_2,4,CP02-VHF-2020,VHF — 2020,24,24,22,0.150338519386202,23.15625,0.886942941391051,1.00000000000019,true,true,ok_conditional,Exact Beta-Binomial marginal; M0 cell marginals are cross-cell dependent.
pmf,primary,primary_conservative_method_1,M0,beta_2_2,4,CP02-VHF-2020,VHF — 2020,24,24,23,0.351661406216405,23.15625,0.886942941391051,1.00000000000019,true,true,ok_conditional,Exact Beta-Binomial marginal; M0 cell marginals are cross-cell dependent.
pmf,primary,primary_conservative_method_1,M0,beta_2_2,4,CP02-VHF-2020,VHF — 2020,24,24,24,0.439576757770578,23.15625,0.886942941391051,1.00000000000019,true,true,ok_conditional,Exact Beta-Binomial marginal; M0 cell marginals are cross-cell dependent.
summary,primary,primary_conservative_method_1,M0,beta_2_2,4,CP02-PTT-2020,PTT — 2020,20,21,,,20.26171875,0.767759983641628,0.999999999999857,true,true,ok_conditional,Exact Beta-Binomial marginal; M0 cell marginals are cross-cell dependent.
pmf,primary,primary_conservative_method_1,M0,beta_2_2,4,CP02-PTT-2020,PTT — 2020,20,21,0,2.63553097819033e-25,20.26171875,0.767759983641628,0.999999999999857,true,true,ok_conditional,Exact Beta-Binomial marginal; M0 cell marginals are cross-cell dependent.
pmf,primary,primary_conservative_method_1,M0,beta_2_2,4,CP02-PTT-2020,PTT — 2020,20,21,1,4.71396523581872e-23,20.26171875,0.767759983641628,0.999999999999857,true,true,ok_conditional,Exact Beta-Binomial marginal; M0 cell marginals are cross-cell dependent.
pmf,primary,primary_conservative_method_1,M0,beta_2_2,4,CP02-PTT-2020,PTT — 2020,20,21,2,4.1752263517248e-21,20.26171875,0.767759983641628,0.999999999999857,true,true,ok_conditional,Exact Beta-Binomial marginal; M0 cell marginals are cross-cell dependent.
pmf,primary,primary_conservative_method_1,M0,beta_2_2,4,CP02-PTT-2020,PTT — 2020,20,21,3,2.43864146543393e-19,20.26171875,0.767759983641628,0.999999999999857,true,true,ok_conditional,Exact Beta-Binomial marginal; M0 cell marginals are cross-cell dependent.
pmf,primary,primary_conservative_method_1,M0,beta_2_2,4,CP02-PTT-2020,PTT — 2020,20,21,4,1.05518140331257e-17,20.26171875,0.767759983641628,0.999999999999857,true,true,ok_conditional,Exact Beta-Binomial marginal; M0 cell marginals are cross-cell dependent.
pmf,primary,primary_conservative_method_1,M0,beta_2_2,4,CP02-PTT-2020,PTT — 2020,20,21,5,3.60196723834756e-16,20.26171875,0.767759983641628,0.999999999999857,true,true,ok_conditional,Exact Beta-Binomial marginal; M0 cell marginals are cross-cell dependent.
pmf,primary,primary_conservative_method_1,M0,beta_2_2,4,CP02-PTT-2020,PTT — 2020,20,21,6,1.00855082673729e-14,20.26171875,0.767759983641628,0.999999999999857,true,true,ok_conditional,Exact Beta-Binomial marginal; M0 cell marginals are cross-cell dependent.
pmf,primary,primary_conservative_method_1,M0,beta_2_2,4,CP02-PTT-2020,PTT — 2020,20,21,7,2.37729837730952e-13,20.26171875,0.767759983641628,0.999999999999857,true,true,ok_conditional,Exact Beta-Binomial marginal; M0 cell marginals are cross-cell dependent.
pmf,primary,primary_conservative_method_1,M0,beta_2_2,4,CP02-PTT-2020,PTT — 2020,20,21,8,4.80322331233719e-12,20.26171875,0.767759983641628,0.999999999999857,true,true,ok_conditional,Exact Beta-Binomial marginal; M0 cell marginals are cross-cell dependent.
pmf,primary,primary_conservative_method_1,M0,beta_2_2,4,CP02-PTT-2020,PTT — 2020,20,21,9,8.42470120655879e-11,20.26171875,0.767759983641628,0.999999999999857,true,true,ok_conditional,Exact Beta-Binomial marginal; M0 cell marginals are cross-cell dependent.
pmf,primary,primary_conservative_method_1,M0,beta_2_2,4,CP02-PTT-2020,PTT — 2020,20,21,10,1.29403410532738e-09,20.26171875,0.767759983641628,0.999999999999857,true,true,ok_conditional,Exact Beta-Binomial marginal; M0 cell marginals are cross-cell dependent.
pmf,primary,primary_conservative_method_1,M0,beta_2_2,4,CP02-PTT-2020,PTT — 2020,20,21,11,1.75035139510093e-08,20.26171875,0.767759983641628,0.999999999999857,true,true,ok_conditional,Exact Beta-Binomial marginal; M0 cell marginals are cross-cell dependent.
pmf,primary,primary_conservative_method_1,M0,beta_2_2,4,CP02-PTT-2020,PTT — 2020,20,21,12,2.09069749970424e-07,20.26171875,0.767759983641628,0.999999999999857,true,true,ok_conditional,Exact Beta-Binomial marginal; M0 cell marginals are cross-cell dependent.
pmf,primary,primary_conservative_method_1,M0,beta_2_2,4,CP02-PTT-2020,PTT — 2020,20,21,13,2.20516555285511e-06,20.26171875,0.767759983641628,0.999999999999857,true,true,ok_conditional,Exact Beta-Binomial marginal; M0 cell marginals are cross-cell dependent.
pmf,primary,primary_conservative_method_1,M0,beta_2_2,4,CP02-PTT-2020,PTT — 2020,20,21,14,2.04765372765118e-05,20.26171875,0.767759983641628,0.999999999999857,true,true,ok_conditional,Exact Beta-Binomial marginal; M0 cell marginals are cross-cell dependent.
pmf,primary,primary_conservative_method_1,M0,beta_2_2,4,CP02-PTT-2020,PTT — 2020,20,21,15,0.000166269482685255,20.26171875,0.767759983641628,0.999999999999857,true,true,ok_conditional,Exact Beta-Binomial marginal; M0 cell marginals are cross-cell dependent.
pmf,primary,primary_conservative_method_1,M0,beta_2_2,4,CP02-PTT-2020,PTT — 2020,20,21,16,0.00116685547670194,20.26171875,0.767759983641628,0.999999999999857,true,true,ok_conditional,Exact Beta-Binomial marginal; M0 cell marginals are cross-cell dependent.
pmf,primary,primary_conservative_method_1,M0,beta_2_2,4,CP02-PTT-2020,PTT — 2020,20,21,17,0.00694305408082932,20.26171875,0.767759983641628,0.999999999999857,true,true,ok_conditional,Exact Beta-Binomial marginal; M0 cell marginals are cross-cell dependent.
pmf,primary,primary_conservative_method_1,M0,beta_2_2,4,CP02-PTT-2020,PTT — 2020,20,21,18,0.0339438199507142,20.26171875,0.767759983641628,0.999999999999857,true,true,ok_conditional,Exact Beta-Binomial marginal; M0 cell marginals are cross-cell dependent.
pmf,primary,primary_conservative_method_1,M0,beta_2_2,4,CP02-PTT-2020,PTT — 2020,20,21,19,0.129116444310133,20.26171875,0.767759983641628,0.999999999999857,true,true,ok_conditional,Exact Beta-Binomial marginal; M0 cell marginals are cross-cell dependent.
pmf,primary,primary_conservative_method_1,M0,beta_2_2,4,CP02-PTT-2020,PTT — 2020,20,21,20,0.343449741864965,20.26171875,0.767759983641628,0.999999999999857,true,true,ok_conditional,Exact Beta-Binomial marginal; M0 cell marginals are cross-cell dependent.
pmf,primary,primary_conservative_method_1,M0,beta_2_2,4,CP02-PTT-2020,PTT — 2020,20,21,21,0.485190905174403,20.26171875,0.767759983641628,0.999999999999857,true,true,ok_conditional,Exact Beta-Binomial marginal; M0 cell marginals are cross-cell dependent.
summary,primary,primary_conservative_method_1,M0,beta_2_2,4,CP02-VHF-2021,VHF — 2021,15,16,,,15.4375,0.574401142996109,1.00000000000017,true,true,ok_conditional,Exact Beta-Binomial marginal; M0 cell marginals are cross-cell dependent.
pmf,primary,primary_conservative_method_1,M0,beta_2_2,4,CP02-VHF-2021,VHF — 2021,15,16,0,2.8560043530972e-20,15.4375,0.574401142996109,1.00000000000017,true,true,ok_conditional,Exact Beta-Binomial marginal; M0 cell marginals are cross-cell dependent.
pmf,primary,primary_conservative_method_1,M0,beta_2_2,4,CP02-VHF-2021,VHF — 2021,15,16,1,4.70288716809981e-18,15.4375,0.574401142996109,1.00000000000017,true,true,ok_conditional,Exact Beta-Binomial marginal; M0 cell marginals are cross-cell dependent.
pmf,primary,primary_conservative_method_1,M0,beta_2_2,4,CP02-VHF-2021,VHF — 2021,15,16,2,3.80320440550637e-16,15.4375,0.574401142996109,1.00000000000017,true,true,ok_conditional,Exact Beta-Binomial marginal; M0 cell marginals are cross-cell dependent.
pmf,primary,primary_conservative_method_1,M0,beta_2_2,4,CP02-VHF-2021,VHF — 2021,15,16,3,2.00878341781776e-14,15.4375,0.574401142996109,1.00000000000017,true,true,ok_conditional,Exact Beta-Binomial marginal; M0 cell marginals are cross-cell dependent.
pmf,primary,primary_conservative_method_1,M0,beta_2_2,4,CP02-VHF-2021,VHF — 2021,15,16,4,7.77207869989043e-13,15.4375,0.574401142996109,1.00000000000017,true,true,ok_conditional,Exact Beta-Binomial marginal; M0 cell marginals are cross-cell dependent.
pmf,primary,primary_conservative_method_1,M0,beta_2_2,4,CP02-VHF-2021,VHF — 2021,15,16,5,2.34095010440643e-11,15.4375,0.574401142996109,1.00000000000017,true,true,ok_conditional,Exact Beta-Binomial marginal; M0 cell marginals are cross-cell dependent.
pmf,primary,primary_conservative_method_1,M0,beta_2_2,4,CP02-VHF-2021,VHF — 2021,15,16,6,5.69220499071588e-10,15.4375,0.574401142996109,1.00000000000017,true,true,ok_conditional,Exact Beta-Binomial marginal; M0 cell marginals are cross-cell dependent.
pmf,primary,primary_conservative_method_1,M0,beta_2_2,4,CP02-VHF-2021,VHF — 2021,15,16,7,1.14295862115171e-08,15.4375,0.574401142996109,1.00000000000017,true,true,ok_conditional,Exact Beta-Binomial marginal; M0 cell marginals are cross-cell dependent.
pmf,primary,primary_conservative_method_1,M0,beta_2_2,4,CP02-VHF-2021,VHF — 2021,15,16,8,1.92117897643601e-07,15.4375,0.574401142996109,1.00000000000017,true,true,ok_conditional,Exact Beta-Binomial marginal; M0 cell marginals are cross-cell dependent.
pmf,primary,primary_conservative_method_1,M0,beta_2_2,4,CP02-VHF-2021,VHF — 2021,15,16,9,2.72167021661715e-06,15.4375,0.574401142996109,1.00000000000017,true,true,ok_conditional,Exact Beta-Binomial marginal; M0 cell marginals are cross-cell dependent.
pmf,primary,primary_conservative_method_1,M0,beta_2_2,4,CP02-VHF-2021,VHF — 2021,15,16,10,3.25148868545206e-05,15.4375,0.574401142996109,1.00000000000017,true,true,ok_conditional,Exact Beta-Binomial marginal; M0 cell marginals are cross-cell dependent.
pmf,primary,primary_conservative_method_1,M0,beta_2_2,4,CP02-VHF-2021,VHF — 2021,15,16,11,0.000325571139803039,15.4375,0.574401142996109,1.00000000000017,true,true,ok_conditional,Exact Beta-Binomial marginal; M0 cell marginals are cross-cell dependent.
pmf,primary,primary_conservative_method_1,M0,beta_2_2,4,CP02-VHF-2021,VHF — 2021,15,16,12,0.00269222288683351,15.4375,0.574401142996109,1.00000000000017,true,true,ok_conditional,Exact Beta-Binomial marginal; M0 cell marginals are cross-cell dependent.
pmf,primary,primary_conservative_method_1,M0,beta_2_2,4,CP02-VHF-2021,VHF — 2021,15,16,13,0.0178791212228165,15.4375,0.574401142996109,1.00000000000017,true,true,ok_conditional,Exact Beta-Binomial marginal; M0 cell marginals are cross-cell dependent.
pmf,primary,primary_conservative_method_1,M0,beta_2_2,4,CP02-VHF-2021,VHF — 2021,15,16,14,0.0905565880116621,15.4375,0.574401142996109,1.00000000000017,true,true,ok_conditional,Exact Beta-Binomial marginal; M0 cell marginals are cross-cell dependent.
pmf,primary,primary_conservative_method_1,M0,beta_2_2,4,CP02-VHF-2021,VHF — 2021,15,16,15,0.315136926280582,15.4375,0.574401142996109,1.00000000000017,true,true,ok_conditional,Exact Beta-Binomial marginal; M0 cell marginals are cross-cell dependent.
pmf,primary,primary_conservative_method_1,M0,beta_2_2,4,CP02-VHF-2021,VHF — 2021,15,16,16,0.573374129760489,15.4375,0.574401142996109,1.00000000000017,true,true,ok_conditional,Exact Beta-Binomial marginal; M0 cell marginals are cross-cell dependent.
summary,primary,primary_conservative_method_1,M0,beta_2_2,4,CP02-PTT-2021,PTT — 2021,18,20,,,19.296875,0.728560273285506,0.999999999999923,true,true,ok_conditional,Exact Beta-Binomial marginal; M0 cell marginals are cross-cell dependent.
pmf,primary,primary_conservative_method_1,M0,beta_2_2,4,CP02-PTT-2021,PTT — 2021,18,20,0,2.50829844820921e-24,19.296875,0.728560273285506,0.999999999999923,true,true,ok_conditional,Exact Beta-Binomial marginal; M0 cell marginals are cross-cell dependent.
pmf,primary,primary_conservative_method_1,M0,beta_2_2,4,CP02-PTT-2021,PTT — 2021,18,20,1,4.42535511934082e-22,19.296875,0.728560273285506,0.999999999999923,true,true,ok_conditional,Exact Beta-Binomial marginal; M0 cell marginals are cross-cell dependent.
pmf,primary,primary_conservative_method_1,M0,beta_2_2,4,CP02-PTT-2021,PTT — 2021,18,20,2,3.86153209672843e-20,19.296875,0.728560273285506,0.999999999999923,true,true,ok_conditional,Exact Beta-Binomial marginal; M0 cell marginals are cross-cell dependent.
pmf,primary,primary_conservative_method_1,M0,beta_2_2,4,CP02-PTT-2021,PTT — 2021,18,20,3,2.21889575096633e-18,19.296875,0.728560273285506,0.999999999999923,true,true,ok_conditional,Exact Beta-Binomial marginal; M0 cell marginals are cross-cell dependent.
pmf,primary,primary_conservative_method_1,M0,beta_2_2,4,CP02-PTT-2021,PTT — 2021,18,20,4,9.43030694160786e-17,19.296875,0.728560273285506,0.999999999999923,true,true,ok_conditional,Exact Beta-Binomial marginal; M0 cell marginals are cross-cell dependent.
pmf,primary,primary_conservative_method_1,M0,beta_2_2,4,CP02-PTT-2021,PTT — 2021,18,20,5,3.15600938979044e-15,19.296875,0.728560273285506,0.999999999999923,true,true,ok_conditional,Exact Beta-Binomial marginal; M0 cell marginals are cross-cell dependent.
pmf,primary,primary_conservative_method_1,M0,beta_2_2,4,CP02-PTT-2021,PTT — 2021,18,20,6,8.64472137203544e-14,19.296875,0.728560273285506,0.999999999999923,true,true,ok_conditional,Exact Beta-Binomial marginal; M0 cell marginals are cross-cell dependent.
pmf,primary,primary_conservative_method_1,M0,beta_2_2,4,CP02-PTT-2021,PTT — 2021,18,20,7,1.98828591556828e-12,19.296875,0.728560273285506,0.999999999999923,true,true,ok_conditional,Exact Beta-Binomial marginal; M0 cell marginals are cross-cell dependent.
pmf,primary,primary_conservative_method_1,M0,beta_2_2,4,CP02-PTT-2021,PTT — 2021,18,20,8,3.90792862690936e-11,19.296875,0.728560273285506,0.999999999999923,true,true,ok_conditional,Exact Beta-Binomial marginal; M0 cell marginals are cross-cell dependent.
pmf,primary,primary_conservative_method_1,M0,beta_2_2,4,CP02-PTT-2021,PTT — 2021,18,20,9,6.64347866574433e-10,19.296875,0.728560273285506,0.999999999999923,true,true,ok_conditional,Exact Beta-Binomial marginal; M0 cell marginals are cross-cell dependent.
pmf,primary,primary_conservative_method_1,M0,beta_2_2,4,CP02-PTT-2021,PTT — 2021,18,20,10,9.84633469617836e-09,19.296875,0.728560273285506,0.999999999999923,true,true,ok_conditional,Exact Beta-Binomial marginal; M0 cell marginals are cross-cell dependent.
pmf,primary,primary_conservative_method_1,M0,beta_2_2,4,CP02-PTT-2021,PTT — 2021,18,20,11,1.27803435197861e-07,19.296875,0.728560273285506,0.999999999999923,true,true,ok_conditional,Exact Beta-Binomial marginal; M0 cell marginals are cross-cell dependent.
pmf,primary,primary_conservative_method_1,M0,beta_2_2,4,CP02-PTT-2021,PTT — 2021,18,20,12,1.45470380651708e-06,19.296875,0.728560273285506,0.999999999999923,true,true,ok_conditional,Exact Beta-Binomial marginal; M0 cell marginals are cross-cell dependent.
pmf,primary,primary_conservative_method_1,M0,beta_2_2,4,CP02-PTT-2021,PTT — 2021,18,20,13,1.44910879187646e-05,19.296875,0.728560273285506,0.999999999999923,true,true,ok_conditional,Exact Beta-Binomial marginal; M0 cell marginals are cross-cell dependent.
pmf,primary,primary_conservative_method_1,M0,beta_2_2,4,CP02-PTT-2021,PTT — 2021,18,20,14,0.000125589428629296,19.296875,0.728560273285506,0.999999999999923,true,true,ok_conditional,Exact Beta-Binomial marginal; M0 cell marginals are cross-cell dependent.
pmf,primary,primary_conservative_method_1,M0,beta_2_2,4,CP02-PTT-2021,PTT — 2021,18,20,15,0.000936538310635451,19.296875,0.728560273285506,0.999999999999923,true,true,ok_conditional,Exact Beta-Binomial marginal; M0 cell marginals are cross-cell dependent.
pmf,primary,primary_conservative_method_1,M0,beta_2_2,4,CP02-PTT-2021,PTT — 2021,18,20,16,0.00589839032179127,19.296875,0.728560273285506,0.999999999999923,true,true,ok_conditional,Exact Beta-Binomial marginal; M0 cell marginals are cross-cell dependent.
pmf,primary,primary_conservative_method_1,M0,beta_2_2,4,CP02-PTT-2021,PTT — 2021,18,20,17,0.0304171893064974,19.296875,0.728560273285506,0.999999999999923,true,true,ok_conditional,Exact Beta-Binomial marginal; M0 cell marginals are cross-cell dependent.
pmf,primary,primary_conservative_method_1,M0,beta_2_2,4,CP02-PTT-2021,PTT — 2021,18,20,18,0.121668757225948,19.296875,0.728560273285506,0.999999999999923,true,true,ok_conditional,Exact Beta-Binomial marginal; M0 cell marginals are cross-cell dependent.
pmf,primary,primary_conservative_method_1,M0,beta_2_2,4,CP02-PTT-2021,PTT — 2021,18,20,19,0.339391796472453,19.296875,0.728560273285506,0.999999999999923,true,true,ok_conditional,Exact Beta-Binomial marginal; M0 cell marginals are cross-cell dependent.
pmf,primary,primary_conservative_method_1,M0,beta_2_2,4,CP02-PTT-2021,PTT — 2021,18,20,20,0.501545654786968,19.296875,0.728560273285506,0.999999999999923,true,true,ok_conditional,Exact Beta-Binomial marginal; M0 cell marginals are cross-cell dependent.
summary,primary,primary_conservative_method_1,M0,beta_2_2,4,CP02-VHF-2022,VHF — 2022,12,12,,,11.578125,0.42446555052286,0.999999999999971,true,true,ok_conditional,Exact Beta-Binomial marginal; M0 cell marginals are cross-cell dependent.
pmf,primary,primary_conservative_method_1,M0,beta_2_2,4,CP02-VHF-2022,VHF — 2022,12,12,0,5.90742124909773e-16,11.578125,0.42446555052286,0.999999999999971,true,true,ok_conditional,Exact Beta-Binomial marginal; M0 cell marginals are cross-cell dependent.
pmf,primary,primary_conservative_method_1,M0,beta_2_2,4,CP02-VHF-2022,VHF — 2022,12,12,1,8.75479829116293e-14,11.578125,0.42446555052286,0.999999999999971,true,true,ok_conditional,Exact Beta-Binomial marginal; M0 cell marginals are cross-cell dependent.
pmf,primary,primary_conservative_method_1,M0,beta_2_2,4,CP02-VHF-2022,VHF — 2022,12,12,2,6.28502361534035e-12,11.578125,0.42446555052286,0.999999999999971,true,true,ok_conditional,Exact Beta-Binomial marginal; M0 cell marginals are cross-cell dependent.
pmf,primary,primary_conservative_method_1,M0,beta_2_2,4,CP02-VHF-2022,VHF — 2022,12,12,3,2.89809422262951e-10,11.578125,0.42446555052286,0.999999999999971,true,true,ok_conditional,Exact Beta-Binomial marginal; M0 cell marginals are cross-cell dependent.
pmf,primary,primary_conservative_method_1,M0,beta_2_2,4,CP02-VHF-2022,VHF — 2022,12,12,4,9.58928235428791e-09,11.578125,0.42446555052286,0.999999999999971,true,true,ok_conditional,Exact Beta-Binomial marginal; M0 cell marginals are cross-cell dependent.
pmf,primary,primary_conservative_method_1,M0,beta_2_2,4,CP02-VHF-2022,VHF — 2022,12,12,5,2.40690987092575e-07,11.578125,0.42446555052286,0.999999999999971,true,true,ok_conditional,Exact Beta-Binomial marginal; M0 cell marginals are cross-cell dependent.
pmf,primary,primary_conservative_method_1,M0,beta_2_2,4,CP02-VHF-2022,VHF — 2022,12,12,6,4.71754334701499e-06,11.578125,0.42446555052286,0.999999999999971,true,true,ok_conditional,Exact Beta-Binomial marginal; M0 cell marginals are cross-cell dependent.
pmf,primary,primary_conservative_method_1,M0,beta_2_2,4,CP02-VHF-2022,VHF — 2022,12,12,7,7.30737836813172e-05,11.578125,0.42446555052286,0.999999999999971,true,true,ok_conditional,Exact Beta-Binomial marginal; M0 cell marginals are cross-cell dependent.
pmf,primary,primary_conservative_method_1,M0,beta_2_2,4,CP02-VHF-2022,VHF — 2022,12,12,8,0.000892343319954684,11.578125,0.42446555052286,0.999999999999971,true,true,ok_conditional,Exact Beta-Binomial marginal; M0 cell marginals are cross-cell dependent.
pmf,primary,primary_conservative_method_1,M0,beta_2_2,4,CP02-VHF-2022,VHF — 2022,12,12,9,0.00842768691068208,11.578125,0.42446555052286,0.999999999999971,true,true,ok_conditional,Exact Beta-Binomial marginal; M0 cell marginals are cross-cell dependent.
pmf,primary,primary_conservative_method_1,M0,beta_2_2,4,CP02-VHF-2022,VHF — 2022,12,12,10,0.0588405777036674,11.578125,0.42446555052286,0.999999999999971,true,true,ok_conditional,Exact Beta-Binomial marginal; M0 cell marginals are cross-cell dependent.
pmf,primary,primary_conservative_method_1,M0,beta_2_2,4,CP02-VHF-2022,VHF — 2022,12,12,11,0.274945972178985,11.578125,0.42446555052286,0.999999999999971,true,true,ok_conditional,Exact Beta-Binomial marginal; M0 cell marginals are cross-cell dependent.
pmf,primary,primary_conservative_method_1,M0,beta_2_2,4,CP02-VHF-2022,VHF — 2022,12,12,12,0.656815377983202,11.578125,0.42446555052286,0.999999999999971,true,true,ok_conditional,Exact Beta-Binomial marginal; M0 cell marginals are cross-cell dependent.
summary,primary,primary_conservative_method_1,M0,beta_2_2,4,CP02-PTT-2022,PTT — 2022,24,24,,,23.15625,0.886942941391051,1.00000000000019,true,true,ok_conditional,Exact Beta-Binomial marginal; M0 cell marginals are cross-cell dependent.
pmf,primary,primary_conservative_method_1,M0,beta_2_2,4,CP02-PTT-2022,PTT — 2022,24,24,0,3.65066753682036e-28,23.15625,0.886942941391051,1.00000000000019,true,true,ok_conditional,Exact Beta-Binomial marginal; M0 cell marginals are cross-cell dependent.
pmf,primary,primary_conservative_method_1,M0,beta_2_2,4,CP02-PTT-2022,PTT — 2022,24,24,1,6.76286161196046e-26,23.15625,0.886942941391051,1.00000000000019,true,true,ok_conditional,Exact Beta-Binomial marginal; M0 cell marginals are cross-cell dependent.
pmf,primary,primary_conservative_method_1,M0,beta_2_2,4,CP02-PTT-2022,PTT — 2022,24,24,2,6.22183268300263e-24,23.15625,0.886942941391051,1.00000000000019,true,true,ok_conditional,Exact Beta-Binomial marginal; M0 cell marginals are cross-cell dependent.
pmf,primary,primary_conservative_method_1,M0,beta_2_2,4,CP02-PTT-2022,PTT — 2022,24,24,3,3.78702215972182e-22,23.15625,0.886942941391051,1.00000000000019,true,true,ok_conditional,Exact Beta-Binomial marginal; M0 cell marginals are cross-cell dependent.
pmf,primary,primary_conservative_method_1,M0,beta_2_2,4,CP02-PTT-2022,PTT — 2022,24,24,4,1.71395399470166e-20,23.15625,0.886942941391051,1.00000000000019,true,true,ok_conditional,Exact Beta-Binomial marginal; M0 cell marginals are cross-cell dependent.
pmf,primary,primary_conservative_method_1,M0,beta_2_2,4,CP02-PTT-2022,PTT — 2022,24,24,5,6.1457493238576e-19,23.15625,0.886942941391051,1.00000000000019,true,true,ok_conditional,Exact Beta-Binomial marginal; M0 cell marginals are cross-cell dependent.
pmf,primary,primary_conservative_method_1,M0,beta_2_2,4,CP02-PTT-2022,PTT — 2022,24,24,6,1.81641035571819e-17,23.15625,0.886942941391051,1.00000000000019,true,true,ok_conditional,Exact Beta-Binomial marginal; M0 cell marginals are cross-cell dependent.
pmf,primary,primary_conservative_method_1,M0,beta_2_2,4,CP02-PTT-2022,PTT — 2022,24,24,7,4.54501799996717e-16,23.15625,0.886942941391051,1.00000000000019,true,true,ok_conditional,Exact Beta-Binomial marginal; M0 cell marginals are cross-cell dependent.
pmf,primary,primary_conservative_method_1,M0,beta_2_2,4,CP02-PTT-2022,PTT — 2022,24,24,8,9.81269386193169e-15,23.15625,0.886942941391051,1.00000000000019,true,true,ok_conditional,Exact Beta-Binomial marginal; M0 cell marginals are cross-cell dependent.
pmf,primary,primary_conservative_method_1,M0,beta_2_2,4,CP02-PTT-2022,PTT — 2022,24,24,9,1.85350884058651e-13,23.15625,0.886942941391051,1.00000000000019,true,true,ok_conditional,Exact Beta-Binomial marginal; M0 cell marginals are cross-cell dependent.
pmf,primary,primary_conservative_method_1,M0,beta_2_2,4,CP02-PTT-2022,PTT — 2022,24,24,10,3.09455389037058e-12,23.15625,0.886942941391051,1.00000000000019,true,true,ok_conditional,Exact Beta-Binomial marginal; M0 cell marginals are cross-cell dependent.
pmf,primary,primary_conservative_method_1,M0,beta_2_2,4,CP02-PTT-2022,PTT — 2022,24,24,11,4.60091111469129e-11,23.15625,0.886942941391051,1.00000000000019,true,true,ok_conditional,Exact Beta-Binomial marginal; M0 cell marginals are cross-cell dependent.
pmf,primary,primary_conservative_method_1,M0,beta_2_2,4,CP02-PTT-2022,PTT — 2022,24,24,12,6.12359360265042e-10,23.15625,0.886942941391051,1.00000000000019,true,true,ok_conditional,Exact Beta-Binomial marginal; M0 cell marginals are cross-cell dependent.
pmf,primary,primary_conservative_method_1,M0,beta_2_2,4,CP02-PTT-2022,PTT — 2022,24,24,13,7.32004958347491e-09,23.15625,0.886942941391051,1.00000000000019,true,true,ok_conditional,Exact Beta-Binomial marginal; M0 cell marginals are cross-cell dependent.
pmf,primary,primary_conservative_method_1,M0,beta_2_2,4,CP02-PTT-2022,PTT — 2022,24,24,14,7.87042925140649e-08,23.15625,0.886942941391051,1.00000000000019,true,true,ok_conditional,Exact Beta-Binomial marginal; M0 cell marginals are cross-cell dependent.
pmf,primary,primary_conservative_method_1,M0,beta_2_2,4,CP02-PTT-2022,PTT — 2022,24,24,15,7.60808160969156e-07,23.15625,0.886942941391051,1.00000000000019,true,true,ok_conditional,Exact Beta-Binomial marginal; M0 cell marginals are cross-cell dependent.
pmf,primary,primary_conservative_method_1,M0,beta_2_2,4,CP02-PTT-2022,PTT — 2022,24,24,16,6.59553545428421e-06,23.15625,0.886942941391051,1.00000000000019,true,true,ok_conditional,Exact Beta-Binomial marginal; M0 cell marginals are cross-cell dependent.
pmf,primary,primary_conservative_method_1,M0,beta_2_2,4,CP02-PTT-2022,PTT — 2022,24,24,17,5.10184066022625e-05,23.15625,0.886942941391051,1.00000000000019,true,true,ok_conditional,Exact Beta-Binomial marginal; M0 cell marginals are cross-cell dependent.
pmf,primary,primary_conservative_method_1,M0,beta_2_2,4,CP02-PTT-2022,PTT — 2022,24,24,18,0.000349192649633177,23.15625,0.886942941391051,1.00000000000019,true,true,ok_conditional,Exact Beta-Binomial marginal; M0 cell marginals are cross-cell dependent.
pmf,primary,primary_conservative_method_1,M0,beta_2_2,4,CP02-PTT-2022,PTT — 2022,24,24,19,0.00208727937186759,23.15625,0.886942941391051,1.00000000000019,true,true,ok_conditional,Exact Beta-Binomial marginal; M0 cell marginals are cross-cell dependent.
pmf,primary,primary_conservative_method_1,M0,beta_2_2,4,CP02-PTT-2022,PTT — 2022,24,24,20,0.0106772367868605,23.15625,0.886942941391051,1.00000000000019,true,true,ok_conditional,Exact Beta-Binomial marginal; M0 cell marginals are cross-cell dependent.
pmf,primary,primary_conservative_method_1,M0,beta_2_2,4,CP02-PTT-2022,PTT — 2022,24,24,21,0.0452511463824245,23.15625,0.886942941391051,1.00000000000019,true,true,ok_conditional,Exact Beta-Binomial marginal; M0 cell marginals are cross-cell dependent.
pmf,primary,primary_conservative_method_1,M0,beta_2_2,4,CP02-PTT-2022,PTT — 2022,24,24,22,0.150338519386202,23.15625,0.886942941391051,1.00000000000019,true,true,ok_conditional,Exact Beta-Binomial marginal; M0 cell marginals are cross-cell dependent.
pmf,primary,primary_conservative_method_1,M0,beta_2_2,4,CP02-PTT-2022,PTT — 2022,24,24,23,0.351661406216405,23.15625,0.886942941391051,1.00000000000019,true,true,ok_conditional,Exact Beta-Binomial marginal; M0 cell marginals are cross-cell dependent.
pmf,primary,primary_conservative_method_1,M0,beta_2_2,4,CP02-PTT-2022,PTT — 2022,24,24,24,0.439576757770578,23.15625,0.886942941391051,1.00000000000019,true,true,ok_conditional,Exact Beta-Binomial marginal; M0 cell marginals are cross-cell dependent.
summary,primary,primary_conservative_method_1,M1,beta_2_2,4,CP02-VHF-2015,VHF — 2015,15,15,,,13.4210526315789,2.4016620498615,1,true,true,ok_conditional,Exact Beta-Binomial marginal; M0 cell marginals are cross-cell dependent.
pmf,primary,primary_conservative_method_1,M1,beta_2_2,4,CP02-VHF-2015,VHF — 2015,15,15,0,1.54267672461038e-08,13.4210526315789,2.4016620498615,1,true,true,ok_conditional,Exact Beta-Binomial marginal; M0 cell marginals are cross-cell dependent.
pmf,primary,primary_conservative_method_1,M1,beta_2_2,4,CP02-VHF-2015,VHF — 2015,15,15,1,2.45864102984778e-07,13.4210526315789,2.4016620498615,1,true,true,ok_conditional,Exact Beta-Binomial marginal; M0 cell marginals are cross-cell dependent.
pmf,primary,primary_conservative_method_1,M1,beta_2_2,4,CP02-VHF-2015,VHF — 2015,15,15,2,2.06525846507216e-06,13.4210526315789,2.4016620498615,1,true,true,ok_conditional,Exact Beta-Binomial marginal; M0 cell marginals are cross-cell dependent.
pmf,primary,primary_conservative_method_1,M1,beta_2_2,4,CP02-VHF-2015,VHF — 2015,15,15,3,1.21456866874481e-05,13.4210526315789,2.4016620498615,1,true,true,ok_conditional,Exact Beta-Binomial marginal; M0 cell marginals are cross-cell dependent.
pmf,primary,primary_conservative_method_1,M1,beta_2_2,4,CP02-VHF-2015,VHF — 2015,15,15,4,5.60570154805297e-05,13.4210526315789,2.4016620498615,1,true,true,ok_conditional,Exact Beta-Binomial marginal; M0 cell marginals are cross-cell dependent.
pmf,primary,primary_conservative_method_1,M1,beta_2_2,4,CP02-VHF-2015,VHF — 2015,15,15,5,0.000215819509600039,13.4210526315789,2.4016620498615,1,true,true,ok_conditional,Exact Beta-Binomial marginal; M0 cell marginals are cross-cell dependent.
pmf,primary,primary_conservative_method_1,M1,beta_2_2,4,CP02-VHF-2015,VHF — 2015,15,15,6,0.000719398365333459,13.4210526315789,2.4016620498615,1,true,true,ok_conditional,Exact Beta-Binomial marginal; M0 cell marginals are cross-cell dependent.
pmf,primary,primary_conservative_method_1,M1,beta_2_2,4,CP02-VHF-2015,VHF — 2015,15,15,7,0.00212736373748609,13.4210526315789,2.4016620498615,1,true,true,ok_conditional,Exact Beta-Binomial marginal; M0 cell marginals are cross-cell dependent.
pmf,primary,primary_conservative_method_1,M1,beta_2_2,4,CP02-VHF-2015,VHF — 2015,15,15,8,0.00567296996662963,13.4210526315789,2.4016620498615,1,true,true,ok_conditional,Exact Beta-Binomial marginal; M0 cell marginals are cross-cell dependent.
pmf,primary,primary_conservative_method_1,M1,beta_2_2,4,CP02-VHF-2015,VHF — 2015,15,15,9,0.0137884686688914,13.4210526315789,2.4016620498615,1,true,true,ok_conditional,Exact Beta-Binomial marginal; M0 cell marginals are cross-cell dependent.
pmf,primary,primary_conservative_method_1,M1,beta_2_2,4,CP02-VHF-2015,VHF — 2015,15,15,10,0.0307285873192438,13.4210526315789,2.4016620498615,1,true,true,ok_conditional,Exact Beta-Binomial marginal; M0 cell marginals are cross-cell dependent.
pmf,primary,primary_conservative_method_1,M1,beta_2_2,4,CP02-VHF-2015,VHF — 2015,15,15,11,0.0628539286075445,13.4210526315789,2.4016620498615,1,true,true,ok_conditional,Exact Beta-Binomial marginal; M0 cell marginals are cross-cell dependent.
pmf,primary,primary_conservative_method_1,M1,beta_2_2,4,CP02-VHF-2015,VHF — 2015,15,15,12,0.117327333400748,13.4210526315789,2.4016620498615,1,true,true,ok_conditional,Exact Beta-Binomial marginal; M0 cell marginals are cross-cell dependent.
pmf,primary,primary_conservative_method_1,M1,beta_2_2,4,CP02-VHF-2015,VHF — 2015,15,15,13,0.196297653958943,13.4210526315789,2.4016620498615,1,true,true,ok_conditional,Exact Beta-Binomial marginal; M0 cell marginals are cross-cell dependent.
pmf,primary,primary_conservative_method_1,M1,beta_2_2,4,CP02-VHF-2015,VHF — 2015,15,15,14,0.280425219941351,13.4210526315789,2.4016620498615,1,true,true,ok_conditional,Exact Beta-Binomial marginal; M0 cell marginals are cross-cell dependent.
pmf,primary,primary_conservative_method_1,M1,beta_2_2,4,CP02-VHF-2015,VHF — 2015,15,15,15,0.289772727272727,13.4210526315789,2.4016620498615,1,true,true,ok_conditional,Exact Beta-Binomial marginal; M0 cell marginals are cross-cell dependent.
summary,primary,primary_conservative_method_1,M1,beta_2_2,4,CP02-VHF-2016,VHF — 2016,32,32,,,30.2222222222222,3.08575241908575,1.00000000000004,true,true,ok_conditional,Exact Beta-Binomial marginal; M0 cell marginals are cross-cell dependent.
pmf,primary,primary_conservative_method_1,M1,beta_2_2,4,CP02-VHF-2016,VHF — 2016,32,32,0,2.46019393255077e-18,30.2222222222222,3.08575241908575,1.00000000000004,true,true,ok_conditional,Exact Beta-Binomial marginal; M0 cell marginals are cross-cell dependent.
pmf,primary,primary_conservative_method_1,M1,beta_2_2,4,CP02-VHF-2016,VHF — 2016,32,32,1,8.11118484428844e-17,30.2222222222222,3.08575241908575,1.00000000000004,true,true,ok_conditional,Exact Beta-Binomial marginal; M0 cell marginals are cross-cell dependent.
pmf,primary,primary_conservative_method_1,M1,beta_2_2,4,CP02-VHF-2016,VHF — 2016,32,32,2,1.37509930563328e-15,30.2222222222222,3.08575241908575,1.00000000000004,true,true,ok_conditional,Exact Beta-Binomial marginal; M0 cell marginals are cross-cell dependent.
pmf,primary,primary_conservative_method_1,M1,beta_2_2,4,CP02-VHF-2016,VHF — 2016,32,32,3,1.59688951621934e-14,30.2222222222222,3.08575241908575,1.00000000000004,true,true,ok_conditional,Exact Beta-Binomial marginal; M0 cell marginals are cross-cell dependent.
pmf,primary,primary_conservative_method_1,M1,beta_2_2,4,CP02-VHF-2016,VHF — 2016,32,32,4,1.42788537575277e-13,30.2222222222222,3.08575241908575,1.00000000000004,true,true,ok_conditional,Exact Beta-Binomial marginal; M0 cell marginals are cross-cell dependent.
pmf,primary,primary_conservative_method_1,M1,beta_2_2,4,CP02-VHF-2016,VHF — 2016,32,32,5,1.04777244124201e-12,30.2222222222222,3.08575241908575,1.00000000000004,true,true,ok_conditional,Exact Beta-Binomial marginal; M0 cell marginals are cross-cell dependent.
pmf,primary,primary_conservative_method_1,M1,beta_2_2,4,CP02-VHF-2016,VHF — 2016,32,32,6,6.56728797992762e-12,30.2222222222222,3.08575241908575,1.00000000000004,true,true,ok_conditional,Exact Beta-Binomial marginal; M0 cell marginals are cross-cell dependent.
pmf,primary,primary_conservative_method_1,M1,beta_2_2,4,CP02-VHF-2016,VHF — 2016,32,32,7,3.61374576673271e-11,30.2222222222222,3.08575241908575,1.00000000000004,true,true,ok_conditional,Exact Beta-Binomial marginal; M0 cell marginals are cross-cell dependent.
pmf,primary,primary_conservative_method_1,M1,beta_2_2,4,CP02-VHF-2016,VHF — 2016,32,32,8,1.78081221677935e-10,30.2222222222222,3.08575241908575,1.00000000000004,true,true,ok_conditional,Exact Beta-Binomial marginal; M0 cell marginals are cross-cell dependent.
pmf,primary,primary_conservative_method_1,M1,beta_2_2,4,CP02-VHF-2016,VHF — 2016,32,32,9,7.97803873117141e-10,30.2222222222222,3.08575241908575,1.00000000000004,true,true,ok_conditional,Exact Beta-Binomial marginal; M0 cell marginals are cross-cell dependent.
pmf,primary,primary_conservative_method_1,M1,beta_2_2,4,CP02-VHF-2016,VHF — 2016,32,32,10,3.28761679380362e-09,30.2222222222222,3.08575241908575,1.00000000000004,true,true,ok_conditional,Exact Beta-Binomial marginal; M0 cell marginals are cross-cell dependent.
pmf,primary,primary_conservative_method_1,M1,beta_2_2,4,CP02-VHF-2016,VHF — 2016,32,32,11,1.25787077328138e-08,30.2222222222222,3.08575241908575,1.00000000000004,true,true,ok_conditional,Exact Beta-Binomial marginal; M0 cell marginals are cross-cell dependent.
pmf,primary,primary_conservative_method_1,M1,beta_2_2,4,CP02-VHF-2016,VHF — 2016,32,32,12,4.50260560890486e-08,30.2222222222222,3.08575241908575,1.00000000000004,true,true,ok_conditional,Exact Beta-Binomial marginal; M0 cell marginals are cross-cell dependent.
pmf,primary,primary_conservative_method_1,M1,beta_2_2,4,CP02-VHF-2016,VHF — 2016,32,32,13,1.51736159714011e-07,30.2222222222222,3.08575241908575,1.00000000000004,true,true,ok_conditional,Exact Beta-Binomial marginal; M0 cell marginals are cross-cell dependent.
pmf,primary,primary_conservative_method_1,M1,beta_2_2,4,CP02-VHF-2016,VHF — 2016,32,32,14,4.8392996651646e-07,30.2222222222222,3.08575241908575,1.00000000000004,true,true,ok_conditional,Exact Beta-Binomial marginal; M0 cell marginals are cross-cell dependent.
pmf,primary,primary_conservative_method_1,M1,beta_2_2,4,CP02-VHF-2016,VHF — 2016,32,32,15,1.46707189849205e-06,30.2222222222222,3.08575241908575,1.00000000000004,true,true,ok_conditional,Exact Beta-Binomial marginal; M0 cell marginals are cross-cell dependent.
pmf,primary,primary_conservative_method_1,M1,beta_2_2,4,CP02-VHF-2016,VHF — 2016,32,32,16,4.24330170640244e-06,30.2222222222222,3.08575241908575,1.00000000000004,true,true,ok_conditional,Exact Beta-Binomial marginal; M0 cell marginals are cross-cell dependent.
pmf,primary,primary_conservative_method_1,M1,beta_2_2,4,CP02-VHF-2016,VHF — 2016,32,32,17,1.17461638931552e-05,30.2222222222222,3.08575241908575,1.00000000000004,true,true,ok_conditional,Exact Beta-Binomial marginal; M0 cell marginals are cross-cell dependent.
pmf,primary,primary_conservative_method_1,M1,beta_2_2,4,CP02-VHF-2016,VHF — 2016,32,32,18,3.12007478411925e-05,30.2222222222222,3.08575241908575,1.00000000000004,true,true,ok_conditional,Exact Beta-Binomial marginal; M0 cell marginals are cross-cell dependent.
pmf,primary,primary_conservative_method_1,M1,beta_2_2,4,CP02-VHF-2016,VHF — 2016,32,32,19,7.96987523803124e-05,30.2222222222222,3.08575241908575,1.00000000000004,true,true,ok_conditional,Exact Beta-Binomial marginal; M0 cell marginals are cross-cell dependent.
pmf,primary,primary_conservative_method_1,M1,beta_2_2,4,CP02-VHF-2016,VHF — 2016,32,32,20,0.00019611585853584,30.2222222222222,3.08575241908575,1.00000000000004,true,true,ok_conditional,Exact Beta-Binomial marginal; M0 cell marginals are cross-cell dependent.
pmf,primary,primary_conservative_method_1,M1,beta_2_2,4,CP02-VHF-2016,VHF — 2016,32,32,21,0.000465505774107023,30.2222222222222,3.08575241908575,1.00000000000004,true,true,ok_conditional,Exact Beta-Binomial marginal; M0 cell marginals are cross-cell dependent.
pmf,primary,primary_conservative_method_1,M1,beta_2_2,4,CP02-VHF-2016,VHF — 2016,32,32,22,0.001066784065662,30.2222222222222,3.08575241908575,1.00000000000004,true,true,ok_conditional,Exact Beta-Binomial marginal; M0 cell marginals are cross-cell dependent.
pmf,primary,primary_conservative_method_1,M1,beta_2_2,4,CP02-VHF-2016,VHF — 2016,32,32,23,0.00236126117300677,30.2222222222222,3.08575241908575,1.00000000000004,true,true,ok_conditional,Exact Beta-Binomial marginal; M0 cell marginals are cross-cell dependent.
pmf,primary,primary_conservative_method_1,M1,beta_2_2,4,CP02-VHF-2016,VHF — 2016,32,32,24,0.00504719575730207,30.2222222222222,3.08575241908575,1.00000000000004,true,true,ok_conditional,Exact Beta-Binomial marginal; M0 cell marginals are cross-cell dependent.
pmf,primary,primary_conservative_method_1,M1,beta_2_2,4,CP02-VHF-2016,VHF — 2016,32,32,25,0.0104084392506137,30.2222222222222,3.08575241908575,1.00000000000004,true,true,ok_conditional,Exact Beta-Binomial marginal; M0 cell marginals are cross-cell dependent.
pmf,primary,primary_conservative_method_1,M1,beta_2_2,4,CP02-VHF-2016,VHF — 2016,32,32,26,0.0206667567812664,30.2222222222222,3.08575241908575,1.00000000000004,true,true,ok_conditional,Exact Beta-Binomial marginal; M0 cell marginals are cross-cell dependent.
pmf,primary,primary_conservative_method_1,M1,beta_2_2,4,CP02-VHF-2016,VHF — 2016,32,32,27,0.0393652510119375,30.2222222222222,3.08575241908575,1.00000000000004,true,true,ok_conditional,Exact Beta-Binomial marginal; M0 cell marginals are cross-cell dependent.
pmf,primary,primary_conservative_method_1,M1,beta_2_2,4,CP02-VHF-2016,VHF — 2016,32,32,28,0.0714666759442897,30.2222222222222,3.08575241908575,1.00000000000004,true,true,ok_conditional,Exact Beta-Binomial marginal; M0 cell marginals are cross-cell dependent.
pmf,primary,primary_conservative_method_1,M1,beta_2_2,4,CP02-VHF-2016,VHF — 2016,32,32,29,0.122232659546096,30.2222222222222,3.08575241908575,1.00000000000004,true,true,ok_conditional,Exact Beta-Binomial marginal; M0 cell marginals are cross-cell dependent.
pmf,primary,primary_conservative_method_1,M1,beta_2_2,4,CP02-VHF-2016,VHF — 2016,32,32,30,0.192516438785098,30.2222222222222,3.08575241908575,1.00000000000004,true,true,ok_conditional,Exact Beta-Binomial marginal; M0 cell marginals are cross-cell dependent.
pmf,primary,primary_conservative_method_1,M1,beta_2_2,4,CP02-VHF-2016,VHF — 2016,32,32,31,0.264968861983804,30.2222222222222,3.08575241908575,1.00000000000004,true,true,ok_conditional,Exact Beta-Binomial marginal; M0 cell marginals are cross-cell dependent.
pmf,primary,primary_conservative_method_1,M1,beta_2_2,4,CP02-VHF-2016,VHF — 2016,32,32,32,0.269109000452297,30.2222222222222,3.08575241908575,1.00000000000004,true,true,ok_conditional,Exact Beta-Binomial marginal; M0 cell marginals are cross-cell dependent.
summary,primary,primary_conservative_method_1,M1,beta_2_2,4,CP02-VHF-2017,VHF — 2017,19,19,,,17.3478260869565,2.63988657844991,1.00000000000001,true,true,ok_conditional,Exact Beta-Binomial marginal; M0 cell marginals are cross-cell dependent.
pmf,primary,primary_conservative_method_1,M1,beta_2_2,4,CP02-VHF-2017,VHF — 2017,19,19,0,8.17452044631537e-11,17.3478260869565,2.63988657844991,1.00000000000001,true,true,ok_conditional,Exact Beta-Binomial marginal; M0 cell marginals are cross-cell dependent.
pmf,primary,primary_conservative_method_1,M1,beta_2_2,4,CP02-VHF-2017,VHF — 2017,19,19,1,1.63081682903992e-09,17.3478260869565,2.63988657844991,1.00000000000001,true,true,ok_conditional,Exact Beta-Binomial marginal; M0 cell marginals are cross-cell dependent.
pmf,primary,primary_conservative_method_1,M1,beta_2_2,4,CP02-VHF-2017,VHF — 2017,19,19,2,1.69948280078896e-08,17.3478260869565,2.63988657844991,1.00000000000001,true,true,ok_conditional,Exact Beta-Binomial marginal; M0 cell marginals are cross-cell dependent.
pmf,primary,primary_conservative_method_1,M1,beta_2_2,4,CP02-VHF-2017,VHF — 2017,19,19,3,1.2305514353861e-07,17.3478260869565,2.63988657844991,1.00000000000001,true,true,ok_conditional,Exact Beta-Binomial marginal; M0 cell marginals are cross-cell dependent.
pmf,primary,primary_conservative_method_1,M1,beta_2_2,4,CP02-VHF-2017,VHF — 2017,19,19,4,6.9489963410038e-07,17.3478260869565,2.63988657844991,1.00000000000001,true,true,ok_conditional,Exact Beta-Binomial marginal; M0 cell marginals are cross-cell dependent.
pmf,primary,primary_conservative_method_1,M1,beta_2_2,4,CP02-VHF-2017,VHF — 2017,19,19,5,3.2573420348455e-06,17.3478260869565,2.63988657844991,1.00000000000001,true,true,ok_conditional,Exact Beta-Binomial marginal; M0 cell marginals are cross-cell dependent.
pmf,primary,primary_conservative_method_1,M1,beta_2_2,4,CP02-VHF-2017,VHF — 2017,19,19,6,1.31741388964864e-05,17.3478260869565,2.63988657844991,1.00000000000001,true,true,ok_conditional,Exact Beta-Binomial marginal; M0 cell marginals are cross-cell dependent.
pmf,primary,primary_conservative_method_1,M1,beta_2_2,4,CP02-VHF-2017,VHF — 2017,19,19,7,4.71849260476195e-05,17.3478260869565,2.63988657844991,1.00000000000001,true,true,ok_conditional,Exact Beta-Binomial marginal; M0 cell marginals are cross-cell dependent.
pmf,primary,primary_conservative_method_1,M1,beta_2_2,4,CP02-VHF-2017,VHF — 2017,19,19,8,0.000152443607230769,17.3478260869565,2.63988657844991,1.00000000000001,true,true,ok_conditional,Exact Beta-Binomial marginal; M0 cell marginals are cross-cell dependent.
pmf,primary,primary_conservative_method_1,M1,beta_2_2,4,CP02-VHF-2017,VHF — 2017,19,19,9,0.000450273247283477,17.3478260869565,2.63988657844991,1.00000000000001,true,true,ok_conditional,Exact Beta-Binomial marginal; M0 cell marginals are cross-cell dependent.
pmf,primary,primary_conservative_method_1,M1,beta_2_2,4,CP02-VHF-2017,VHF — 2017,19,19,10,0.00122801794713676,17.3478260869565,2.63988657844991,1.00000000000001,true,true,ok_conditional,Exact Beta-Binomial marginal; M0 cell marginals are cross-cell dependent.
pmf,primary,primary_conservative_method_1,M1,beta_2_2,4,CP02-VHF-2017,VHF — 2017,19,19,11,0.0031147000659196,17.3478260869565,2.63988657844991,1.00000000000001,true,true,ok_conditional,Exact Beta-Binomial marginal; M0 cell marginals are cross-cell dependent.
pmf,primary,primary_conservative_method_1,M1,beta_2_2,4,CP02-VHF-2017,VHF — 2017,19,19,12,0.00738299274884635,17.3478260869565,2.63988657844991,1.00000000000001,true,true,ok_conditional,Exact Beta-Binomial marginal; M0 cell marginals are cross-cell dependent.
pmf,primary,primary_conservative_method_1,M1,beta_2_2,4,CP02-VHF-2017,VHF — 2017,19,19,13,0.0163987627402263,17.3478260869565,2.63988657844991,1.00000000000001,true,true,ok_conditional,Exact Beta-Binomial marginal; M0 cell marginals are cross-cell dependent.
pmf,primary,primary_conservative_method_1,M1,beta_2_2,4,CP02-VHF-2017,VHF — 2017,19,19,14,0.034136199989859,17.3478260869565,2.63988657844991,1.00000000000001,true,true,ok_conditional,Exact Beta-Binomial marginal; M0 cell marginals are cross-cell dependent.
pmf,primary,primary_conservative_method_1,M1,beta_2_2,4,CP02-VHF-2017,VHF — 2017,19,19,15,0.0663759444247259,17.3478260869565,2.63988657844991,1.00000000000001,true,true,ok_conditional,Exact Beta-Binomial marginal; M0 cell marginals are cross-cell dependent.
pmf,primary,primary_conservative_method_1,M1,beta_2_2,4,CP02-VHF-2017,VHF — 2017,19,19,16,0.119476699964506,17.3478260869565,2.63988657844991,1.00000000000001,true,true,ok_conditional,Exact Beta-Binomial marginal; M0 cell marginals are cross-cell dependent.
pmf,primary,primary_conservative_method_1,M1,beta_2_2,4,CP02-VHF-2017,VHF — 2017,19,19,17,0.195028142589119,17.3478260869565,2.63988657844991,1.00000000000001,true,true,ok_conditional,Exact Beta-Binomial marginal; M0 cell marginals are cross-cell dependent.
pmf,primary,primary_conservative_method_1,M1,beta_2_2,4,CP02-VHF-2017,VHF — 2017,19,19,18,0.274484052532835,17.3478260869565,2.63988657844991,1.00000000000001,true,true,ok_conditional,Exact Beta-Binomial marginal; M0 cell marginals are cross-cell dependent.
pmf,primary,primary_conservative_method_1,M1,beta_2_2,4,CP02-VHF-2017,VHF — 2017,19,19,19,0.281707317073173,17.3478260869565,2.63988657844991,1.00000000000001,true,true,ok_conditional,Exact Beta-Binomial marginal; M0 cell marginals are cross-cell dependent.
summary,primary,primary_conservative_method_1,M1,beta_2_2,4,CP02-VHF-2018,VHF — 2018,25,25,,,23.2758620689655,2.88941736028537,0.999999999999982,true,true,ok_conditional,Exact Beta-Binomial marginal; M0 cell marginals are cross-cell dependent.
pmf,primary,primary_conservative_method_1,M1,beta_2_2,4,CP02-VHF-2018,VHF — 2018,25,25,0,2.87630931205569e-14,23.2758620689655,2.88941736028537,0.999999999999982,true,true,ok_conditional,Exact Beta-Binomial marginal; M0 cell marginals are cross-cell dependent.
pmf,primary,primary_conservative_method_1,M1,beta_2_2,4,CP02-VHF-2018,VHF — 2018,25,25,1,7.46734148322137e-13,23.2758620689655,2.88941736028537,0.999999999999982,true,true,ok_conditional,Exact Beta-Binomial marginal; M0 cell marginals are cross-cell dependent.
pmf,primary,primary_conservative_method_1,M1,beta_2_2,4,CP02-VHF-2018,VHF — 2018,25,25,2,1.00361069534494e-11,23.2758620689655,2.88941736028537,0.999999999999982,true,true,ok_conditional,Exact Beta-Binomial marginal; M0 cell marginals are cross-cell dependent.
pmf,primary,primary_conservative_method_1,M1,beta_2_2,4,CP02-VHF-2018,VHF — 2018,25,25,3,9.2973379693761e-11,23.2758620689655,2.88941736028537,0.999999999999982,true,true,ok_conditional,Exact Beta-Binomial marginal; M0 cell marginals are cross-cell dependent.
pmf,primary,primary_conservative_method_1,M1,beta_2_2,4,CP02-VHF-2018,VHF — 2018,25,25,4,6.66982941281335e-10,23.2758620689655,2.88941736028537,0.999999999999982,true,true,ok_conditional,Exact Beta-Binomial marginal; M0 cell marginals are cross-cell dependent.
pmf,primary,primary_conservative_method_1,M1,beta_2_2,4,CP02-VHF-2018,VHF — 2018,25,25,5,3.94732631612858e-09,23.2758620689655,2.88941736028537,0.999999999999982,true,true,ok_conditional,Exact Beta-Binomial marginal; M0 cell marginals are cross-cell dependent.
pmf,primary,primary_conservative_method_1,M1,beta_2_2,4,CP02-VHF-2018,VHF — 2018,25,25,6,2.00499114470024e-08,23.2758620689655,2.88941736028537,0.999999999999982,true,true,ok_conditional,Exact Beta-Binomial marginal; M0 cell marginals are cross-cell dependent.
pmf,primary,primary_conservative_method_1,M1,beta_2_2,4,CP02-VHF-2018,VHF — 2018,25,25,7,8.97949605519321e-08,23.2758620689655,2.88941736028537,0.999999999999982,true,true,ok_conditional,Exact Beta-Binomial marginal; M0 cell marginals are cross-cell dependent.
pmf,primary,primary_conservative_method_1,M1,beta_2_2,4,CP02-VHF-2018,VHF — 2018,25,25,8,3.61542867485414e-07,23.2758620689655,2.88941736028537,0.999999999999982,true,true,ok_conditional,Exact Beta-Binomial marginal; M0 cell marginals are cross-cell dependent.
pmf,primary,primary_conservative_method_1,M1,beta_2_2,4,CP02-VHF-2018,VHF — 2018,25,25,9,1.32788892687545e-06,23.2758620689655,2.88941736028537,0.999999999999982,true,true,ok_conditional,Exact Beta-Binomial marginal; M0 cell marginals are cross-cell dependent.
pmf,primary,primary_conservative_method_1,M1,beta_2_2,4,CP02-VHF-2018,VHF — 2018,25,25,10,4.49920012870737e-06,23.2758620689655,2.88941736028537,0.999999999999982,true,true,ok_conditional,Exact Beta-Binomial marginal; M0 cell marginals are cross-cell dependent.
pmf,primary,primary_conservative_method_1,M1,beta_2_2,4,CP02-VHF-2018,VHF — 2018,25,25,11,1.41878185876852e-05,23.2758620689655,2.88941736028537,0.999999999999982,true,true,ok_conditional,Exact Beta-Binomial marginal; M0 cell marginals are cross-cell dependent.
pmf,primary,primary_conservative_method_1,M1,beta_2_2,4,CP02-VHF-2018,VHF — 2018,25,25,12,4.19328860480477e-05,23.2758620689655,2.88941736028537,0.999999999999982,true,true,ok_conditional,Exact Beta-Binomial marginal; M0 cell marginals are cross-cell dependent.
pmf,primary,primary_conservative_method_1,M1,beta_2_2,4,CP02-VHF-2018,VHF — 2018,25,25,13,0.000116813039705276,23.2758620689655,2.88941736028537,0.999999999999982,true,true,ok_conditional,Exact Beta-Binomial marginal; M0 cell marginals are cross-cell dependent.
pmf,primary,primary_conservative_method_1,M1,beta_2_2,4,CP02-VHF-2018,VHF — 2018,25,25,14,0.000308078346475444,23.2758620689655,2.88941736028537,0.999999999999982,true,true,ok_conditional,Exact Beta-Binomial marginal; M0 cell marginals are cross-cell dependent.
pmf,primary,primary_conservative_method_1,M1,beta_2_2,4,CP02-VHF-2018,VHF — 2018,25,25,15,0.000771907412557915,23.2758620689655,2.88941736028537,0.999999999999982,true,true,ok_conditional,Exact Beta-Binomial marginal; M0 cell marginals are cross-cell dependent.
pmf,primary,primary_conservative_method_1,M1,beta_2_2,4,CP02-VHF-2018,VHF — 2018,25,25,16,0.00184205177996778,23.2758620689655,2.88941736028537,0.999999999999982,true,true,ok_conditional,Exact Beta-Binomial marginal; M0 cell marginals are cross-cell dependent.
pmf,primary,primary_conservative_method_1,M1,beta_2_2,4,CP02-VHF-2018,VHF — 2018,25,25,17,0.00419337669910311,23.2758620689655,2.88941736028537,0.999999999999982,true,true,ok_conditional,Exact Beta-Binomial marginal; M0 cell marginals are cross-cell dependent.
pmf,primary,primary_conservative_method_1,M1,beta_2_2,4,CP02-VHF-2018,VHF — 2018,25,25,18,0.00911153455607593,23.2758620689655,2.88941736028537,0.999999999999982,true,true,ok_conditional,Exact Beta-Binomial marginal; M0 cell marginals are cross-cell dependent.
pmf,primary,primary_conservative_method_1,M1,beta_2_2,4,CP02-VHF-2018,VHF — 2018,25,25,19,0.0188824564813416,23.2758620689655,2.88941736028537,0.999999999999982,true,true,ok_conditional,Exact Beta-Binomial marginal; M0 cell marginals are cross-cell dependent.
pmf,primary,primary_conservative_method_1,M1,beta_2_2,4,CP02-VHF-2018,VHF — 2018,25,25,20,0.0372254142060736,23.2758620689655,2.88941736028537,0.999999999999982,true,true,ok_conditional,Exact Beta-Binomial marginal; M0 cell marginals are cross-cell dependent.
pmf,primary,primary_conservative_method_1,M1,beta_2_2,4,CP02-VHF-2018,VHF — 2018,25,25,21,0.0694283518922785,23.2758620689655,2.88941736028537,0.999999999999982,true,true,ok_conditional,Exact Beta-Binomial marginal; M0 cell marginals are cross-cell dependent.
pmf,primary,primary_conservative_method_1,M1,beta_2_2,4,CP02-VHF-2018,VHF — 2018,25,25,22,0.121184032393798,23.2758620689655,2.88941736028537,0.999999999999982,true,true,ok_conditional,Exact Beta-Binomial marginal; M0 cell marginals are cross-cell dependent.
pmf,primary,primary_conservative_method_1,M1,beta_2_2,4,CP02-VHF-2018,VHF — 2018,25,25,23,0.193631008281395,23.2758620689655,2.88941736028537,0.999999999999982,true,true,ok_conditional,Exact Beta-Binomial marginal; M0 cell marginals are cross-cell dependent.
pmf,primary,primary_conservative_method_1,M1,beta_2_2,4,CP02-VHF-2018,VHF — 2018,25,25,24,0.268931955946386,23.2758620689655,2.88941736028537,0.999999999999982,true,true,ok_conditional,Exact Beta-Binomial marginal; M0 cell marginals are cross-cell dependent.
pmf,primary,primary_conservative_method_1,M1,beta_2_2,4,CP02-VHF-2018,VHF — 2018,25,25,25,0.274310595065298,23.2758620689655,2.88941736028537,0.999999999999982,true,true,ok_conditional,Exact Beta-Binomial marginal; M0 cell marginals are cross-cell dependent.
summary,primary,primary_conservative_method_1,M1,beta_2_2,4,CP02-VHF-2019,VHF — 2019,24,26,,,22.5333333333333,5.4273835125448,0.999999999999997,true,true,ok_conditional,Exact Beta-Binomial marginal; M0 cell marginals are cross-cell dependent.
pmf,primary,primary_conservative_method_1,M1,beta_2_2,4,CP02-VHF-2019,VHF — 2019,24,26,0,1.02623229818616e-12,22.5333333333333,5.4273835125448,0.999999999999997,true,true,ok_conditional,Exact Beta-Binomial marginal; M0 cell marginals are cross-cell dependent.
pmf,primary,primary_conservative_method_1,M1,beta_2_2,4,CP02-VHF-2019,VHF — 2019,24,26,1,2.3921828743926e-11,22.5333333333333,5.4273835125448,0.999999999999997,true,true,ok_conditional,Exact Beta-Binomial marginal; M0 cell marginals are cross-cell dependent.
pmf,primary,primary_conservative_method_1,M1,beta_2_2,4,CP02-VHF-2019,VHF — 2019,24,26,2,2.88343471466967e-10,22.5333333333333,5.4273835125448,0.999999999999997,true,true,ok_conditional,Exact Beta-Binomial marginal; M0 cell marginals are cross-cell dependent.
pmf,primary,primary_conservative_method_1,M1,beta_2_2,4,CP02-VHF-2019,VHF — 2019,24,26,3,2.39218287439259e-09,22.5333333333333,5.4273835125448,0.999999999999997,true,true,ok_conditional,Exact Beta-Binomial marginal; M0 cell marginals are cross-cell dependent.
pmf,primary,primary_conservative_method_1,M1,beta_2_2,4,CP02-VHF-2019,VHF — 2019,24,26,4,1.53421728578833e-08,22.5333333333333,5.4273835125448,0.999999999999997,true,true,ok_conditional,Exact Beta-Binomial marginal; M0 cell marginals are cross-cell dependent.
pmf,primary,primary_conservative_method_1,M1,beta_2_2,4,CP02-VHF-2019,VHF — 2019,24,26,5,8.10066726896241e-08,22.5333333333333,5.4273835125448,0.999999999999997,true,true,ok_conditional,Exact Beta-Binomial marginal; M0 cell marginals are cross-cell dependent.
pmf,primary,primary_conservative_method_1,M1,beta_2_2,4,CP02-VHF-2019,VHF — 2019,24,26,6,3.6621766611767e-07,22.5333333333333,5.4273835125448,0.999999999999997,true,true,ok_conditional,Exact Beta-Binomial marginal; M0 cell marginals are cross-cell dependent.
pmf,primary,primary_conservative_method_1,M1,beta_2_2,4,CP02-VHF-2019,VHF — 2019,24,26,7,1.45577208891496e-06,22.5333333333333,5.4273835125448,0.999999999999997,true,true,ok_conditional,Exact Beta-Binomial marginal; M0 cell marginals are cross-cell dependent.
pmf,primary,primary_conservative_method_1,M1,beta_2_2,4,CP02-VHF-2019,VHF — 2019,24,26,8,5.18618806675955e-06,22.5333333333333,5.4273835125448,0.999999999999997,true,true,ok_conditional,Exact Beta-Binomial marginal; M0 cell marginals are cross-cell dependent.
pmf,primary,primary_conservative_method_1,M1,beta_2_2,4,CP02-VHF-2019,VHF — 2019,24,26,9,1.67933708828404e-05,22.5333333333333,5.4273835125448,0.999999999999997,true,true,ok_conditional,Exact Beta-Binomial marginal; M0 cell marginals are cross-cell dependent.
pmf,primary,primary_conservative_method_1,M1,beta_2_2,4,CP02-VHF-2019,VHF — 2019,24,26,10,4.99602783764505e-05,22.5333333333333,5.4273835125448,0.999999999999997,true,true,ok_conditional,Exact Beta-Binomial marginal; M0 cell marginals are cross-cell dependent.
pmf,primary,primary_conservative_method_1,M1,beta_2_2,4,CP02-VHF-2019,VHF — 2019,24,26,11,0.000137689571027919,22.5333333333333,5.4273835125448,0.999999999999997,true,true,ok_conditional,Exact Beta-Binomial marginal; M0 cell marginals are cross-cell dependent.
pmf,primary,primary_conservative_method_1,M1,beta_2_2,4,CP02-VHF-2019,VHF — 2019,24,26,12,0.000353785703335638,22.5333333333333,5.4273835125448,0.999999999999997,true,true,ok_conditional,Exact Beta-Binomial marginal; M0 cell marginals are cross-cell dependent.
pmf,primary,primary_conservative_method_1,M1,beta_2_2,4,CP02-VHF-2019,VHF — 2019,24,26,13,0.000851647032464051,22.5333333333333,5.4273835125448,0.999999999999997,true,true,ok_conditional,Exact Beta-Binomial marginal; M0 cell marginals are cross-cell dependent.
pmf,primary,primary_conservative_method_1,M1,beta_2_2,4,CP02-VHF-2019,VHF — 2019,24,26,14,0.00192761181008607,22.5333333333333,5.4273835125448,0.999999999999997,true,true,ok_conditional,Exact Beta-Binomial marginal; M0 cell marginals are cross-cell dependent.
pmf,primary,primary_conservative_method_1,M1,beta_2_2,4,CP02-VHF-2019,VHF — 2019,24,26,15,0.00411223852818352,22.5333333333333,5.4273835125448,0.999999999999997,true,true,ok_conditional,Exact Beta-Binomial marginal; M0 cell marginals are cross-cell dependent.
pmf,primary,primary_conservative_method_1,M1,beta_2_2,4,CP02-VHF-2019,VHF — 2019,24,26,16,0.00827955167951247,22.5333333333333,5.4273835125448,0.999999999999997,true,true,ok_conditional,Exact Beta-Binomial marginal; M0 cell marginals are cross-cell dependent.
pmf,primary,primary_conservative_method_1,M1,beta_2_2,4,CP02-VHF-2019,VHF — 2019,24,26,17,0.0157348945945484,22.5333333333333,5.4273835125448,0.999999999999997,true,true,ok_conditional,Exact Beta-Binomial marginal; M0 cell marginals are cross-cell dependent.
pmf,primary,primary_conservative_method_1,M1,beta_2_2,4,CP02-VHF-2019,VHF — 2019,24,26,18,0.0281916861485664,22.5333333333333,5.4273835125448,0.999999999999997,true,true,ok_conditional,Exact Beta-Binomial marginal; M0 cell marginals are cross-cell dependent.
pmf,primary,primary_conservative_method_1,M1,beta_2_2,4,CP02-VHF-2019,VHF — 2019,24,26,19,0.0474807345660066,22.5333333333333,5.4273835125448,0.999999999999997,true,true,ok_conditional,Exact Beta-Binomial marginal; M0 cell marginals are cross-cell dependent.
pmf,primary,primary_conservative_method_1,M1,beta_2_2,4,CP02-VHF-2019,VHF — 2019,24,26,20,0.0747821569414598,22.5333333333333,5.4273835125448,0.999999999999997,true,true,ok_conditional,Exact Beta-Binomial marginal; M0 cell marginals are cross-cell dependent.
pmf,primary,primary_conservative_method_1,M1,beta_2_2,4,CP02-VHF-2019,VHF — 2019,24,26,21,0.109205689501816,22.5333333333333,5.4273835125448,0.999999999999997,true,true,ok_conditional,Exact Beta-Binomial marginal; M0 cell marginals are cross-cell dependent.
pmf,primary,primary_conservative_method_1,M1,beta_2_2,4,CP02-VHF-2019,VHF — 2019,24,26,22,0.145814414959808,22.5333333333333,5.4273835125448,0.999999999999997,true,true,ok_conditional,Exact Beta-Binomial marginal; M0 cell marginals are cross-cell dependent.
pmf,primary,primary_conservative_method_1,M1,beta_2_2,4,CP02-VHF-2019,VHF — 2019,24,26,23,0.173890482436539,22.5333333333333,5.4273835125448,0.999999999999997,true,true,ok_conditional,Exact Beta-Binomial marginal; M0 cell marginals are cross-cell dependent.
pmf,primary,primary_conservative_method_1,M1,beta_2_2,4,CP02-VHF-2019,VHF — 2019,24,26,24,0.177513200820637,22.5333333333333,5.4273835125448,0.999999999999997,true,true,ok_conditional,Exact Beta-Binomial marginal; M0 cell marginals are cross-cell dependent.
pmf,primary,primary_conservative_method_1,M1,beta_2_2,4,CP02-VHF-2019,VHF — 2019,24,26,25,0.142010560656513,22.5333333333333,5.4273835125448,0.999999999999997,true,true,ok_conditional,Exact Beta-Binomial marginal; M0 cell marginals are cross-cell dependent.
pmf,primary,primary_conservative_method_1,M1,beta_2_2,4,CP02-VHF-2019,VHF — 2019,24,26,26,0.0696397941680928,22.5333333333333,5.4273835125448,0.999999999999997,true,true,ok_conditional,Exact Beta-Binomial marginal; M0 cell marginals are cross-cell dependent.
summary,primary,primary_conservative_method_1,M1,beta_2_2,4,CP02-PTT-2019,PTT — 2019,17,18,,,15.5454545454545,3.68666906216313,0.999999999999998,true,true,ok_conditional,Exact Beta-Binomial marginal; M0 cell marginals are cross-cell dependent.
pmf,primary,primary_conservative_method_1,M1,beta_2_2,4,CP02-PTT-2019,PTT — 2019,17,18,0,3.04686671180842e-09,15.5454545454545,3.68666906216313,0.999999999999998,true,true,ok_conditional,Exact Beta-Binomial marginal; M0 cell marginals are cross-cell dependent.
pmf,primary,primary_conservative_method_1,M1,beta_2_2,4,CP02-PTT-2019,PTT — 2019,17,18,1,5.2101420771924e-08,15.5454545454545,3.68666906216313,0.999999999999998,true,true,ok_conditional,Exact Beta-Binomial marginal; M0 cell marginals are cross-cell dependent.
pmf,primary,primary_conservative_method_1,M1,beta_2_2,4,CP02-PTT-2019,PTT — 2019,17,18,2,4.66170606906688e-07,15.5454545454545,3.68666906216313,0.999999999999998,true,true,ok_conditional,Exact Beta-Binomial marginal; M0 cell marginals are cross-cell dependent.
pmf,primary,primary_conservative_method_1,M1,beta_2_2,4,CP02-PTT-2019,PTT — 2019,17,18,3,2.90061710964165e-06,15.5454545454545,3.68666906216313,0.999999999999998,true,true,ok_conditional,Exact Beta-Binomial marginal; M0 cell marginals are cross-cell dependent.
pmf,primary,primary_conservative_method_1,M1,beta_2_2,4,CP02-PTT-2019,PTT — 2019,17,18,4,1.4076524208555e-05,15.5454545454545,3.68666906216313,0.999999999999998,true,true,ok_conditional,Exact Beta-Binomial marginal; M0 cell marginals are cross-cell dependent.
pmf,primary,primary_conservative_method_1,M1,beta_2_2,4,CP02-PTT-2019,PTT — 2019,17,18,5,5.66580099394338e-05,15.5454545454545,3.68666906216313,0.999999999999998,true,true,ok_conditional,Exact Beta-Binomial marginal; M0 cell marginals are cross-cell dependent.
pmf,primary,primary_conservative_method_1,M1,beta_2_2,4,CP02-PTT-2019,PTT — 2019,17,18,6,0.000196414434456704,15.5454545454545,3.68666906216313,0.999999999999998,true,true,ok_conditional,Exact Beta-Binomial marginal; M0 cell marginals are cross-cell dependent.
pmf,primary,primary_conservative_method_1,M1,beta_2_2,4,CP02-PTT-2019,PTT — 2019,17,18,7,0.000601268676908273,15.5454545454545,3.68666906216313,0.999999999999998,true,true,ok_conditional,Exact Beta-Binomial marginal; M0 cell marginals are cross-cell dependent.
pmf,primary,primary_conservative_method_1,M1,beta_2_2,4,CP02-PTT-2019,PTT — 2019,17,18,8,0.00165348886149776,15.5454545454545,3.68666906216313,0.999999999999998,true,true,ok_conditional,Exact Beta-Binomial marginal; M0 cell marginals are cross-cell dependent.
pmf,primary,primary_conservative_method_1,M1,beta_2_2,4,CP02-PTT-2019,PTT — 2019,17,18,9,0.00413372215374443,15.5454545454545,3.68666906216313,0.999999999999998,true,true,ok_conditional,Exact Beta-Binomial marginal; M0 cell marginals are cross-cell dependent.
pmf,primary,primary_conservative_method_1,M1,beta_2_2,4,CP02-PTT-2019,PTT — 2019,17,18,10,0.00946998166130531,15.5454545454545,3.68666906216313,0.999999999999998,true,true,ok_conditional,Exact Beta-Binomial marginal; M0 cell marginals are cross-cell dependent.
pmf,primary,primary_conservative_method_1,M1,beta_2_2,4,CP02-PTT-2019,PTT — 2019,17,18,11,0.0199730522311165,15.5454545454545,3.68666906216313,0.999999999999998,true,true,ok_conditional,Exact Beta-Binomial marginal; M0 cell marginals are cross-cell dependent.
pmf,primary,primary_conservative_method_1,M1,beta_2_2,4,CP02-PTT-2019,PTT — 2019,17,18,12,0.0388364904493941,15.5454545454545,3.68666906216313,0.999999999999998,true,true,ok_conditional,Exact Beta-Binomial marginal; M0 cell marginals are cross-cell dependent.
pmf,primary,primary_conservative_method_1,M1,beta_2_2,4,CP02-PTT-2019,PTT — 2019,17,18,13,0.0694575694575691,15.5454545454545,3.68666906216313,0.999999999999998,true,true,ok_conditional,Exact Beta-Binomial marginal; M0 cell marginals are cross-cell dependent.
pmf,primary,primary_conservative_method_1,M1,beta_2_2,4,CP02-PTT-2019,PTT — 2019,17,18,14,0.113400113400112,15.5454545454545,3.68666906216313,0.999999999999998,true,true,ok_conditional,Exact Beta-Binomial marginal; M0 cell marginals are cross-cell dependent.
pmf,primary,primary_conservative_method_1,M1,beta_2_2,4,CP02-PTT-2019,PTT — 2019,17,18,15,0.166320166320167,15.5454545454545,3.68666906216313,0.999999999999998,true,true,ok_conditional,Exact Beta-Binomial marginal; M0 cell marginals are cross-cell dependent.
pmf,primary,primary_conservative_method_1,M1,beta_2_2,4,CP02-PTT-2019,PTT — 2019,17,18,16,0.212058212058213,15.5454545454545,3.68666906216313,0.999999999999998,true,true,ok_conditional,Exact Beta-Binomial marginal; M0 cell marginals are cross-cell dependent.
pmf,primary,primary_conservative_method_1,M1,beta_2_2,4,CP02-PTT-2019,PTT — 2019,17,18,17,0.218295218295217,15.5454545454545,3.68666906216313,0.999999999999998,true,true,ok_conditional,Exact Beta-Binomial marginal; M0 cell marginals are cross-cell dependent.
pmf,primary,primary_conservative_method_1,M1,beta_2_2,4,CP02-PTT-2019,PTT — 2019,17,18,18,0.145530145530145,15.5454545454545,3.68666906216313,0.999999999999998,true,true,ok_conditional,Exact Beta-Binomial marginal; M0 cell marginals are cross-cell dependent.
summary,primary,primary_conservative_method_1,M1,beta_2_2,4,CP02-VHF-2020,VHF — 2020,24,24,,,22.2857142857143,2.85432793807178,1.00000000000005,true,true,ok_conditional,Exact Beta-Binomial marginal; M0 cell marginals are cross-cell dependent.
pmf,primary,primary_conservative_method_1,M1,beta_2_2,4,CP02-VHF-2020,VHF — 2020,24,24,0,1.08888852527827e-13,22.2857142857143,2.85432793807178,1.00000000000005,true,true,ok_conditional,Exact Beta-Binomial marginal; M0 cell marginals are cross-cell dependent.
pmf,primary,primary_conservative_method_1,M1,beta_2_2,4,CP02-VHF-2020,VHF — 2020,24,24,1,2.71786575909456e-12,22.2857142857143,2.85432793807178,1.00000000000005,true,true,ok_conditional,Exact Beta-Binomial marginal; M0 cell marginals are cross-cell dependent.
pmf,primary,primary_conservative_method_1,M1,beta_2_2,4,CP02-VHF-2020,VHF — 2020,24,24,2,3.51623882582867e-11,22.2857142857143,2.85432793807178,1.00000000000005,true,true,ok_conditional,Exact Beta-Binomial marginal; M0 cell marginals are cross-cell dependent.
pmf,primary,primary_conservative_method_1,M1,beta_2_2,4,CP02-VHF-2020,VHF — 2020,24,24,3,3.13913495175421e-10,22.2857142857143,2.85432793807178,1.00000000000005,true,true,ok_conditional,Exact Beta-Binomial marginal; M0 cell marginals are cross-cell dependent.
pmf,primary,primary_conservative_method_1,M1,beta_2_2,4,CP02-VHF-2020,VHF — 2020,24,24,4,2.17242407456625e-09,22.2857142857143,2.85432793807178,1.00000000000005,true,true,ok_conditional,Exact Beta-Binomial marginal; M0 cell marginals are cross-cell dependent.
pmf,primary,primary_conservative_method_1,M1,beta_2_2,4,CP02-VHF-2020,VHF — 2020,24,24,5,1.24138518546646e-08,22.2857142857143,2.85432793807178,1.00000000000005,true,true,ok_conditional,Exact Beta-Binomial marginal; M0 cell marginals are cross-cell dependent.
pmf,primary,primary_conservative_method_1,M1,beta_2_2,4,CP02-VHF-2020,VHF — 2020,24,24,6,6.09313228533109e-08,22.2857142857143,2.85432793807178,1.00000000000005,true,true,ok_conditional,Exact Beta-Binomial marginal; M0 cell marginals are cross-cell dependent.
pmf,primary,primary_conservative_method_1,M1,beta_2_2,4,CP02-VHF-2020,VHF — 2020,24,24,7,2.63883022282007e-07,22.2857142857143,2.85432793807178,1.00000000000005,true,true,ok_conditional,Exact Beta-Binomial marginal; M0 cell marginals are cross-cell dependent.
pmf,primary,primary_conservative_method_1,M1,beta_2_2,4,CP02-VHF-2020,VHF — 2020,24,24,8,1.028044274307e-06,22.2857142857143,2.85432793807178,1.00000000000005,true,true,ok_conditional,Exact Beta-Binomial marginal; M0 cell marginals are cross-cell dependent.
pmf,primary,primary_conservative_method_1,M1,beta_2_2,4,CP02-VHF-2020,VHF — 2020,24,24,9,3.65526853086933e-06,22.2857142857143,2.85432793807178,1.00000000000005,true,true,ok_conditional,Exact Beta-Binomial marginal; M0 cell marginals are cross-cell dependent.
pmf,primary,primary_conservative_method_1,M1,beta_2_2,4,CP02-VHF-2020,VHF — 2020,24,24,10,1.1993849866915e-05,22.2857142857143,2.85432793807178,1.00000000000005,true,true,ok_conditional,Exact Beta-Binomial marginal; M0 cell marginals are cross-cell dependent.
pmf,primary,primary_conservative_method_1,M1,beta_2_2,4,CP02-VHF-2020,VHF — 2020,24,24,11,3.6635759593486e-05,22.2857142857143,2.85432793807178,1.00000000000005,true,true,ok_conditional,Exact Beta-Binomial marginal; M0 cell marginals are cross-cell dependent.
pmf,primary,primary_conservative_method_1,M1,beta_2_2,4,CP02-VHF-2020,VHF — 2020,24,24,12,0.00010489166883611,22.2857142857143,2.85432793807178,1.00000000000005,true,true,ok_conditional,Exact Beta-Binomial marginal; M0 cell marginals are cross-cell dependent.
pmf,primary,primary_conservative_method_1,M1,beta_2_2,4,CP02-VHF-2020,VHF — 2020,24,24,13,0.000283021307628797,22.2857142857143,2.85432793807178,1.00000000000005,true,true,ok_conditional,Exact Beta-Binomial marginal; M0 cell marginals are cross-cell dependent.
pmf,primary,primary_conservative_method_1,M1,beta_2_2,4,CP02-VHF-2020,VHF — 2020,24,24,14,0.00072271512483782,22.2857142857143,2.85432793807178,1.00000000000005,true,true,ok_conditional,Exact Beta-Binomial marginal; M0 cell marginals are cross-cell dependent.
pmf,primary,primary_conservative_method_1,M1,beta_2_2,4,CP02-VHF-2020,VHF — 2020,24,24,15,0.00175203666627348,22.2857142857143,2.85432793807178,1.00000000000005,true,true,ok_conditional,Exact Beta-Binomial marginal; M0 cell marginals are cross-cell dependent.
pmf,primary,primary_conservative_method_1,M1,beta_2_2,4,CP02-VHF-2020,VHF — 2020,24,24,16,0.00404063456159323,22.2857142857143,2.85432793807178,1.00000000000005,true,true,ok_conditional,Exact Beta-Binomial marginal; M0 cell marginals are cross-cell dependent.
pmf,primary,primary_conservative_method_1,M1,beta_2_2,4,CP02-VHF-2020,VHF — 2020,24,24,17,0.00887355040977345,22.2857142857143,2.85432793807178,1.00000000000005,true,true,ok_conditional,Exact Beta-Binomial marginal; M0 cell marginals are cross-cell dependent.
pmf,primary,primary_conservative_method_1,M1,beta_2_2,4,CP02-VHF-2020,VHF — 2020,24,24,18,0.0185481852315401,22.2857142857143,2.85432793807178,1.00000000000005,true,true,ok_conditional,Exact Beta-Binomial marginal; M0 cell marginals are cross-cell dependent.
pmf,primary,primary_conservative_method_1,M1,beta_2_2,4,CP02-VHF-2020,VHF — 2020,24,24,19,0.0368174503844111,22.2857142857143,2.85432793807178,1.00000000000005,true,true,ok_conditional,Exact Beta-Binomial marginal; M0 cell marginals are cross-cell dependent.
pmf,primary,primary_conservative_method_1,M1,beta_2_2,4,CP02-VHF-2020,VHF — 2020,24,24,20,0.0690327194707699,22.2857142857143,2.85432793807178,1.00000000000005,true,true,ok_conditional,Exact Beta-Binomial marginal; M0 cell marginals are cross-cell dependent.
pmf,primary,primary_conservative_method_1,M1,beta_2_2,4,CP02-VHF-2020,VHF — 2020,24,24,21,0.120971622691637,22.2857142857143,2.85432793807178,1.00000000000005,true,true,ok_conditional,Exact Beta-Binomial marginal; M0 cell marginals are cross-cell dependent.
pmf,primary,primary_conservative_method_1,M1,beta_2_2,4,CP02-VHF-2020,VHF — 2020,24,24,22,0.193829531812732,22.2857142857143,2.85432793807178,1.00000000000005,true,true,ok_conditional,Exact Beta-Binomial marginal; M0 cell marginals are cross-cell dependent.
pmf,primary,primary_conservative_method_1,M1,beta_2_2,4,CP02-VHF-2020,VHF — 2020,24,24,23,0.269675870348149,22.2857142857143,2.85432793807178,1.00000000000005,true,true,ok_conditional,Exact Beta-Binomial marginal; M0 cell marginals are cross-cell dependent.
pmf,primary,primary_conservative_method_1,M1,beta_2_2,4,CP02-VHF-2020,VHF — 2020,24,24,24,0.275294117647075,22.2857142857143,2.85432793807178,1.00000000000005,true,true,ok_conditional,Exact Beta-Binomial marginal; M0 cell marginals are cross-cell dependent.
summary,primary,primary_conservative_method_1,M1,beta_2_2,4,CP02-PTT-2020,PTT — 2020,20,21,,,18.48,3.92344615384615,0.999999999999993,true,true,ok_conditional,Exact Beta-Binomial marginal; M0 cell marginals are cross-cell dependent.
pmf,primary,primary_conservative_method_1,M1,beta_2_2,4,CP02-PTT-2020,PTT — 2020,20,21,0,6.70437413348961e-11,18.48,3.92344615384615,0.999999999999993,true,true,ok_conditional,Exact Beta-Binomial marginal; M0 cell marginals are cross-cell dependent.
pmf,primary,primary_conservative_method_1,M1,beta_2_2,4,CP02-PTT-2020,PTT — 2020,20,21,1,1.34670471724877e-09,18.48,3.92344615384615,0.999999999999993,true,true,ok_conditional,Exact Beta-Binomial marginal; M0 cell marginals are cross-cell dependent.
pmf,primary,primary_conservative_method_1,M1,beta_2_2,4,CP02-PTT-2020,PTT — 2020,20,21,2,1.40791856803281e-08,18.48,3.92344615384615,0.999999999999993,true,true,ok_conditional,Exact Beta-Binomial marginal; M0 cell marginals are cross-cell dependent.
pmf,primary,primary_conservative_method_1,M1,beta_2_2,4,CP02-PTT-2020,PTT — 2020,20,21,3,1.01906486829042e-07,18.48,3.92344615384615,0.999999999999993,true,true,ok_conditional,Exact Beta-Binomial marginal; M0 cell marginals are cross-cell dependent.
pmf,primary,primary_conservative_method_1,M1,beta_2_2,4,CP02-PTT-2020,PTT — 2020,20,21,4,5.7322398841336e-07,18.48,3.92344615384615,0.999999999999993,true,true,ok_conditional,Exact Beta-Binomial marginal; M0 cell marginals are cross-cell dependent.
pmf,primary,primary_conservative_method_1,M1,beta_2_2,4,CP02-PTT-2020,PTT — 2020,20,21,5,2.6670000303022e-06,18.48,3.92344615384615,0.999999999999993,true,true,ok_conditional,Exact Beta-Binomial marginal; M0 cell marginals are cross-cell dependent.
pmf,primary,primary_conservative_method_1,M1,beta_2_2,4,CP02-PTT-2020,PTT — 2020,20,21,6,1.06680001212088e-05,18.48,3.92344615384615,0.999999999999993,true,true,ok_conditional,Exact Beta-Binomial marginal; M0 cell marginals are cross-cell dependent.
pmf,primary,primary_conservative_method_1,M1,beta_2_2,4,CP02-PTT-2020,PTT — 2020,20,21,7,3.76517651336771e-05,18.48,3.92344615384615,0.999999999999993,true,true,ok_conditional,Exact Beta-Binomial marginal; M0 cell marginals are cross-cell dependent.
pmf,primary,primary_conservative_method_1,M1,beta_2_2,4,CP02-PTT-2020,PTT — 2020,20,21,8,0.000119426692533383,18.48,3.92344615384615,0.999999999999993,true,true,ok_conditional,Exact Beta-Binomial marginal; M0 cell marginals are cross-cell dependent.
pmf,primary,primary_conservative_method_1,M1,beta_2_2,4,CP02-PTT-2020,PTT — 2020,20,21,9,0.000345010445096448,18.48,3.92344615384615,0.999999999999993,true,true,ok_conditional,Exact Beta-Binomial marginal; M0 cell marginals are cross-cell dependent.
pmf,primary,primary_conservative_method_1,M1,beta_2_2,4,CP02-PTT-2020,PTT — 2020,20,21,10,0.000916742039827678,18.48,3.92344615384615,0.999999999999993,true,true,ok_conditional,Exact Beta-Binomial marginal; M0 cell marginals are cross-cell dependent.
pmf,primary,primary_conservative_method_1,M1,beta_2_2,4,CP02-PTT-2020,PTT — 2020,20,21,11,0.00225659579034506,18.48,3.92344615384615,0.999999999999993,true,true,ok_conditional,Exact Beta-Binomial marginal; M0 cell marginals are cross-cell dependent.
pmf,primary,primary_conservative_method_1,M1,beta_2_2,4,CP02-PTT-2020,PTT — 2020,20,21,12,0.00517136535287414,18.48,3.92344615384615,0.999999999999993,true,true,ok_conditional,Exact Beta-Binomial marginal; M0 cell marginals are cross-cell dependent.
pmf,primary,primary_conservative_method_1,M1,beta_2_2,4,CP02-PTT-2020,PTT — 2020,20,21,13,0.0110659985872691,18.48,3.92344615384615,0.999999999999993,true,true,ok_conditional,Exact Beta-Binomial marginal; M0 cell marginals are cross-cell dependent.
pmf,primary,primary_conservative_method_1,M1,beta_2_2,4,CP02-PTT-2020,PTT — 2020,20,21,14,0.0221319971745382,18.48,3.92344615384615,0.999999999999993,true,true,ok_conditional,Exact Beta-Binomial marginal; M0 cell marginals are cross-cell dependent.
pmf,primary,primary_conservative_method_1,M1,beta_2_2,4,CP02-PTT-2020,PTT — 2020,20,21,15,0.0413130613924715,18.48,3.92344615384615,0.999999999999993,true,true,ok_conditional,Exact Beta-Binomial marginal; M0 cell marginals are cross-cell dependent.
pmf,primary,primary_conservative_method_1,M1,beta_2_2,4,CP02-PTT-2020,PTT — 2020,20,21,16,0.0716523408525676,18.48,3.92344615384615,0.999999999999993,true,true,ok_conditional,Exact Beta-Binomial marginal; M0 cell marginals are cross-cell dependent.
pmf,primary,primary_conservative_method_1,M1,beta_2_2,4,CP02-PTT-2020,PTT — 2020,20,21,17,0.114402897159562,18.48,3.92344615384615,0.999999999999993,true,true,ok_conditional,Exact Beta-Binomial marginal; M0 cell marginals are cross-cell dependent.
pmf,primary,primary_conservative_method_1,M1,beta_2_2,4,CP02-PTT-2020,PTT — 2020,20,21,18,0.165248629230479,18.48,3.92344615384615,0.999999999999993,true,true,ok_conditional,Exact Beta-Binomial marginal; M0 cell marginals are cross-cell dependent.
pmf,primary,primary_conservative_method_1,M1,beta_2_2,4,CP02-PTT-2020,PTT — 2020,20,21,19,0.208735110606916,18.48,3.92344615384615,0.999999999999993,true,true,ok_conditional,Exact Beta-Binomial marginal; M0 cell marginals are cross-cell dependent.
pmf,primary,primary_conservative_method_1,M1,beta_2_2,4,CP02-PTT-2020,PTT — 2020,20,21,20,0.21395348837209,18.48,3.92344615384615,0.999999999999993,true,true,ok_conditional,Exact Beta-Binomial marginal; M0 cell marginals are cross-cell dependent.
pmf,primary,primary_conservative_method_1,M1,beta_2_2,4,CP02-PTT-2020,PTT — 2020,20,21,21,0.142635658914728,18.48,3.92344615384615,0.999999999999993,true,true,ok_conditional,Exact Beta-Binomial marginal; M0 cell marginals are cross-cell dependent.
summary,primary,primary_conservative_method_1,M1,beta_2_2,4,CP02-VHF-2021,VHF — 2021,15,16,,,13.6,3.49714285714286,1,true,true,ok_conditional,Exact Beta-Binomial marginal; M0 cell marginals are cross-cell dependent.
pmf,primary,primary_conservative_method_1,M1,beta_2_2,4,CP02-VHF-2021,VHF — 2021,15,16,0,3.76853885583392e-08,13.6,3.49714285714286,1,true,true,ok_conditional,Exact Beta-Binomial marginal; M0 cell marginals are cross-cell dependent.
pmf,primary,primary_conservative_method_1,M1,beta_2_2,4,CP02-VHF-2021,VHF — 2021,15,16,1,5.69468093770463e-07,13.6,3.49714285714286,1,true,true,ok_conditional,Exact Beta-Binomial marginal; M0 cell marginals are cross-cell dependent.
pmf,primary,primary_conservative_method_1,M1,beta_2_2,4,CP02-VHF-2021,VHF — 2021,15,16,2,4.5222466270007e-06,13.6,3.49714285714286,1,true,true,ok_conditional,Exact Beta-Binomial marginal; M0 cell marginals are cross-cell dependent.
pmf,primary,primary_conservative_method_1,M1,beta_2_2,4,CP02-VHF-2021,VHF — 2021,15,16,3,2.50607833912956e-05,13.6,3.49714285714286,1,true,true,ok_conditional,Exact Beta-Binomial marginal; M0 cell marginals are cross-cell dependent.
pmf,primary,primary_conservative_method_1,M1,beta_2_2,4,CP02-VHF-2021,VHF — 2021,15,16,4,0.000108596728028948,13.6,3.49714285714286,1,true,true,ok_conditional,Exact Beta-Binomial marginal; M0 cell marginals are cross-cell dependent.
pmf,primary,primary_conservative_method_1,M1,beta_2_2,4,CP02-VHF-2021,VHF — 2021,15,16,5,0.000390948220904212,13.6,3.49714285714286,1,true,true,ok_conditional,Exact Beta-Binomial marginal; M0 cell marginals are cross-cell dependent.
pmf,primary,primary_conservative_method_1,M1,beta_2_2,4,CP02-VHF-2021,VHF — 2021,15,16,6,0.0012129419161387,13.6,3.49714285714286,1,true,true,ok_conditional,Exact Beta-Binomial marginal; M0 cell marginals are cross-cell dependent.
pmf,primary,primary_conservative_method_1,M1,beta_2_2,4,CP02-VHF-2021,VHF — 2021,15,16,7,0.00332115048466555,13.6,3.49714285714286,1,true,true,ok_conditional,Exact Beta-Binomial marginal; M0 cell marginals are cross-cell dependent.
pmf,primary,primary_conservative_method_1,M1,beta_2_2,4,CP02-VHF-2021,VHF — 2021,15,16,8,0.0081519148259971,13.6,3.49714285714286,1,true,true,ok_conditional,Exact Beta-Binomial marginal; M0 cell marginals are cross-cell dependent.
pmf,primary,primary_conservative_method_1,M1,beta_2_2,4,CP02-VHF-2021,VHF — 2021,15,16,9,0.0181153662799936,13.6,3.49714285714286,1,true,true,ok_conditional,Exact Beta-Binomial marginal; M0 cell marginals are cross-cell dependent.
pmf,primary,primary_conservative_method_1,M1,beta_2_2,4,CP02-VHF-2021,VHF — 2021,15,16,10,0.0366332962550985,13.6,3.49714285714286,1,true,true,ok_conditional,Exact Beta-Binomial marginal; M0 cell marginals are cross-cell dependent.
pmf,primary,primary_conservative_method_1,M1,beta_2_2,4,CP02-VHF-2021,VHF — 2021,15,16,11,0.0674385681059768,13.6,3.49714285714286,1,true,true,ok_conditional,Exact Beta-Binomial marginal; M0 cell marginals are cross-cell dependent.
pmf,primary,primary_conservative_method_1,M1,beta_2_2,4,CP02-VHF-2021,VHF — 2021,15,16,12,0.112397613509961,13.6,3.49714285714286,1,true,true,ok_conditional,Exact Beta-Binomial marginal; M0 cell marginals are cross-cell dependent.
pmf,primary,primary_conservative_method_1,M1,beta_2_2,4,CP02-VHF-2021,VHF — 2021,15,16,13,0.167155425219942,13.6,3.49714285714286,1,true,true,ok_conditional,Exact Beta-Binomial marginal; M0 cell marginals are cross-cell dependent.
pmf,primary,primary_conservative_method_1,M1,beta_2_2,4,CP02-VHF-2021,VHF — 2021,15,16,14,0.214914118139927,13.6,3.49714285714286,1,true,true,ok_conditional,Exact Beta-Binomial marginal; M0 cell marginals are cross-cell dependent.
pmf,primary,primary_conservative_method_1,M1,beta_2_2,4,CP02-VHF-2021,VHF — 2021,15,16,15,0.222077922077922,13.6,3.49714285714286,1,true,true,ok_conditional,Exact Beta-Binomial marginal; M0 cell marginals are cross-cell dependent.
pmf,primary,primary_conservative_method_1,M1,beta_2_2,4,CP02-VHF-2021,VHF — 2021,15,16,16,0.148051948051947,13.6,3.49714285714286,1,true,true,ok_conditional,Exact Beta-Binomial marginal; M0 cell marginals are cross-cell dependent.
summary,primary,primary_conservative_method_1,M1,beta_2_2,4,CP02-PTT-2021,PTT — 2021,18,20,,,16.6666666666667,4.88888888888889,1,true,true,ok_conditional,Exact Beta-Binomial marginal; M0 cell marginals are cross-cell dependent.
pmf,primary,primary_conservative_method_1,M1,beta_2_2,4,CP02-PTT-2021,PTT — 2021,18,20,0,1.84370288670965e-09,16.6666666666667,4.88888888888889,1,true,true,ok_conditional,Exact Beta-Binomial marginal; M0 cell marginals are cross-cell dependent.
pmf,primary,primary_conservative_method_1,M1,beta_2_2,4,CP02-PTT-2021,PTT — 2021,18,20,1,3.2064398029733e-08,16.6666666666667,4.88888888888889,1,true,true,ok_conditional,Exact Beta-Binomial marginal; M0 cell marginals are cross-cell dependent.
pmf,primary,primary_conservative_method_1,M1,beta_2_2,4,CP02-PTT-2021,PTT — 2021,18,20,2,2.90765791224168e-07,16.6666666666667,4.88888888888889,1,true,true,ok_conditional,Exact Beta-Binomial marginal; M0 cell marginals are cross-cell dependent.
pmf,primary,primary_conservative_method_1,M1,beta_2_2,4,CP02-PTT-2021,PTT — 2021,18,20,3,1.82767068769478e-06,16.6666666666667,4.88888888888889,1,true,true,ok_conditional,Exact Beta-Binomial marginal; M0 cell marginals are cross-cell dependent.
pmf,primary,primary_conservative_method_1,M1,beta_2_2,4,CP02-PTT-2021,PTT — 2021,18,20,4,8.93274048610829e-06,16.6666666666667,4.88888888888889,1,true,true,ok_conditional,Exact Beta-Binomial marginal; M0 cell marginals are cross-cell dependent.
pmf,primary,primary_conservative_method_1,M1,beta_2_2,4,CP02-PTT-2021,PTT — 2021,18,20,5,3.61070773333216e-05,16.6666666666667,4.88888888888889,1,true,true,ok_conditional,Exact Beta-Binomial marginal; M0 cell marginals are cross-cell dependent.
pmf,primary,primary_conservative_method_1,M1,beta_2_2,4,CP02-PTT-2021,PTT — 2021,18,20,6,0.000125371796296255,16.6666666666667,4.88888888888889,1,true,true,ok_conditional,Exact Beta-Binomial marginal; M0 cell marginals are cross-cell dependent.
pmf,primary,primary_conservative_method_1,M1,beta_2_2,4,CP02-PTT-2021,PTT — 2021,18,20,7,0.000383490200435611,16.6666666666667,4.88888888888889,1,true,true,ok_conditional,Exact Beta-Binomial marginal; M0 cell marginals are cross-cell dependent.
pmf,primary,primary_conservative_method_1,M1,beta_2_2,4,CP02-PTT-2021,PTT — 2021,18,20,8,0.00105160203400701,16.6666666666667,4.88888888888889,1,true,true,ok_conditional,Exact Beta-Binomial marginal; M0 cell marginals are cross-cell dependent.
pmf,primary,primary_conservative_method_1,M1,beta_2_2,4,CP02-PTT-2021,PTT — 2021,18,20,9,0.002617320617973,16.6666666666667,4.88888888888889,1,true,true,ok_conditional,Exact Beta-Binomial marginal; M0 cell marginals are cross-cell dependent.
pmf,primary,primary_conservative_method_1,M1,beta_2_2,4,CP02-PTT-2021,PTT — 2021,18,20,10,0.00596375197952414,16.6666666666667,4.88888888888889,1,true,true,ok_conditional,Exact Beta-Binomial marginal; M0 cell marginals are cross-cell dependent.
pmf,primary,primary_conservative_method_1,M1,beta_2_2,4,CP02-PTT-2021,PTT — 2021,18,20,11,0.0125113677892118,16.6666666666667,4.88888888888889,1,true,true,ok_conditional,Exact Beta-Binomial marginal; M0 cell marginals are cross-cell dependent.
pmf,primary,primary_conservative_method_1,M1,beta_2_2,4,CP02-PTT-2021,PTT — 2021,18,20,12,0.0242407750915975,16.6666666666667,4.88888888888889,1,true,true,ok_conditional,Exact Beta-Binomial marginal; M0 cell marginals are cross-cell dependent.
pmf,primary,primary_conservative_method_1,M1,beta_2_2,4,CP02-PTT-2021,PTT — 2021,18,20,13,0.0433960728912515,16.6666666666667,4.88888888888889,1,true,true,ok_conditional,Exact Beta-Binomial marginal; M0 cell marginals are cross-cell dependent.
pmf,primary,primary_conservative_method_1,M1,beta_2_2,4,CP02-PTT-2021,PTT — 2021,18,20,14,0.0716035202705647,16.6666666666667,4.88888888888889,1,true,true,ok_conditional,Exact Beta-Binomial marginal; M0 cell marginals are cross-cell dependent.
pmf,primary,primary_conservative_method_1,M1,beta_2_2,4,CP02-PTT-2021,PTT — 2021,18,20,15,0.108200875075521,16.6666666666667,4.88888888888889,1,true,true,ok_conditional,Exact Beta-Binomial marginal; M0 cell marginals are cross-cell dependent.
pmf,primary,primary_conservative_method_1,M1,beta_2_2,4,CP02-PTT-2021,PTT — 2021,18,20,16,0.147930883892313,16.6666666666667,4.88888888888889,1,true,true,ok_conditional,Exact Beta-Binomial marginal; M0 cell marginals are cross-cell dependent.
pmf,primary,primary_conservative_method_1,M1,beta_2_2,4,CP02-PTT-2021,PTT — 2021,18,20,17,0.179008800676413,16.6666666666667,4.88888888888889,1,true,true,ok_conditional,Exact Beta-Binomial marginal; M0 cell marginals are cross-cell dependent.
pmf,primary,primary_conservative_method_1,M1,beta_2_2,4,CP02-PTT-2021,PTT — 2021,18,20,18,0.18398126736187,16.6666666666667,4.88888888888889,1,true,true,ok_conditional,Exact Beta-Binomial marginal; M0 cell marginals are cross-cell dependent.
pmf,primary,primary_conservative_method_1,M1,beta_2_2,4,CP02-PTT-2021,PTT — 2021,18,20,19,0.147185013889495,16.6666666666667,4.88888888888889,1,true,true,ok_conditional,Exact Beta-Binomial marginal; M0 cell marginals are cross-cell dependent.
pmf,primary,primary_conservative_method_1,M1,beta_2_2,4,CP02-PTT-2021,PTT — 2021,18,20,20,0.0717526942711287,16.6666666666667,4.88888888888889,1,true,true,ok_conditional,Exact Beta-Binomial marginal; M0 cell marginals are cross-cell dependent.
summary,primary,primary_conservative_method_1,M1,beta_2_2,4,CP02-VHF-2022,VHF — 2022,12,12,,,10.5,2.16176470588235,0.999999999999993,true,true,ok_conditional,Exact Beta-Binomial marginal; M0 cell marginals are cross-cell dependent.
pmf,primary,primary_conservative_method_1,M1,beta_2_2,4,CP02-VHF-2022,VHF — 2022,12,12,0,7.47820104395679e-07,10.5,2.16176470588235,0.999999999999993,true,true,ok_conditional,Exact Beta-Binomial marginal; M0 cell marginals are cross-cell dependent.
pmf,primary,primary_conservative_method_1,M1,beta_2_2,4,CP02-VHF-2022,VHF — 2022,12,12,1,9.6641367337288e-06,10.5,2.16176470588235,0.999999999999993,true,true,ok_conditional,Exact Beta-Binomial marginal; M0 cell marginals are cross-cell dependent.
pmf,primary,primary_conservative_method_1,M1,beta_2_2,4,CP02-VHF-2022,VHF — 2022,12,12,2,6.64409400443857e-05,10.5,2.16176470588235,0.999999999999993,true,true,ok_conditional,Exact Beta-Binomial marginal; M0 cell marginals are cross-cell dependent.
pmf,primary,primary_conservative_method_1,M1,beta_2_2,4,CP02-VHF-2022,VHF — 2022,12,12,3,0.000322137891124294,10.5,2.16176470588235,0.999999999999993,true,true,ok_conditional,Exact Beta-Binomial marginal; M0 cell marginals are cross-cell dependent.
pmf,primary,primary_conservative_method_1,M1,beta_2_2,4,CP02-VHF-2022,VHF — 2022,12,12,4,0.00123217743355043,10.5,2.16176470588235,0.999999999999993,true,true,ok_conditional,Exact Beta-Binomial marginal; M0 cell marginals are cross-cell dependent.
pmf,primary,primary_conservative_method_1,M1,beta_2_2,4,CP02-VHF-2022,VHF — 2022,12,12,5,0.00394296778736134,10.5,2.16176470588235,0.999999999999993,true,true,ok_conditional,Exact Beta-Binomial marginal; M0 cell marginals are cross-cell dependent.
pmf,primary,primary_conservative_method_1,M1,beta_2_2,4,CP02-VHF-2022,VHF — 2022,12,12,6,0.0109253065774804,10.5,2.16176470588235,0.999999999999993,true,true,ok_conditional,Exact Beta-Binomial marginal; M0 cell marginals are cross-cell dependent.
pmf,primary,primary_conservative_method_1,M1,beta_2_2,4,CP02-VHF-2022,VHF — 2022,12,12,7,0.0267558528428091,10.5,2.16176470588235,0.999999999999993,true,true,ok_conditional,Exact Beta-Binomial marginal; M0 cell marginals are cross-cell dependent.
pmf,primary,primary_conservative_method_1,M1,beta_2_2,4,CP02-VHF-2022,VHF — 2022,12,12,8,0.0585284280936451,10.5,2.16176470588235,0.999999999999993,true,true,ok_conditional,Exact Beta-Binomial marginal; M0 cell marginals are cross-cell dependent.
pmf,primary,primary_conservative_method_1,M1,beta_2_2,4,CP02-VHF-2022,VHF — 2022,12,12,9,0.114455592716461,10.5,2.16176470588235,0.999999999999993,true,true,ok_conditional,Exact Beta-Binomial marginal; M0 cell marginals are cross-cell dependent.
pmf,primary,primary_conservative_method_1,M1,beta_2_2,4,CP02-VHF-2022,VHF — 2022,12,12,10,0.197435897435897,10.5,2.16176470588235,0.999999999999993,true,true,ok_conditional,Exact Beta-Binomial marginal; M0 cell marginals are cross-cell dependent.
pmf,primary,primary_conservative_method_1,M1,beta_2_2,4,CP02-VHF-2022,VHF — 2022,12,12,11,0.287179487179485,10.5,2.16176470588235,0.999999999999993,true,true,ok_conditional,Exact Beta-Binomial marginal; M0 cell marginals are cross-cell dependent.
pmf,primary,primary_conservative_method_1,M1,beta_2_2,4,CP02-VHF-2022,VHF — 2022,12,12,12,0.299145299145297,10.5,2.16176470588235,0.999999999999993,true,true,ok_conditional,Exact Beta-Binomial marginal; M0 cell marginals are cross-cell dependent.
summary,primary,primary_conservative_method_1,M1,beta_2_2,4,CP02-PTT-2022,PTT — 2022,24,24,,,22.2857142857143,2.85432793807178,1.00000000000005,true,true,ok_conditional,Exact Beta-Binomial marginal; M0 cell marginals are cross-cell dependent.
pmf,primary,primary_conservative_method_1,M1,beta_2_2,4,CP02-PTT-2022,PTT — 2022,24,24,0,1.08888852527827e-13,22.2857142857143,2.85432793807178,1.00000000000005,true,true,ok_conditional,Exact Beta-Binomial marginal; M0 cell marginals are cross-cell dependent.
pmf,primary,primary_conservative_method_1,M1,beta_2_2,4,CP02-PTT-2022,PTT — 2022,24,24,1,2.71786575909456e-12,22.2857142857143,2.85432793807178,1.00000000000005,true,true,ok_conditional,Exact Beta-Binomial marginal; M0 cell marginals are cross-cell dependent.
pmf,primary,primary_conservative_method_1,M1,beta_2_2,4,CP02-PTT-2022,PTT — 2022,24,24,2,3.51623882582867e-11,22.2857142857143,2.85432793807178,1.00000000000005,true,true,ok_conditional,Exact Beta-Binomial marginal; M0 cell marginals are cross-cell dependent.
pmf,primary,primary_conservative_method_1,M1,beta_2_2,4,CP02-PTT-2022,PTT — 2022,24,24,3,3.13913495175421e-10,22.2857142857143,2.85432793807178,1.00000000000005,true,true,ok_conditional,Exact Beta-Binomial marginal; M0 cell marginals are cross-cell dependent.
pmf,primary,primary_conservative_method_1,M1,beta_2_2,4,CP02-PTT-2022,PTT — 2022,24,24,4,2.17242407456625e-09,22.2857142857143,2.85432793807178,1.00000000000005,true,true,ok_conditional,Exact Beta-Binomial marginal; M0 cell marginals are cross-cell dependent.
pmf,primary,primary_conservative_method_1,M1,beta_2_2,4,CP02-PTT-2022,PTT — 2022,24,24,5,1.24138518546646e-08,22.2857142857143,2.85432793807178,1.00000000000005,true,true,ok_conditional,Exact Beta-Binomial marginal; M0 cell marginals are cross-cell dependent.
pmf,primary,primary_conservative_method_1,M1,beta_2_2,4,CP02-PTT-2022,PTT — 2022,24,24,6,6.09313228533109e-08,22.2857142857143,2.85432793807178,1.00000000000005,true,true,ok_conditional,Exact Beta-Binomial marginal; M0 cell marginals are cross-cell dependent.
pmf,primary,primary_conservative_method_1,M1,beta_2_2,4,CP02-PTT-2022,PTT — 2022,24,24,7,2.63883022282007e-07,22.2857142857143,2.85432793807178,1.00000000000005,true,true,ok_conditional,Exact Beta-Binomial marginal; M0 cell marginals are cross-cell dependent.
pmf,primary,primary_conservative_method_1,M1,beta_2_2,4,CP02-PTT-2022,PTT — 2022,24,24,8,1.028044274307e-06,22.2857142857143,2.85432793807178,1.00000000000005,true,true,ok_conditional,Exact Beta-Binomial marginal; M0 cell marginals are cross-cell dependent.
pmf,primary,primary_conservative_method_1,M1,beta_2_2,4,CP02-PTT-2022,PTT — 2022,24,24,9,3.65526853086933e-06,22.2857142857143,2.85432793807178,1.00000000000005,true,true,ok_conditional,Exact Beta-Binomial marginal; M0 cell marginals are cross-cell dependent.
pmf,primary,primary_conservative_method_1,M1,beta_2_2,4,CP02-PTT-2022,PTT — 2022,24,24,10,1.1993849866915e-05,22.2857142857143,2.85432793807178,1.00000000000005,true,true,ok_conditional,Exact Beta-Binomial marginal; M0 cell marginals are cross-cell dependent.
pmf,primary,primary_conservative_method_1,M1,beta_2_2,4,CP02-PTT-2022,PTT — 2022,24,24,11,3.6635759593486e-05,22.2857142857143,2.85432793807178,1.00000000000005,true,true,ok_conditional,Exact Beta-Binomial marginal; M0 cell marginals are cross-cell dependent.
pmf,primary,primary_conservative_method_1,M1,beta_2_2,4,CP02-PTT-2022,PTT — 2022,24,24,12,0.00010489166883611,22.2857142857143,2.85432793807178,1.00000000000005,true,true,ok_conditional,Exact Beta-Binomial marginal; M0 cell marginals are cross-cell dependent.
pmf,primary,primary_conservative_method_1,M1,beta_2_2,4,CP02-PTT-2022,PTT — 2022,24,24,13,0.000283021307628797,22.2857142857143,2.85432793807178,1.00000000000005,true,true,ok_conditional,Exact Beta-Binomial marginal; M0 cell marginals are cross-cell dependent.
pmf,primary,primary_conservative_method_1,M1,beta_2_2,4,CP02-PTT-2022,PTT — 2022,24,24,14,0.00072271512483782,22.2857142857143,2.85432793807178,1.00000000000005,true,true,ok_conditional,Exact Beta-Binomial marginal; M0 cell marginals are cross-cell dependent.
pmf,primary,primary_conservative_method_1,M1,beta_2_2,4,CP02-PTT-2022,PTT — 2022,24,24,15,0.00175203666627348,22.2857142857143,2.85432793807178,1.00000000000005,true,true,ok_conditional,Exact Beta-Binomial marginal; M0 cell marginals are cross-cell dependent.
pmf,primary,primary_conservative_method_1,M1,beta_2_2,4,CP02-PTT-2022,PTT — 2022,24,24,16,0.00404063456159323,22.2857142857143,2.85432793807178,1.00000000000005,true,true,ok_conditional,Exact Beta-Binomial marginal; M0 cell marginals are cross-cell dependent.
pmf,primary,primary_conservative_method_1,M1,beta_2_2,4,CP02-PTT-2022,PTT — 2022,24,24,17,0.00887355040977345,22.2857142857143,2.85432793807178,1.00000000000005,true,true,ok_conditional,Exact Beta-Binomial marginal; M0 cell marginals are cross-cell dependent.
pmf,primary,primary_conservative_method_1,M1,beta_2_2,4,CP02-PTT-2022,PTT — 2022,24,24,18,0.0185481852315401,22.2857142857143,2.85432793807178,1.00000000000005,true,true,ok_conditional,Exact Beta-Binomial marginal; M0 cell marginals are cross-cell dependent.
pmf,primary,primary_conservative_method_1,M1,beta_2_2,4,CP02-PTT-2022,PTT — 2022,24,24,19,0.0368174503844111,22.2857142857143,2.85432793807178,1.00000000000005,true,true,ok_conditional,Exact Beta-Binomial marginal; M0 cell marginals are cross-cell dependent.
pmf,primary,primary_conservative_method_1,M1,beta_2_2,4,CP02-PTT-2022,PTT — 2022,24,24,20,0.0690327194707699,22.2857142857143,2.85432793807178,1.00000000000005,true,true,ok_conditional,Exact Beta-Binomial marginal; M0 cell marginals are cross-cell dependent.
pmf,primary,primary_conservative_method_1,M1,beta_2_2,4,CP02-PTT-2022,PTT — 2022,24,24,21,0.120971622691637,22.2857142857143,2.85432793807178,1.00000000000005,true,true,ok_conditional,Exact Beta-Binomial marginal; M0 cell marginals are cross-cell dependent.
pmf,primary,primary_conservative_method_1,M1,beta_2_2,4,CP02-PTT-2022,PTT — 2022,24,24,22,0.193829531812732,22.2857142857143,2.85432793807178,1.00000000000005,true,true,ok_conditional,Exact Beta-Binomial marginal; M0 cell marginals are cross-cell dependent.
pmf,primary,primary_conservative_method_1,M1,beta_2_2,4,CP02-PTT-2022,PTT — 2022,24,24,23,0.269675870348149,22.2857142857143,2.85432793807178,1.00000000000005,true,true,ok_conditional,Exact Beta-Binomial marginal; M0 cell marginals are cross-cell dependent.
pmf,primary,primary_conservative_method_1,M1,beta_2_2,4,CP02-PTT-2022,PTT — 2022,24,24,24,0.275294117647075,22.2857142857143,2.85432793807178,1.00000000000005,true,true,ok_conditional,Exact Beta-Binomial marginal; M0 cell marginals are cross-cell dependent.
summary,secondary_liberal,secondary_liberal_method_2,M0,beta_2_2,4,CP02-VHF-2015,VHF — 2015,15,15,,,13.1850533807829,1.67454603902223,1.0000000000001,true,true,ok_conditional,Exact Beta-Binomial marginal; M0 cell marginals are cross-cell dependent.
pmf,secondary_liberal,secondary_liberal_method_2,M0,beta_2_2,4,CP02-VHF-2015,VHF — 2015,15,15,0,1.84106436439163e-13,13.1850533807829,1.67454603902223,1.0000000000001,true,true,ok_conditional,Exact Beta-Binomial marginal; M0 cell marginals are cross-cell dependent.
pmf,secondary_liberal,secondary_liberal_method_2,M0,beta_2_2,4,CP02-VHF-2015,VHF — 2015,15,15,1,1.42107155626476e-11,13.1850533807829,1.67454603902223,1.0000000000001,true,true,ok_conditional,Exact Beta-Binomial marginal; M0 cell marginals are cross-cell dependent.
pmf,secondary_liberal,secondary_liberal_method_2,M0,beta_2_2,4,CP02-VHF-2015,VHF — 2015,15,15,2,5.24889408867155e-10,13.1850533807829,1.67454603902223,1.0000000000001,true,true,ok_conditional,Exact Beta-Binomial marginal; M0 cell marginals are cross-cell dependent.
pmf,secondary_liberal,secondary_liberal_method_2,M0,beta_2_2,4,CP02-VHF-2015,VHF — 2015,15,15,3,1.23120798297345e-08,13.1850533807829,1.67454603902223,1.0000000000001,true,true,ok_conditional,Exact Beta-Binomial marginal; M0 cell marginals are cross-cell dependent.
pmf,secondary_liberal,secondary_liberal_method_2,M0,beta_2_2,4,CP02-VHF-2015,VHF — 2015,15,15,4,2.05201330495559e-07,13.1850533807829,1.67454603902223,1.0000000000001,true,true,ok_conditional,Exact Beta-Binomial marginal; M0 cell marginals are cross-cell dependent.
pmf,secondary_liberal,secondary_liberal_method_2,M0,beta_2_2,4,CP02-VHF-2015,VHF — 2015,15,15,5,2.57527669771881e-06,13.1850533807829,1.67454603902223,1.0000000000001,true,true,ok_conditional,Exact Beta-Binomial marginal; M0 cell marginals are cross-cell dependent.
pmf,secondary_liberal,secondary_liberal_method_2,M0,beta_2_2,4,CP02-VHF-2015,VHF — 2015,15,15,6,2.51538654195817e-05,13.1850533807829,1.67454603902223,1.0000000000001,true,true,ok_conditional,Exact Beta-Binomial marginal; M0 cell marginals are cross-cell dependent.
pmf,secondary_liberal,secondary_liberal_method_2,M0,beta_2_2,4,CP02-VHF-2015,VHF — 2015,15,15,7,0.000194814120953698,13.1850533807829,1.67454603902223,1.0000000000001,true,true,ok_conditional,Exact Beta-Binomial marginal; M0 cell marginals are cross-cell dependent.
pmf,secondary_liberal,secondary_liberal_method_2,M0,beta_2_2,4,CP02-VHF-2015,VHF — 2015,15,15,8,0.00120689723712797,13.1850533807829,1.67454603902223,1.0000000000001,true,true,ok_conditional,Exact Beta-Binomial marginal; M0 cell marginals are cross-cell dependent.
pmf,secondary_liberal,secondary_liberal_method_2,M0,beta_2_2,4,CP02-VHF-2015,VHF — 2015,15,15,9,0.00598419880075845,13.1850533807829,1.67454603902223,1.0000000000001,true,true,ok_conditional,Exact Beta-Binomial marginal; M0 cell marginals are cross-cell dependent.
pmf,secondary_liberal,secondary_liberal_method_2,M0,beta_2_2,4,CP02-VHF-2015,VHF — 2015,15,15,10,0.0235685368152946,13.1850533807829,1.67454603902223,1.0000000000001,true,true,ok_conditional,Exact Beta-Binomial marginal; M0 cell marginals are cross-cell dependent.
pmf,secondary_liberal,secondary_liberal_method_2,M0,beta_2_2,4,CP02-VHF-2015,VHF — 2015,15,15,11,0.0724535162862493,13.1850533807829,1.67454603902223,1.0000000000001,true,true,ok_conditional,Exact Beta-Binomial marginal; M0 cell marginals are cross-cell dependent.
pmf,secondary_liberal,secondary_liberal_method_2,M0,beta_2_2,4,CP02-VHF-2015,VHF — 2015,15,15,12,0.168405470287028,13.1850533807829,1.67454603902223,1.0000000000001,true,true,ok_conditional,Exact Beta-Binomial marginal; M0 cell marginals are cross-cell dependent.
pmf,secondary_liberal,secondary_liberal_method_2,M0,beta_2_2,4,CP02-VHF-2015,VHF — 2015,15,15,13,0.279596261566253,13.1850533807829,1.67454603902223,1.0000000000001,true,true,ok_conditional,Exact Beta-Binomial marginal; M0 cell marginals are cross-cell dependent.
pmf,secondary_liberal,secondary_liberal_method_2,M0,beta_2_2,4,CP02-VHF-2015,VHF — 2015,15,15,14,0.296714400029491,13.1850533807829,1.67454603902223,1.0000000000001,true,true,ok_conditional,Exact Beta-Binomial marginal; M0 cell marginals are cross-cell dependent.
pmf,secondary_liberal,secondary_liberal_method_2,M0,beta_2_2,4,CP02-VHF-2015,VHF — 2015,15,15,15,0.15184795766213,13.1850533807829,1.67454603902223,1.0000000000001,true,true,ok_conditional,Exact Beta-Binomial marginal; M0 cell marginals are cross-cell dependent.
summary,secondary_liberal,secondary_liberal_method_2,M0,beta_2_2,4,CP02-VHF-2016,VHF — 2016,32,32,,,28.1281138790036,3.77753448802852,0.999999999999866,true,true,ok_conditional,Exact Beta-Binomial marginal; M0 cell marginals are cross-cell dependent.
pmf,secondary_liberal,secondary_liberal_method_2,M0,beta_2_2,4,CP02-VHF-2016,VHF — 2016,32,32,0,7.57876438374788e-26,28.1281138790036,3.77753448802852,0.999999999999866,true,true,ok_conditional,Exact Beta-Binomial marginal; M0 cell marginals are cross-cell dependent.
pmf,secondary_liberal,secondary_liberal_method_2,M0,beta_2_2,4,CP02-VHF-2016,VHF — 2016,32,32,1,9.215777490639e-24,28.1281138790036,3.77753448802852,0.999999999999866,true,true,ok_conditional,Exact Beta-Binomial marginal; M0 cell marginals are cross-cell dependent.
pmf,secondary_liberal,secondary_liberal_method_2,M0,beta_2_2,4,CP02-VHF-2016,VHF — 2016,32,32,2,5.53522635531362e-22,28.1281138790036,3.77753448802852,0.999999999999866,true,true,ok_conditional,Exact Beta-Binomial marginal; M0 cell marginals are cross-cell dependent.
pmf,secondary_liberal,secondary_liberal_method_2,M0,beta_2_2,4,CP02-VHF-2016,VHF — 2016,32,32,3,2.18773232138638e-20,28.1281138790036,3.77753448802852,0.999999999999866,true,true,ok_conditional,Exact Beta-Binomial marginal; M0 cell marginals are cross-cell dependent.
pmf,secondary_liberal,secondary_liberal_method_2,M0,beta_2_2,4,CP02-VHF-2016,VHF — 2016,32,32,4,6.39558843953636e-19,28.1281138790036,3.77753448802852,0.999999999999866,true,true,ok_conditional,Exact Beta-Binomial marginal; M0 cell marginals are cross-cell dependent.
pmf,secondary_liberal,secondary_liberal_method_2,M0,beta_2_2,4,CP02-VHF-2016,VHF — 2016,32,32,5,1.47371132960829e-17,28.1281138790036,3.77753448802852,0.999999999999866,true,true,ok_conditional,Exact Beta-Binomial marginal; M0 cell marginals are cross-cell dependent.
pmf,secondary_liberal,secondary_liberal_method_2,M0,beta_2_2,4,CP02-VHF-2016,VHF — 2016,32,32,6,2.78531441295962e-16,28.1281138790036,3.77753448802852,0.999999999999866,true,true,ok_conditional,Exact Beta-Binomial marginal; M0 cell marginals are cross-cell dependent.
pmf,secondary_liberal,secondary_liberal_method_2,M0,beta_2_2,4,CP02-VHF-2016,VHF — 2016,32,32,7,4.43627075265186e-15,28.1281138790036,3.77753448802852,0.999999999999866,true,true,ok_conditional,Exact Beta-Binomial marginal; M0 cell marginals are cross-cell dependent.
pmf,secondary_liberal,secondary_liberal_method_2,M0,beta_2_2,4,CP02-VHF-2016,VHF — 2016,32,32,8,6.07118949985872e-14,28.1281138790036,3.77753448802852,0.999999999999866,true,true,ok_conditional,Exact Beta-Binomial marginal; M0 cell marginals are cross-cell dependent.
pmf,secondary_liberal,secondary_liberal_method_2,M0,beta_2_2,4,CP02-VHF-2016,VHF — 2016,32,32,9,7.24282256123408e-13,28.1281138790036,3.77753448802852,0.999999999999866,true,true,ok_conditional,Exact Beta-Binomial marginal; M0 cell marginals are cross-cell dependent.
pmf,secondary_liberal,secondary_liberal_method_2,M0,beta_2_2,4,CP02-VHF-2016,VHF — 2016,32,32,10,7.61531057866802e-12,28.1281138790036,3.77753448802852,0.999999999999866,true,true,ok_conditional,Exact Beta-Binomial marginal; M0 cell marginals are cross-cell dependent.
pmf,secondary_liberal,secondary_liberal_method_2,M0,beta_2_2,4,CP02-VHF-2016,VHF — 2016,32,32,11,7.11685388624593e-11,28.1281138790036,3.77753448802852,0.999999999999866,true,true,ok_conditional,Exact Beta-Binomial marginal; M0 cell marginals are cross-cell dependent.
pmf,secondary_liberal,secondary_liberal_method_2,M0,beta_2_2,4,CP02-VHF-2016,VHF — 2016,32,32,12,5.95048061044648e-10,28.1281138790036,3.77753448802852,0.999999999999866,true,true,ok_conditional,Exact Beta-Binomial marginal; M0 cell marginals are cross-cell dependent.
pmf,secondary_liberal,secondary_liberal_method_2,M0,beta_2_2,4,CP02-VHF-2016,VHF — 2016,32,32,13,4.47365595966696e-09,28.1281138790036,3.77753448802852,0.999999999999866,true,true,ok_conditional,Exact Beta-Binomial marginal; M0 cell marginals are cross-cell dependent.
pmf,secondary_liberal,secondary_liberal_method_2,M0,beta_2_2,4,CP02-VHF-2016,VHF — 2016,32,32,14,3.03569511548803e-08,28.1281138790036,3.77753448802852,0.999999999999866,true,true,ok_conditional,Exact Beta-Binomial marginal; M0 cell marginals are cross-cell dependent.
pmf,secondary_liberal,secondary_liberal_method_2,M0,beta_2_2,4,CP02-VHF-2016,VHF — 2016,32,32,15,1.86427394151143e-07,28.1281138790036,3.77753448802852,0.999999999999866,true,true,ok_conditional,Exact Beta-Binomial marginal; M0 cell marginals are cross-cell dependent.
pmf,secondary_liberal,secondary_liberal_method_2,M0,beta_2_2,4,CP02-VHF-2016,VHF — 2016,32,32,16,1.03793451693655e-06,28.1281138790036,3.77753448802852,0.999999999999866,true,true,ok_conditional,Exact Beta-Binomial marginal; M0 cell marginals are cross-cell dependent.
pmf,secondary_liberal,secondary_liberal_method_2,M0,beta_2_2,4,CP02-VHF-2016,VHF — 2016,32,32,17,5.24325143729848e-06,28.1281138790036,3.77753448802852,0.999999999999866,true,true,ok_conditional,Exact Beta-Binomial marginal; M0 cell marginals are cross-cell dependent.
pmf,secondary_liberal,secondary_liberal_method_2,M0,beta_2_2,4,CP02-VHF-2016,VHF — 2016,32,32,18,2.40315690876104e-05,28.1281138790036,3.77753448802852,0.999999999999866,true,true,ok_conditional,Exact Beta-Binomial marginal; M0 cell marginals are cross-cell dependent.
pmf,secondary_liberal,secondary_liberal_method_2,M0,beta_2_2,4,CP02-VHF-2016,VHF — 2016,32,32,19,9.98400014726198e-05,28.1281138790036,3.77753448802852,0.999999999999866,true,true,ok_conditional,Exact Beta-Binomial marginal; M0 cell marginals are cross-cell dependent.
pmf,secondary_liberal,secondary_liberal_method_2,M0,beta_2_2,4,CP02-VHF-2016,VHF — 2016,32,32,20,0.000375268179448156,28.1281138790036,3.77753448802852,0.999999999999866,true,true,ok_conditional,Exact Beta-Binomial marginal; M0 cell marginals are cross-cell dependent.
pmf,secondary_liberal,secondary_liberal_method_2,M0,beta_2_2,4,CP02-VHF-2016,VHF — 2016,32,32,21,0.00127233782746265,28.1281138790036,3.77753448802852,0.999999999999866,true,true,ok_conditional,Exact Beta-Binomial marginal; M0 cell marginals are cross-cell dependent.
pmf,secondary_liberal,secondary_liberal_method_2,M0,beta_2_2,4,CP02-VHF-2016,VHF — 2016,32,32,22,0.00387484701999941,28.1281138790036,3.77753448802852,0.999999999999866,true,true,ok_conditional,Exact Beta-Binomial marginal; M0 cell marginals are cross-cell dependent.
pmf,secondary_liberal,secondary_liberal_method_2,M0,beta_2_2,4,CP02-VHF-2016,VHF — 2016,32,32,23,0.0105392704588441,28.1281138790036,3.77753448802852,0.999999999999866,true,true,ok_conditional,Exact Beta-Binomial marginal; M0 cell marginals are cross-cell dependent.
pmf,secondary_liberal,secondary_liberal_method_2,M0,beta_2_2,4,CP02-VHF-2016,VHF — 2016,32,32,24,0.0254071698561465,28.1281138790036,3.77753448802852,0.999999999999866,true,true,ok_conditional,Exact Beta-Binomial marginal; M0 cell marginals are cross-cell dependent.
pmf,secondary_liberal,secondary_liberal_method_2,M0,beta_2_2,4,CP02-VHF-2016,VHF — 2016,32,32,25,0.0537392626810875,28.1281138790036,3.77753448802852,0.999999999999866,true,true,ok_conditional,Exact Beta-Binomial marginal; M0 cell marginals are cross-cell dependent.
pmf,secondary_liberal,secondary_liberal_method_2,M0,beta_2_2,4,CP02-VHF-2016,VHF — 2016,32,32,26,0.098384188600766,28.1281138790036,3.77753448802852,0.999999999999866,true,true,ok_conditional,Exact Beta-Binomial marginal; M0 cell marginals are cross-cell dependent.
pmf,secondary_liberal,secondary_liberal_method_2,M0,beta_2_2,4,CP02-VHF-2016,VHF — 2016,32,32,27,0.15304207115676,28.1281138790036,3.77753448802852,0.999999999999866,true,true,ok_conditional,Exact Beta-Binomial marginal; M0 cell marginals are cross-cell dependent.
pmf,secondary_liberal,secondary_liberal_method_2,M0,beta_2_2,4,CP02-VHF-2016,VHF — 2016,32,32,28,0.197056050267591,28.1281138790036,3.77753448802852,0.999999999999866,true,true,ok_conditional,Exact Beta-Binomial marginal; M0 cell marginals are cross-cell dependent.
pmf,secondary_liberal,secondary_liberal_method_2,M0,beta_2_2,4,CP02-VHF-2016,VHF — 2016,32,32,29,0.202014590209116,28.1281138790036,3.77753448802852,0.999999999999866,true,true,ok_conditional,Exact Beta-Binomial marginal; M0 cell marginals are cross-cell dependent.
pmf,secondary_liberal,secondary_liberal_method_2,M0,beta_2_2,4,CP02-VHF-2016,VHF — 2016,32,32,30,0.15487785249368,28.1281138790036,3.77753448802852,0.999999999999866,true,true,ok_conditional,Exact Beta-Binomial marginal; M0 cell marginals are cross-cell dependent.
pmf,secondary_liberal,secondary_liberal_method_2,M0,beta_2_2,4,CP02-VHF-2016,VHF — 2016,32,32,31,0.0790804887387249,28.1281138790036,3.77753448802852,0.999999999999866,true,true,ok_conditional,Exact Beta-Binomial marginal; M0 cell marginals are cross-cell dependent.
pmf,secondary_liberal,secondary_liberal_method_2,M0,beta_2_2,4,CP02-VHF-2016,VHF — 2016,32,32,32,0.020206227821102,28.1281138790036,3.77753448802852,0.999999999999866,true,true,ok_conditional,Exact Beta-Binomial marginal; M0 cell marginals are cross-cell dependent.
summary,secondary_liberal,secondary_liberal_method_2,M0,beta_2_2,4,CP02-VHF-2017,VHF — 2017,19,22,,,19.3380782918149,2.51408195858607,0.999999999999975,true,true,ok_conditional,Exact Beta-Binomial marginal; M0 cell marginals are cross-cell dependent.
pmf,secondary_liberal,secondary_liberal_method_2,M0,beta_2_2,4,CP02-VHF-2017,VHF — 2017,19,22,0,8.81476196111695e-19,19.3380782918149,2.51408195858607,0.999999999999975,true,true,ok_conditional,Exact Beta-Binomial marginal; M0 cell marginals are cross-cell dependent.
pmf,secondary_liberal,secondary_liberal_method_2,M0,beta_2_2,4,CP02-VHF-2017,VHF — 2017,19,22,1,8.70898481758392e-17,19.3380782918149,2.51408195858607,0.999999999999975,true,true,ok_conditional,Exact Beta-Binomial marginal; M0 cell marginals are cross-cell dependent.
pmf,secondary_liberal,secondary_liberal_method_2,M0,beta_2_2,4,CP02-VHF-2017,VHF — 2017,19,22,2,4.19966601203505e-15,19.3380782918149,2.51408195858607,0.999999999999975,true,true,ok_conditional,Exact Beta-Binomial marginal; M0 cell marginals are cross-cell dependent.
pmf,secondary_liberal,secondary_liberal_method_2,M0,beta_2_2,4,CP02-VHF-2017,VHF — 2017,19,22,3,1.31536709056193e-13,19.3380782918149,2.51408195858607,0.999999999999975,true,true,ok_conditional,Exact Beta-Binomial marginal; M0 cell marginals are cross-cell dependent.
pmf,secondary_liberal,secondary_liberal_method_2,M0,beta_2_2,4,CP02-VHF-2017,VHF — 2017,19,22,4,3.00384311546563e-12,19.3380782918149,2.51408195858607,0.999999999999975,true,true,ok_conditional,Exact Beta-Binomial marginal; M0 cell marginals are cross-cell dependent.
pmf,secondary_liberal,secondary_liberal_method_2,M0,beta_2_2,4,CP02-VHF-2017,VHF — 2017,19,22,5,5.32210321398912e-11,19.3380782918149,2.51408195858607,0.999999999999975,true,true,ok_conditional,Exact Beta-Binomial marginal; M0 cell marginals are cross-cell dependent.
pmf,secondary_liberal,secondary_liberal_method_2,M0,beta_2_2,4,CP02-VHF-2017,VHF — 2017,19,22,6,7.59996338957703e-10,19.3380782918149,2.51408195858607,0.999999999999975,true,true,ok_conditional,Exact Beta-Binomial marginal; M0 cell marginals are cross-cell dependent.
pmf,secondary_liberal,secondary_liberal_method_2,M0,beta_2_2,4,CP02-VHF-2017,VHF — 2017,19,22,7,8.96928623936199e-09,19.3380782918149,2.51408195858607,0.999999999999975,true,true,ok_conditional,Exact Beta-Binomial marginal; M0 cell marginals are cross-cell dependent.
pmf,secondary_liberal,secondary_liberal_method_2,M0,beta_2_2,4,CP02-VHF-2017,VHF — 2017,19,22,8,8.89921369061739e-08,19.3380782918149,2.51408195858607,0.999999999999975,true,true,ok_conditional,Exact Beta-Binomial marginal; M0 cell marginals are cross-cell dependent.
pmf,secondary_liberal,secondary_liberal_method_2,M0,beta_2_2,4,CP02-VHF-2017,VHF — 2017,19,22,9,7.51068389491758e-07,19.3380782918149,2.51408195858607,0.999999999999975,true,true,ok_conditional,Exact Beta-Binomial marginal; M0 cell marginals are cross-cell dependent.
pmf,secondary_liberal,secondary_liberal_method_2,M0,beta_2_2,4,CP02-VHF-2017,VHF — 2017,19,22,10,5.4338165222363e-06,19.3380782918149,2.51408195858607,0.999999999999975,true,true,ok_conditional,Exact Beta-Binomial marginal; M0 cell marginals are cross-cell dependent.
pmf,secondary_liberal,secondary_liberal_method_2,M0,beta_2_2,4,CP02-VHF-2017,VHF — 2017,19,22,11,3.38543235445974e-05,19.3380782918149,2.51408195858607,0.999999999999975,true,true,ok_conditional,Exact Beta-Binomial marginal; M0 cell marginals are cross-cell dependent.
pmf,secondary_liberal,secondary_liberal_method_2,M0,beta_2_2,4,CP02-VHF-2017,VHF — 2017,19,22,12,0.000181966989052258,19.3380782918149,2.51408195858607,0.999999999999975,true,true,ok_conditional,Exact Beta-Binomial marginal; M0 cell marginals are cross-cell dependent.
pmf,secondary_liberal,secondary_liberal_method_2,M0,beta_2_2,4,CP02-VHF-2017,VHF — 2017,19,22,13,0.00084310286519733,19.3380782918149,2.51408195858607,0.999999999999975,true,true,ok_conditional,Exact Beta-Binomial marginal; M0 cell marginals are cross-cell dependent.
pmf,secondary_liberal,secondary_liberal_method_2,M0,beta_2_2,4,CP02-VHF-2017,VHF — 2017,19,22,14,0.0033552052798666,19.3380782918149,2.51408195858607,0.999999999999975,true,true,ok_conditional,Exact Beta-Binomial marginal; M0 cell marginals are cross-cell dependent.
pmf,secondary_liberal,secondary_liberal_method_2,M0,beta_2_2,4,CP02-VHF-2017,VHF — 2017,19,22,15,0.0113913310965217,19.3380782918149,2.51408195858607,0.999999999999975,true,true,ok_conditional,Exact Beta-Binomial marginal; M0 cell marginals are cross-cell dependent.
pmf,secondary_liberal,secondary_liberal_method_2,M0,beta_2_2,4,CP02-VHF-2017,VHF — 2017,19,22,16,0.0326432831734729,19.3380782918149,2.51408195858607,0.999999999999975,true,true,ok_conditional,Exact Beta-Binomial marginal; M0 cell marginals are cross-cell dependent.
pmf,secondary_liberal,secondary_liberal_method_2,M0,beta_2_2,4,CP02-VHF-2017,VHF — 2017,19,22,17,0.0776939680961462,19.3380782918149,2.51408195858607,0.999999999999975,true,true,ok_conditional,Exact Beta-Binomial marginal; M0 cell marginals are cross-cell dependent.
pmf,secondary_liberal,secondary_liberal_method_2,M0,beta_2_2,4,CP02-VHF-2017,VHF — 2017,19,22,18,0.1499357279048,19.3380782918149,2.51408195858607,0.999999999999975,true,true,ok_conditional,Exact Beta-Binomial marginal; M0 cell marginals are cross-cell dependent.
pmf,secondary_liberal,secondary_liberal_method_2,M0,beta_2_2,4,CP02-VHF-2017,VHF — 2017,19,22,19,0.226076630980221,19.3380782918149,2.51408195858607,0.999999999999975,true,true,ok_conditional,Exact Beta-Binomial marginal; M0 cell marginals are cross-cell dependent.
pmf,secondary_liberal,secondary_liberal_method_2,M0,beta_2_2,4,CP02-VHF-2017,VHF — 2017,19,22,20,0.250568266003114,19.3380782918149,2.51408195858607,0.999999999999975,true,true,ok_conditional,Exact Beta-Binomial marginal; M0 cell marginals are cross-cell dependent.
pmf,secondary_liberal,secondary_liberal_method_2,M0,beta_2_2,4,CP02-VHF-2017,VHF — 2017,19,22,21,0.182045515708432,19.3380782918149,2.51408195858607,0.999999999999975,true,true,ok_conditional,Exact Beta-Binomial marginal; M0 cell marginals are cross-cell dependent.
pmf,secondary_liberal,secondary_liberal_method_2,M0,beta_2_2,4,CP02-VHF-2017,VHF — 2017,19,22,22,0.0652248639169149,19.3380782918149,2.51408195858607,0.999999999999975,true,true,ok_conditional,Exact Beta-Binomial marginal; M0 cell marginals are cross-cell dependent.
summary,secondary_liberal,secondary_liberal_method_2,M0,beta_2_2,4,CP02-VHF-2018,VHF — 2018,25,27,,,23.7330960854093,3.13637947308758,0.999999999999965,true,true,ok_conditional,Exact Beta-Binomial marginal; M0 cell marginals are cross-cell dependent.
pmf,secondary_liberal,secondary_liberal_method_2,M0,beta_2_2,4,CP02-VHF-2018,VHF — 2018,25,27,0,2.18891488077933e-22,23.7330960854093,3.13637947308758,0.999999999999965,true,true,ok_conditional,Exact Beta-Binomial marginal; M0 cell marginals are cross-cell dependent.
pmf,secondary_liberal,secondary_liberal_method_2,M0,beta_2_2,4,CP02-VHF-2018,VHF — 2018,25,27,1,2.4329788899861e-20,23.7330960854093,3.13637947308758,0.999999999999965,true,true,ok_conditional,Exact Beta-Binomial marginal; M0 cell marginals are cross-cell dependent.
pmf,secondary_liberal,secondary_liberal_method_2,M0,beta_2_2,4,CP02-VHF-2018,VHF — 2018,25,27,2,1.32947863412126e-18,23.7330960854093,3.13637947308758,0.999999999999965,true,true,ok_conditional,Exact Beta-Binomial marginal; M0 cell marginals are cross-cell dependent.
pmf,secondary_liberal,secondary_liberal_method_2,M0,beta_2_2,4,CP02-VHF-2018,VHF — 2018,25,27,3,4.75632442379693e-17,23.7330960854093,3.13637947308758,0.999999999999965,true,true,ok_conditional,Exact Beta-Binomial marginal; M0 cell marginals are cross-cell dependent.
pmf,secondary_liberal,secondary_liberal_method_2,M0,beta_2_2,4,CP02-VHF-2018,VHF — 2018,25,27,4,1.2516643220516e-15,23.7330960854093,3.13637947308758,0.999999999999965,true,true,ok_conditional,Exact Beta-Binomial marginal; M0 cell marginals are cross-cell dependent.
pmf,secondary_liberal,secondary_liberal_method_2,M0,beta_2_2,4,CP02-VHF-2018,VHF — 2018,25,27,5,2.5806636182868e-14,23.7330960854093,3.13637947308758,0.999999999999965,true,true,ok_conditional,Exact Beta-Binomial marginal; M0 cell marginals are cross-cell dependent.
pmf,secondary_liberal,secondary_liberal_method_2,M0,beta_2_2,4,CP02-VHF-2018,VHF — 2018,25,27,6,4.33551487872217e-13,23.7330960854093,3.13637947308758,0.999999999999965,true,true,ok_conditional,Exact Beta-Binomial marginal; M0 cell marginals are cross-cell dependent.
pmf,secondary_liberal,secondary_liberal_method_2,M0,beta_2_2,4,CP02-VHF-2018,VHF — 2018,25,27,7,6.09380702398296e-12,23.7330960854093,3.13637947308758,0.999999999999965,true,true,ok_conditional,Exact Beta-Binomial marginal; M0 cell marginals are cross-cell dependent.
pmf,secondary_liberal,secondary_liberal_method_2,M0,beta_2_2,4,CP02-VHF-2018,VHF — 2018,25,27,8,7.30107067967743e-11,23.7330960854093,3.13637947308758,0.999999999999965,true,true,ok_conditional,Exact Beta-Binomial marginal; M0 cell marginals are cross-cell dependent.
pmf,secondary_liberal,secondary_liberal_method_2,M0,beta_2_2,4,CP02-VHF-2018,VHF — 2018,25,27,9,7.55848022287091e-10,23.7330960854093,3.13637947308758,0.999999999999965,true,true,ok_conditional,Exact Beta-Binomial marginal; M0 cell marginals are cross-cell dependent.
pmf,secondary_liberal,secondary_liberal_method_2,M0,beta_2_2,4,CP02-VHF-2018,VHF — 2018,25,27,10,6.82930918960508e-09,23.7330960854093,3.13637947308758,0.999999999999965,true,true,ok_conditional,Exact Beta-Binomial marginal; M0 cell marginals are cross-cell dependent.
pmf,secondary_liberal,secondary_liberal_method_2,M0,beta_2_2,4,CP02-VHF-2018,VHF — 2018,25,27,11,5.42495488170598e-08,23.7330960854093,3.13637947308758,0.999999999999965,true,true,ok_conditional,Exact Beta-Binomial marginal; M0 cell marginals are cross-cell dependent.
pmf,secondary_liberal,secondary_liberal_method_2,M0,beta_2_2,4,CP02-VHF-2018,VHF — 2018,25,27,12,3.80853975368842e-07,23.7330960854093,3.13637947308758,0.999999999999965,true,true,ok_conditional,Exact Beta-Binomial marginal; M0 cell marginals are cross-cell dependent.
pmf,secondary_liberal,secondary_liberal_method_2,M0,beta_2_2,4,CP02-VHF-2018,VHF — 2018,25,27,13,2.37118220241621e-06,23.7330960854093,3.13637947308758,0.999999999999965,true,true,ok_conditional,Exact Beta-Binomial marginal; M0 cell marginals are cross-cell dependent.
pmf,secondary_liberal,secondary_liberal_method_2,M0,beta_2_2,4,CP02-VHF-2018,VHF — 2018,25,27,14,1.31171781410271e-05,23.7330960854093,3.13637947308758,0.999999999999965,true,true,ok_conditional,Exact Beta-Binomial marginal; M0 cell marginals are cross-cell dependent.
pmf,secondary_liberal,secondary_liberal_method_2,M0,beta_2_2,4,CP02-VHF-2018,VHF — 2018,25,27,15,6.4502297728263e-05,23.7330960854093,3.13637947308758,0.999999999999965,true,true,ok_conditional,Exact Beta-Binomial marginal; M0 cell marginals are cross-cell dependent.
pmf,secondary_liberal,secondary_liberal_method_2,M0,beta_2_2,4,CP02-VHF-2018,VHF — 2018,25,27,16,0.000281660033413426,23.7330960854093,3.13637947308758,0.999999999999965,true,true,ok_conditional,Exact Beta-Binomial marginal; M0 cell marginals are cross-cell dependent.
pmf,secondary_liberal,secondary_liberal_method_2,M0,beta_2_2,4,CP02-VHF-2018,VHF — 2018,25,27,17,0.00108936159981974,23.7330960854093,3.13637947308758,0.999999999999965,true,true,ok_conditional,Exact Beta-Binomial marginal; M0 cell marginals are cross-cell dependent.
pmf,secondary_liberal,secondary_liberal_method_2,M0,beta_2_2,4,CP02-VHF-2018,VHF — 2018,25,27,18,0.00371565196837644,23.7330960854093,3.13637947308758,0.999999999999965,true,true,ok_conditional,Exact Beta-Binomial marginal; M0 cell marginals are cross-cell dependent.
pmf,secondary_liberal,secondary_liberal_method_2,M0,beta_2_2,4,CP02-VHF-2018,VHF — 2018,25,27,19,0.0111050500558618,23.7330960854093,3.13637947308758,0.999999999999965,true,true,ok_conditional,Exact Beta-Binomial marginal; M0 cell marginals are cross-cell dependent.
pmf,secondary_liberal,secondary_liberal_method_2,M0,beta_2_2,4,CP02-VHF-2018,VHF — 2018,25,27,20,0.0288189591693567,23.7330960854093,3.13637947308758,0.999999999999965,true,true,ok_conditional,Exact Beta-Binomial marginal; M0 cell marginals are cross-cell dependent.
pmf,secondary_liberal,secondary_liberal_method_2,M0,beta_2_2,4,CP02-VHF-2018,VHF — 2018,25,27,21,0.0641221841518378,23.7330960854093,3.13637947308758,0.999999999999965,true,true,ok_conditional,Exact Beta-Binomial marginal; M0 cell marginals are cross-cell dependent.
pmf,secondary_liberal,secondary_liberal_method_2,M0,beta_2_2,4,CP02-VHF-2018,VHF — 2018,25,27,22,0.120173044424403,23.7330960854093,3.13637947308758,0.999999999999965,true,true,ok_conditional,Exact Beta-Binomial marginal; M0 cell marginals are cross-cell dependent.
pmf,secondary_liberal,secondary_liberal_method_2,M0,beta_2_2,4,CP02-VHF-2018,VHF — 2018,25,27,23,0.184934490561544,23.7330960854093,3.13637947308758,0.999999999999965,true,true,ok_conditional,Exact Beta-Binomial marginal; M0 cell marginals are cross-cell dependent.
pmf,secondary_liberal,secondary_liberal_method_2,M0,beta_2_2,4,CP02-VHF-2018,VHF — 2018,25,27,24,0.224920326358688,23.7330960854093,3.13637947308758,0.999999999999965,true,true,ok_conditional,Exact Beta-Binomial marginal; M0 cell marginals are cross-cell dependent.
pmf,secondary_liberal,secondary_liberal_method_2,M0,beta_2_2,4,CP02-VHF-2018,VHF — 2018,25,27,25,0.203178028144015,23.7330960854093,3.13637947308758,0.999999999999965,true,true,ok_conditional,Exact Beta-Binomial marginal; M0 cell marginals are cross-cell dependent.
pmf,secondary_liberal,secondary_liberal_method_2,M0,beta_2_2,4,CP02-VHF-2018,VHF — 2018,25,27,26,0.121460271769612,23.7330960854093,3.13637947308758,0.999999999999965,true,true,ok_conditional,Exact Beta-Binomial marginal; M0 cell marginals are cross-cell dependent.
pmf,secondary_liberal,secondary_liberal_method_2,M0,beta_2_2,4,CP02-VHF-2018,VHF — 2018,25,27,27,0.0361205383367187,23.7330960854093,3.13637947308758,0.999999999999965,true,true,ok_conditional,Exact Beta-Binomial marginal; M0 cell marginals are cross-cell dependent.
summary,secondary_liberal,secondary_liberal_method_2,M0,beta_2_2,4,CP02-VHF-2019,VHF — 2019,24,31,,,27.2491103202847,3.64779488500518,0.999999999999741,true,true,ok_conditional,Exact Beta-Binomial marginal; M0 cell marginals are cross-cell dependent.
pmf,secondary_liberal,secondary_liberal_method_2,M0,beta_2_2,4,CP02-VHF-2019,VHF — 2019,24,31,0,3.63780690419883e-25,27.2491103202847,3.64779488500518,0.999999999999741,true,true,ok_conditional,Exact Beta-Binomial marginal; M0 cell marginals are cross-cell dependent.
pmf,secondary_liberal,secondary_liberal_method_2,M0,beta_2_2,4,CP02-VHF-2019,VHF — 2019,24,31,1,4.35229491647629e-23,27.2491103202847,3.64779488500518,0.999999999999741,true,true,ok_conditional,Exact Beta-Binomial marginal; M0 cell marginals are cross-cell dependent.
pmf,secondary_liberal,secondary_liberal_method_2,M0,beta_2_2,4,CP02-VHF-2019,VHF — 2019,24,31,2,2.56992652210967e-21,27.2491103202847,3.64779488500518,0.999999999999741,true,true,ok_conditional,Exact Beta-Binomial marginal; M0 cell marginals are cross-cell dependent.
pmf,secondary_liberal,secondary_liberal_method_2,M0,beta_2_2,4,CP02-VHF-2019,VHF — 2019,24,31,3,9.97711796567553e-20,27.2491103202847,3.64779488500518,0.999999999999741,true,true,ok_conditional,Exact Beta-Binomial marginal; M0 cell marginals are cross-cell dependent.
pmf,secondary_liberal,secondary_liberal_method_2,M0,beta_2_2,4,CP02-VHF-2019,VHF — 2019,24,31,4,2.86228794097237e-18,27.2491103202847,3.64779488500518,0.999999999999741,true,true,ok_conditional,Exact Beta-Binomial marginal; M0 cell marginals are cross-cell dependent.
pmf,secondary_liberal,secondary_liberal_method_2,M0,beta_2_2,4,CP02-VHF-2019,VHF — 2019,24,31,5,6.46590845865612e-17,27.2491103202847,3.64779488500518,0.999999999999741,true,true,ok_conditional,Exact Beta-Binomial marginal; M0 cell marginals are cross-cell dependent.
pmf,secondary_liberal,secondary_liberal_method_2,M0,beta_2_2,4,CP02-VHF-2019,VHF — 2019,24,31,6,1.19674102319533e-15,27.2491103202847,3.64779488500518,0.999999999999741,true,true,ok_conditional,Exact Beta-Binomial marginal; M0 cell marginals are cross-cell dependent.
pmf,secondary_liberal,secondary_liberal_method_2,M0,beta_2_2,4,CP02-VHF-2019,VHF — 2019,24,31,7,1.86438102751518e-14,27.2491103202847,3.64779488500518,0.999999999999741,true,true,ok_conditional,Exact Beta-Binomial marginal; M0 cell marginals are cross-cell dependent.
pmf,secondary_liberal,secondary_liberal_method_2,M0,beta_2_2,4,CP02-VHF-2019,VHF — 2019,24,31,8,2.49238305783599e-13,27.2491103202847,3.64779488500518,0.999999999999741,true,true,ok_conditional,Exact Beta-Binomial marginal; M0 cell marginals are cross-cell dependent.
pmf,secondary_liberal,secondary_liberal_method_2,M0,beta_2_2,4,CP02-VHF-2019,VHF — 2019,24,31,9,2.90036242742195e-12,27.2491103202847,3.64779488500518,0.999999999999741,true,true,ok_conditional,Exact Beta-Binomial marginal; M0 cell marginals are cross-cell dependent.
pmf,secondary_liberal,secondary_liberal_method_2,M0,beta_2_2,4,CP02-VHF-2019,VHF — 2019,24,31,10,2.96997112568002e-11,27.2491103202847,3.64779488500518,0.999999999999741,true,true,ok_conditional,Exact Beta-Binomial marginal; M0 cell marginals are cross-cell dependent.
pmf,secondary_liberal,secondary_liberal_method_2,M0,beta_2_2,4,CP02-VHF-2019,VHF — 2019,24,31,11,2.6984737652015e-10,27.2491103202847,3.64779488500518,0.999999999999741,true,true,ok_conditional,Exact Beta-Binomial marginal; M0 cell marginals are cross-cell dependent.
pmf,secondary_liberal,secondary_liberal_method_2,M0,beta_2_2,4,CP02-VHF-2019,VHF — 2019,24,31,12,2.18932777176738e-09,27.2491103202847,3.64779488500518,0.999999999999741,true,true,ok_conditional,Exact Beta-Binomial marginal; M0 cell marginals are cross-cell dependent.
pmf,secondary_liberal,secondary_liberal_method_2,M0,beta_2_2,4,CP02-VHF-2019,VHF — 2019,24,31,13,1.59373993563099e-08,27.2491103202847,3.64779488500518,0.999999999999741,true,true,ok_conditional,Exact Beta-Binomial marginal; M0 cell marginals are cross-cell dependent.
pmf,secondary_liberal,secondary_liberal_method_2,M0,beta_2_2,4,CP02-VHF-2019,VHF — 2019,24,31,14,1.04463626032967e-07,27.2491103202847,3.64779488500518,0.999999999999741,true,true,ok_conditional,Exact Beta-Binomial marginal; M0 cell marginals are cross-cell dependent.
pmf,secondary_liberal,secondary_liberal_method_2,M0,beta_2_2,4,CP02-VHF-2019,VHF — 2019,24,31,15,6.18006811610941e-07,27.2491103202847,3.64779488500518,0.999999999999741,true,true,ok_conditional,Exact Beta-Binomial marginal; M0 cell marginals are cross-cell dependent.
pmf,secondary_liberal,secondary_liberal_method_2,M0,beta_2_2,4,CP02-VHF-2019,VHF — 2019,24,31,16,3.30444458453238e-06,27.2491103202847,3.64779488500518,0.999999999999741,true,true,ok_conditional,Exact Beta-Binomial marginal; M0 cell marginals are cross-cell dependent.
pmf,secondary_liberal,secondary_liberal_method_2,M0,beta_2_2,4,CP02-VHF-2019,VHF — 2019,24,31,17,1.59755317230156e-05,27.2491103202847,3.64779488500518,0.999999999999741,true,true,ok_conditional,Exact Beta-Binomial marginal; M0 cell marginals are cross-cell dependent.
pmf,secondary_liberal,secondary_liberal_method_2,M0,beta_2_2,4,CP02-VHF-2019,VHF — 2019,24,31,18,6.97938123501842e-05,27.2491103202847,3.64779488500518,0.999999999999741,true,true,ok_conditional,Exact Beta-Binomial marginal; M0 cell marginals are cross-cell dependent.
pmf,secondary_liberal,secondary_liberal_method_2,M0,beta_2_2,4,CP02-VHF-2019,VHF — 2019,24,31,19,0.000275102612753336,27.2491103202847,3.64779488500518,0.999999999999741,true,true,ok_conditional,Exact Beta-Binomial marginal; M0 cell marginals are cross-cell dependent.
pmf,secondary_liberal,secondary_liberal_method_2,M0,beta_2_2,4,CP02-VHF-2019,VHF — 2019,24,31,20,0.000975697266565029,27.2491103202847,3.64779488500518,0.999999999999741,true,true,ok_conditional,Exact Beta-Binomial marginal; M0 cell marginals are cross-cell dependent.
pmf,secondary_liberal,secondary_liberal_method_2,M0,beta_2_2,4,CP02-VHF-2019,VHF — 2019,24,31,21,0.00310132345443984,27.2491103202847,3.64779488500518,0.999999999999741,true,true,ok_conditional,Exact Beta-Binomial marginal; M0 cell marginals are cross-cell dependent.
pmf,secondary_liberal,secondary_liberal_method_2,M0,beta_2_2,4,CP02-VHF-2019,VHF — 2019,24,31,22,0.00878599033604404,27.2491103202847,3.64779488500518,0.999999999999741,true,true,ok_conditional,Exact Beta-Binomial marginal; M0 cell marginals are cross-cell dependent.
pmf,secondary_liberal,secondary_liberal_method_2,M0,beta_2_2,4,CP02-VHF-2019,VHF — 2019,24,31,23,0.022019547208651,27.2491103202847,3.64779488500518,0.999999999999741,true,true,ok_conditional,Exact Beta-Binomial marginal; M0 cell marginals are cross-cell dependent.
pmf,secondary_liberal,secondary_liberal_method_2,M0,beta_2_2,4,CP02-VHF-2019,VHF — 2019,24,31,24,0.048335591433639,27.2491103202847,3.64779488500518,0.999999999999741,true,true,ok_conditional,Exact Beta-Binomial marginal; M0 cell marginals are cross-cell dependent.
pmf,secondary_liberal,secondary_liberal_method_2,M0,beta_2_2,4,CP02-VHF-2019,VHF — 2019,24,31,25,0.0916926169495926,27.2491103202847,3.64779488500518,0.999999999999741,true,true,ok_conditional,Exact Beta-Binomial marginal; M0 cell marginals are cross-cell dependent.
pmf,secondary_liberal,secondary_liberal_method_2,M0,beta_2_2,4,CP02-VHF-2019,VHF — 2019,24,31,26,0.147576282901125,27.2491103202847,3.64779488500518,0.999999999999741,true,true,ok_conditional,Exact Beta-Binomial marginal; M0 cell marginals are cross-cell dependent.
pmf,secondary_liberal,secondary_liberal_method_2,M0,beta_2_2,4,CP02-VHF-2019,VHF — 2019,24,31,27,0.196336867602388,27.2491103202847,3.64779488500518,0.999999999999741,true,true,ok_conditional,Exact Beta-Binomial marginal; M0 cell marginals are cross-cell dependent.
pmf,secondary_liberal,secondary_liberal_method_2,M0,beta_2_2,4,CP02-VHF-2019,VHF — 2019,24,31,28,0.207707728660446,27.2491103202847,3.64779488500518,0.999999999999741,true,true,ok_conditional,Exact Beta-Binomial marginal; M0 cell marginals are cross-cell dependent.
pmf,secondary_liberal,secondary_liberal_method_2,M0,beta_2_2,4,CP02-VHF-2019,VHF — 2019,24,31,29,0.164136854544883,27.2491103202847,3.64779488500518,0.999999999999741,true,true,ok_conditional,Exact Beta-Binomial marginal; M0 cell marginals are cross-cell dependent.
pmf,secondary_liberal,secondary_liberal_method_2,M0,beta_2_2,4,CP02-VHF-2019,VHF — 2019,24,31,30,0.0862890892464844,27.2491103202847,3.64779488500518,0.999999999999741,true,true,ok_conditional,Exact Beta-Binomial marginal; M0 cell marginals are cross-cell dependent.
pmf,secondary_liberal,secondary_liberal_method_2,M0,beta_2_2,4,CP02-VHF-2019,VHF — 2019,24,31,31,0.0226774930941899,27.2491103202847,3.64779488500518,0.999999999999741,true,true,ok_conditional,Exact Beta-Binomial marginal; M0 cell marginals are cross-cell dependent.
summary,secondary_liberal,secondary_liberal_method_2,M0,beta_2_2,4,CP02-PTT-2019,PTT — 2019,17,20,,,17.5800711743772,2.27044305290851,0.999999999999931,true,true,ok_conditional,Exact Beta-Binomial marginal; M0 cell marginals are cross-cell dependent.
pmf,secondary_liberal,secondary_liberal_method_2,M0,beta_2_2,4,CP02-PTT-2019,PTT — 2019,17,20,0,2.69791074676601e-17,17.5800711743772,2.27044305290851,0.999999999999931,true,true,ok_conditional,Exact Beta-Binomial marginal; M0 cell marginals are cross-cell dependent.
pmf,secondary_liberal,secondary_liberal_method_2,M0,beta_2_2,4,CP02-PTT-2019,PTT — 2019,17,20,1,2.51465643189108e-15,17.5800711743772,2.27044305290851,0.999999999999931,true,true,ok_conditional,Exact Beta-Binomial marginal; M0 cell marginals are cross-cell dependent.
pmf,secondary_liberal,secondary_liberal_method_2,M0,beta_2_2,4,CP02-PTT-2019,PTT — 2019,17,20,2,1.13933279875688e-13,17.5800711743772,2.27044305290851,0.999999999999931,true,true,ok_conditional,Exact Beta-Binomial marginal; M0 cell marginals are cross-cell dependent.
pmf,secondary_liberal,secondary_liberal_method_2,M0,beta_2_2,4,CP02-PTT-2019,PTT — 2019,17,20,3,3.33757490459385e-12,17.5800711743772,2.27044305290851,0.999999999999931,true,true,ok_conditional,Exact Beta-Binomial marginal; M0 cell marginals are cross-cell dependent.
pmf,secondary_liberal,secondary_liberal_method_2,M0,beta_2_2,4,CP02-PTT-2019,PTT — 2019,17,20,4,7.09234667226143e-11,17.5800711743772,2.27044305290851,0.999999999999931,true,true,ok_conditional,Exact Beta-Binomial marginal; M0 cell marginals are cross-cell dependent.
pmf,secondary_liberal,secondary_liberal_method_2,M0,beta_2_2,4,CP02-PTT-2019,PTT — 2019,17,20,5,1.16256588717541e-09,17.5800711743772,2.27044305290851,0.999999999999931,true,true,ok_conditional,Exact Beta-Binomial marginal; M0 cell marginals are cross-cell dependent.
pmf,secondary_liberal,secondary_liberal_method_2,M0,beta_2_2,4,CP02-PTT-2019,PTT — 2019,17,20,6,1.52586772691777e-08,17.5800711743772,2.27044305290851,0.999999999999931,true,true,ok_conditional,Exact Beta-Binomial marginal; M0 cell marginals are cross-cell dependent.
pmf,secondary_liberal,secondary_liberal_method_2,M0,beta_2_2,4,CP02-PTT-2019,PTT — 2019,17,20,7,1.64274270174579e-07,17.5800711743772,2.27044305290851,0.999999999999931,true,true,ok_conditional,Exact Beta-Binomial marginal; M0 cell marginals are cross-cell dependent.
pmf,secondary_liberal,secondary_liberal_method_2,M0,beta_2_2,4,CP02-PTT-2019,PTT — 2019,17,20,8,1.47400445683845e-06,17.5800711743772,2.27044305290851,0.999999999999931,true,true,ok_conditional,Exact Beta-Binomial marginal; M0 cell marginals are cross-cell dependent.
pmf,secondary_liberal,secondary_liberal_method_2,M0,beta_2_2,4,CP02-PTT-2019,PTT — 2019,17,20,9,1.11369225627768e-05,17.5800711743772,2.27044305290851,0.999999999999931,true,true,ok_conditional,Exact Beta-Binomial marginal; M0 cell marginals are cross-cell dependent.
pmf,secondary_liberal,secondary_liberal_method_2,M0,beta_2_2,4,CP02-PTT-2019,PTT — 2019,17,20,10,7.12763044017751e-05,17.5800711743772,2.27044305290851,0.999999999999931,true,true,ok_conditional,Exact Beta-Binomial marginal; M0 cell marginals are cross-cell dependent.
pmf,secondary_liberal,secondary_liberal_method_2,M0,beta_2_2,4,CP02-PTT-2019,PTT — 2019,17,20,11,0.000387272943578351,17.5800711743772,2.27044305290851,0.999999999999931,true,true,ok_conditional,Exact Beta-Binomial marginal; M0 cell marginals are cross-cell dependent.
pmf,secondary_liberal,secondary_liberal_method_2,M0,beta_2_2,4,CP02-PTT-2019,PTT — 2019,17,20,12,0.00178422177577193,17.5800711743772,2.27044305290851,0.999999999999931,true,true,ok_conditional,Exact Beta-Binomial marginal; M0 cell marginals are cross-cell dependent.
pmf,secondary_liberal,secondary_liberal_method_2,M0,beta_2_2,4,CP02-PTT-2019,PTT — 2019,17,20,13,0.00693603662176205,17.5800711743772,2.27044305290851,0.999999999999931,true,true,ok_conditional,Exact Beta-Binomial marginal; M0 cell marginals are cross-cell dependent.
pmf,secondary_liberal,secondary_liberal_method_2,M0,beta_2_2,4,CP02-PTT-2019,PTT — 2019,17,20,14,0.022542119020727,17.5800711743772,2.27044305290851,0.999999999999931,true,true,ok_conditional,Exact Beta-Binomial marginal; M0 cell marginals are cross-cell dependent.
pmf,secondary_liberal,secondary_liberal_method_2,M0,beta_2_2,4,CP02-PTT-2019,PTT — 2019,17,20,15,0.0603435186093217,17.5800711743772,2.27044305290851,0.999999999999931,true,true,ok_conditional,Exact Beta-Binomial marginal; M0 cell marginals are cross-cell dependent.
pmf,secondary_liberal,secondary_liberal_method_2,M0,beta_2_2,4,CP02-PTT-2019,PTT — 2019,17,20,16,0.130016462793116,17.5800711743772,2.27044305290851,0.999999999999931,true,true,ok_conditional,Exact Beta-Binomial marginal; M0 cell marginals are cross-cell dependent.
pmf,secondary_liberal,secondary_liberal_method_2,M0,beta_2_2,4,CP02-PTT-2019,PTT — 2019,17,20,17,0.217452017262959,17.5800711743772,2.27044305290851,0.999999999999931,true,true,ok_conditional,Exact Beta-Binomial marginal; M0 cell marginals are cross-cell dependent.
pmf,secondary_liberal,secondary_liberal_method_2,M0,beta_2_2,4,CP02-PTT-2019,PTT — 2019,17,20,18,0.26577468776571,17.5800711743772,2.27044305290851,0.999999999999931,true,true,ok_conditional,Exact Beta-Binomial marginal; M0 cell marginals are cross-cell dependent.
pmf,secondary_liberal,secondary_liberal_method_2,M0,beta_2_2,4,CP02-PTT-2019,PTT — 2019,17,20,19,0.211820427843407,17.5800711743772,2.27044305290851,0.999999999999931,true,true,ok_conditional,Exact Beta-Binomial marginal; M0 cell marginals are cross-cell dependent.
pmf,secondary_liberal,secondary_liberal_method_2,M0,beta_2_2,4,CP02-PTT-2019,PTT — 2019,17,20,20,0.0828591673622662,17.5800711743772,2.27044305290851,0.999999999999931,true,true,ok_conditional,Exact Beta-Binomial marginal; M0 cell marginals are cross-cell dependent.
summary,secondary_liberal,secondary_liberal_method_2,M0,beta_2_2,4,CP02-VHF-2020,VHF — 2020,24,26,,,22.8540925266904,3.01041137015212,0.999999999999773,true,true,ok_conditional,Exact Beta-Binomial marginal; M0 cell marginals are cross-cell dependent.
pmf,secondary_liberal,secondary_liberal_method_2,M0,beta_2_2,4,CP02-VHF-2020,VHF — 2020,24,26,0,1.11999478066514e-21,22.8540925266904,3.01041137015212,0.999999999999773,true,true,ok_conditional,Exact Beta-Binomial marginal; M0 cell marginals are cross-cell dependent.
pmf,secondary_liberal,secondary_liberal_method_2,M0,beta_2_2,4,CP02-VHF-2020,VHF — 2020,24,26,1,1.21908584431065e-19,22.8540925266904,3.01041137015212,0.999999999999773,true,true,ok_conditional,Exact Beta-Binomial marginal; M0 cell marginals are cross-cell dependent.
pmf,secondary_liberal,secondary_liberal_method_2,M0,beta_2_2,4,CP02-VHF-2020,VHF — 2020,24,26,2,6.5158036506256e-18,22.8540925266904,3.01041137015212,0.999999999999773,true,true,ok_conditional,Exact Beta-Binomial marginal; M0 cell marginals are cross-cell dependent.
pmf,secondary_liberal,secondary_liberal_method_2,M0,beta_2_2,4,CP02-VHF-2020,VHF — 2020,24,26,3,2.2771019073771e-16,22.8540925266904,3.01041137015212,0.999999999999773,true,true,ok_conditional,Exact Beta-Binomial marginal; M0 cell marginals are cross-cell dependent.
pmf,secondary_liberal,secondary_liberal_method_2,M0,beta_2_2,4,CP02-VHF-2020,VHF — 2020,24,26,4,5.8452392711678e-15,22.8540925266904,3.01041137015212,0.999999999999773,true,true,ok_conditional,Exact Beta-Binomial marginal; M0 cell marginals are cross-cell dependent.
pmf,secondary_liberal,secondary_liberal_method_2,M0,beta_2_2,4,CP02-VHF-2020,VHF — 2020,24,26,5,1.17372404565025e-13,22.8540925266904,3.01041137015212,0.999999999999773,true,true,ok_conditional,Exact Beta-Binomial marginal; M0 cell marginals are cross-cell dependent.
pmf,secondary_liberal,secondary_liberal_method_2,M0,beta_2_2,4,CP02-VHF-2020,VHF — 2020,24,26,6,1.91708260789584e-12,22.8540925266904,3.01041137015212,0.999999999999773,true,true,ok_conditional,Exact Beta-Binomial marginal; M0 cell marginals are cross-cell dependent.
pmf,secondary_liberal,secondary_liberal_method_2,M0,beta_2_2,4,CP02-VHF-2020,VHF — 2020,24,26,7,2.61467331427281e-11,22.8540925266904,3.01041137015212,0.999999999999773,true,true,ok_conditional,Exact Beta-Binomial marginal; M0 cell marginals are cross-cell dependent.
pmf,secondary_liberal,secondary_liberal_method_2,M0,beta_2_2,4,CP02-VHF-2020,VHF — 2020,24,26,8,3.03327245545217e-10,22.8540925266904,3.01041137015212,0.999999999999773,true,true,ok_conditional,Exact Beta-Binomial marginal; M0 cell marginals are cross-cell dependent.
pmf,secondary_liberal,secondary_liberal_method_2,M0,beta_2_2,4,CP02-VHF-2020,VHF — 2020,24,26,9,3.03327245545197e-09,22.8540925266904,3.01041137015212,0.999999999999773,true,true,ok_conditional,Exact Beta-Binomial marginal; M0 cell marginals are cross-cell dependent.
pmf,secondary_liberal,secondary_liberal_method_2,M0,beta_2_2,4,CP02-VHF-2020,VHF — 2020,24,26,10,2.64016034522534e-08,22.8540925266904,3.01041137015212,0.999999999999773,true,true,ok_conditional,Exact Beta-Binomial marginal; M0 cell marginals are cross-cell dependent.
pmf,secondary_liberal,secondary_liberal_method_2,M0,beta_2_2,4,CP02-VHF-2020,VHF — 2020,24,26,11,2.01416314277678e-07,22.8540925266904,3.01041137015212,0.999999999999773,true,true,ok_conditional,Exact Beta-Binomial marginal; M0 cell marginals are cross-cell dependent.
pmf,secondary_liberal,secondary_liberal_method_2,M0,beta_2_2,4,CP02-VHF-2020,VHF — 2020,24,26,12,1.35326586155336e-06,22.8540925266904,3.01041137015212,0.999999999999773,true,true,ok_conditional,Exact Beta-Binomial marginal; M0 cell marginals are cross-cell dependent.
pmf,secondary_liberal,secondary_liberal_method_2,M0,beta_2_2,4,CP02-VHF-2020,VHF — 2020,24,26,13,8.03100165956201e-06,22.8540925266904,3.01041137015212,0.999999999999773,true,true,ok_conditional,Exact Beta-Binomial marginal; M0 cell marginals are cross-cell dependent.
pmf,secondary_liberal,secondary_liberal_method_2,M0,beta_2_2,4,CP02-VHF-2020,VHF — 2020,24,26,14,4.21502882132316e-05,22.8540925266904,3.01041137015212,0.999999999999773,true,true,ok_conditional,Exact Beta-Binomial marginal; M0 cell marginals are cross-cell dependent.
pmf,secondary_liberal,secondary_liberal_method_2,M0,beta_2_2,4,CP02-VHF-2020,VHF — 2020,24,26,15,0.000195577337309361,22.8540925266904,3.01041137015212,0.999999999999773,true,true,ok_conditional,Exact Beta-Binomial marginal; M0 cell marginals are cross-cell dependent.
pmf,secondary_liberal,secondary_liberal_method_2,M0,beta_2_2,4,CP02-VHF-2020,VHF — 2020,24,26,16,0.00080064472461029,22.8540925266904,3.01041137015212,0.999999999999773,true,true,ok_conditional,Exact Beta-Binomial marginal; M0 cell marginals are cross-cell dependent.
pmf,secondary_liberal,secondary_liberal_method_2,M0,beta_2_2,4,CP02-VHF-2020,VHF — 2020,24,26,17,0.00288056857144367,22.8540925266904,3.01041137015212,0.999999999999773,true,true,ok_conditional,Exact Beta-Binomial marginal; M0 cell marginals are cross-cell dependent.
pmf,secondary_liberal,secondary_liberal_method_2,M0,beta_2_2,4,CP02-VHF-2020,VHF — 2020,24,26,18,0.00905321551024832,22.8540925266904,3.01041137015212,0.999999999999773,true,true,ok_conditional,Exact Beta-Binomial marginal; M0 cell marginals are cross-cell dependent.
pmf,secondary_liberal,secondary_liberal_method_2,M0,beta_2_2,4,CP02-VHF-2020,VHF — 2020,24,26,19,0.0246377623642216,22.8540925266904,3.01041137015212,0.999999999999773,true,true,ok_conditional,Exact Beta-Binomial marginal; M0 cell marginals are cross-cell dependent.
pmf,secondary_liberal,secondary_liberal_method_2,M0,beta_2_2,4,CP02-VHF-2020,VHF — 2020,24,26,20,0.0573443919027209,22.8540925266904,3.01041137015212,0.999999999999773,true,true,ok_conditional,Exact Beta-Binomial marginal; M0 cell marginals are cross-cell dependent.
pmf,secondary_liberal,secondary_liberal_method_2,M0,beta_2_2,4,CP02-VHF-2020,VHF — 2020,24,26,21,0.112168151194363,22.8540925266904,3.01041137015212,0.999999999999773,true,true,ok_conditional,Exact Beta-Binomial marginal; M0 cell marginals are cross-cell dependent.
pmf,secondary_liberal,secondary_liberal_method_2,M0,beta_2_2,4,CP02-VHF-2020,VHF — 2020,24,26,22,0.179791055742128,22.8540925266904,3.01041137015212,0.999999999999773,true,true,ok_conditional,Exact Beta-Binomial marginal; M0 cell marginals are cross-cell dependent.
pmf,secondary_liberal,secondary_liberal_method_2,M0,beta_2_2,4,CP02-VHF-2020,VHF — 2020,24,26,23,0.227326881290824,22.8540925266904,3.01041137015212,0.999999999999773,true,true,ok_conditional,Exact Beta-Binomial marginal; M0 cell marginals are cross-cell dependent.
pmf,secondary_liberal,secondary_liberal_method_2,M0,beta_2_2,4,CP02-VHF-2020,VHF — 2020,24,26,24,0.213118951210207,22.8540925266904,3.01041137015212,0.999999999999773,true,true,ok_conditional,Exact Beta-Binomial marginal; M0 cell marginals are cross-cell dependent.
pmf,secondary_liberal,secondary_liberal_method_2,M0,beta_2_2,4,CP02-VHF-2020,VHF — 2020,24,26,25,0.132011967492489,22.8540925266904,3.01041137015212,0.999999999999773,true,true,ok_conditional,Exact Beta-Binomial marginal; M0 cell marginals are cross-cell dependent.
pmf,secondary_liberal,secondary_liberal_method_2,M0,beta_2_2,4,CP02-VHF-2020,VHF — 2020,24,26,26,0.0406190669207681,22.8540925266904,3.01041137015212,0.999999999999773,true,true,ok_conditional,Exact Beta-Binomial marginal; M0 cell marginals are cross-cell dependent.
summary,secondary_liberal,secondary_liberal_method_2,M0,beta_2_2,4,CP02-PTT-2020,PTT — 2020,20,23,,,20.2170818505338,2.63703286145122,0.999999999999741,true,true,ok_conditional,Exact Beta-Binomial marginal; M0 cell marginals are cross-cell dependent.
pmf,secondary_liberal,secondary_liberal_method_2,M0,beta_2_2,4,CP02-PTT-2020,PTT — 2020,20,23,0,1.62913092350626e-19,20.2170818505338,2.63703286145122,0.999999999999741,true,true,ok_conditional,Exact Beta-Binomial marginal; M0 cell marginals are cross-cell dependent.
pmf,secondary_liberal,secondary_liberal_method_2,M0,beta_2_2,4,CP02-PTT-2020,PTT — 2020,20,23,1,1.65269513865006e-17,20.2170818505338,2.63703286145122,0.999999999999741,true,true,ok_conditional,Exact Beta-Binomial marginal; M0 cell marginals are cross-cell dependent.
pmf,secondary_liberal,secondary_liberal_method_2,M0,beta_2_2,4,CP02-PTT-2020,PTT — 2020,20,23,2,8.19736788770339e-16,20.2170818505338,2.63703286145122,0.999999999999741,true,true,ok_conditional,Exact Beta-Binomial marginal; M0 cell marginals are cross-cell dependent.
pmf,secondary_liberal,secondary_liberal_method_2,M0,beta_2_2,4,CP02-PTT-2020,PTT — 2020,20,23,3,2.6459281904206e-14,20.2170818505338,2.63703286145122,0.999999999999741,true,true,ok_conditional,Exact Beta-Binomial marginal; M0 cell marginals are cross-cell dependent.
pmf,secondary_liberal,secondary_liberal_method_2,M0,beta_2_2,4,CP02-PTT-2020,PTT — 2020,20,23,4,6.24039667551906e-13,20.2170818505338,2.63703286145122,0.999999999999741,true,true,ok_conditional,Exact Beta-Binomial marginal; M0 cell marginals are cross-cell dependent.
pmf,secondary_liberal,secondary_liberal_method_2,M0,beta_2_2,4,CP02-PTT-2020,PTT — 2020,20,23,5,1.14463275944417e-11,20.2170818505338,2.63703286145122,0.999999999999741,true,true,ok_conditional,Exact Beta-Binomial marginal; M0 cell marginals are cross-cell dependent.
pmf,secondary_liberal,secondary_liberal_method_2,M0,beta_2_2,4,CP02-PTT-2020,PTT — 2020,20,23,6,1.69674973752899e-10,20.2170818505338,2.63703286145122,0.999999999999741,true,true,ok_conditional,Exact Beta-Binomial marginal; M0 cell marginals are cross-cell dependent.
pmf,secondary_liberal,secondary_liberal_method_2,M0,beta_2_2,4,CP02-PTT-2020,PTT — 2020,20,23,7,2.08506303460361e-09,20.2170818505338,2.63703286145122,0.999999999999741,true,true,ok_conditional,Exact Beta-Binomial marginal; M0 cell marginals are cross-cell dependent.
pmf,secondary_liberal,secondary_liberal_method_2,M0,beta_2_2,4,CP02-PTT-2020,PTT — 2020,20,23,8,2.1616571868955e-08,20.2170818505338,2.63703286145122,0.999999999999741,true,true,ok_conditional,Exact Beta-Binomial marginal; M0 cell marginals are cross-cell dependent.
pmf,secondary_liberal,secondary_liberal_method_2,M0,beta_2_2,4,CP02-PTT-2020,PTT — 2020,20,23,9,1.91396730089658e-07,20.2170818505338,2.63703286145122,0.999999999999741,true,true,ok_conditional,Exact Beta-Binomial marginal; M0 cell marginals are cross-cell dependent.
pmf,secondary_liberal,secondary_liberal_method_2,M0,beta_2_2,4,CP02-PTT-2020,PTT — 2020,20,23,10,1.45950187370511e-06,20.2170818505338,2.63703286145122,0.999999999999741,true,true,ok_conditional,Exact Beta-Binomial marginal; M0 cell marginals are cross-cell dependent.
pmf,secondary_liberal,secondary_liberal_method_2,M0,beta_2_2,4,CP02-PTT-2020,PTT — 2020,20,23,11,9.6367505139307e-06,20.2170818505338,2.63703286145122,0.999999999999741,true,true,ok_conditional,Exact Beta-Binomial marginal; M0 cell marginals are cross-cell dependent.
pmf,secondary_liberal,secondary_liberal_method_2,M0,beta_2_2,4,CP02-PTT-2020,PTT — 2020,20,23,12,5.52507029465459e-05,20.2170818505338,2.63703286145122,0.999999999999741,true,true,ok_conditional,Exact Beta-Binomial marginal; M0 cell marginals are cross-cell dependent.
pmf,secondary_liberal,secondary_liberal_method_2,M0,beta_2_2,4,CP02-PTT-2020,PTT — 2020,20,23,13,0.000275191001214507,20.2170818505338,2.63703286145122,0.999999999999741,true,true,ok_conditional,Exact Beta-Binomial marginal; M0 cell marginals are cross-cell dependent.
pmf,secondary_liberal,secondary_liberal_method_2,M0,beta_2_2,4,CP02-PTT-2020,PTT — 2020,20,23,14,0.00118853256338493,20.2170818505338,2.63703286145122,0.999999999999741,true,true,ok_conditional,Exact Beta-Binomial marginal; M0 cell marginals are cross-cell dependent.
pmf,secondary_liberal,secondary_liberal_method_2,M0,beta_2_2,4,CP02-PTT-2020,PTT — 2020,20,23,15,0.00443152855776286,20.2170818505338,2.63703286145122,0.999999999999741,true,true,ok_conditional,Exact Beta-Binomial marginal; M0 cell marginals are cross-cell dependent.
pmf,secondary_liberal,secondary_liberal_method_2,M0,beta_2_2,4,CP02-PTT-2020,PTT — 2020,20,23,16,0.0141592741723659,20.2170818505338,2.63703286145122,0.999999999999741,true,true,ok_conditional,Exact Beta-Binomial marginal; M0 cell marginals are cross-cell dependent.
pmf,secondary_liberal,secondary_liberal_method_2,M0,beta_2_2,4,CP02-PTT-2020,PTT — 2020,20,23,17,0.0383341525754831,20.2170818505338,2.63703286145122,0.999999999999741,true,true,ok_conditional,Exact Beta-Binomial marginal; M0 cell marginals are cross-cell dependent.
pmf,secondary_liberal,secondary_liberal_method_2,M0,beta_2_2,4,CP02-PTT-2020,PTT — 2020,20,23,18,0.0864975750420921,20.2170818505338,2.63703286145122,0.999999999999741,true,true,ok_conditional,Exact Beta-Binomial marginal; M0 cell marginals are cross-cell dependent.
pmf,secondary_liberal,secondary_liberal_method_2,M0,beta_2_2,4,CP02-PTT-2020,PTT — 2020,20,23,19,0.158738624557862,20.2170818505338,2.63703286145122,0.999999999999741,true,true,ok_conditional,Exact Beta-Binomial marginal; M0 cell marginals are cross-cell dependent.
pmf,secondary_liberal,secondary_liberal_method_2,M0,beta_2_2,4,CP02-PTT-2020,PTT — 2020,20,23,20,0.228240400715652,20.2170818505338,2.63703286145122,0.999999999999741,true,true,ok_conditional,Exact Beta-Binomial marginal; M0 cell marginals are cross-cell dependent.
pmf,secondary_liberal,secondary_liberal_method_2,M0,beta_2_2,4,CP02-PTT-2020,PTT — 2020,20,23,21,0.241826138853505,20.2170818505338,2.63703286145122,0.999999999999741,true,true,ok_conditional,Exact Beta-Binomial marginal; M0 cell marginals are cross-cell dependent.
pmf,secondary_liberal,secondary_liberal_method_2,M0,beta_2_2,4,CP02-PTT-2020,PTT — 2020,20,23,22,0.168336117435696,20.2170818505338,2.63703286145122,0.999999999999741,true,true,ok_conditional,Exact Beta-Binomial marginal; M0 cell marginals are cross-cell dependent.
pmf,secondary_liberal,secondary_liberal_method_2,M0,beta_2_2,4,CP02-PTT-2020,PTT — 2020,20,23,23,0.0579059022892511,20.2170818505338,2.63703286145122,0.999999999999741,true,true,ok_conditional,Exact Beta-Binomial marginal; M0 cell marginals are cross-cell dependent.
summary,secondary_liberal,secondary_liberal_method_2,M0,beta_2_2,4,CP02-VHF-2021,VHF — 2021,15,21,,,18.4590747330961,2.3918853557385,1.00000000000001,true,true,ok_conditional,Exact Beta-Binomial marginal; M0 cell marginals are cross-cell dependent.
pmf,secondary_liberal,secondary_liberal_method_2,M0,beta_2_2,4,CP02-VHF-2021,VHF — 2021,15,21,0,4.84010565865009e-18,18.4590747330961,2.3918853557385,1.00000000000001,true,true,ok_conditional,Exact Beta-Binomial marginal; M0 cell marginals are cross-cell dependent.
pmf,secondary_liberal,secondary_liberal_method_2,M0,beta_2_2,4,CP02-VHF-2021,VHF — 2021,15,21,1,4.64919037989308e-16,18.4590747330961,2.3918853557385,1.00000000000001,true,true,ok_conditional,Exact Beta-Binomial marginal; M0 cell marginals are cross-cell dependent.
pmf,secondary_liberal,secondary_liberal_method_2,M0,beta_2_2,4,CP02-VHF-2021,VHF — 2021,15,21,2,2.17547021549659e-14,18.4590747330961,2.3918853557385,1.00000000000001,true,true,ok_conditional,Exact Beta-Binomial marginal; M0 cell marginals are cross-cell dependent.
pmf,secondary_liberal,secondary_liberal_method_2,M0,beta_2_2,4,CP02-VHF-2021,VHF — 2021,15,21,3,6.59753178815237e-13,18.4590747330961,2.3918853557385,1.00000000000001,true,true,ok_conditional,Exact Beta-Binomial marginal; M0 cell marginals are cross-cell dependent.
pmf,secondary_liberal,secondary_liberal_method_2,M0,beta_2_2,4,CP02-VHF-2021,VHF — 2021,15,21,4,1.45533789444515e-11,18.4590747330961,2.3918853557385,1.00000000000001,true,true,ok_conditional,Exact Beta-Binomial marginal; M0 cell marginals are cross-cell dependent.
pmf,secondary_liberal,secondary_liberal_method_2,M0,beta_2_2,4,CP02-VHF-2021,VHF — 2021,15,21,5,2.4839707182384e-10,18.4590747330961,2.3918853557385,1.00000000000001,true,true,ok_conditional,Exact Beta-Binomial marginal; M0 cell marginals are cross-cell dependent.
pmf,secondary_liberal,secondary_liberal_method_2,M0,beta_2_2,4,CP02-VHF-2021,VHF — 2021,15,21,6,3.40658841358452e-09,18.4590747330961,2.3918853557385,1.00000000000001,true,true,ok_conditional,Exact Beta-Binomial marginal; M0 cell marginals are cross-cell dependent.
pmf,secondary_liberal,secondary_liberal_method_2,M0,beta_2_2,4,CP02-VHF-2021,VHF — 2021,15,21,7,3.84761994927192e-08,18.4590747330961,2.3918853557385,1.00000000000001,true,true,ok_conditional,Exact Beta-Binomial marginal; M0 cell marginals are cross-cell dependent.
pmf,secondary_liberal,secondary_liberal_method_2,M0,beta_2_2,4,CP02-VHF-2021,VHF — 2021,15,21,8,3.63886610096108e-07,18.4590747330961,2.3918853557385,1.00000000000001,true,true,ok_conditional,Exact Beta-Binomial marginal; M0 cell marginals are cross-cell dependent.
pmf,secondary_liberal,secondary_liberal_method_2,M0,beta_2_2,4,CP02-VHF-2021,VHF — 2021,15,21,9,2.91372974026192e-06,18.4590747330961,2.3918853557385,1.00000000000001,true,true,ok_conditional,Exact Beta-Binomial marginal; M0 cell marginals are cross-cell dependent.
pmf,secondary_liberal,secondary_liberal_method_2,M0,beta_2_2,4,CP02-VHF-2021,VHF — 2021,15,21,10,1.98910616935208e-05,18.4590747330961,2.3918853557385,1.00000000000001,true,true,ok_conditional,Exact Beta-Binomial marginal; M0 cell marginals are cross-cell dependent.
pmf,secondary_liberal,secondary_liberal_method_2,M0,beta_2_2,4,CP02-VHF-2021,VHF — 2021,15,21,11,0.000116181883073521,18.4590747330961,2.3918853557385,1.00000000000001,true,true,ok_conditional,Exact Beta-Binomial marginal; M0 cell marginals are cross-cell dependent.
pmf,secondary_liberal,secondary_liberal_method_2,M0,beta_2_2,4,CP02-VHF-2021,VHF — 2021,15,21,12,0.000580909415367738,18.4590747330961,2.3918853557385,1.00000000000001,true,true,ok_conditional,Exact Beta-Binomial marginal; M0 cell marginals are cross-cell dependent.
pmf,secondary_liberal,secondary_liberal_method_2,M0,beta_2_2,4,CP02-VHF-2021,VHF — 2021,15,21,13,0.00248003635022332,18.4590747330961,2.3918853557385,1.00000000000001,true,true,ok_conditional,Exact Beta-Binomial marginal; M0 cell marginals are cross-cell dependent.
pmf,secondary_liberal,secondary_liberal_method_2,M0,beta_2_2,4,CP02-VHF-2021,VHF — 2021,15,21,14,0.00898689130394553,18.4590747330961,2.3918853557385,1.00000000000001,true,true,ok_conditional,Exact Beta-Binomial marginal; M0 cell marginals are cross-cell dependent.
pmf,secondary_liberal,secondary_liberal_method_2,M0,beta_2_2,4,CP02-VHF-2021,VHF — 2021,15,21,15,0.0273650840205105,18.4590747330961,2.3918853557385,1.00000000000001,true,true,ok_conditional,Exact Beta-Binomial marginal; M0 cell marginals are cross-cell dependent.
pmf,secondary_liberal,secondary_liberal_method_2,M0,beta_2_2,4,CP02-VHF-2021,VHF — 2021,15,21,16,0.0689389616670604,18.4590747330961,2.3918853557385,1.00000000000001,true,true,ok_conditional,Exact Beta-Binomial marginal; M0 cell marginals are cross-cell dependent.
pmf,secondary_liberal,secondary_liberal_method_2,M0,beta_2_2,4,CP02-VHF-2021,VHF — 2021,15,21,17,0.14033240648946,18.4590747330961,2.3918853557385,1.00000000000001,true,true,ok_conditional,Exact Beta-Binomial marginal; M0 cell marginals are cross-cell dependent.
pmf,secondary_liberal,secondary_liberal_method_2,M0,beta_2_2,4,CP02-VHF-2021,VHF — 2021,15,21,18,0.222509040920159,18.4590747330961,2.3918853557385,1.00000000000001,true,true,ok_conditional,Exact Beta-Binomial marginal; M0 cell marginals are cross-cell dependent.
pmf,secondary_liberal,secondary_liberal_method_2,M0,beta_2_2,4,CP02-VHF-2021,VHF — 2021,15,21,19,0.258617964227401,18.4590747330961,2.3918853557385,1.00000000000001,true,true,ok_conditional,Exact Beta-Binomial marginal; M0 cell marginals are cross-cell dependent.
pmf,secondary_liberal,secondary_liberal_method_2,M0,beta_2_2,4,CP02-VHF-2021,VHF — 2021,15,21,20,0.196549652812847,18.4590747330961,2.3918853557385,1.00000000000001,true,true,ok_conditional,Exact Beta-Binomial marginal; M0 cell marginals are cross-cell dependent.
pmf,secondary_liberal,secondary_liberal_method_2,M0,beta_2_2,4,CP02-VHF-2021,VHF — 2021,15,21,21,0.073499660085497,18.4590747330961,2.3918853557385,1.00000000000001,true,true,ok_conditional,Exact Beta-Binomial marginal; M0 cell marginals are cross-cell dependent.
summary,secondary_liberal,secondary_liberal_method_2,M0,beta_2_2,4,CP02-PTT-2021,PTT — 2021,18,20,,,17.5800711743772,2.27044305290851,0.999999999999931,true,true,ok_conditional,Exact Beta-Binomial marginal; M0 cell marginals are cross-cell dependent.
pmf,secondary_liberal,secondary_liberal_method_2,M0,beta_2_2,4,CP02-PTT-2021,PTT — 2021,18,20,0,2.69791074676601e-17,17.5800711743772,2.27044305290851,0.999999999999931,true,true,ok_conditional,Exact Beta-Binomial marginal; M0 cell marginals are cross-cell dependent.
pmf,secondary_liberal,secondary_liberal_method_2,M0,beta_2_2,4,CP02-PTT-2021,PTT — 2021,18,20,1,2.51465643189108e-15,17.5800711743772,2.27044305290851,0.999999999999931,true,true,ok_conditional,Exact Beta-Binomial marginal; M0 cell marginals are cross-cell dependent.
pmf,secondary_liberal,secondary_liberal_method_2,M0,beta_2_2,4,CP02-PTT-2021,PTT — 2021,18,20,2,1.13933279875688e-13,17.5800711743772,2.27044305290851,0.999999999999931,true,true,ok_conditional,Exact Beta-Binomial marginal; M0 cell marginals are cross-cell dependent.
pmf,secondary_liberal,secondary_liberal_method_2,M0,beta_2_2,4,CP02-PTT-2021,PTT — 2021,18,20,3,3.33757490459385e-12,17.5800711743772,2.27044305290851,0.999999999999931,true,true,ok_conditional,Exact Beta-Binomial marginal; M0 cell marginals are cross-cell dependent.
pmf,secondary_liberal,secondary_liberal_method_2,M0,beta_2_2,4,CP02-PTT-2021,PTT — 2021,18,20,4,7.09234667226143e-11,17.5800711743772,2.27044305290851,0.999999999999931,true,true,ok_conditional,Exact Beta-Binomial marginal; M0 cell marginals are cross-cell dependent.
pmf,secondary_liberal,secondary_liberal_method_2,M0,beta_2_2,4,CP02-PTT-2021,PTT — 2021,18,20,5,1.16256588717541e-09,17.5800711743772,2.27044305290851,0.999999999999931,true,true,ok_conditional,Exact Beta-Binomial marginal; M0 cell marginals are cross-cell dependent.
pmf,secondary_liberal,secondary_liberal_method_2,M0,beta_2_2,4,CP02-PTT-2021,PTT — 2021,18,20,6,1.52586772691777e-08,17.5800711743772,2.27044305290851,0.999999999999931,true,true,ok_conditional,Exact Beta-Binomial marginal; M0 cell marginals are cross-cell dependent.
pmf,secondary_liberal,secondary_liberal_method_2,M0,beta_2_2,4,CP02-PTT-2021,PTT — 2021,18,20,7,1.64274270174579e-07,17.5800711743772,2.27044305290851,0.999999999999931,true,true,ok_conditional,Exact Beta-Binomial marginal; M0 cell marginals are cross-cell dependent.
pmf,secondary_liberal,secondary_liberal_method_2,M0,beta_2_2,4,CP02-PTT-2021,PTT — 2021,18,20,8,1.47400445683845e-06,17.5800711743772,2.27044305290851,0.999999999999931,true,true,ok_conditional,Exact Beta-Binomial marginal; M0 cell marginals are cross-cell dependent.
pmf,secondary_liberal,secondary_liberal_method_2,M0,beta_2_2,4,CP02-PTT-2021,PTT — 2021,18,20,9,1.11369225627768e-05,17.5800711743772,2.27044305290851,0.999999999999931,true,true,ok_conditional,Exact Beta-Binomial marginal; M0 cell marginals are cross-cell dependent.
pmf,secondary_liberal,secondary_liberal_method_2,M0,beta_2_2,4,CP02-PTT-2021,PTT — 2021,18,20,10,7.12763044017751e-05,17.5800711743772,2.27044305290851,0.999999999999931,true,true,ok_conditional,Exact Beta-Binomial marginal; M0 cell marginals are cross-cell dependent.
pmf,secondary_liberal,secondary_liberal_method_2,M0,beta_2_2,4,CP02-PTT-2021,PTT — 2021,18,20,11,0.000387272943578351,17.5800711743772,2.27044305290851,0.999999999999931,true,true,ok_conditional,Exact Beta-Binomial marginal; M0 cell marginals are cross-cell dependent.
pmf,secondary_liberal,secondary_liberal_method_2,M0,beta_2_2,4,CP02-PTT-2021,PTT — 2021,18,20,12,0.00178422177577193,17.5800711743772,2.27044305290851,0.999999999999931,true,true,ok_conditional,Exact Beta-Binomial marginal; M0 cell marginals are cross-cell dependent.
pmf,secondary_liberal,secondary_liberal_method_2,M0,beta_2_2,4,CP02-PTT-2021,PTT — 2021,18,20,13,0.00693603662176205,17.5800711743772,2.27044305290851,0.999999999999931,true,true,ok_conditional,Exact Beta-Binomial marginal; M0 cell marginals are cross-cell dependent.
pmf,secondary_liberal,secondary_liberal_method_2,M0,beta_2_2,4,CP02-PTT-2021,PTT — 2021,18,20,14,0.022542119020727,17.5800711743772,2.27044305290851,0.999999999999931,true,true,ok_conditional,Exact Beta-Binomial marginal; M0 cell marginals are cross-cell dependent.
pmf,secondary_liberal,secondary_liberal_method_2,M0,beta_2_2,4,CP02-PTT-2021,PTT — 2021,18,20,15,0.0603435186093217,17.5800711743772,2.27044305290851,0.999999999999931,true,true,ok_conditional,Exact Beta-Binomial marginal; M0 cell marginals are cross-cell dependent.
pmf,secondary_liberal,secondary_liberal_method_2,M0,beta_2_2,4,CP02-PTT-2021,PTT — 2021,18,20,16,0.130016462793116,17.5800711743772,2.27044305290851,0.999999999999931,true,true,ok_conditional,Exact Beta-Binomial marginal; M0 cell marginals are cross-cell dependent.
pmf,secondary_liberal,secondary_liberal_method_2,M0,beta_2_2,4,CP02-PTT-2021,PTT — 2021,18,20,17,0.217452017262959,17.5800711743772,2.27044305290851,0.999999999999931,true,true,ok_conditional,Exact Beta-Binomial marginal; M0 cell marginals are cross-cell dependent.
pmf,secondary_liberal,secondary_liberal_method_2,M0,beta_2_2,4,CP02-PTT-2021,PTT — 2021,18,20,18,0.26577468776571,17.5800711743772,2.27044305290851,0.999999999999931,true,true,ok_conditional,Exact Beta-Binomial marginal; M0 cell marginals are cross-cell dependent.
pmf,secondary_liberal,secondary_liberal_method_2,M0,beta_2_2,4,CP02-PTT-2021,PTT — 2021,18,20,19,0.211820427843407,17.5800711743772,2.27044305290851,0.999999999999931,true,true,ok_conditional,Exact Beta-Binomial marginal; M0 cell marginals are cross-cell dependent.
pmf,secondary_liberal,secondary_liberal_method_2,M0,beta_2_2,4,CP02-PTT-2021,PTT — 2021,18,20,20,0.0828591673622662,17.5800711743772,2.27044305290851,0.999999999999931,true,true,ok_conditional,Exact Beta-Binomial marginal; M0 cell marginals are cross-cell dependent.
summary,secondary_liberal,secondary_liberal_method_2,M0,beta_2_2,4,CP02-VHF-2022,VHF — 2022,12,16,,,14.0640569395018,1.79221684176433,0.999999999999983,true,true,ok_conditional,Exact Beta-Binomial marginal; M0 cell marginals are cross-cell dependent.
pmf,secondary_liberal,secondary_liberal_method_2,M0,beta_2_2,4,CP02-VHF-2022,VHF — 2022,12,16,0,3.04770790051277e-14,14.0640569395018,1.79221684176433,0.999999999999983,true,true,ok_conditional,Exact Beta-Binomial marginal; M0 cell marginals are cross-cell dependent.
pmf,secondary_liberal,secondary_liberal_method_2,M0,beta_2_2,4,CP02-VHF-2022,VHF — 2022,12,16,1,2.45806971894444e-12,14.0640569395018,1.79221684176433,0.999999999999983,true,true,ok_conditional,Exact Beta-Binomial marginal; M0 cell marginals are cross-cell dependent.
pmf,secondary_liberal,secondary_liberal_method_2,M0,beta_2_2,4,CP02-VHF-2022,VHF — 2022,12,16,2,9.52502016090808e-11,14.0640569395018,1.79221684176433,0.999999999999983,true,true,ok_conditional,Exact Beta-Binomial marginal; M0 cell marginals are cross-cell dependent.
pmf,secondary_liberal,secondary_liberal_method_2,M0,beta_2_2,4,CP02-VHF-2022,VHF — 2022,12,16,3,2.35490923978257e-09,14.0640569395018,1.79221684176433,0.999999999999983,true,true,ok_conditional,Exact Beta-Binomial marginal; M0 cell marginals are cross-cell dependent.
pmf,secondary_liberal,secondary_liberal_method_2,M0,beta_2_2,4,CP02-VHF-2022,VHF — 2022,12,16,4,4.1594864289638e-08,14.0640569395018,1.79221684176433,0.999999999999983,true,true,ok_conditional,Exact Beta-Binomial marginal; M0 cell marginals are cross-cell dependent.
pmf,secondary_liberal,secondary_liberal_method_2,M0,beta_2_2,4,CP02-VHF-2022,VHF — 2022,12,16,5,5.56816583290493e-07,14.0640569395018,1.79221684176433,0.999999999999983,true,true,ok_conditional,Exact Beta-Binomial marginal; M0 cell marginals are cross-cell dependent.
pmf,secondary_liberal,secondary_liberal_method_2,M0,beta_2_2,4,CP02-VHF-2022,VHF — 2022,12,16,6,5.84657412455086e-06,14.0640569395018,1.79221684176433,0.999999999999983,true,true,ok_conditional,Exact Beta-Binomial marginal; M0 cell marginals are cross-cell dependent.
pmf,secondary_liberal,secondary_liberal_method_2,M0,beta_2_2,4,CP02-VHF-2022,VHF — 2022,12,16,7,4.9142300781113e-05,14.0640569395018,1.79221684176433,0.999999999999983,true,true,ok_conditional,Exact Beta-Binomial marginal; M0 cell marginals are cross-cell dependent.
pmf,secondary_liberal,secondary_liberal_method_2,M0,beta_2_2,4,CP02-VHF-2022,VHF — 2022,12,16,8,0.000334343153528652,14.0640569395018,1.79221684176433,0.999999999999983,true,true,ok_conditional,Exact Beta-Binomial marginal; M0 cell marginals are cross-cell dependent.
pmf,secondary_liberal,secondary_liberal_method_2,M0,beta_2_2,4,CP02-VHF-2022,VHF — 2022,12,16,9,0.00184840117397926,14.0640569395018,1.79221684176433,0.999999999999983,true,true,ok_conditional,Exact Beta-Binomial marginal; M0 cell marginals are cross-cell dependent.
pmf,secondary_liberal,secondary_liberal_method_2,M0,beta_2_2,4,CP02-VHF-2022,VHF — 2022,12,16,10,0.00828083725942729,14.0640569395018,1.79221684176433,0.999999999999983,true,true,ok_conditional,Exact Beta-Binomial marginal; M0 cell marginals are cross-cell dependent.
pmf,secondary_liberal,secondary_liberal_method_2,M0,beta_2_2,4,CP02-VHF-2022,VHF — 2022,12,16,11,0.0297646877716465,14.0640569395018,1.79221684176433,0.999999999999983,true,true,ok_conditional,Exact Beta-Binomial marginal; M0 cell marginals are cross-cell dependent.
pmf,secondary_liberal,secondary_liberal_method_2,M0,beta_2_2,4,CP02-VHF-2022,VHF — 2022,12,16,12,0.0842027351434889,14.0640569395018,1.79221684176433,0.999999999999983,true,true,ok_conditional,Exact Beta-Binomial marginal; M0 cell marginals are cross-cell dependent.
pmf,secondary_liberal,secondary_liberal_method_2,M0,beta_2_2,4,CP02-VHF-2022,VHF — 2022,12,16,13,0.181359737232149,14.0640569395018,1.79221684176433,0.999999999999983,true,true,ok_conditional,Exact Beta-Binomial marginal; M0 cell marginals are cross-cell dependent.
pmf,secondary_liberal,secondary_liberal_method_2,M0,beta_2_2,4,CP02-VHF-2022,VHF — 2022,12,16,14,0.28067578381166,14.0640569395018,1.79221684176433,0.999999999999983,true,true,ok_conditional,Exact Beta-Binomial marginal; M0 cell marginals are cross-cell dependent.
pmf,secondary_liberal,secondary_liberal_method_2,M0,beta_2_2,4,CP02-VHF-2022,VHF — 2022,12,16,15,0.279071922189839,14.0640569395018,1.79221684176433,0.999999999999983,true,true,ok_conditional,Exact Beta-Binomial marginal; M0 cell marginals are cross-cell dependent.
pmf,secondary_liberal,secondary_liberal_method_2,M0,beta_2_2,4,CP02-VHF-2022,VHF — 2022,12,16,16,0.134405962525263,14.0640569395018,1.79221684176433,0.999999999999983,true,true,ok_conditional,Exact Beta-Binomial marginal; M0 cell marginals are cross-cell dependent.
summary,secondary_liberal,secondary_liberal_method_2,M0,beta_2_2,4,CP02-PTT-2022,PTT — 2022,24,24,,,21.0960854092527,2.76073806433394,0.999999999999866,true,true,ok_conditional,Exact Beta-Binomial marginal; M0 cell marginals are cross-cell dependent.
pmf,secondary_liberal,secondary_liberal_method_2,M0,beta_2_2,4,CP02-PTT-2022,PTT — 2022,24,24,0,3.05462048157507e-20,21.0960854092527,2.76073806433394,0.999999999999866,true,true,ok_conditional,Exact Beta-Binomial marginal; M0 cell marginals are cross-cell dependent.
pmf,secondary_liberal,secondary_liberal_method_2,M0,beta_2_2,4,CP02-PTT-2022,PTT — 2022,24,24,1,3.1768053008378e-18,21.0960854092527,2.76073806433394,0.999999999999866,true,true,ok_conditional,Exact Beta-Binomial marginal; M0 cell marginals are cross-cell dependent.
pmf,secondary_liberal,secondary_liberal_method_2,M0,beta_2_2,4,CP02-PTT-2022,PTT — 2022,24,24,2,1.6179015567838e-16,21.0960854092527,2.76073806433394,0.999999999999866,true,true,ok_conditional,Exact Beta-Binomial marginal; M0 cell marginals are cross-cell dependent.
pmf,secondary_liberal,secondary_liberal_method_2,M0,beta_2_2,4,CP02-PTT-2022,PTT — 2022,24,24,3,5.37143316852304e-15,21.0960854092527,2.76073806433394,0.999999999999866,true,true,ok_conditional,Exact Beta-Binomial marginal; M0 cell marginals are cross-cell dependent.
pmf,secondary_liberal,secondary_liberal_method_2,M0,beta_2_2,4,CP02-PTT-2022,PTT — 2022,24,24,4,1.30555667290502e-13,21.0960854092527,2.76073806433394,0.999999999999866,true,true,ok_conditional,Exact Beta-Binomial marginal; M0 cell marginals are cross-cell dependent.
pmf,secondary_liberal,secondary_liberal_method_2,M0,beta_2_2,4,CP02-PTT-2022,PTT — 2022,24,24,5,2.47316773508714e-12,21.0960854092527,2.76073806433394,0.999999999999866,true,true,ok_conditional,Exact Beta-Binomial marginal; M0 cell marginals are cross-cell dependent.
pmf,secondary_liberal,secondary_liberal_method_2,M0,beta_2_2,4,CP02-PTT-2022,PTT — 2022,24,24,6,3.79536125499908e-11,21.0960854092527,2.76073806433394,0.999999999999866,true,true,ok_conditional,Exact Beta-Binomial marginal; M0 cell marginals are cross-cell dependent.
pmf,secondary_liberal,secondary_liberal_method_2,M0,beta_2_2,4,CP02-PTT-2022,PTT — 2022,24,24,7,4.84147763452922e-10,21.0960854092527,2.76073806433394,0.999999999999866,true,true,ok_conditional,Exact Beta-Binomial marginal; M0 cell marginals are cross-cell dependent.
pmf,secondary_liberal,secondary_liberal_method_2,M0,beta_2_2,4,CP02-PTT-2022,PTT — 2022,24,24,8,5.22637510647476e-09,21.0960854092527,2.76073806433394,0.999999999999866,true,true,ok_conditional,Exact Beta-Binomial marginal; M0 cell marginals are cross-cell dependent.
pmf,secondary_liberal,secondary_liberal_method_2,M0,beta_2_2,4,CP02-PTT-2022,PTT — 2022,24,24,9,4.83528581279221e-08,21.0960854092527,2.76073806433394,0.999999999999866,true,true,ok_conditional,Exact Beta-Binomial marginal; M0 cell marginals are cross-cell dependent.
pmf,secondary_liberal,secondary_liberal_method_2,M0,beta_2_2,4,CP02-PTT-2022,PTT — 2022,24,24,10,3.86822865023362e-07,21.0960854092527,2.76073806433394,0.999999999999866,true,true,ok_conditional,Exact Beta-Binomial marginal; M0 cell marginals are cross-cell dependent.
pmf,secondary_liberal,secondary_liberal_method_2,M0,beta_2_2,4,CP02-PTT-2022,PTT — 2022,24,24,11,2.69204771441809e-06,21.0960854092527,2.76073806433394,0.999999999999866,true,true,ok_conditional,Exact Beta-Binomial marginal; M0 cell marginals are cross-cell dependent.
pmf,secondary_liberal,secondary_liberal_method_2,M0,beta_2_2,4,CP02-PTT-2022,PTT — 2022,24,24,12,1.63571160039141e-05,21.0960854092527,2.76073806433394,0.999999999999866,true,true,ok_conditional,Exact Beta-Binomial marginal; M0 cell marginals are cross-cell dependent.
pmf,secondary_liberal,secondary_liberal_method_2,M0,beta_2_2,4,CP02-PTT-2022,PTT — 2022,24,24,13,8.6902421436168e-05,21.0960854092527,2.76073806433394,0.999999999999866,true,true,ok_conditional,Exact Beta-Binomial marginal; M0 cell marginals are cross-cell dependent.
pmf,secondary_liberal,secondary_liberal_method_2,M0,beta_2_2,4,CP02-PTT-2022,PTT — 2022,24,24,14,0.000403475528096511,21.0960854092527,2.76073806433394,0.999999999999866,true,true,ok_conditional,Exact Beta-Binomial marginal; M0 cell marginals are cross-cell dependent.
pmf,secondary_liberal,secondary_liberal_method_2,M0,beta_2_2,4,CP02-PTT-2022,PTT — 2022,24,24,15,0.00163266841601824,21.0960854092527,2.76073806433394,0.999999999999866,true,true,ok_conditional,Exact Beta-Binomial marginal; M0 cell marginals are cross-cell dependent.
pmf,secondary_liberal,secondary_liberal_method_2,M0,beta_2_2,4,CP02-PTT-2022,PTT — 2022,24,24,16,0.0057289168526354,21.0960854092527,2.76073806433394,0.999999999999866,true,true,ok_conditional,Exact Beta-Binomial marginal; M0 cell marginals are cross-cell dependent.
pmf,secondary_liberal,secondary_liberal_method_2,M0,beta_2_2,4,CP02-PTT-2022,PTT — 2022,24,24,17,0.0172936026656335,21.0960854092527,2.76073806433394,0.999999999999866,true,true,ok_conditional,Exact Beta-Binomial marginal; M0 cell marginals are cross-cell dependent.
pmf,secondary_liberal,secondary_liberal_method_2,M0,beta_2_2,4,CP02-PTT-2022,PTT — 2022,24,24,18,0.044386913508448,21.0960854092527,2.76073806433394,0.999999999999866,true,true,ok_conditional,Exact Beta-Binomial marginal; M0 cell marginals are cross-cell dependent.
pmf,secondary_liberal,secondary_liberal_method_2,M0,beta_2_2,4,CP02-PTT-2022,PTT — 2022,24,24,19,0.095243174734733,21.0960854092527,2.76073806433394,0.999999999999866,true,true,ok_conditional,Exact Beta-Binomial marginal; M0 cell marginals are cross-cell dependent.
pmf,secondary_liberal,secondary_liberal_method_2,M0,beta_2_2,4,CP02-PTT-2022,PTT — 2022,24,24,20,0.16667555578576,21.0960854092527,2.76073806433394,0.999999999999866,true,true,ok_conditional,Exact Beta-Binomial marginal; M0 cell marginals are cross-cell dependent.
pmf,secondary_liberal,secondary_liberal_method_2,M0,beta_2_2,4,CP02-PTT-2022,PTT — 2022,24,24,21,0.229098447334926,21.0960854092527,2.76073806433394,0.999999999999866,true,true,ok_conditional,Exact Beta-Binomial marginal; M0 cell marginals are cross-cell dependent.
pmf,secondary_liberal,secondary_liberal_method_2,M0,beta_2_2,4,CP02-PTT-2022,PTT — 2022,24,24,22,0.232569635930932,21.0960854092527,2.76073806433394,0.999999999999866,true,true,ok_conditional,Exact Beta-Binomial marginal; M0 cell marginals are cross-cell dependent.
pmf,secondary_liberal,secondary_liberal_method_2,M0,beta_2_2,4,CP02-PTT-2022,PTT — 2022,24,24,23,0.155431632460642,21.0960854092527,2.76073806433394,0.999999999999866,true,true,ok_conditional,Exact Beta-Binomial marginal; M0 cell marginals are cross-cell dependent.
pmf,secondary_liberal,secondary_liberal_method_2,M0,beta_2_2,4,CP02-PTT-2022,PTT — 2022,24,24,24,0.0514295842700788,21.0960854092527,2.76073806433394,0.999999999999866,true,true,ok_conditional,Exact Beta-Binomial marginal; M0 cell marginals are cross-cell dependent.
summary,secondary_liberal,secondary_liberal_method_2,M1,beta_2_2,4,CP02-VHF-2015,VHF — 2015,15,15,,,13.4210526315789,2.4016620498615,1,true,true,ok_conditional,Exact Beta-Binomial marginal; M0 cell marginals are cross-cell dependent.
pmf,secondary_liberal,secondary_liberal_method_2,M1,beta_2_2,4,CP02-VHF-2015,VHF — 2015,15,15,0,1.54267672461038e-08,13.4210526315789,2.4016620498615,1,true,true,ok_conditional,Exact Beta-Binomial marginal; M0 cell marginals are cross-cell dependent.
pmf,secondary_liberal,secondary_liberal_method_2,M1,beta_2_2,4,CP02-VHF-2015,VHF — 2015,15,15,1,2.45864102984778e-07,13.4210526315789,2.4016620498615,1,true,true,ok_conditional,Exact Beta-Binomial marginal; M0 cell marginals are cross-cell dependent.
pmf,secondary_liberal,secondary_liberal_method_2,M1,beta_2_2,4,CP02-VHF-2015,VHF — 2015,15,15,2,2.06525846507216e-06,13.4210526315789,2.4016620498615,1,true,true,ok_conditional,Exact Beta-Binomial marginal; M0 cell marginals are cross-cell dependent.
pmf,secondary_liberal,secondary_liberal_method_2,M1,beta_2_2,4,CP02-VHF-2015,VHF — 2015,15,15,3,1.21456866874481e-05,13.4210526315789,2.4016620498615,1,true,true,ok_conditional,Exact Beta-Binomial marginal; M0 cell marginals are cross-cell dependent.
pmf,secondary_liberal,secondary_liberal_method_2,M1,beta_2_2,4,CP02-VHF-2015,VHF — 2015,15,15,4,5.60570154805297e-05,13.4210526315789,2.4016620498615,1,true,true,ok_conditional,Exact Beta-Binomial marginal; M0 cell marginals are cross-cell dependent.
pmf,secondary_liberal,secondary_liberal_method_2,M1,beta_2_2,4,CP02-VHF-2015,VHF — 2015,15,15,5,0.000215819509600039,13.4210526315789,2.4016620498615,1,true,true,ok_conditional,Exact Beta-Binomial marginal; M0 cell marginals are cross-cell dependent.
pmf,secondary_liberal,secondary_liberal_method_2,M1,beta_2_2,4,CP02-VHF-2015,VHF — 2015,15,15,6,0.000719398365333459,13.4210526315789,2.4016620498615,1,true,true,ok_conditional,Exact Beta-Binomial marginal; M0 cell marginals are cross-cell dependent.
pmf,secondary_liberal,secondary_liberal_method_2,M1,beta_2_2,4,CP02-VHF-2015,VHF — 2015,15,15,7,0.00212736373748609,13.4210526315789,2.4016620498615,1,true,true,ok_conditional,Exact Beta-Binomial marginal; M0 cell marginals are cross-cell dependent.
pmf,secondary_liberal,secondary_liberal_method_2,M1,beta_2_2,4,CP02-VHF-2015,VHF — 2015,15,15,8,0.00567296996662963,13.4210526315789,2.4016620498615,1,true,true,ok_conditional,Exact Beta-Binomial marginal; M0 cell marginals are cross-cell dependent.
pmf,secondary_liberal,secondary_liberal_method_2,M1,beta_2_2,4,CP02-VHF-2015,VHF — 2015,15,15,9,0.0137884686688914,13.4210526315789,2.4016620498615,1,true,true,ok_conditional,Exact Beta-Binomial marginal; M0 cell marginals are cross-cell dependent.
pmf,secondary_liberal,secondary_liberal_method_2,M1,beta_2_2,4,CP02-VHF-2015,VHF — 2015,15,15,10,0.0307285873192438,13.4210526315789,2.4016620498615,1,true,true,ok_conditional,Exact Beta-Binomial marginal; M0 cell marginals are cross-cell dependent.
pmf,secondary_liberal,secondary_liberal_method_2,M1,beta_2_2,4,CP02-VHF-2015,VHF — 2015,15,15,11,0.0628539286075445,13.4210526315789,2.4016620498615,1,true,true,ok_conditional,Exact Beta-Binomial marginal; M0 cell marginals are cross-cell dependent.
pmf,secondary_liberal,secondary_liberal_method_2,M1,beta_2_2,4,CP02-VHF-2015,VHF — 2015,15,15,12,0.117327333400748,13.4210526315789,2.4016620498615,1,true,true,ok_conditional,Exact Beta-Binomial marginal; M0 cell marginals are cross-cell dependent.
pmf,secondary_liberal,secondary_liberal_method_2,M1,beta_2_2,4,CP02-VHF-2015,VHF — 2015,15,15,13,0.196297653958943,13.4210526315789,2.4016620498615,1,true,true,ok_conditional,Exact Beta-Binomial marginal; M0 cell marginals are cross-cell dependent.
pmf,secondary_liberal,secondary_liberal_method_2,M1,beta_2_2,4,CP02-VHF-2015,VHF — 2015,15,15,14,0.280425219941351,13.4210526315789,2.4016620498615,1,true,true,ok_conditional,Exact Beta-Binomial marginal; M0 cell marginals are cross-cell dependent.
pmf,secondary_liberal,secondary_liberal_method_2,M1,beta_2_2,4,CP02-VHF-2015,VHF — 2015,15,15,15,0.289772727272727,13.4210526315789,2.4016620498615,1,true,true,ok_conditional,Exact Beta-Binomial marginal; M0 cell marginals are cross-cell dependent.
summary,secondary_liberal,secondary_liberal_method_2,M1,beta_2_2,4,CP02-VHF-2016,VHF — 2016,32,32,,,30.2222222222222,3.08575241908575,1.00000000000004,true,true,ok_conditional,Exact Beta-Binomial marginal; M0 cell marginals are cross-cell dependent.
pmf,secondary_liberal,secondary_liberal_method_2,M1,beta_2_2,4,CP02-VHF-2016,VHF — 2016,32,32,0,2.46019393255077e-18,30.2222222222222,3.08575241908575,1.00000000000004,true,true,ok_conditional,Exact Beta-Binomial marginal; M0 cell marginals are cross-cell dependent.
pmf,secondary_liberal,secondary_liberal_method_2,M1,beta_2_2,4,CP02-VHF-2016,VHF — 2016,32,32,1,8.11118484428844e-17,30.2222222222222,3.08575241908575,1.00000000000004,true,true,ok_conditional,Exact Beta-Binomial marginal; M0 cell marginals are cross-cell dependent.
pmf,secondary_liberal,secondary_liberal_method_2,M1,beta_2_2,4,CP02-VHF-2016,VHF — 2016,32,32,2,1.37509930563328e-15,30.2222222222222,3.08575241908575,1.00000000000004,true,true,ok_conditional,Exact Beta-Binomial marginal; M0 cell marginals are cross-cell dependent.
pmf,secondary_liberal,secondary_liberal_method_2,M1,beta_2_2,4,CP02-VHF-2016,VHF — 2016,32,32,3,1.59688951621934e-14,30.2222222222222,3.08575241908575,1.00000000000004,true,true,ok_conditional,Exact Beta-Binomial marginal; M0 cell marginals are cross-cell dependent.
pmf,secondary_liberal,secondary_liberal_method_2,M1,beta_2_2,4,CP02-VHF-2016,VHF — 2016,32,32,4,1.42788537575277e-13,30.2222222222222,3.08575241908575,1.00000000000004,true,true,ok_conditional,Exact Beta-Binomial marginal; M0 cell marginals are cross-cell dependent.
pmf,secondary_liberal,secondary_liberal_method_2,M1,beta_2_2,4,CP02-VHF-2016,VHF — 2016,32,32,5,1.04777244124201e-12,30.2222222222222,3.08575241908575,1.00000000000004,true,true,ok_conditional,Exact Beta-Binomial marginal; M0 cell marginals are cross-cell dependent.
pmf,secondary_liberal,secondary_liberal_method_2,M1,beta_2_2,4,CP02-VHF-2016,VHF — 2016,32,32,6,6.56728797992762e-12,30.2222222222222,3.08575241908575,1.00000000000004,true,true,ok_conditional,Exact Beta-Binomial marginal; M0 cell marginals are cross-cell dependent.
pmf,secondary_liberal,secondary_liberal_method_2,M1,beta_2_2,4,CP02-VHF-2016,VHF — 2016,32,32,7,3.61374576673271e-11,30.2222222222222,3.08575241908575,1.00000000000004,true,true,ok_conditional,Exact Beta-Binomial marginal; M0 cell marginals are cross-cell dependent.
pmf,secondary_liberal,secondary_liberal_method_2,M1,beta_2_2,4,CP02-VHF-2016,VHF — 2016,32,32,8,1.78081221677935e-10,30.2222222222222,3.08575241908575,1.00000000000004,true,true,ok_conditional,Exact Beta-Binomial marginal; M0 cell marginals are cross-cell dependent.
pmf,secondary_liberal,secondary_liberal_method_2,M1,beta_2_2,4,CP02-VHF-2016,VHF — 2016,32,32,9,7.97803873117141e-10,30.2222222222222,3.08575241908575,1.00000000000004,true,true,ok_conditional,Exact Beta-Binomial marginal; M0 cell marginals are cross-cell dependent.
pmf,secondary_liberal,secondary_liberal_method_2,M1,beta_2_2,4,CP02-VHF-2016,VHF — 2016,32,32,10,3.28761679380362e-09,30.2222222222222,3.08575241908575,1.00000000000004,true,true,ok_conditional,Exact Beta-Binomial marginal; M0 cell marginals are cross-cell dependent.
pmf,secondary_liberal,secondary_liberal_method_2,M1,beta_2_2,4,CP02-VHF-2016,VHF — 2016,32,32,11,1.25787077328138e-08,30.2222222222222,3.08575241908575,1.00000000000004,true,true,ok_conditional,Exact Beta-Binomial marginal; M0 cell marginals are cross-cell dependent.
pmf,secondary_liberal,secondary_liberal_method_2,M1,beta_2_2,4,CP02-VHF-2016,VHF — 2016,32,32,12,4.50260560890486e-08,30.2222222222222,3.08575241908575,1.00000000000004,true,true,ok_conditional,Exact Beta-Binomial marginal; M0 cell marginals are cross-cell dependent.
pmf,secondary_liberal,secondary_liberal_method_2,M1,beta_2_2,4,CP02-VHF-2016,VHF — 2016,32,32,13,1.51736159714011e-07,30.2222222222222,3.08575241908575,1.00000000000004,true,true,ok_conditional,Exact Beta-Binomial marginal; M0 cell marginals are cross-cell dependent.
pmf,secondary_liberal,secondary_liberal_method_2,M1,beta_2_2,4,CP02-VHF-2016,VHF — 2016,32,32,14,4.8392996651646e-07,30.2222222222222,3.08575241908575,1.00000000000004,true,true,ok_conditional,Exact Beta-Binomial marginal; M0 cell marginals are cross-cell dependent.
pmf,secondary_liberal,secondary_liberal_method_2,M1,beta_2_2,4,CP02-VHF-2016,VHF — 2016,32,32,15,1.46707189849205e-06,30.2222222222222,3.08575241908575,1.00000000000004,true,true,ok_conditional,Exact Beta-Binomial marginal; M0 cell marginals are cross-cell dependent.
pmf,secondary_liberal,secondary_liberal_method_2,M1,beta_2_2,4,CP02-VHF-2016,VHF — 2016,32,32,16,4.24330170640244e-06,30.2222222222222,3.08575241908575,1.00000000000004,true,true,ok_conditional,Exact Beta-Binomial marginal; M0 cell marginals are cross-cell dependent.
pmf,secondary_liberal,secondary_liberal_method_2,M1,beta_2_2,4,CP02-VHF-2016,VHF — 2016,32,32,17,1.17461638931552e-05,30.2222222222222,3.08575241908575,1.00000000000004,true,true,ok_conditional,Exact Beta-Binomial marginal; M0 cell marginals are cross-cell dependent.
pmf,secondary_liberal,secondary_liberal_method_2,M1,beta_2_2,4,CP02-VHF-2016,VHF — 2016,32,32,18,3.12007478411925e-05,30.2222222222222,3.08575241908575,1.00000000000004,true,true,ok_conditional,Exact Beta-Binomial marginal; M0 cell marginals are cross-cell dependent.
pmf,secondary_liberal,secondary_liberal_method_2,M1,beta_2_2,4,CP02-VHF-2016,VHF — 2016,32,32,19,7.96987523803124e-05,30.2222222222222,3.08575241908575,1.00000000000004,true,true,ok_conditional,Exact Beta-Binomial marginal; M0 cell marginals are cross-cell dependent.
pmf,secondary_liberal,secondary_liberal_method_2,M1,beta_2_2,4,CP02-VHF-2016,VHF — 2016,32,32,20,0.00019611585853584,30.2222222222222,3.08575241908575,1.00000000000004,true,true,ok_conditional,Exact Beta-Binomial marginal; M0 cell marginals are cross-cell dependent.
pmf,secondary_liberal,secondary_liberal_method_2,M1,beta_2_2,4,CP02-VHF-2016,VHF — 2016,32,32,21,0.000465505774107023,30.2222222222222,3.08575241908575,1.00000000000004,true,true,ok_conditional,Exact Beta-Binomial marginal; M0 cell marginals are cross-cell dependent.
pmf,secondary_liberal,secondary_liberal_method_2,M1,beta_2_2,4,CP02-VHF-2016,VHF — 2016,32,32,22,0.001066784065662,30.2222222222222,3.08575241908575,1.00000000000004,true,true,ok_conditional,Exact Beta-Binomial marginal; M0 cell marginals are cross-cell dependent.
pmf,secondary_liberal,secondary_liberal_method_2,M1,beta_2_2,4,CP02-VHF-2016,VHF — 2016,32,32,23,0.00236126117300677,30.2222222222222,3.08575241908575,1.00000000000004,true,true,ok_conditional,Exact Beta-Binomial marginal; M0 cell marginals are cross-cell dependent.
pmf,secondary_liberal,secondary_liberal_method_2,M1,beta_2_2,4,CP02-VHF-2016,VHF — 2016,32,32,24,0.00504719575730207,30.2222222222222,3.08575241908575,1.00000000000004,true,true,ok_conditional,Exact Beta-Binomial marginal; M0 cell marginals are cross-cell dependent.
pmf,secondary_liberal,secondary_liberal_method_2,M1,beta_2_2,4,CP02-VHF-2016,VHF — 2016,32,32,25,0.0104084392506137,30.2222222222222,3.08575241908575,1.00000000000004,true,true,ok_conditional,Exact Beta-Binomial marginal; M0 cell marginals are cross-cell dependent.
pmf,secondary_liberal,secondary_liberal_method_2,M1,beta_2_2,4,CP02-VHF-2016,VHF — 2016,32,32,26,0.0206667567812664,30.2222222222222,3.08575241908575,1.00000000000004,true,true,ok_conditional,Exact Beta-Binomial marginal; M0 cell marginals are cross-cell dependent.
pmf,secondary_liberal,secondary_liberal_method_2,M1,beta_2_2,4,CP02-VHF-2016,VHF — 2016,32,32,27,0.0393652510119375,30.2222222222222,3.08575241908575,1.00000000000004,true,true,ok_conditional,Exact Beta-Binomial marginal; M0 cell marginals are cross-cell dependent.
pmf,secondary_liberal,secondary_liberal_method_2,M1,beta_2_2,4,CP02-VHF-2016,VHF — 2016,32,32,28,0.0714666759442897,30.2222222222222,3.08575241908575,1.00000000000004,true,true,ok_conditional,Exact Beta-Binomial marginal; M0 cell marginals are cross-cell dependent.
pmf,secondary_liberal,secondary_liberal_method_2,M1,beta_2_2,4,CP02-VHF-2016,VHF — 2016,32,32,29,0.122232659546096,30.2222222222222,3.08575241908575,1.00000000000004,true,true,ok_conditional,Exact Beta-Binomial marginal; M0 cell marginals are cross-cell dependent.
pmf,secondary_liberal,secondary_liberal_method_2,M1,beta_2_2,4,CP02-VHF-2016,VHF — 2016,32,32,30,0.192516438785098,30.2222222222222,3.08575241908575,1.00000000000004,true,true,ok_conditional,Exact Beta-Binomial marginal; M0 cell marginals are cross-cell dependent.
pmf,secondary_liberal,secondary_liberal_method_2,M1,beta_2_2,4,CP02-VHF-2016,VHF — 2016,32,32,31,0.264968861983804,30.2222222222222,3.08575241908575,1.00000000000004,true,true,ok_conditional,Exact Beta-Binomial marginal; M0 cell marginals are cross-cell dependent.
pmf,secondary_liberal,secondary_liberal_method_2,M1,beta_2_2,4,CP02-VHF-2016,VHF — 2016,32,32,32,0.269109000452297,30.2222222222222,3.08575241908575,1.00000000000004,true,true,ok_conditional,Exact Beta-Binomial marginal; M0 cell marginals are cross-cell dependent.
summary,secondary_liberal,secondary_liberal_method_2,M1,beta_2_2,4,CP02-VHF-2017,VHF — 2017,19,22,,,17.7692307692308,6.07495069033531,1.00000000000001,true,true,ok_conditional,Exact Beta-Binomial marginal; M0 cell marginals are cross-cell dependent.
pmf,secondary_liberal,secondary_liberal_method_2,M1,beta_2_2,4,CP02-VHF-2017,VHF — 2017,19,22,0,1.00782682395198e-09,17.7692307692308,6.07495069033531,1.00000000000001,true,true,ok_conditional,Exact Beta-Binomial marginal; M0 cell marginals are cross-cell dependent.
pmf,secondary_liberal,secondary_liberal_method_2,M1,beta_2_2,4,CP02-VHF-2017,VHF — 2017,19,22,1,1.79083074102234e-08,17.7692307692308,6.07495069033531,1.00000000000001,true,true,ok_conditional,Exact Beta-Binomial marginal; M0 cell marginals are cross-cell dependent.
pmf,secondary_liberal,secondary_liberal_method_2,M1,beta_2_2,4,CP02-VHF-2017,VHF — 2017,19,22,2,1.65472760470462e-07,17.7692307692308,6.07495069033531,1.00000000000001,true,true,ok_conditional,Exact Beta-Binomial marginal; M0 cell marginals are cross-cell dependent.
pmf,secondary_liberal,secondary_liberal_method_2,M1,beta_2_2,4,CP02-VHF-2017,VHF — 2017,19,22,3,1.05718708078353e-06,17.7692307692308,6.07495069033531,1.00000000000001,true,true,ok_conditional,Exact Beta-Binomial marginal; M0 cell marginals are cross-cell dependent.
pmf,secondary_liberal,secondary_liberal_method_2,M1,beta_2_2,4,CP02-VHF-2017,VHF — 2017,19,22,4,5.23997074823133e-06,17.7692307692308,6.07495069033531,1.00000000000001,true,true,ok_conditional,Exact Beta-Binomial marginal; M0 cell marginals are cross-cell dependent.
pmf,secondary_liberal,secondary_liberal_method_2,M1,beta_2_2,4,CP02-VHF-2017,VHF — 2017,19,22,5,2.14362439700373e-05,17.7692307692308,6.07495069033531,1.00000000000001,true,true,ok_conditional,Exact Beta-Binomial marginal; M0 cell marginals are cross-cell dependent.
pmf,secondary_liberal,secondary_liberal_method_2,M1,beta_2_2,4,CP02-VHF-2017,VHF — 2017,19,22,6,7.51969828155292e-05,17.7692307692308,6.07495069033531,1.00000000000001,true,true,ok_conditional,Exact Beta-Binomial marginal; M0 cell marginals are cross-cell dependent.
pmf,secondary_liberal,secondary_liberal_method_2,M1,beta_2_2,4,CP02-VHF-2017,VHF — 2017,19,22,7,0.00023203640411649,17.7692307692308,6.07495069033531,1.00000000000001,true,true,ok_conditional,Exact Beta-Binomial marginal; M0 cell marginals are cross-cell dependent.
pmf,secondary_liberal,secondary_liberal_method_2,M1,beta_2_2,4,CP02-VHF-2017,VHF — 2017,19,22,8,0.000641153221900811,17.7692307692308,6.07495069033531,1.00000000000001,true,true,ok_conditional,Exact Beta-Binomial marginal; M0 cell marginals are cross-cell dependent.
pmf,secondary_liberal,secondary_liberal_method_2,M1,beta_2_2,4,CP02-VHF-2017,VHF — 2017,19,22,9,0.00160684079068971,17.7692307692308,6.07495069033531,1.00000000000001,true,true,ok_conditional,Exact Beta-Binomial marginal; M0 cell marginals are cross-cell dependent.
pmf,secondary_liberal,secondary_liberal_method_2,M1,beta_2_2,4,CP02-VHF-2017,VHF — 2017,19,22,10,0.00368628181393524,17.7692307692308,6.07495069033531,1.00000000000001,true,true,ok_conditional,Exact Beta-Binomial marginal; M0 cell marginals are cross-cell dependent.
pmf,secondary_liberal,secondary_liberal_method_2,M1,beta_2_2,4,CP02-VHF-2017,VHF — 2017,19,22,11,0.00779145928854487,17.7692307692308,6.07495069033531,1.00000000000001,true,true,ok_conditional,Exact Beta-Binomial marginal; M0 cell marginals are cross-cell dependent.
pmf,secondary_liberal,secondary_liberal_method_2,M1,beta_2_2,4,CP02-VHF-2017,VHF — 2017,19,22,12,0.0152366314975988,17.7692307692308,6.07495069033531,1.00000000000001,true,true,ok_conditional,Exact Beta-Binomial marginal; M0 cell marginals are cross-cell dependent.
pmf,secondary_liberal,secondary_liberal_method_2,M1,beta_2_2,4,CP02-VHF-2017,VHF — 2017,19,22,13,0.027626859308833,17.7692307692308,6.07495069033531,1.00000000000001,true,true,ok_conditional,Exact Beta-Binomial marginal; M0 cell marginals are cross-cell dependent.
pmf,secondary_liberal,secondary_liberal_method_2,M1,beta_2_2,4,CP02-VHF-2017,VHF — 2017,19,22,14,0.0464495546621041,17.7692307692308,6.07495069033531,1.00000000000001,true,true,ok_conditional,Exact Beta-Binomial marginal; M0 cell marginals are cross-cell dependent.
pmf,secondary_liberal,secondary_liberal_method_2,M1,beta_2_2,4,CP02-VHF-2017,VHF — 2017,19,22,15,0.0722548628077174,17.7692307692308,6.07495069033531,1.00000000000001,true,true,ok_conditional,Exact Beta-Binomial marginal; M0 cell marginals are cross-cell dependent.
pmf,secondary_liberal,secondary_liberal_method_2,M1,beta_2_2,4,CP02-VHF-2017,VHF — 2017,19,22,16,0.103455826292867,17.7692307692308,6.07495069033531,1.00000000000001,true,true,ok_conditional,Exact Beta-Binomial marginal; M0 cell marginals are cross-cell dependent.
pmf,secondary_liberal,secondary_liberal_method_2,M1,beta_2_2,4,CP02-VHF-2017,VHF — 2017,19,22,17,0.135101137864804,17.7692307692308,6.07495069033531,1.00000000000001,true,true,ok_conditional,Exact Beta-Binomial marginal; M0 cell marginals are cross-cell dependent.
pmf,secondary_liberal,secondary_liberal_method_2,M1,beta_2_2,4,CP02-VHF-2017,VHF — 2017,19,22,18,0.158451951816744,17.7692307692308,6.07495069033531,1.00000000000001,true,true,ok_conditional,Exact Beta-Binomial marginal; M0 cell marginals are cross-cell dependent.
pmf,secondary_liberal,secondary_liberal_method_2,M1,beta_2_2,4,CP02-VHF-2017,VHF — 2017,19,22,19,0.162621740022449,17.7692307692308,6.07495069033531,1.00000000000001,true,true,ok_conditional,Exact Beta-Binomial marginal; M0 cell marginals are cross-cell dependent.
pmf,secondary_liberal,secondary_liberal_method_2,M1,beta_2_2,4,CP02-VHF-2017,VHF — 2017,19,22,20,0.139390062876383,17.7692307692308,6.07495069033531,1.00000000000001,true,true,ok_conditional,Exact Beta-Binomial marginal; M0 cell marginals are cross-cell dependent.
pmf,secondary_liberal,secondary_liberal_method_2,M1,beta_2_2,4,CP02-VHF-2017,VHF — 2017,19,22,21,0.0907141679036788,17.7692307692308,6.07495069033531,1.00000000000001,true,true,ok_conditional,Exact Beta-Binomial marginal; M0 cell marginals are cross-cell dependent.
pmf,secondary_liberal,secondary_liberal_method_2,M1,beta_2_2,4,CP02-VHF-2017,VHF — 2017,19,22,22,0.0346363186541322,17.7692307692308,6.07495069033531,1.00000000000001,true,true,ok_conditional,Exact Beta-Binomial marginal; M0 cell marginals are cross-cell dependent.
summary,secondary_liberal,secondary_liberal_method_2,M1,beta_2_2,4,CP02-VHF-2018,VHF — 2018,25,27,,,23.5161290322581,5.49973985431842,0.999999999999981,true,true,ok_conditional,Exact Beta-Binomial marginal; M0 cell marginals are cross-cell dependent.
pmf,secondary_liberal,secondary_liberal_method_2,M1,beta_2_2,4,CP02-VHF-2018,VHF — 2018,25,27,0,2.89351211894593e-13,23.5161290322581,5.49973985431842,0.999999999999981,true,true,ok_conditional,Exact Beta-Binomial marginal; M0 cell marginals are cross-cell dependent.
pmf,secondary_liberal,secondary_liberal_method_2,M1,beta_2_2,4,CP02-VHF-2018,VHF — 2018,25,27,1,7.03123444903864e-12,23.5161290322581,5.49973985431842,0.999999999999981,true,true,ok_conditional,Exact Beta-Binomial marginal; M0 cell marginals are cross-cell dependent.
pmf,secondary_liberal,secondary_liberal_method_2,M1,beta_2_2,4,CP02-VHF-2018,VHF — 2018,25,27,2,8.82541151534484e-11,23.5161290322581,5.49973985431842,0.999999999999981,true,true,ok_conditional,Exact Beta-Binomial marginal; M0 cell marginals are cross-cell dependent.
pmf,secondary_liberal,secondary_liberal_method_2,M1,beta_2_2,4,CP02-VHF-2018,VHF — 2018,25,27,3,7.61717065312525e-10,23.5161290322581,5.49973985431842,0.999999999999981,true,true,ok_conditional,Exact Beta-Binomial marginal; M0 cell marginals are cross-cell dependent.
pmf,secondary_liberal,secondary_liberal_method_2,M1,beta_2_2,4,CP02-VHF-2018,VHF — 2018,25,27,4,5.07811376875014e-09,23.5161290322581,5.49973985431842,0.999999999999981,true,true,ok_conditional,Exact Beta-Binomial marginal; M0 cell marginals are cross-cell dependent.
pmf,secondary_liberal,secondary_liberal_method_2,M1,beta_2_2,4,CP02-VHF-2018,VHF — 2018,25,27,5,2.78515009009142e-08,23.5161290322581,5.49973985431842,0.999999999999981,true,true,ok_conditional,Exact Beta-Binomial marginal; M0 cell marginals are cross-cell dependent.
pmf,secondary_liberal,secondary_liberal_method_2,M1,beta_2_2,4,CP02-VHF-2018,VHF — 2018,25,27,6,1.3071637756162e-07,23.5161290322581,5.49973985431842,0.999999999999981,true,true,ok_conditional,Exact Beta-Binomial marginal; M0 cell marginals are cross-cell dependent.
pmf,secondary_liberal,secondary_liberal_method_2,M1,beta_2_2,4,CP02-VHF-2018,VHF — 2018,25,27,7,5.39205057441692e-07,23.5161290322581,5.49973985431842,0.999999999999981,true,true,ok_conditional,Exact Beta-Binomial marginal; M0 cell marginals are cross-cell dependent.
pmf,secondary_liberal,secondary_liberal_method_2,M1,beta_2_2,4,CP02-VHF-2018,VHF — 2018,25,27,8,1.99271434271929e-06,23.5161290322581,5.49973985431842,0.999999999999981,true,true,ok_conditional,Exact Beta-Binomial marginal; M0 cell marginals are cross-cell dependent.
pmf,secondary_liberal,secondary_liberal_method_2,M1,beta_2_2,4,CP02-VHF-2018,VHF — 2018,25,27,9,6.69270221165823e-06,23.5161290322581,5.49973985431842,0.999999999999981,true,true,ok_conditional,Exact Beta-Binomial marginal; M0 cell marginals are cross-cell dependent.
pmf,secondary_liberal,secondary_liberal_method_2,M1,beta_2_2,4,CP02-VHF-2018,VHF — 2018,25,27,10,2.06517668245458e-05,23.5161290322581,5.49973985431842,0.999999999999981,true,true,ok_conditional,Exact Beta-Binomial marginal; M0 cell marginals are cross-cell dependent.
pmf,secondary_liberal,secondary_liberal_method_2,M1,beta_2_2,4,CP02-VHF-2018,VHF — 2018,25,27,11,5.90452787847231e-05,23.5161290322581,5.49973985431842,0.999999999999981,true,true,ok_conditional,Exact Beta-Binomial marginal; M0 cell marginals are cross-cell dependent.
pmf,secondary_liberal,secondary_liberal_method_2,M1,beta_2_2,4,CP02-VHF-2018,VHF — 2018,25,27,12,0.000157454076759262,23.5161290322581,5.49973985431842,0.999999999999981,true,true,ok_conditional,Exact Beta-Binomial marginal; M0 cell marginals are cross-cell dependent.
pmf,secondary_liberal,secondary_liberal_method_2,M1,beta_2_2,4,CP02-VHF-2018,VHF — 2018,25,27,13,0.000393635191898164,23.5161290322581,5.49973985431842,0.999999999999981,true,true,ok_conditional,Exact Beta-Binomial marginal; M0 cell marginals are cross-cell dependent.
pmf,secondary_liberal,secondary_liberal_method_2,M1,beta_2_2,4,CP02-VHF-2018,VHF — 2018,25,27,14,0.000926200451525052,23.5161290322581,5.49973985431842,0.999999999999981,true,true,ok_conditional,Exact Beta-Binomial marginal; M0 cell marginals are cross-cell dependent.
pmf,secondary_liberal,secondary_liberal_method_2,M1,beta_2_2,4,CP02-VHF-2018,VHF — 2018,25,27,15,0.00205693683609526,23.5161290322581,5.49973985431842,0.999999999999981,true,true,ok_conditional,Exact Beta-Binomial marginal; M0 cell marginals are cross-cell dependent.
pmf,secondary_liberal,secondary_liberal_method_2,M1,beta_2_2,4,CP02-VHF-2018,VHF — 2018,25,27,16,0.00431956735580002,23.5161290322581,5.49973985431842,0.999999999999981,true,true,ok_conditional,Exact Beta-Binomial marginal; M0 cell marginals are cross-cell dependent.
pmf,secondary_liberal,secondary_liberal_method_2,M1,beta_2_2,4,CP02-VHF-2018,VHF — 2018,25,27,17,0.00858468638358582,23.5161290322581,5.49973985431842,0.999999999999981,true,true,ok_conditional,Exact Beta-Binomial marginal; M0 cell marginals are cross-cell dependent.
pmf,secondary_liberal,secondary_liberal_method_2,M1,beta_2_2,4,CP02-VHF-2018,VHF — 2018,25,27,18,0.0161421453366573,23.5161290322581,5.49973985431842,0.999999999999981,true,true,ok_conditional,Exact Beta-Binomial marginal; M0 cell marginals are cross-cell dependent.
pmf,secondary_liberal,secondary_liberal_method_2,M1,beta_2_2,4,CP02-VHF-2018,VHF — 2018,25,27,19,0.0286735476374835,23.5161290322581,5.49973985431842,0.999999999999981,true,true,ok_conditional,Exact Beta-Binomial marginal; M0 cell marginals are cross-cell dependent.
pmf,secondary_liberal,secondary_liberal_method_2,M1,beta_2_2,4,CP02-VHF-2018,VHF — 2018,25,27,20,0.0479630251390626,23.5161290322581,5.49973985431842,0.999999999999981,true,true,ok_conditional,Exact Beta-Binomial marginal; M0 cell marginals are cross-cell dependent.
pmf,secondary_liberal,secondary_liberal_method_2,M1,beta_2_2,4,CP02-VHF-2018,VHF — 2018,25,27,21,0.0751420727178636,23.5161290322581,5.49973985431842,0.999999999999981,true,true,ok_conditional,Exact Beta-Binomial marginal; M0 cell marginals are cross-cell dependent.
pmf,secondary_liberal,secondary_liberal_method_2,M1,beta_2_2,4,CP02-VHF-2018,VHF — 2018,25,27,22,0.109297560316894,23.5161290322581,5.49973985431842,0.999999999999981,true,true,ok_conditional,Exact Beta-Binomial marginal; M0 cell marginals are cross-cell dependent.
pmf,secondary_liberal,secondary_liberal_method_2,M1,beta_2_2,4,CP02-VHF-2018,VHF — 2018,25,27,23,0.145532077595865,23.5161290322581,5.49973985431842,0.999999999999981,true,true,ok_conditional,Exact Beta-Binomial marginal; M0 cell marginals are cross-cell dependent.
pmf,secondary_liberal,secondary_liberal_method_2,M1,beta_2_2,4,CP02-VHF-2018,VHF — 2018,25,27,24,0.173252473328412,23.5161290322581,5.49973985431842,0.999999999999981,true,true,ok_conditional,Exact Beta-Binomial marginal; M0 cell marginals are cross-cell dependent.
pmf,secondary_liberal,secondary_liberal_method_2,M1,beta_2_2,4,CP02-VHF-2018,VHF — 2018,25,27,25,0.17671752279497,23.5161290322581,5.49973985431842,0.999999999999981,true,true,ok_conditional,Exact Beta-Binomial marginal; M0 cell marginals are cross-cell dependent.
pmf,secondary_liberal,secondary_liberal_method_2,M1,beta_2_2,4,CP02-VHF-2018,VHF — 2018,25,27,26,0.141374018235984,23.5161290322581,5.49973985431842,0.999999999999981,true,true,ok_conditional,Exact Beta-Binomial marginal; M0 cell marginals are cross-cell dependent.
pmf,secondary_liberal,secondary_liberal_method_2,M1,beta_2_2,4,CP02-VHF-2018,VHF — 2018,25,27,27,0.0693779904306202,23.5161290322581,5.49973985431842,0.999999999999981,true,true,ok_conditional,Exact Beta-Binomial marginal; M0 cell marginals are cross-cell dependent.
summary,secondary_liberal,secondary_liberal_method_2,M1,beta_2_2,4,CP02-VHF-2019,VHF — 2019,24,31,,,23.0285714285714,10.8563265306122,0.999999999999994,true,true,ok_conditional,Exact Beta-Binomial marginal; M0 cell marginals are cross-cell dependent.
pmf,secondary_liberal,secondary_liberal_method_2,M1,beta_2_2,4,CP02-VHF-2019,VHF — 2019,24,31,0,1.81091849160791e-11,23.0285714285714,10.8563265306122,0.999999999999994,true,true,ok_conditional,Exact Beta-Binomial marginal; M0 cell marginals are cross-cell dependent.
pmf,secondary_liberal,secondary_liberal_method_2,M1,beta_2_2,4,CP02-VHF-2019,VHF — 2019,24,31,1,3.74256488265633e-10,23.0285714285714,10.8563265306122,0.999999999999994,true,true,ok_conditional,Exact Beta-Binomial marginal; M0 cell marginals are cross-cell dependent.
pmf,secondary_liberal,secondary_liberal_method_2,M1,beta_2_2,4,CP02-VHF-2019,VHF — 2019,24,31,2,3.98878625651529e-09,23.0285714285714,10.8563265306122,0.999999999999994,true,true,ok_conditional,Exact Beta-Binomial marginal; M0 cell marginals are cross-cell dependent.
pmf,secondary_liberal,secondary_liberal_method_2,M1,beta_2_2,4,CP02-VHF-2019,VHF — 2019,24,31,3,2.91792291918059e-08,23.0285714285714,10.8563265306122,0.999999999999994,true,true,ok_conditional,Exact Beta-Binomial marginal; M0 cell marginals are cross-cell dependent.
pmf,secondary_liberal,secondary_liberal_method_2,M1,beta_2_2,4,CP02-VHF-2019,VHF — 2019,24,31,4,1.64538431276012e-07,23.0285714285714,10.8563265306122,0.999999999999994,true,true,ok_conditional,Exact Beta-Binomial marginal; M0 cell marginals are cross-cell dependent.
pmf,secondary_liberal,secondary_liberal_method_2,M1,beta_2_2,4,CP02-VHF-2019,VHF — 2019,24,31,5,7.61577881906123e-07,23.0285714285714,10.8563265306122,0.999999999999994,true,true,ok_conditional,Exact Beta-Binomial marginal; M0 cell marginals are cross-cell dependent.
pmf,secondary_liberal,secondary_liberal_method_2,M1,beta_2_2,4,CP02-VHF-2019,VHF — 2019,24,31,6,3.00897927851143e-06,23.0285714285714,10.8563265306122,0.999999999999994,true,true,ok_conditional,Exact Beta-Binomial marginal; M0 cell marginals are cross-cell dependent.
pmf,secondary_liberal,secondary_liberal_method_2,M1,beta_2_2,4,CP02-VHF-2019,VHF — 2019,24,31,7,1.04207074580481e-05,23.0285714285714,10.8563265306122,0.999999999999994,true,true,ok_conditional,Exact Beta-Binomial marginal; M0 cell marginals are cross-cell dependent.
pmf,secondary_liberal,secondary_liberal_method_2,M1,beta_2_2,4,CP02-VHF-2019,VHF — 2019,24,31,8,3.22390636983365e-05,23.0285714285714,10.8563265306122,0.999999999999994,true,true,ok_conditional,Exact Beta-Binomial marginal; M0 cell marginals are cross-cell dependent.
pmf,secondary_liberal,secondary_liberal_method_2,M1,beta_2_2,4,CP02-VHF-2019,VHF — 2019,24,31,9,9.03618201150533e-05,23.0285714285714,10.8563265306122,0.999999999999994,true,true,ok_conditional,Exact Beta-Binomial marginal; M0 cell marginals are cross-cell dependent.
pmf,secondary_liberal,secondary_liberal_method_2,M1,beta_2_2,4,CP02-VHF-2019,VHF — 2019,24,31,10,0.000231928671628632,23.0285714285714,10.8563265306122,0.999999999999994,true,true,ok_conditional,Exact Beta-Binomial marginal; M0 cell marginals are cross-cell dependent.
pmf,secondary_liberal,secondary_liberal_method_2,M1,beta_2_2,4,CP02-VHF-2019,VHF — 2019,24,31,11,0.000549649140286043,23.0285714285714,10.8563265306122,0.999999999999994,true,true,ok_conditional,Exact Beta-Binomial marginal; M0 cell marginals are cross-cell dependent.
pmf,secondary_liberal,secondary_liberal_method_2,M1,beta_2_2,4,CP02-VHF-2019,VHF — 2019,24,31,12,0.00121053679705853,23.0285714285714,10.8563265306122,0.999999999999994,true,true,ok_conditional,Exact Beta-Binomial marginal; M0 cell marginals are cross-cell dependent.
pmf,secondary_liberal,secondary_liberal_method_2,M1,beta_2_2,4,CP02-VHF-2019,VHF — 2019,24,31,13,0.00249005004978998,23.0285714285714,10.8563265306122,0.999999999999994,true,true,ok_conditional,Exact Beta-Binomial marginal; M0 cell marginals are cross-cell dependent.
pmf,secondary_liberal,secondary_liberal_method_2,M1,beta_2_2,4,CP02-VHF-2019,VHF — 2019,24,31,14,0.00480223938173773,23.0285714285714,10.8563265306122,0.999999999999994,true,true,ok_conditional,Exact Beta-Binomial marginal; M0 cell marginals are cross-cell dependent.
pmf,secondary_liberal,secondary_liberal_method_2,M1,beta_2_2,4,CP02-VHF-2019,VHF — 2019,24,31,15,0.00870806074555107,23.0285714285714,10.8563265306122,0.999999999999994,true,true,ok_conditional,Exact Beta-Binomial marginal; M0 cell marginals are cross-cell dependent.
pmf,secondary_liberal,secondary_liberal_method_2,M1,beta_2_2,4,CP02-VHF-2019,VHF — 2019,24,31,16,0.0148762704403163,23.0285714285714,10.8563265306122,0.999999999999994,true,true,ok_conditional,Exact Beta-Binomial marginal; M0 cell marginals are cross-cell dependent.
pmf,secondary_liberal,secondary_liberal_method_2,M1,beta_2_2,4,CP02-VHF-2019,VHF — 2019,24,31,17,0.0239694383053688,23.0285714285714,10.8563265306122,0.999999999999994,true,true,ok_conditional,Exact Beta-Binomial marginal; M0 cell marginals are cross-cell dependent.
pmf,secondary_liberal,secondary_liberal_method_2,M1,beta_2_2,4,CP02-VHF-2019,VHF — 2019,24,31,18,0.0364383885349305,23.0285714285714,10.8563265306122,0.999999999999994,true,true,ok_conditional,Exact Beta-Binomial marginal; M0 cell marginals are cross-cell dependent.
pmf,secondary_liberal,secondary_liberal_method_2,M1,beta_2_2,4,CP02-VHF-2019,VHF — 2019,24,31,19,0.0522374893282707,23.0285714285714,10.8563265306122,0.999999999999994,true,true,ok_conditional,Exact Beta-Binomial marginal; M0 cell marginals are cross-cell dependent.
pmf,secondary_liberal,secondary_liberal_method_2,M1,beta_2_2,4,CP02-VHF-2019,VHF — 2019,24,31,20,0.0705206105931648,23.0285714285714,10.8563265306122,0.999999999999994,true,true,ok_conditional,Exact Beta-Binomial marginal; M0 cell marginals are cross-cell dependent.
pmf,secondary_liberal,secondary_liberal_method_2,M1,beta_2_2,4,CP02-VHF-2019,VHF — 2019,24,31,21,0.089432152782312,23.0285714285714,10.8563265306122,0.999999999999994,true,true,ok_conditional,Exact Beta-Binomial marginal; M0 cell marginals are cross-cell dependent.
pmf,secondary_liberal,secondary_liberal_method_2,M1,beta_2_2,4,CP02-VHF-2019,VHF — 2019,24,31,22,0.106144221736581,23.0285714285714,10.8563265306122,0.999999999999994,true,true,ok_conditional,Exact Beta-Binomial marginal; M0 cell marginals are cross-cell dependent.
pmf,secondary_liberal,secondary_liberal_method_2,M1,beta_2_2,4,CP02-VHF-2019,VHF — 2019,24,31,23,0.117274434246042,23.0285714285714,10.8563265306122,0.999999999999994,true,true,ok_conditional,Exact Beta-Binomial marginal; M0 cell marginals are cross-cell dependent.
pmf,secondary_liberal,secondary_liberal_method_2,M1,beta_2_2,4,CP02-VHF-2019,VHF — 2019,24,31,24,0.11971765162617,23.0285714285714,10.8563265306122,0.999999999999994,true,true,ok_conditional,Exact Beta-Binomial marginal; M0 cell marginals are cross-cell dependent.
pmf,secondary_liberal,secondary_liberal_method_2,M1,beta_2_2,4,CP02-VHF-2019,VHF — 2019,24,31,25,0.111736474851091,23.0285714285714,10.8563265306122,0.999999999999994,true,true,ok_conditional,Exact Beta-Binomial marginal; M0 cell marginals are cross-cell dependent.
pmf,secondary_liberal,secondary_liberal_method_2,M1,beta_2_2,4,CP02-VHF-2019,VHF — 2019,24,31,26,0.093932311275913,23.0285714285714,10.8563265306122,0.999999999999994,true,true,ok_conditional,Exact Beta-Binomial marginal; M0 cell marginals are cross-cell dependent.
pmf,secondary_liberal,secondary_liberal_method_2,M1,beta_2_2,4,CP02-VHF-2019,VHF — 2019,24,31,27,0.0695794898340118,23.0285714285714,10.8563265306122,0.999999999999994,true,true,ok_conditional,Exact Beta-Binomial marginal; M0 cell marginals are cross-cell dependent.
pmf,secondary_liberal,secondary_liberal_method_2,M1,beta_2_2,4,CP02-VHF-2019,VHF — 2019,24,31,28,0.0439013447762228,23.0285714285714,10.8563265306122,0.999999999999994,true,true,ok_conditional,Exact Beta-Binomial marginal; M0 cell marginals are cross-cell dependent.
pmf,secondary_liberal,secondary_liberal_method_2,M1,beta_2_2,4,CP02-VHF-2019,VHF — 2019,24,31,29,0.022294726814256,23.0285714285714,10.8563265306122,0.999999999999994,true,true,ok_conditional,Exact Beta-Binomial marginal; M0 cell marginals are cross-cell dependent.
pmf,secondary_liberal,secondary_liberal_method_2,M1,beta_2_2,4,CP02-VHF-2019,VHF — 2019,24,31,30,0.00817473316522749,23.0285714285714,10.8563265306122,0.999999999999994,true,true,ok_conditional,Exact Beta-Binomial marginal; M0 cell marginals are cross-cell dependent.
pmf,secondary_liberal,secondary_liberal_method_2,M1,beta_2_2,4,CP02-VHF-2019,VHF — 2019,24,31,31,0.0016408066568199,23.0285714285714,10.8563265306122,0.999999999999994,true,true,ok_conditional,Exact Beta-Binomial marginal; M0 cell marginals are cross-cell dependent.
summary,secondary_liberal,secondary_liberal_method_2,M1,beta_2_2,4,CP02-PTT-2019,PTT — 2019,17,20,,,15.8333333333333,5.80555555555556,1.00000000000001,true,true,ok_conditional,Exact Beta-Binomial marginal; M0 cell marginals are cross-cell dependent.
pmf,secondary_liberal,secondary_liberal_method_2,M1,beta_2_2,4,CP02-PTT-2019,PTT — 2019,17,20,0,1.10622173202579e-08,15.8333333333333,5.80555555555556,1.00000000000001,true,true,ok_conditional,Exact Beta-Binomial marginal; M0 cell marginals are cross-cell dependent.
pmf,secondary_liberal,secondary_liberal_method_2,M1,beta_2_2,4,CP02-PTT-2019,PTT — 2019,17,20,1,1.75151774237417e-07,15.8333333333333,5.80555555555556,1.00000000000001,true,true,ok_conditional,Exact Beta-Binomial marginal; M0 cell marginals are cross-cell dependent.
pmf,secondary_liberal,secondary_liberal_method_2,M1,beta_2_2,4,CP02-PTT-2019,PTT — 2019,17,20,2,1.44690596109171e-06,15.8333333333333,5.80555555555556,1.00000000000001,true,true,ok_conditional,Exact Beta-Binomial marginal; M0 cell marginals are cross-cell dependent.
pmf,secondary_liberal,secondary_liberal_method_2,M1,beta_2_2,4,CP02-PTT-2019,PTT — 2019,17,20,3,8.28682504988883e-06,15.8333333333333,5.80555555555556,1.00000000000001,true,true,ok_conditional,Exact Beta-Binomial marginal; M0 cell marginals are cross-cell dependent.
pmf,secondary_liberal,secondary_liberal_method_2,M1,beta_2_2,4,CP02-PTT-2019,PTT — 2019,17,20,4,3.68961020078387e-05,15.8333333333333,5.80555555555556,1.00000000000001,true,true,ok_conditional,Exact Beta-Binomial marginal; M0 cell marginals are cross-cell dependent.
pmf,secondary_liberal,secondary_liberal_method_2,M1,beta_2_2,4,CP02-PTT-2019,PTT — 2019,17,20,5,0.000135777655388846,15.8333333333333,5.80555555555556,1.00000000000001,true,true,ok_conditional,Exact Beta-Binomial marginal; M0 cell marginals are cross-cell dependent.
pmf,secondary_liberal,secondary_liberal_method_2,M1,beta_2_2,4,CP02-PTT-2019,PTT — 2019,17,20,6,0.000428771543333195,15.8333333333333,5.80555555555556,1.00000000000001,true,true,ok_conditional,Exact Beta-Binomial marginal; M0 cell marginals are cross-cell dependent.
pmf,secondary_liberal,secondary_liberal_method_2,M1,beta_2_2,4,CP02-PTT-2019,PTT — 2019,17,20,7,0.00119103206481443,15.8333333333333,5.80555555555556,1.00000000000001,true,true,ok_conditional,Exact Beta-Binomial marginal; M0 cell marginals are cross-cell dependent.
pmf,secondary_liberal,secondary_liberal_method_2,M1,beta_2_2,4,CP02-PTT-2019,PTT — 2019,17,20,8,0.00296006498461239,15.8333333333333,5.80555555555556,1.00000000000001,true,true,ok_conditional,Exact Beta-Binomial marginal; M0 cell marginals are cross-cell dependent.
pmf,secondary_liberal,secondary_liberal_method_2,M1,beta_2_2,4,CP02-PTT-2019,PTT — 2019,17,20,9,0.00666014621537777,15.8333333333333,5.80555555555556,1.00000000000001,true,true,ok_conditional,Exact Beta-Binomial marginal; M0 cell marginals are cross-cell dependent.
pmf,secondary_liberal,secondary_liberal_method_2,M1,beta_2_2,4,CP02-PTT-2019,PTT — 2019,17,20,10,0.013675500228909,15.8333333333333,5.80555555555556,1.00000000000001,true,true,ok_conditional,Exact Beta-Binomial marginal; M0 cell marginals are cross-cell dependent.
pmf,secondary_liberal,secondary_liberal_method_2,M1,beta_2_2,4,CP02-PTT-2019,PTT — 2019,17,20,11,0.0257525653661271,15.8333333333333,5.80555555555556,1.00000000000001,true,true,ok_conditional,Exact Beta-Binomial marginal; M0 cell marginals are cross-cell dependent.
pmf,secondary_liberal,secondary_liberal_method_2,M1,beta_2_2,4,CP02-PTT-2019,PTT — 2019,17,20,12,0.0445717477490672,15.8333333333333,5.80555555555556,1.00000000000001,true,true,ok_conditional,Exact Beta-Binomial marginal; M0 cell marginals are cross-cell dependent.
pmf,secondary_liberal,secondary_liberal_method_2,M1,beta_2_2,4,CP02-PTT-2019,PTT — 2019,17,20,13,0.0708576502677469,15.8333333333333,5.80555555555556,1.00000000000001,true,true,ok_conditional,Exact Beta-Binomial marginal; M0 cell marginals are cross-cell dependent.
pmf,secondary_liberal,secondary_liberal_method_2,M1,beta_2_2,4,CP02-PTT-2019,PTT — 2019,17,20,14,0.103065673116722,15.8333333333333,5.80555555555556,1.00000000000001,true,true,ok_conditional,Exact Beta-Binomial marginal; M0 cell marginals are cross-cell dependent.
pmf,secondary_liberal,secondary_liberal_method_2,M1,beta_2_2,4,CP02-PTT-2019,PTT — 2019,17,20,15,0.136046688514074,15.8333333333333,5.80555555555556,1.00000000000001,true,true,ok_conditional,Exact Beta-Binomial marginal; M0 cell marginals are cross-cell dependent.
pmf,secondary_liberal,secondary_liberal_method_2,M1,beta_2_2,4,CP02-PTT-2019,PTT — 2019,17,20,16,0.160610673940228,15.8333333333333,5.80555555555556,1.00000000000001,true,true,ok_conditional,Exact Beta-Binomial marginal; M0 cell marginals are cross-cell dependent.
pmf,secondary_liberal,secondary_liberal_method_2,M1,beta_2_2,4,CP02-PTT-2019,PTT — 2019,17,20,17,0.165334517291409,15.8333333333333,5.80555555555556,1.00000000000001,true,true,ok_conditional,Exact Beta-Binomial marginal; M0 cell marginals are cross-cell dependent.
pmf,secondary_liberal,secondary_liberal_method_2,M1,beta_2_2,4,CP02-PTT-2019,PTT — 2019,17,20,18,0.141715300535495,15.8333333333333,5.80555555555556,1.00000000000001,true,true,ok_conditional,Exact Beta-Binomial marginal; M0 cell marginals are cross-cell dependent.
pmf,secondary_liberal,secondary_liberal_method_2,M1,beta_2_2,4,CP02-PTT-2019,PTT — 2019,17,20,19,0.0919906336809352,15.8333333333333,5.80555555555556,1.00000000000001,true,true,ok_conditional,Exact Beta-Binomial marginal; M0 cell marginals are cross-cell dependent.
pmf,secondary_liberal,secondary_liberal_method_2,M1,beta_2_2,4,CP02-PTT-2019,PTT — 2019,17,20,20,0.0349564407987552,15.8333333333333,5.80555555555556,1.00000000000001,true,true,ok_conditional,Exact Beta-Binomial marginal; M0 cell marginals are cross-cell dependent.
summary,secondary_liberal,secondary_liberal_method_2,M1,beta_2_2,4,CP02-VHF-2020,VHF — 2020,24,26,,,22.5333333333333,5.4273835125448,0.999999999999997,true,true,ok_conditional,Exact Beta-Binomial marginal; M0 cell marginals are cross-cell dependent.
pmf,secondary_liberal,secondary_liberal_method_2,M1,beta_2_2,4,CP02-VHF-2020,VHF — 2020,24,26,0,1.02623229818616e-12,22.5333333333333,5.4273835125448,0.999999999999997,true,true,ok_conditional,Exact Beta-Binomial marginal; M0 cell marginals are cross-cell dependent.
pmf,secondary_liberal,secondary_liberal_method_2,M1,beta_2_2,4,CP02-VHF-2020,VHF — 2020,24,26,1,2.3921828743926e-11,22.5333333333333,5.4273835125448,0.999999999999997,true,true,ok_conditional,Exact Beta-Binomial marginal; M0 cell marginals are cross-cell dependent.
pmf,secondary_liberal,secondary_liberal_method_2,M1,beta_2_2,4,CP02-VHF-2020,VHF — 2020,24,26,2,2.88343471466967e-10,22.5333333333333,5.4273835125448,0.999999999999997,true,true,ok_conditional,Exact Beta-Binomial marginal; M0 cell marginals are cross-cell dependent.
pmf,secondary_liberal,secondary_liberal_method_2,M1,beta_2_2,4,CP02-VHF-2020,VHF — 2020,24,26,3,2.39218287439259e-09,22.5333333333333,5.4273835125448,0.999999999999997,true,true,ok_conditional,Exact Beta-Binomial marginal; M0 cell marginals are cross-cell dependent.
pmf,secondary_liberal,secondary_liberal_method_2,M1,beta_2_2,4,CP02-VHF-2020,VHF — 2020,24,26,4,1.53421728578833e-08,22.5333333333333,5.4273835125448,0.999999999999997,true,true,ok_conditional,Exact Beta-Binomial marginal; M0 cell marginals are cross-cell dependent.
pmf,secondary_liberal,secondary_liberal_method_2,M1,beta_2_2,4,CP02-VHF-2020,VHF — 2020,24,26,5,8.10066726896241e-08,22.5333333333333,5.4273835125448,0.999999999999997,true,true,ok_conditional,Exact Beta-Binomial marginal; M0 cell marginals are cross-cell dependent.
pmf,secondary_liberal,secondary_liberal_method_2,M1,beta_2_2,4,CP02-VHF-2020,VHF — 2020,24,26,6,3.6621766611767e-07,22.5333333333333,5.4273835125448,0.999999999999997,true,true,ok_conditional,Exact Beta-Binomial marginal; M0 cell marginals are cross-cell dependent.
pmf,secondary_liberal,secondary_liberal_method_2,M1,beta_2_2,4,CP02-VHF-2020,VHF — 2020,24,26,7,1.45577208891496e-06,22.5333333333333,5.4273835125448,0.999999999999997,true,true,ok_conditional,Exact Beta-Binomial marginal; M0 cell marginals are cross-cell dependent.
pmf,secondary_liberal,secondary_liberal_method_2,M1,beta_2_2,4,CP02-VHF-2020,VHF — 2020,24,26,8,5.18618806675955e-06,22.5333333333333,5.4273835125448,0.999999999999997,true,true,ok_conditional,Exact Beta-Binomial marginal; M0 cell marginals are cross-cell dependent.
pmf,secondary_liberal,secondary_liberal_method_2,M1,beta_2_2,4,CP02-VHF-2020,VHF — 2020,24,26,9,1.67933708828404e-05,22.5333333333333,5.4273835125448,0.999999999999997,true,true,ok_conditional,Exact Beta-Binomial marginal; M0 cell marginals are cross-cell dependent.
pmf,secondary_liberal,secondary_liberal_method_2,M1,beta_2_2,4,CP02-VHF-2020,VHF — 2020,24,26,10,4.99602783764505e-05,22.5333333333333,5.4273835125448,0.999999999999997,true,true,ok_conditional,Exact Beta-Binomial marginal; M0 cell marginals are cross-cell dependent.
pmf,secondary_liberal,secondary_liberal_method_2,M1,beta_2_2,4,CP02-VHF-2020,VHF — 2020,24,26,11,0.000137689571027919,22.5333333333333,5.4273835125448,0.999999999999997,true,true,ok_conditional,Exact Beta-Binomial marginal; M0 cell marginals are cross-cell dependent.
pmf,secondary_liberal,secondary_liberal_method_2,M1,beta_2_2,4,CP02-VHF-2020,VHF — 2020,24,26,12,0.000353785703335638,22.5333333333333,5.4273835125448,0.999999999999997,true,true,ok_conditional,Exact Beta-Binomial marginal; M0 cell marginals are cross-cell dependent.
pmf,secondary_liberal,secondary_liberal_method_2,M1,beta_2_2,4,CP02-VHF-2020,VHF — 2020,24,26,13,0.000851647032464051,22.5333333333333,5.4273835125448,0.999999999999997,true,true,ok_conditional,Exact Beta-Binomial marginal; M0 cell marginals are cross-cell dependent.
pmf,secondary_liberal,secondary_liberal_method_2,M1,beta_2_2,4,CP02-VHF-2020,VHF — 2020,24,26,14,0.00192761181008607,22.5333333333333,5.4273835125448,0.999999999999997,true,true,ok_conditional,Exact Beta-Binomial marginal; M0 cell marginals are cross-cell dependent.
pmf,secondary_liberal,secondary_liberal_method_2,M1,beta_2_2,4,CP02-VHF-2020,VHF — 2020,24,26,15,0.00411223852818352,22.5333333333333,5.4273835125448,0.999999999999997,true,true,ok_conditional,Exact Beta-Binomial marginal; M0 cell marginals are cross-cell dependent.
pmf,secondary_liberal,secondary_liberal_method_2,M1,beta_2_2,4,CP02-VHF-2020,VHF — 2020,24,26,16,0.00827955167951247,22.5333333333333,5.4273835125448,0.999999999999997,true,true,ok_conditional,Exact Beta-Binomial marginal; M0 cell marginals are cross-cell dependent.
pmf,secondary_liberal,secondary_liberal_method_2,M1,beta_2_2,4,CP02-VHF-2020,VHF — 2020,24,26,17,0.0157348945945484,22.5333333333333,5.4273835125448,0.999999999999997,true,true,ok_conditional,Exact Beta-Binomial marginal; M0 cell marginals are cross-cell dependent.
pmf,secondary_liberal,secondary_liberal_method_2,M1,beta_2_2,4,CP02-VHF-2020,VHF — 2020,24,26,18,0.0281916861485664,22.5333333333333,5.4273835125448,0.999999999999997,true,true,ok_conditional,Exact Beta-Binomial marginal; M0 cell marginals are cross-cell dependent.
pmf,secondary_liberal,secondary_liberal_method_2,M1,beta_2_2,4,CP02-VHF-2020,VHF — 2020,24,26,19,0.0474807345660066,22.5333333333333,5.4273835125448,0.999999999999997,true,true,ok_conditional,Exact Beta-Binomial marginal; M0 cell marginals are cross-cell dependent.
pmf,secondary_liberal,secondary_liberal_method_2,M1,beta_2_2,4,CP02-VHF-2020,VHF — 2020,24,26,20,0.0747821569414598,22.5333333333333,5.4273835125448,0.999999999999997,true,true,ok_conditional,Exact Beta-Binomial marginal; M0 cell marginals are cross-cell dependent.
pmf,secondary_liberal,secondary_liberal_method_2,M1,beta_2_2,4,CP02-VHF-2020,VHF — 2020,24,26,21,0.109205689501816,22.5333333333333,5.4273835125448,0.999999999999997,true,true,ok_conditional,Exact Beta-Binomial marginal; M0 cell marginals are cross-cell dependent.
pmf,secondary_liberal,secondary_liberal_method_2,M1,beta_2_2,4,CP02-VHF-2020,VHF — 2020,24,26,22,0.145814414959808,22.5333333333333,5.4273835125448,0.999999999999997,true,true,ok_conditional,Exact Beta-Binomial marginal; M0 cell marginals are cross-cell dependent.
pmf,secondary_liberal,secondary_liberal_method_2,M1,beta_2_2,4,CP02-VHF-2020,VHF — 2020,24,26,23,0.173890482436539,22.5333333333333,5.4273835125448,0.999999999999997,true,true,ok_conditional,Exact Beta-Binomial marginal; M0 cell marginals are cross-cell dependent.
pmf,secondary_liberal,secondary_liberal_method_2,M1,beta_2_2,4,CP02-VHF-2020,VHF — 2020,24,26,24,0.177513200820637,22.5333333333333,5.4273835125448,0.999999999999997,true,true,ok_conditional,Exact Beta-Binomial marginal; M0 cell marginals are cross-cell dependent.
pmf,secondary_liberal,secondary_liberal_method_2,M1,beta_2_2,4,CP02-VHF-2020,VHF — 2020,24,26,25,0.142010560656513,22.5333333333333,5.4273835125448,0.999999999999997,true,true,ok_conditional,Exact Beta-Binomial marginal; M0 cell marginals are cross-cell dependent.
pmf,secondary_liberal,secondary_liberal_method_2,M1,beta_2_2,4,CP02-VHF-2020,VHF — 2020,24,26,26,0.0696397941680928,22.5333333333333,5.4273835125448,0.999999999999997,true,true,ok_conditional,Exact Beta-Binomial marginal; M0 cell marginals are cross-cell dependent.
summary,secondary_liberal,secondary_liberal_method_2,M1,beta_2_2,4,CP02-PTT-2020,PTT — 2020,20,23,,,18.7407407407407,6.19733490103861,1,true,true,ok_conditional,Exact Beta-Binomial marginal; M0 cell marginals are cross-cell dependent.
pmf,secondary_liberal,secondary_liberal_method_2,M1,beta_2_2,4,CP02-PTT-2020,PTT — 2020,20,23,0,3.00805455108113e-10,18.7407407407407,6.19733490103861,1,true,true,ok_conditional,Exact Beta-Binomial marginal; M0 cell marginals are cross-cell dependent.
pmf,secondary_liberal,secondary_liberal_method_2,M1,beta_2_2,4,CP02-PTT-2020,PTT — 2020,20,23,1,5.63731704758166e-09,18.7407407407407,6.19733490103861,1,true,true,ok_conditional,Exact Beta-Binomial marginal; M0 cell marginals are cross-cell dependent.
pmf,secondary_liberal,secondary_liberal_method_2,M1,beta_2_2,4,CP02-PTT-2020,PTT — 2020,20,23,2,5.48554312706981e-08,18.7407407407407,6.19733490103861,1,true,true,ok_conditional,Exact Beta-Binomial marginal; M0 cell marginals are cross-cell dependent.
pmf,secondary_liberal,secondary_liberal_method_2,M1,beta_2_2,4,CP02-PTT-2020,PTT — 2020,20,23,3,3.68628498139091e-07,18.7407407407407,6.19733490103861,1,true,true,ok_conditional,Exact Beta-Binomial marginal; M0 cell marginals are cross-cell dependent.
pmf,secondary_liberal,secondary_liberal_method_2,M1,beta_2_2,4,CP02-PTT-2020,PTT — 2020,20,23,4,1.91994009447444e-06,18.7407407407407,6.19733490103861,1,true,true,ok_conditional,Exact Beta-Binomial marginal; M0 cell marginals are cross-cell dependent.
pmf,secondary_liberal,secondary_liberal_method_2,M1,beta_2_2,4,CP02-PTT-2020,PTT — 2020,20,23,5,8.24739484061195e-06,18.7407407407407,6.19733490103861,1,true,true,ok_conditional,Exact Beta-Binomial marginal; M0 cell marginals are cross-cell dependent.
pmf,secondary_liberal,secondary_liberal_method_2,M1,beta_2_2,4,CP02-PTT-2020,PTT — 2020,20,23,6,3.03654082767988e-05,18.7407407407407,6.19733490103861,1,true,true,ok_conditional,Exact Beta-Binomial marginal; M0 cell marginals are cross-cell dependent.
pmf,secondary_liberal,secondary_liberal_method_2,M1,beta_2_2,4,CP02-PTT-2020,PTT — 2020,20,23,7,9.83260839439178e-05,18.7407407407407,6.19733490103861,1,true,true,ok_conditional,Exact Beta-Binomial marginal; M0 cell marginals are cross-cell dependent.
pmf,secondary_liberal,secondary_liberal_method_2,M1,beta_2_2,4,CP02-PTT-2020,PTT — 2020,20,23,8,0.00028514564343736,18.7407407407407,6.19733490103861,1,true,true,ok_conditional,Exact Beta-Binomial marginal; M0 cell marginals are cross-cell dependent.
pmf,secondary_liberal,secondary_liberal_method_2,M1,beta_2_2,4,CP02-PTT-2020,PTT — 2020,20,23,9,0.000750383272203598,18.7407407407407,6.19733490103861,1,true,true,ok_conditional,Exact Beta-Binomial marginal; M0 cell marginals are cross-cell dependent.
pmf,secondary_liberal,secondary_liberal_method_2,M1,beta_2_2,4,CP02-PTT-2020,PTT — 2020,20,23,10,0.00180925744520199,18.7407407407407,6.19733490103861,1,true,true,ok_conditional,Exact Beta-Binomial marginal; M0 cell marginals are cross-cell dependent.
pmf,secondary_liberal,secondary_liberal_method_2,M1,beta_2_2,4,CP02-PTT-2020,PTT — 2020,20,23,11,0.00402487217756161,18.7407407407407,6.19733490103861,1,true,true,ok_conditional,Exact Beta-Binomial marginal; M0 cell marginals are cross-cell dependent.
pmf,secondary_liberal,secondary_liberal_method_2,M1,beta_2_2,4,CP02-PTT-2020,PTT — 2020,20,23,12,0.00830129886622093,18.7407407407407,6.19733490103861,1,true,true,ok_conditional,Exact Beta-Binomial marginal; M0 cell marginals are cross-cell dependent.
pmf,secondary_liberal,secondary_liberal_method_2,M1,beta_2_2,4,CP02-PTT-2020,PTT — 2020,20,23,13,0.0159214655177777,18.7407407407407,6.19733490103861,1,true,true,ok_conditional,Exact Beta-Binomial marginal; M0 cell marginals are cross-cell dependent.
pmf,secondary_liberal,secondary_liberal_method_2,M1,beta_2_2,4,CP02-PTT-2020,PTT — 2020,20,23,14,0.0284311884246025,18.7407407407407,6.19733490103861,1,true,true,ok_conditional,Exact Beta-Binomial marginal; M0 cell marginals are cross-cell dependent.
pmf,secondary_liberal,secondary_liberal_method_2,M1,beta_2_2,4,CP02-PTT-2020,PTT — 2020,20,23,15,0.0472395130747246,18.7407407407407,6.19733490103861,1,true,true,ok_conditional,Exact Beta-Binomial marginal; M0 cell marginals are cross-cell dependent.
pmf,secondary_liberal,secondary_liberal_method_2,M1,beta_2_2,4,CP02-PTT-2020,PTT — 2020,20,23,16,0.072827582656867,18.7407407407407,6.19733490103861,1,true,true,ok_conditional,Exact Beta-Binomial marginal; M0 cell marginals are cross-cell dependent.
pmf,secondary_liberal,secondary_liberal_method_2,M1,beta_2_2,4,CP02-PTT-2020,PTT — 2020,20,23,17,0.10359431543704,18.7407407407407,6.19733490103861,1,true,true,ok_conditional,Exact Beta-Binomial marginal; M0 cell marginals are cross-cell dependent.
pmf,secondary_liberal,secondary_liberal_method_2,M1,beta_2_2,4,CP02-PTT-2020,PTT — 2020,20,23,18,0.134672610068153,18.7407407407407,6.19733490103861,1,true,true,ok_conditional,Exact Beta-Binomial marginal; M0 cell marginals are cross-cell dependent.
pmf,secondary_liberal,secondary_liberal_method_2,M1,beta_2_2,4,CP02-PTT-2020,PTT — 2020,20,23,19,0.15751182464111,18.7407407407407,6.19733490103861,1,true,true,ok_conditional,Exact Beta-Binomial marginal; M0 cell marginals are cross-cell dependent.
pmf,secondary_liberal,secondary_liberal_method_2,M1,beta_2_2,4,CP02-PTT-2020,PTT — 2020,20,23,20,0.161449620257141,18.7407407407407,6.19733490103861,1,true,true,ok_conditional,Exact Beta-Binomial marginal; M0 cell marginals are cross-cell dependent.
pmf,secondary_liberal,secondary_liberal_method_2,M1,beta_2_2,4,CP02-PTT-2020,PTT — 2020,20,23,21,0.138385388791837,18.7407407407407,6.19733490103861,1,true,true,ok_conditional,Exact Beta-Binomial marginal; M0 cell marginals are cross-cell dependent.
pmf,secondary_liberal,secondary_liberal_method_2,M1,beta_2_2,4,CP02-PTT-2020,PTT — 2020,20,23,22,0.0901601775461975,18.7407407407407,6.19733490103861,1,true,true,ok_conditional,Exact Beta-Binomial marginal; M0 cell marginals are cross-cell dependent.
pmf,secondary_liberal,secondary_liberal_method_2,M1,beta_2_2,4,CP02-PTT-2020,PTT — 2020,20,23,23,0.0344960679307182,18.7407407407407,6.19733490103861,1,true,true,ok_conditional,Exact Beta-Binomial marginal; M0 cell marginals are cross-cell dependent.
summary,secondary_liberal,secondary_liberal_method_2,M1,beta_2_2,4,CP02-VHF-2021,VHF — 2021,15,21,,,14.28,8.08467692307692,0.999999999999998,true,true,ok_conditional,Exact Beta-Binomial marginal; M0 cell marginals are cross-cell dependent.
pmf,secondary_liberal,secondary_liberal_method_2,M1,beta_2_2,4,CP02-VHF-2021,VHF — 2021,15,21,0,3.1376470944731e-07,14.28,8.08467692307692,0.999999999999998,true,true,ok_conditional,Exact Beta-Binomial marginal; M0 cell marginals are cross-cell dependent.
pmf,secondary_liberal,secondary_liberal_method_2,M1,beta_2_2,4,CP02-VHF-2021,VHF — 2021,15,21,1,4.00050004545328e-06,14.28,8.08467692307692,0.999999999999998,true,true,ok_conditional,Exact Beta-Binomial marginal; M0 cell marginals are cross-cell dependent.
pmf,secondary_liberal,secondary_liberal_method_2,M1,beta_2_2,4,CP02-VHF-2021,VHF — 2021,15,21,2,2.66700003030219e-05,14.28,8.08467692307692,0.999999999999998,true,true,ok_conditional,Exact Beta-Binomial marginal; M0 cell marginals are cross-cell dependent.
pmf,secondary_liberal,secondary_liberal_method_2,M1,beta_2_2,4,CP02-VHF-2021,VHF — 2021,15,21,3,0.000123434232171677,14.28,8.08467692307692,0.999999999999998,true,true,ok_conditional,Exact Beta-Binomial marginal; M0 cell marginals are cross-cell dependent.
pmf,secondary_liberal,secondary_liberal_method_2,M1,beta_2_2,4,CP02-VHF-2021,VHF — 2021,15,21,4,0.000444363235818038,14.28,8.08467692307692,0.999999999999998,true,true,ok_conditional,Exact Beta-Binomial marginal; M0 cell marginals are cross-cell dependent.
pmf,secondary_liberal,secondary_liberal_method_2,M1,beta_2_2,4,CP02-VHF-2021,VHF — 2021,15,21,5,0.00132198062655867,14.28,8.08467692307692,0.999999999999998,true,true,ok_conditional,Exact Beta-Binomial marginal; M0 cell marginals are cross-cell dependent.
pmf,secondary_liberal,secondary_liberal_method_2,M1,beta_2_2,4,CP02-VHF-2021,VHF — 2021,15,21,6,0.00337200855470034,14.28,8.08467692307692,0.999999999999998,true,true,ok_conditional,Exact Beta-Binomial marginal; M0 cell marginals are cross-cell dependent.
pmf,secondary_liberal,secondary_liberal_method_2,M1,beta_2_2,4,CP02-VHF-2021,VHF — 2021,15,21,7,0.00755417500890664,14.28,8.08467692307692,0.999999999999998,true,true,ok_conditional,Exact Beta-Binomial marginal; M0 cell marginals are cross-cell dependent.
pmf,secondary_liberal,secondary_liberal_method_2,M1,beta_2_2,4,CP02-VHF-2021,VHF — 2021,15,21,8,0.0151083500178133,14.28,8.08467692307692,0.999999999999998,true,true,ok_conditional,Exact Beta-Binomial marginal; M0 cell marginals are cross-cell dependent.
pmf,secondary_liberal,secondary_liberal_method_2,M1,beta_2_2,4,CP02-VHF-2021,VHF — 2021,15,21,9,0.0272789653099408,14.28,8.08467692307692,0.999999999999998,true,true,ok_conditional,Exact Beta-Binomial marginal; M0 cell marginals are cross-cell dependent.
pmf,secondary_liberal,secondary_liberal_method_2,M1,beta_2_2,4,CP02-VHF-2021,VHF — 2021,15,21,10,0.0447949325089557,14.28,8.08467692307692,0.999999999999998,true,true,ok_conditional,Exact Beta-Binomial marginal; M0 cell marginals are cross-cell dependent.
pmf,secondary_liberal,secondary_liberal_method_2,M1,beta_2_2,4,CP02-VHF-2021,VHF — 2021,15,21,11,0.0671923987634333,14.28,8.08467692307692,0.999999999999998,true,true,ok_conditional,Exact Beta-Binomial marginal; M0 cell marginals are cross-cell dependent.
pmf,secondary_liberal,secondary_liberal_method_2,M1,beta_2_2,4,CP02-VHF-2021,VHF — 2021,15,21,12,0.0922248610478482,14.28,8.08467692307692,0.999999999999998,true,true,ok_conditional,Exact Beta-Binomial marginal; M0 cell marginals are cross-cell dependent.
pmf,secondary_liberal,secondary_liberal_method_2,M1,beta_2_2,4,CP02-VHF-2021,VHF — 2021,15,21,13,0.115724465064849,14.28,8.08467692307692,0.999999999999998,true,true,ok_conditional,Exact Beta-Binomial marginal; M0 cell marginals are cross-cell dependent.
pmf,secondary_liberal,secondary_liberal_method_2,M1,beta_2_2,4,CP02-VHF-2021,VHF — 2021,15,21,14,0.132256531502686,14.28,8.08467692307692,0.999999999999998,true,true,ok_conditional,Exact Beta-Binomial marginal; M0 cell marginals are cross-cell dependent.
pmf,secondary_liberal,secondary_liberal_method_2,M1,beta_2_2,4,CP02-VHF-2021,VHF — 2021,15,21,15,0.136665082552772,14.28,8.08467692307692,0.999999999999998,true,true,ok_conditional,Exact Beta-Binomial marginal; M0 cell marginals are cross-cell dependent.
pmf,secondary_liberal,secondary_liberal_method_2,M1,beta_2_2,4,CP02-VHF-2021,VHF — 2021,15,21,16,0.126152383894868,14.28,8.08467692307692,0.999999999999998,true,true,ok_conditional,Exact Beta-Binomial marginal; M0 cell marginals are cross-cell dependent.
pmf,secondary_liberal,secondary_liberal_method_2,M1,beta_2_2,4,CP02-VHF-2021,VHF — 2021,15,21,17,0.102035016385555,14.28,8.08467692307692,0.999999999999998,true,true,ok_conditional,Exact Beta-Binomial marginal; M0 cell marginals are cross-cell dependent.
pmf,secondary_liberal,secondary_liberal_method_2,M1,beta_2_2,4,CP02-VHF-2021,VHF — 2021,15,21,18,0.0700846577193709,14.28,8.08467692307692,0.999999999999998,true,true,ok_conditional,Exact Beta-Binomial marginal; M0 cell marginals are cross-cell dependent.
pmf,secondary_liberal,secondary_liberal_method_2,M1,beta_2_2,4,CP02-VHF-2021,VHF — 2021,15,21,19,0.0387309950554419,14.28,8.08467692307692,0.999999999999998,true,true,ok_conditional,Exact Beta-Binomial marginal; M0 cell marginals are cross-cell dependent.
pmf,secondary_liberal,secondary_liberal_method_2,M1,beta_2_2,4,CP02-VHF-2021,VHF — 2021,15,21,20,0.0154923980221769,14.28,8.08467692307692,0.999999999999998,true,true,ok_conditional,Exact Beta-Binomial marginal; M0 cell marginals are cross-cell dependent.
pmf,secondary_liberal,secondary_liberal_method_2,M1,beta_2_2,4,CP02-VHF-2021,VHF — 2021,15,21,21,0.00341201623107465,14.28,8.08467692307692,0.999999999999998,true,true,ok_conditional,Exact Beta-Binomial marginal; M0 cell marginals are cross-cell dependent.
summary,secondary_liberal,secondary_liberal_method_2,M1,beta_2_2,4,CP02-PTT-2021,PTT — 2021,18,20,,,16.6666666666667,4.88888888888889,1,true,true,ok_conditional,Exact Beta-Binomial marginal; M0 cell marginals are cross-cell dependent.
pmf,secondary_liberal,secondary_liberal_method_2,M1,beta_2_2,4,CP02-PTT-2021,PTT — 2021,18,20,0,1.84370288670965e-09,16.6666666666667,4.88888888888889,1,true,true,ok_conditional,Exact Beta-Binomial marginal; M0 cell marginals are cross-cell dependent.
pmf,secondary_liberal,secondary_liberal_method_2,M1,beta_2_2,4,CP02-PTT-2021,PTT — 2021,18,20,1,3.2064398029733e-08,16.6666666666667,4.88888888888889,1,true,true,ok_conditional,Exact Beta-Binomial marginal; M0 cell marginals are cross-cell dependent.
pmf,secondary_liberal,secondary_liberal_method_2,M1,beta_2_2,4,CP02-PTT-2021,PTT — 2021,18,20,2,2.90765791224168e-07,16.6666666666667,4.88888888888889,1,true,true,ok_conditional,Exact Beta-Binomial marginal; M0 cell marginals are cross-cell dependent.
pmf,secondary_liberal,secondary_liberal_method_2,M1,beta_2_2,4,CP02-PTT-2021,PTT — 2021,18,20,3,1.82767068769478e-06,16.6666666666667,4.88888888888889,1,true,true,ok_conditional,Exact Beta-Binomial marginal; M0 cell marginals are cross-cell dependent.
pmf,secondary_liberal,secondary_liberal_method_2,M1,beta_2_2,4,CP02-PTT-2021,PTT — 2021,18,20,4,8.93274048610829e-06,16.6666666666667,4.88888888888889,1,true,true,ok_conditional,Exact Beta-Binomial marginal; M0 cell marginals are cross-cell dependent.
pmf,secondary_liberal,secondary_liberal_method_2,M1,beta_2_2,4,CP02-PTT-2021,PTT — 2021,18,20,5,3.61070773333216e-05,16.6666666666667,4.88888888888889,1,true,true,ok_conditional,Exact Beta-Binomial marginal; M0 cell marginals are cross-cell dependent.
pmf,secondary_liberal,secondary_liberal_method_2,M1,beta_2_2,4,CP02-PTT-2021,PTT — 2021,18,20,6,0.000125371796296255,16.6666666666667,4.88888888888889,1,true,true,ok_conditional,Exact Beta-Binomial marginal; M0 cell marginals are cross-cell dependent.
pmf,secondary_liberal,secondary_liberal_method_2,M1,beta_2_2,4,CP02-PTT-2021,PTT — 2021,18,20,7,0.000383490200435611,16.6666666666667,4.88888888888889,1,true,true,ok_conditional,Exact Beta-Binomial marginal; M0 cell marginals are cross-cell dependent.
pmf,secondary_liberal,secondary_liberal_method_2,M1,beta_2_2,4,CP02-PTT-2021,PTT — 2021,18,20,8,0.00105160203400701,16.6666666666667,4.88888888888889,1,true,true,ok_conditional,Exact Beta-Binomial marginal; M0 cell marginals are cross-cell dependent.
pmf,secondary_liberal,secondary_liberal_method_2,M1,beta_2_2,4,CP02-PTT-2021,PTT — 2021,18,20,9,0.002617320617973,16.6666666666667,4.88888888888889,1,true,true,ok_conditional,Exact Beta-Binomial marginal; M0 cell marginals are cross-cell dependent.
pmf,secondary_liberal,secondary_liberal_method_2,M1,beta_2_2,4,CP02-PTT-2021,PTT — 2021,18,20,10,0.00596375197952414,16.6666666666667,4.88888888888889,1,true,true,ok_conditional,Exact Beta-Binomial marginal; M0 cell marginals are cross-cell dependent.
pmf,secondary_liberal,secondary_liberal_method_2,M1,beta_2_2,4,CP02-PTT-2021,PTT — 2021,18,20,11,0.0125113677892118,16.6666666666667,4.88888888888889,1,true,true,ok_conditional,Exact Beta-Binomial marginal; M0 cell marginals are cross-cell dependent.
pmf,secondary_liberal,secondary_liberal_method_2,M1,beta_2_2,4,CP02-PTT-2021,PTT — 2021,18,20,12,0.0242407750915975,16.6666666666667,4.88888888888889,1,true,true,ok_conditional,Exact Beta-Binomial marginal; M0 cell marginals are cross-cell dependent.
pmf,secondary_liberal,secondary_liberal_method_2,M1,beta_2_2,4,CP02-PTT-2021,PTT — 2021,18,20,13,0.0433960728912515,16.6666666666667,4.88888888888889,1,true,true,ok_conditional,Exact Beta-Binomial marginal; M0 cell marginals are cross-cell dependent.
pmf,secondary_liberal,secondary_liberal_method_2,M1,beta_2_2,4,CP02-PTT-2021,PTT — 2021,18,20,14,0.0716035202705647,16.6666666666667,4.88888888888889,1,true,true,ok_conditional,Exact Beta-Binomial marginal; M0 cell marginals are cross-cell dependent.
pmf,secondary_liberal,secondary_liberal_method_2,M1,beta_2_2,4,CP02-PTT-2021,PTT — 2021,18,20,15,0.108200875075521,16.6666666666667,4.88888888888889,1,true,true,ok_conditional,Exact Beta-Binomial marginal; M0 cell marginals are cross-cell dependent.
pmf,secondary_liberal,secondary_liberal_method_2,M1,beta_2_2,4,CP02-PTT-2021,PTT — 2021,18,20,16,0.147930883892313,16.6666666666667,4.88888888888889,1,true,true,ok_conditional,Exact Beta-Binomial marginal; M0 cell marginals are cross-cell dependent.
pmf,secondary_liberal,secondary_liberal_method_2,M1,beta_2_2,4,CP02-PTT-2021,PTT — 2021,18,20,17,0.179008800676413,16.6666666666667,4.88888888888889,1,true,true,ok_conditional,Exact Beta-Binomial marginal; M0 cell marginals are cross-cell dependent.
pmf,secondary_liberal,secondary_liberal_method_2,M1,beta_2_2,4,CP02-PTT-2021,PTT — 2021,18,20,18,0.18398126736187,16.6666666666667,4.88888888888889,1,true,true,ok_conditional,Exact Beta-Binomial marginal; M0 cell marginals are cross-cell dependent.
pmf,secondary_liberal,secondary_liberal_method_2,M1,beta_2_2,4,CP02-PTT-2021,PTT — 2021,18,20,19,0.147185013889495,16.6666666666667,4.88888888888889,1,true,true,ok_conditional,Exact Beta-Binomial marginal; M0 cell marginals are cross-cell dependent.
pmf,secondary_liberal,secondary_liberal_method_2,M1,beta_2_2,4,CP02-PTT-2021,PTT — 2021,18,20,20,0.0717526942711287,16.6666666666667,4.88888888888889,1,true,true,ok_conditional,Exact Beta-Binomial marginal; M0 cell marginals are cross-cell dependent.
summary,secondary_liberal,secondary_liberal_method_2,M1,beta_2_2,4,CP02-VHF-2022,VHF — 2022,12,16,,,11.2,5.76,0.999999999999999,true,true,ok_conditional,Exact Beta-Binomial marginal; M0 cell marginals are cross-cell dependent.
pmf,secondary_liberal,secondary_liberal_method_2,M1,beta_2_2,4,CP02-VHF-2022,VHF — 2022,12,16,0,5.01215667825911e-06,11.2,5.76,0.999999999999999,true,true,ok_conditional,Exact Beta-Binomial marginal; M0 cell marginals are cross-cell dependent.
pmf,secondary_liberal,secondary_liberal_method_2,M1,beta_2_2,4,CP02-VHF-2022,VHF — 2022,12,16,1,5.34630045680975e-05,11.2,5.76,0.999999999999999,true,true,ok_conditional,Exact Beta-Binomial marginal; M0 cell marginals are cross-cell dependent.
pmf,secondary_liberal,secondary_liberal_method_2,M1,beta_2_2,4,CP02-VHF-2022,VHF — 2022,12,16,2,0.000300729400695546,11.2,5.76,0.999999999999999,true,true,ok_conditional,Exact Beta-Binomial marginal; M0 cell marginals are cross-cell dependent.
pmf,secondary_liberal,secondary_liberal_method_2,M1,beta_2_2,4,CP02-VHF-2022,VHF — 2022,12,16,3,0.00118181378518952,11.2,5.76,0.999999999999999,true,true,ok_conditional,Exact Beta-Binomial marginal; M0 cell marginals are cross-cell dependent.
pmf,secondary_liberal,secondary_liberal_method_2,M1,beta_2_2,4,CP02-VHF-2022,VHF — 2022,12,16,4,0.00362751175731784,11.2,5.76,0.999999999999999,true,true,ok_conditional,Exact Beta-Binomial marginal; M0 cell marginals are cross-cell dependent.
pmf,secondary_liberal,secondary_liberal_method_2,M1,beta_2_2,4,CP02-VHF-2022,VHF — 2022,12,16,5,0.00921814752447821,11.2,5.76,0.999999999999999,true,true,ok_conditional,Exact Beta-Binomial marginal; M0 cell marginals are cross-cell dependent.
pmf,secondary_liberal,secondary_liberal_method_2,M1,beta_2_2,4,CP02-VHF-2022,VHF — 2022,12,16,6,0.0200686753397494,11.2,5.76,0.999999999999999,true,true,ok_conditional,Exact Beta-Binomial marginal; M0 cell marginals are cross-cell dependent.
pmf,secondary_liberal,secondary_liberal_method_2,M1,beta_2_2,4,CP02-VHF-2022,VHF — 2022,12,16,7,0.0382260482661897,11.2,5.76,0.999999999999999,true,true,ok_conditional,Exact Beta-Binomial marginal; M0 cell marginals are cross-cell dependent.
pmf,secondary_liberal,secondary_liberal_method_2,M1,beta_2_2,4,CP02-VHF-2022,VHF — 2022,12,16,8,0.0645064564491949,11.2,5.76,0.999999999999999,true,true,ok_conditional,Exact Beta-Binomial marginal; M0 cell marginals are cross-cell dependent.
pmf,secondary_liberal,secondary_liberal_method_2,M1,beta_2_2,4,CP02-VHF-2022,VHF — 2022,12,16,9,0.0970353532910956,11.2,5.76,0.999999999999999,true,true,ok_conditional,Exact Beta-Binomial marginal; M0 cell marginals are cross-cell dependent.
pmf,secondary_liberal,secondary_liberal_method_2,M1,beta_2_2,4,CP02-VHF-2022,VHF — 2022,12,16,10,0.130189098998889,11.2,5.76,0.999999999999999,true,true,ok_conditional,Exact Beta-Binomial marginal; M0 cell marginals are cross-cell dependent.
pmf,secondary_liberal,secondary_liberal_method_2,M1,beta_2_2,4,CP02-VHF-2022,VHF — 2022,12,16,11,0.154935787238344,11.2,5.76,0.999999999999999,true,true,ok_conditional,Exact Beta-Binomial marginal; M0 cell marginals are cross-cell dependent.
pmf,secondary_liberal,secondary_liberal_method_2,M1,beta_2_2,4,CP02-VHF-2022,VHF — 2022,12,16,12,0.161391445039942,11.2,5.76,0.999999999999999,true,true,ok_conditional,Exact Beta-Binomial marginal; M0 cell marginals are cross-cell dependent.
pmf,secondary_liberal,secondary_liberal_method_2,M1,beta_2_2,4,CP02-VHF-2022,VHF — 2022,12,16,13,0.143459062257728,11.2,5.76,0.999999999999999,true,true,ok_conditional,Exact Beta-Binomial marginal; M0 cell marginals are cross-cell dependent.
pmf,secondary_liberal,secondary_liberal_method_2,M1,beta_2_2,4,CP02-VHF-2022,VHF — 2022,12,16,14,0.103751643239964,11.2,5.76,0.999999999999999,true,true,ok_conditional,Exact Beta-Binomial marginal; M0 cell marginals are cross-cell dependent.
pmf,secondary_liberal,secondary_liberal_method_2,M1,beta_2_2,4,CP02-VHF-2022,VHF — 2022,12,16,15,0.0553342097279804,11.2,5.76,0.999999999999999,true,true,ok_conditional,Exact Beta-Binomial marginal; M0 cell marginals are cross-cell dependent.
pmf,secondary_liberal,secondary_liberal_method_2,M1,beta_2_2,4,CP02-VHF-2022,VHF — 2022,12,16,16,0.0167155425219941,11.2,5.76,0.999999999999999,true,true,ok_conditional,Exact Beta-Binomial marginal; M0 cell marginals are cross-cell dependent.
summary,secondary_liberal,secondary_liberal_method_2,M1,beta_2_2,4,CP02-PTT-2022,PTT — 2022,24,24,,,22.2857142857143,2.85432793807178,1.00000000000005,true,true,ok_conditional,Exact Beta-Binomial marginal; M0 cell marginals are cross-cell dependent.
pmf,secondary_liberal,secondary_liberal_method_2,M1,beta_2_2,4,CP02-PTT-2022,PTT — 2022,24,24,0,1.08888852527827e-13,22.2857142857143,2.85432793807178,1.00000000000005,true,true,ok_conditional,Exact Beta-Binomial marginal; M0 cell marginals are cross-cell dependent.
pmf,secondary_liberal,secondary_liberal_method_2,M1,beta_2_2,4,CP02-PTT-2022,PTT — 2022,24,24,1,2.71786575909456e-12,22.2857142857143,2.85432793807178,1.00000000000005,true,true,ok_conditional,Exact Beta-Binomial marginal; M0 cell marginals are cross-cell dependent.
pmf,secondary_liberal,secondary_liberal_method_2,M1,beta_2_2,4,CP02-PTT-2022,PTT — 2022,24,24,2,3.51623882582867e-11,22.2857142857143,2.85432793807178,1.00000000000005,true,true,ok_conditional,Exact Beta-Binomial marginal; M0 cell marginals are cross-cell dependent.
pmf,secondary_liberal,secondary_liberal_method_2,M1,beta_2_2,4,CP02-PTT-2022,PTT — 2022,24,24,3,3.13913495175421e-10,22.2857142857143,2.85432793807178,1.00000000000005,true,true,ok_conditional,Exact Beta-Binomial marginal; M0 cell marginals are cross-cell dependent.
pmf,secondary_liberal,secondary_liberal_method_2,M1,beta_2_2,4,CP02-PTT-2022,PTT — 2022,24,24,4,2.17242407456625e-09,22.2857142857143,2.85432793807178,1.00000000000005,true,true,ok_conditional,Exact Beta-Binomial marginal; M0 cell marginals are cross-cell dependent.
pmf,secondary_liberal,secondary_liberal_method_2,M1,beta_2_2,4,CP02-PTT-2022,PTT — 2022,24,24,5,1.24138518546646e-08,22.2857142857143,2.85432793807178,1.00000000000005,true,true,ok_conditional,Exact Beta-Binomial marginal; M0 cell marginals are cross-cell dependent.
pmf,secondary_liberal,secondary_liberal_method_2,M1,beta_2_2,4,CP02-PTT-2022,PTT — 2022,24,24,6,6.09313228533109e-08,22.2857142857143,2.85432793807178,1.00000000000005,true,true,ok_conditional,Exact Beta-Binomial marginal; M0 cell marginals are cross-cell dependent.
pmf,secondary_liberal,secondary_liberal_method_2,M1,beta_2_2,4,CP02-PTT-2022,PTT — 2022,24,24,7,2.63883022282007e-07,22.2857142857143,2.85432793807178,1.00000000000005,true,true,ok_conditional,Exact Beta-Binomial marginal; M0 cell marginals are cross-cell dependent.
pmf,secondary_liberal,secondary_liberal_method_2,M1,beta_2_2,4,CP02-PTT-2022,PTT — 2022,24,24,8,1.028044274307e-06,22.2857142857143,2.85432793807178,1.00000000000005,true,true,ok_conditional,Exact Beta-Binomial marginal; M0 cell marginals are cross-cell dependent.
pmf,secondary_liberal,secondary_liberal_method_2,M1,beta_2_2,4,CP02-PTT-2022,PTT — 2022,24,24,9,3.65526853086933e-06,22.2857142857143,2.85432793807178,1.00000000000005,true,true,ok_conditional,Exact Beta-Binomial marginal; M0 cell marginals are cross-cell dependent.
pmf,secondary_liberal,secondary_liberal_method_2,M1,beta_2_2,4,CP02-PTT-2022,PTT — 2022,24,24,10,1.1993849866915e-05,22.2857142857143,2.85432793807178,1.00000000000005,true,true,ok_conditional,Exact Beta-Binomial marginal; M0 cell marginals are cross-cell dependent.
pmf,secondary_liberal,secondary_liberal_method_2,M1,beta_2_2,4,CP02-PTT-2022,PTT — 2022,24,24,11,3.6635759593486e-05,22.2857142857143,2.85432793807178,1.00000000000005,true,true,ok_conditional,Exact Beta-Binomial marginal; M0 cell marginals are cross-cell dependent.
pmf,secondary_liberal,secondary_liberal_method_2,M1,beta_2_2,4,CP02-PTT-2022,PTT — 2022,24,24,12,0.00010489166883611,22.2857142857143,2.85432793807178,1.00000000000005,true,true,ok_conditional,Exact Beta-Binomial marginal; M0 cell marginals are cross-cell dependent.
pmf,secondary_liberal,secondary_liberal_method_2,M1,beta_2_2,4,CP02-PTT-2022,PTT — 2022,24,24,13,0.000283021307628797,22.2857142857143,2.85432793807178,1.00000000000005,true,true,ok_conditional,Exact Beta-Binomial marginal; M0 cell marginals are cross-cell dependent.
pmf,secondary_liberal,secondary_liberal_method_2,M1,beta_2_2,4,CP02-PTT-2022,PTT — 2022,24,24,14,0.00072271512483782,22.2857142857143,2.85432793807178,1.00000000000005,true,true,ok_conditional,Exact Beta-Binomial marginal; M0 cell marginals are cross-cell dependent.
pmf,secondary_liberal,secondary_liberal_method_2,M1,beta_2_2,4,CP02-PTT-2022,PTT — 2022,24,24,15,0.00175203666627348,22.2857142857143,2.85432793807178,1.00000000000005,true,true,ok_conditional,Exact Beta-Binomial marginal; M0 cell marginals are cross-cell dependent.
pmf,secondary_liberal,secondary_liberal_method_2,M1,beta_2_2,4,CP02-PTT-2022,PTT — 2022,24,24,16,0.00404063456159323,22.2857142857143,2.85432793807178,1.00000000000005,true,true,ok_conditional,Exact Beta-Binomial marginal; M0 cell marginals are cross-cell dependent.
pmf,secondary_liberal,secondary_liberal_method_2,M1,beta_2_2,4,CP02-PTT-2022,PTT — 2022,24,24,17,0.00887355040977345,22.2857142857143,2.85432793807178,1.00000000000005,true,true,ok_conditional,Exact Beta-Binomial marginal; M0 cell marginals are cross-cell dependent.
pmf,secondary_liberal,secondary_liberal_method_2,M1,beta_2_2,4,CP02-PTT-2022,PTT — 2022,24,24,18,0.0185481852315401,22.2857142857143,2.85432793807178,1.00000000000005,true,true,ok_conditional,Exact Beta-Binomial marginal; M0 cell marginals are cross-cell dependent.
pmf,secondary_liberal,secondary_liberal_method_2,M1,beta_2_2,4,CP02-PTT-2022,PTT — 2022,24,24,19,0.0368174503844111,22.2857142857143,2.85432793807178,1.00000000000005,true,true,ok_conditional,Exact Beta-Binomial marginal; M0 cell marginals are cross-cell dependent.
pmf,secondary_liberal,secondary_liberal_method_2,M1,beta_2_2,4,CP02-PTT-2022,PTT — 2022,24,24,20,0.0690327194707699,22.2857142857143,2.85432793807178,1.00000000000005,true,true,ok_conditional,Exact Beta-Binomial marginal; M0 cell marginals are cross-cell dependent.
pmf,secondary_liberal,secondary_liberal_method_2,M1,beta_2_2,4,CP02-PTT-2022,PTT — 2022,24,24,21,0.120971622691637,22.2857142857143,2.85432793807178,1.00000000000005,true,true,ok_conditional,Exact Beta-Binomial marginal; M0 cell marginals are cross-cell dependent.
pmf,secondary_liberal,secondary_liberal_method_2,M1,beta_2_2,4,CP02-PTT-2022,PTT — 2022,24,24,22,0.193829531812732,22.2857142857143,2.85432793807178,1.00000000000005,true,true,ok_conditional,Exact Beta-Binomial marginal; M0 cell marginals are cross-cell dependent.
pmf,secondary_liberal,secondary_liberal_method_2,M1,beta_2_2,4,CP02-PTT-2022,PTT — 2022,24,24,23,0.269675870348149,22.2857142857143,2.85432793807178,1.00000000000005,true,true,ok_conditional,Exact Beta-Binomial marginal; M0 cell marginals are cross-cell dependent.
pmf,secondary_liberal,secondary_liberal_method_2,M1,beta_2_2,4,CP02-PTT-2022,PTT — 2022,24,24,24,0.275294117647075,22.2857142857143,2.85432793807178,1.00000000000005,true,true,ok_conditional,Exact Beta-Binomial marginal; M0 cell marginals are cross-cell dependent.
