row_id,source_record,source_line,cook_rank,term_id,estimate_full,estimate_deleted,delta_full_minus_deleted,delta_in_primary_se
CP01-R0611,611,612,1,INTERCEPT,-23.33121358,-22.47323894,-0.85797464,-0.03227227
CP01-R0611,611,612,1,CEMENT,0.11980433,0.11926458,0.00053976,0.06358327
CP01-R0611,611,612,1,SLAG,0.10386581,0.10333927,0.00052654,0.05194860
CP01-R0611,611,612,1,FLY_ASH,0.08793432,0.08724713,0.00068719,0.05461133
CP01-R0611,611,612,1,WATER,-0.14991842,-0.15230698,0.00238857,0.05945101
CP01-R0611,611,612,1,SUPERPLASTICIZER,0.29222460,0.28845177,0.00377283,0.04038387
CP01-R0611,611,612,1,COARSE_AGGREGATE,0.01808621,0.01765997,0.00042625,0.04538310
CP01-R0611,611,612,1,FINE_AGGREGATE,0.02019035,0.02039881,-0.00020846,-0.01947944
CP01-R0611,611,612,1,AGE,0.11422207,0.11659898,-0.00237691,-0.43796748
CP01-R0057,57,58,2,INTERCEPT,-23.33121358,-20.96993648,-2.36127711,-0.08881822
CP01-R0057,57,58,2,CEMENT,0.11980433,0.11945404,0.00035030,0.04126454
CP01-R0057,57,58,2,SLAG,0.10386581,0.10283242,0.00103339,0.10195447
CP01-R0057,57,58,2,FLY_ASH,0.08793432,0.08715118,0.00078314,0.06223617
CP01-R0057,57,58,2,WATER,-0.14991842,-0.15179822,0.00187980,0.04678793
CP01-R0057,57,58,2,SUPERPLASTICIZER,0.29222460,0.29214634,0.00007826,0.00083768
CP01-R0057,57,58,2,COARSE_AGGREGATE,0.01808621,0.01718599,0.00090022,0.09584741
CP01-R0057,57,58,2,FINE_AGGREGATE,0.02019035,0.01890940,0.00128095,0.11969657
CP01-R0057,57,58,2,AGE,0.11422207,0.11625099,-0.00202892,-0.37384618
CP01-R0225,225,226,3,INTERCEPT,-23.33121358,-13.65046382,-9.68074977,-0.36413640
CP01-R0225,225,226,3,CEMENT,0.11980433,0.11753841,0.00226593,0.26692460
CP01-R0225,225,226,3,SLAG,0.10386581,0.10146510,0.00240071,0.23685438
CP01-R0225,225,226,3,FLY_ASH,0.08793432,0.08591101,0.00202331,0.16079312
CP01-R0225,225,226,3,WATER,-0.14991842,-0.16761960,0.01770118,0.44057951
CP01-R0225,225,226,3,SUPERPLASTICIZER,0.29222460,0.26398445,0.02824015,0.30227911
CP01-R0225,225,226,3,COARSE_AGGREGATE,0.01808621,0.01527463,0.00281158,0.29935174
CP01-R0225,225,226,3,FINE_AGGREGATE,0.02019035,0.01682068,0.00336967,0.31487289
CP01-R0225,225,226,3,AGE,0.11422207,0.11425147,-0.00002940,-0.00541781
CP01-R0043,43,44,4,INTERCEPT,-23.33121358,-23.24573742,-0.08547616,-0.00321514
CP01-R0043,43,44,4,CEMENT,0.11980433,0.11973993,0.00006440,0.00758674
CP01-R0043,43,44,4,SLAG,0.10386581,0.10447685,-0.00061104,-0.06028566
CP01-R0043,43,44,4,FLY_ASH,0.08793432,0.08818911,-0.00025479,-0.02024851
CP01-R0043,43,44,4,WATER,-0.14991842,-0.14954829,-0.00037013,-0.00921250
CP01-R0043,43,44,4,SUPERPLASTICIZER,0.29222460,0.29228191,-0.00005732,-0.00061350
CP01-R0043,43,44,4,COARSE_AGGREGATE,0.01808621,0.01805583,0.00003038,0.00323470
CP01-R0043,43,44,4,FINE_AGGREGATE,0.02019035,0.01988494,0.00030541,0.02853832
CP01-R0043,43,44,4,AGE,0.11422207,0.11639332,-0.00217126,-0.40007300
CP01-R0004,4,5,5,INTERCEPT,-23.33121358,-22.38594620,-0.94526739,-0.03555574
CP01-R0004,4,5,5,CEMENT,0.11980433,0.11963377,0.00017057,0.02009248
CP01-R0004,4,5,5,SLAG,0.10386581,0.10383243,0.00003338,0.00329338
CP01-R0004,4,5,5,FLY_ASH,0.08793432,0.08778687,0.00014745,0.01171770
CP01-R0004,4,5,5,WATER,-0.14991842,-0.15041396,0.00049554,0.01233386
CP01-R0004,4,5,5,SUPERPLASTICIZER,0.29222460,0.29222854,-0.00000395,-0.00004225
CP01-R0004,4,5,5,COARSE_AGGREGATE,0.01808621,0.01772713,0.00035908,0.03823192
CP01-R0004,4,5,5,FINE_AGGREGATE,0.02019035,0.01952564,0.00066471,0.06211306
CP01-R0004,4,5,5,AGE,0.11422207,0.11626462,-0.00204255,-0.37635777
CP01-R0077,77,78,6,INTERCEPT,-23.33121358,-23.43455452,0.10334094,0.00388712
CP01-R0077,77,78,6,CEMENT,0.11980433,0.11956716,0.00023718,0.02793933
CP01-R0077,77,78,6,SLAG,0.10386581,0.10332872,0.00053709,0.05298943
CP01-R0077,77,78,6,FLY_ASH,0.08793432,0.08625216,0.00168217,0.13368228
CP01-R0077,77,78,6,WATER,-0.14991842,-0.14808829,-0.00183013,-0.04555171
CP01-R0077,77,78,6,SUPERPLASTICIZER,0.29222460,0.32318551,-0.03096092,-0.33140192
CP01-R0077,77,78,6,COARSE_AGGREGATE,0.01808621,0.01803356,0.00005266,0.00560632
CP01-R0077,77,78,6,FINE_AGGREGATE,0.02019035,0.02001270,0.00017766,0.01660070
CP01-R0077,77,78,6,AGE,0.11422207,0.11403438,0.00018769,0.03458382
CP01-R0042,42,43,7,INTERCEPT,-23.33121358,-21.59981245,-1.73140114,-0.06512576
CP01-R0042,42,43,7,CEMENT,0.11980433,0.11953779,0.00026654,0.03139846
CP01-R0042,42,43,7,SLAG,0.10386581,0.10322954,0.00063626,0.06277401
CP01-R0042,42,43,7,FLY_ASH,0.08793432,0.08741313,0.00052120,0.04141963
CP01-R0042,42,43,7,WATER,-0.14991842,-0.15121470,0.00129628,0.03226423
CP01-R0042,42,43,7,SUPERPLASTICIZER,0.29222460,0.29217848,0.00004612,0.00049363
CP01-R0042,42,43,7,COARSE_AGGREGATE,0.01808621,0.01742654,0.00065967,0.07023590
CP01-R0042,42,43,7,FINE_AGGREGATE,0.02019035,0.01920257,0.00098778,0.09230134
CP01-R0042,42,43,7,AGE,0.11422207,0.11610272,-0.00188066,-0.34652756
CP01-R0621,621,622,8,INTERCEPT,-23.33121358,-23.16910221,-0.16211137,-0.00609774
CP01-R0621,621,622,8,CEMENT,0.11980433,0.11951846,0.00028587,0.03367537
CP01-R0621,621,622,8,SLAG,0.10386581,0.10357377,0.00029203,0.02881222
CP01-R0621,621,622,8,FLY_ASH,0.08793432,0.08755380,0.00038053,0.03024050
CP01-R0621,621,622,8,WATER,-0.14991842,-0.15088131,0.00096289,0.02396611
CP01-R0621,621,622,8,SUPERPLASTICIZER,0.29222460,0.29047716,0.00174743,0.01870429
CP01-R0621,621,622,8,COARSE_AGGREGATE,0.01808621,0.01790971,0.00017651,0.01879288
CP01-R0621,621,622,8,FINE_AGGREGATE,0.02019035,0.02051296,-0.00032261,-0.03014574
CP01-R0621,621,622,8,AGE,0.11422207,0.11624927,-0.00202720,-0.37352902
CP01-R0793,793,794,9,INTERCEPT,-23.33121358,-26.82051066,3.48929708,0.13124811
CP01-R0793,793,794,9,CEMENT,0.11980433,0.12085512,-0.00105078,-0.12378153
CP01-R0793,793,794,9,SLAG,0.10386581,0.10500359,-0.00113778,-0.11225405
CP01-R0793,793,794,9,FLY_ASH,0.08793432,0.08926111,-0.00132679,-0.10544019
CP01-R0793,793,794,9,WATER,-0.14991842,-0.14678513,-0.00313329,-0.07798699
CP01-R0793,793,794,9,SUPERPLASTICIZER,0.29222460,0.29148844,0.00073615,0.00787967
CP01-R0793,793,794,9,COARSE_AGGREGATE,0.01808621,0.01933382,-0.00124761,-0.13283413
CP01-R0793,793,794,9,FINE_AGGREGATE,0.02019035,0.02173030,-0.00153994,-0.14389740
CP01-R0793,793,794,9,AGE,0.11422207,0.11624520,-0.00202313,-0.37277953
CP01-R0007,7,8,10,INTERCEPT,-23.33121358,-22.05299521,-1.27821837,-0.04807952
CP01-R0007,7,8,10,CEMENT,0.11980433,0.11959593,0.00020841,0.02455033
CP01-R0007,7,8,10,SLAG,0.10386581,0.10354191,0.00032390,0.03195613
CP01-R0007,7,8,10,FLY_ASH,0.08793432,0.08761322,0.00032110,0.02551813
CP01-R0007,7,8,10,WATER,-0.14991842,-0.15077687,0.00085845,0.02136666
CP01-R0007,7,8,10,SUPERPLASTICIZER,0.29222460,0.29220408,0.00002052,0.00021964
CP01-R0007,7,8,10,COARSE_AGGREGATE,0.01808621,0.01759970,0.00048651,0.05179930
CP01-R0007,7,8,10,FINE_AGGREGATE,0.02019035,0.01940286,0.00078749,0.07358546
CP01-R0007,7,8,10,AGE,0.11422207,0.11608224,-0.00186017,-0.34275263
CP01-R0623,623,624,11,INTERCEPT,-23.33121358,-21.29412183,-2.03709176,-0.07662415
CP01-R0623,623,624,11,CEMENT,0.11980433,0.11921243,0.00059191,0.06972603
CP01-R0623,623,624,11,SLAG,0.10386581,0.10310418,0.00076163,0.07514212
CP01-R0623,623,624,11,FLY_ASH,0.08793432,0.08710756,0.00082676,0.06570275
CP01-R0623,623,624,11,WATER,-0.14991842,-0.15383965,0.00392123,0.09759884
CP01-R0623,623,624,11,SUPERPLASTICIZER,0.29222460,0.28647925,0.00574535,0.06149748
CP01-R0623,623,624,11,COARSE_AGGREGATE,0.01808621,0.01733814,0.00074808,0.07964847
CP01-R0623,623,624,11,FINE_AGGREGATE,0.02019035,0.01972348,0.00046687,0.04362614
CP01-R0623,623,624,11,AGE,0.11422207,0.11621439,-0.00199232,-0.36710339
CP01-R0502,502,503,12,INTERCEPT,-23.33121358,-30.47401324,7.14279965,0.26867272
CP01-R0502,502,503,12,CEMENT,0.11980433,0.12274733,-0.00294299,-0.34668216
CP01-R0502,502,503,12,SLAG,0.10386581,0.10665316,-0.00278735,-0.27500058
CP01-R0502,502,503,12,FLY_ASH,0.08793432,0.09214596,-0.00421163,-0.33469987
CP01-R0502,502,503,12,WATER,-0.14991842,-0.13951389,-0.01040453,-0.25896712
CP01-R0502,502,503,12,SUPERPLASTICIZER,0.29222460,0.28959768,0.00262692,0.02811822
CP01-R0502,502,503,12,COARSE_AGGREGATE,0.01808621,0.02005200,-0.00196579,-0.20929938
CP01-R0502,502,503,12,FINE_AGGREGATE,0.02019035,0.02294723,-0.00275688,-0.25761146
CP01-R0502,502,503,12,AGE,0.11422207,0.11392804,0.00029403,0.05417815
CP01-R0617,617,618,13,INTERCEPT,-23.33121358,-22.22116220,-1.11005138,-0.04175401
CP01-R0617,617,618,13,CEMENT,0.11980433,0.11939811,0.00040622,0.04785287
CP01-R0617,617,618,13,SLAG,0.10386581,0.10339346,0.00047235,0.04660207
CP01-R0617,617,618,13,FLY_ASH,0.08793432,0.08738709,0.00054723,0.04348866
CP01-R0617,617,618,13,WATER,-0.14991842,-0.15266528,0.00274686,0.06836899
CP01-R0617,617,618,13,SUPERPLASTICIZER,0.29222460,0.28724863,0.00497597,0.05326217
CP01-R0617,617,618,13,COARSE_AGGREGATE,0.01808621,0.01761706,0.00046915,0.04995128
CP01-R0617,617,618,13,FINE_AGGREGATE,0.02019035,0.02017628,0.00001407,0.00131479
CP01-R0617,617,618,13,AGE,0.11422207,0.11617355,-0.00195148,-0.35957833
CP01-R0605,605,606,14,INTERCEPT,-23.33121358,-21.72746517,-1.60374841,-0.06032417
CP01-R0605,605,606,14,CEMENT,0.11980433,0.11940911,0.00039523,0.04655744
CP01-R0605,605,606,14,SLAG,0.10386581,0.10325986,0.00060595,0.05978325
CP01-R0605,605,606,14,FLY_ASH,0.08793432,0.08733439,0.00059993,0.04767647
CP01-R0605,605,606,14,WATER,-0.14991842,-0.15304221,0.00312379,0.07775066
CP01-R0605,605,606,14,SUPERPLASTICIZER,0.29222460,0.28725508,0.00496952,0.05319311
CP01-R0605,605,606,14,COARSE_AGGREGATE,0.01808621,0.01748814,0.00059808,0.06367784
CP01-R0605,605,606,14,FINE_AGGREGATE,0.02019035,0.01980150,0.00038885,0.03633572
CP01-R0605,605,606,14,AGE,0.11422207,0.11617471,-0.00195264,-0.35979179
CP01-R0815,815,816,15,INTERCEPT,-23.33121358,-23.61623021,0.28501663,0.01072075
CP01-R0815,815,816,15,CEMENT,0.11980433,0.11990275,-0.00009842,-0.01159371
CP01-R0815,815,816,15,SLAG,0.10386581,0.10392591,-0.00006011,-0.00593003
CP01-R0815,815,816,15,FLY_ASH,0.08793432,0.08804042,-0.00010609,-0.00843129
CP01-R0815,815,816,15,WATER,-0.14991842,-0.15083359,0.00091517,0.02277845
CP01-R0815,815,816,15,SUPERPLASTICIZER,0.29222460,0.28781019,0.00441441,0.04725127
CP01-R0815,815,816,15,COARSE_AGGREGATE,0.01808621,0.01807118,0.00001503,0.00160031
CP01-R0815,815,816,15,FINE_AGGREGATE,0.02019035,0.02069592,-0.00050557,-0.04724174
CP01-R0815,815,816,15,AGE,0.11422207,0.11612658,-0.00190451,-0.35092232
CP01-R0067,67,68,16,INTERCEPT,-23.33121358,-27.33281668,4.00160310,0.15051823
CP01-R0067,67,68,16,CEMENT,0.11980433,0.12077951,-0.00097518,-0.11487519
CP01-R0067,67,68,16,SLAG,0.10386581,0.10569973,-0.00183392,-0.18093504
CP01-R0067,67,68,16,FLY_ASH,0.08793432,0.08956048,-0.00162616,-0.12923104
CP01-R0067,67,68,16,WATER,-0.14991842,-0.14618243,-0.00373599,-0.09298820
CP01-R0067,67,68,16,SUPERPLASTICIZER,0.29222460,0.29176732,0.00045728,0.00489463
CP01-R0067,67,68,16,COARSE_AGGREGATE,0.01808621,0.01954717,-0.00146096,-0.15554968
CP01-R0067,67,68,16,FINE_AGGREGATE,0.02019035,0.02193446,-0.00174410,-0.16297479
CP01-R0067,67,68,16,AGE,0.11422207,0.11588451,-0.00166244,-0.30631997
CP01-R0770,770,771,17,INTERCEPT,-23.33121358,-23.45541114,0.12419755,0.00467163
CP01-R0770,770,771,17,CEMENT,0.11980433,0.11991100,-0.00010666,-0.01256477
CP01-R0770,770,771,17,SLAG,0.10386581,0.10389919,-0.00003338,-0.00329347
CP01-R0770,770,771,17,FLY_ASH,0.08793432,0.08803272,-0.00009839,-0.00781944
CP01-R0770,770,771,17,WATER,-0.14991842,-0.15102997,0.00111155,0.02766623
CP01-R0770,770,771,17,SUPERPLASTICIZER,0.29222460,0.28772656,0.00449804,0.04814645
CP01-R0770,770,771,17,COARSE_AGGREGATE,0.01808621,0.01805605,0.00003016,0.00321165
CP01-R0770,770,771,17,FINE_AGGREGATE,0.02019035,0.02055810,-0.00036775,-0.03436376
CP01-R0770,770,771,17,AGE,0.11422207,0.11603404,-0.00181197,-0.33387113
CP01-R0075,75,76,18,INTERCEPT,-23.33121358,-23.12499053,-0.20622305,-0.00775697
CP01-R0075,75,76,18,CEMENT,0.11980433,0.11970382,0.00010051,0.01184019
CP01-R0075,75,76,18,SLAG,0.10386581,0.10368331,0.00018250,0.01800531
CP01-R0075,75,76,18,FLY_ASH,0.08793432,0.08688662,0.00104770,0.08326134
CP01-R0075,75,76,18,WATER,-0.14991842,-0.15103006,0.00111164,0.02766844
CP01-R0075,75,76,18,SUPERPLASTICIZER,0.29222460,0.30393336,-0.01170877,-0.12532923
CP01-R0075,75,76,18,COARSE_AGGREGATE,0.01808621,0.01776156,0.00032466,0.03456651
CP01-R0075,75,76,18,FINE_AGGREGATE,0.02019035,0.02066122,-0.00047087,-0.04399931
CP01-R0075,75,76,18,AGE,0.11422207,0.11419561,0.00002646,0.00487551
CP01-R0382,382,383,19,INTERCEPT,-23.33121358,-23.26946984,-0.06174375,-0.00232246
CP01-R0382,382,383,19,CEMENT,0.11980433,0.11952810,0.00027623,0.03254000
CP01-R0382,382,383,19,SLAG,0.10386581,0.10318242,0.00068339,0.06742361
CP01-R0382,382,383,19,FLY_ASH,0.08793432,0.08795879,-0.00002447,-0.00194446
CP01-R0382,382,383,19,WATER,-0.14991842,-0.14604336,-0.00387506,-0.09644960
CP01-R0382,382,383,19,SUPERPLASTICIZER,0.29222460,0.29934037,-0.00711578,-0.07616643
CP01-R0382,382,383,19,COARSE_AGGREGATE,0.01808621,0.01730261,0.00078360,0.08343072
CP01-R0382,382,383,19,FINE_AGGREGATE,0.02019035,0.02025415,-0.00006380,-0.00596203
CP01-R0382,382,383,19,AGE,0.11422207,0.11414749,0.00007457,0.01374100
CP01-R0747,747,748,20,INTERCEPT,-23.33121358,-27.56428704,4.23307346,0.15922487
CP01-R0747,747,748,20,CEMENT,0.11980433,0.12136260,-0.00155827,-0.18356277
CP01-R0747,747,748,20,SLAG,0.10386581,0.10499170,-0.00112589,-0.11108082
CP01-R0747,747,748,20,FLY_ASH,0.08793432,0.08934388,-0.00140955,-0.11201767
CP01-R0747,747,748,20,WATER,-0.14991842,-0.14368722,-0.00623120,-0.15509358
CP01-R0747,747,748,20,SUPERPLASTICIZER,0.29222460,0.29561329,-0.00338870,-0.03627223
CP01-R0747,747,748,20,COARSE_AGGREGATE,0.01808621,0.01990830,-0.00182208,-0.19399889
CP01-R0747,747,748,20,FINE_AGGREGATE,0.02019035,0.02117450,-0.00098415,-0.09196183
CP01-R0747,747,748,20,AGE,0.11422207,0.11368183,0.00054023,0.09954302
CP01-R0226,226,227,21,INTERCEPT,-23.33121358,-16.88627895,-6.44493464,-0.24242289
CP01-R0226,226,227,21,CEMENT,0.11980433,0.11829808,0.00150625,0.17743572
CP01-R0226,226,227,21,SLAG,0.10386581,0.10227581,0.00159000,0.15686930
CP01-R0226,226,227,21,FLY_ASH,0.08793432,0.08659964,0.00133468,0.10606742
CP01-R0226,226,227,21,WATER,-0.14991842,-0.16174971,0.01183129,0.29447893
CP01-R0226,226,227,21,SUPERPLASTICIZER,0.29222460,0.27335467,0.01886992,0.20198135
CP01-R0226,226,227,21,COARSE_AGGREGATE,0.01808621,0.01621522,0.00187099,0.19920640
CP01-R0226,226,227,21,FINE_AGGREGATE,0.02019035,0.01795184,0.00223851,0.20917354
CP01-R0226,226,227,21,AGE,0.11422207,0.11429647,-0.00007440,-0.01370918
CP01-R0086,86,87,22,INTERCEPT,-23.33121358,-22.51932087,-0.81189272,-0.03053893
CP01-R0086,86,87,22,CEMENT,0.11980433,0.11937381,0.00043053,0.05071582
CP01-R0086,86,87,22,SLAG,0.10386581,0.10346011,0.00040570,0.04002630
CP01-R0086,86,87,22,FLY_ASH,0.08793432,0.08663792,0.00129640,0.10302521
CP01-R0086,86,87,22,WATER,-0.14991842,-0.15111230,0.00119388,0.02971550
CP01-R0086,86,87,22,SUPERPLASTICIZER,0.29222460,0.30640261,-0.01417801,-0.15175974
CP01-R0086,86,87,22,COARSE_AGGREGATE,0.01808621,0.01853929,-0.00045307,-0.04823922
CP01-R0086,86,87,22,FINE_AGGREGATE,0.02019035,0.01907015,0.00112021,0.10467559
CP01-R0086,86,87,22,AGE,0.11422207,0.11395034,0.00027173,0.05006856
CP01-R0829,829,830,23,INTERCEPT,-23.33121358,-25.18757046,1.85635688,0.06982591
CP01-R0829,829,830,23,CEMENT,0.11980433,0.11927802,0.00052632,0.06199998
CP01-R0829,829,830,23,SLAG,0.10386581,0.10377656,0.00008925,0.00880500
CP01-R0829,829,830,23,FLY_ASH,0.08793432,0.08752023,0.00041409,0.03290783
CP01-R0829,829,830,23,WATER,-0.14991842,-0.14409823,-0.00582019,-0.14486365
CP01-R0829,829,830,23,SUPERPLASTICIZER,0.29222460,0.31519976,-0.02297517,-0.24592340
CP01-R0829,829,830,23,COARSE_AGGREGATE,0.01808621,0.01898133,-0.00089512,-0.09530403
CP01-R0829,829,830,23,FINE_AGGREGATE,0.02019035,0.02011959,0.00007077,0.00661259
CP01-R0829,829,830,23,AGE,0.11422207,0.11417417,0.00004789,0.00882497
CP01-R0080,80,81,24,INTERCEPT,-23.33121358,-23.39708276,0.06586918,0.00247764
CP01-R0080,80,81,24,CEMENT,0.11980433,0.11973854,0.00006580,0.00775112
CP01-R0080,80,81,24,SLAG,0.10386581,0.10322744,0.00063837,0.06298189
CP01-R0080,80,81,24,FLY_ASH,0.08793432,0.08673953,0.00119479,0.09495067
CP01-R0080,80,81,24,WATER,-0.14991842,-0.14861969,-0.00129873,-0.03232516
CP01-R0080,80,81,24,SUPERPLASTICIZER,0.29222460,0.31185145,-0.01962685,-0.21008342
CP01-R0080,80,81,24,COARSE_AGGREGATE,0.01808621,0.01793899,0.00014723,0.01567569
CP01-R0080,80,81,24,FINE_AGGREGATE,0.02019035,0.02020372,-0.00001337,-0.00124937
CP01-R0080,80,81,24,AGE,0.11422207,0.11403228,0.00018979,0.03497056
CP01-R0001,1,2,25,INTERCEPT,-23.33121358,-26.68066522,3.34945163,0.12598789
CP01-R0001,1,2,25,CEMENT,0.11980433,0.11988304,-0.00007871,-0.00927195
CP01-R0001,1,2,25,SLAG,0.10386581,0.10469100,-0.00082519,-0.08141314
CP01-R0001,1,2,25,FLY_ASH,0.08793432,0.08867040,-0.00073608,-0.05849625
CP01-R0001,1,2,25,WATER,-0.14991842,-0.14323368,-0.00668473,-0.16638197
CP01-R0001,1,2,25,SUPERPLASTICIZER,0.29222460,0.30628957,-0.01406498,-0.15054982
CP01-R0001,1,2,25,COARSE_AGGREGATE,0.01808621,0.01894713,-0.00086091,-0.09166215
CP01-R0001,1,2,25,FINE_AGGREGATE,0.02019035,0.02155271,-0.00136236,-0.12730306
CP01-R0001,1,2,25,AGE,0.11422207,0.11439413,-0.00017206,-0.03170432
CP01-R0005,5,6,26,INTERCEPT,-23.33121358,-24.21355991,0.88234632,0.03318900
CP01-R0005,5,6,26,CEMENT,0.11980433,0.11998987,-0.00018554,-0.02185615
CP01-R0005,5,6,26,SLAG,0.10386581,0.10445321,-0.00058741,-0.05795355
CP01-R0005,5,6,26,FLY_ASH,0.08793432,0.08836880,-0.00043448,-0.03452812
CP01-R0005,5,6,26,WATER,-0.14991842,-0.14997484,0.00005642,0.00140439
CP01-R0005,5,6,26,SUPERPLASTICIZER,0.29222460,0.28885952,0.00336507,0.03601933
CP01-R0005,5,6,26,COARSE_AGGREGATE,0.01808621,0.01836241,-0.00027620,-0.02940717
CP01-R0005,5,6,26,FINE_AGGREGATE,0.02019035,0.02080534,-0.00061499,-0.05746656
CP01-R0005,5,6,26,AGE,0.11422207,0.11567900,-0.00145693,-0.26845264
CP01-R0406,406,407,27,INTERCEPT,-23.33121358,-29.17382245,5.84260886,0.21976671
CP01-R0406,406,407,27,CEMENT,0.11980433,0.12115817,-0.00135384,-0.15948137
CP01-R0406,406,407,27,SLAG,0.10386581,0.10590388,-0.00203808,-0.20107687
CP01-R0406,406,407,27,FLY_ASH,0.08793432,0.09032382,-0.00238950,-0.18989434
CP01-R0406,406,407,27,WATER,-0.14991842,-0.14117128,-0.00874714,-0.21771492
CP01-R0406,406,407,27,SUPERPLASTICIZER,0.29222460,0.29694996,-0.00472537,-0.05057974
CP01-R0406,406,407,27,COARSE_AGGREGATE,0.01808621,0.01975729,-0.00167107,-0.17792060
CP01-R0406,406,407,27,FINE_AGGREGATE,0.02019035,0.02266376,-0.00247341,-0.23112330
CP01-R0406,406,407,27,AGE,0.11422207,0.11437694,-0.00015487,-0.02853659
CP01-R0554,554,555,28,INTERCEPT,-23.33121358,-24.41007473,1.07886115,0.04058080
CP01-R0554,554,555,28,CEMENT,0.11980433,0.12061131,-0.00080697,-0.09506067
CP01-R0554,554,555,28,SLAG,0.10386581,0.10551413,-0.00164832,-0.16262368
CP01-R0554,554,555,28,FLY_ASH,0.08793432,0.08925462,-0.00132029,-0.10492420
CP01-R0554,554,555,28,WATER,-0.14991842,-0.15009110,0.00017268,0.00429807
CP01-R0554,554,555,28,SUPERPLASTICIZER,0.29222460,0.28011111,0.01211348,0.12966123
CP01-R0554,554,555,28,COARSE_AGGREGATE,0.01808621,0.01847135,-0.00038513,-0.04100554
CP01-R0554,554,555,28,FINE_AGGREGATE,0.02019035,0.02072732,-0.00053697,-0.05017636
CP01-R0554,554,555,28,AGE,0.11422207,0.11412356,0.00009850,0.01815027
CP01-R0503,503,504,29,INTERCEPT,-23.33121358,-28.21799444,4.88678085,0.18381374
CP01-R0503,503,504,29,CEMENT,0.11980433,0.12181780,-0.00201347,-0.23718489
CP01-R0503,503,504,29,SLAG,0.10386581,0.10577491,-0.00190910,-0.18835254
CP01-R0503,503,504,29,FLY_ASH,0.08793432,0.09081819,-0.00288387,-0.22918227
CP01-R0503,503,504,29,WATER,-0.14991842,-0.14281393,-0.00710449,-0.17682950
CP01-R0503,503,504,29,SUPERPLASTICIZER,0.29222460,0.29041839,0.00180620,0.01933335
CP01-R0503,503,504,29,COARSE_AGGREGATE,0.01808621,0.01943145,-0.00134523,-0.14322832
CP01-R0503,503,504,29,FINE_AGGREGATE,0.02019035,0.02207791,-0.00188756,-0.17638004
CP01-R0503,503,504,29,AGE,0.11422207,0.11403909,0.00018298,0.03371498
CP01-R0505,505,506,30,INTERCEPT,-23.33121358,-25.00292521,1.67171163,0.06288057
CP01-R0505,505,506,30,CEMENT,0.11980433,0.12116240,-0.00135806,-0.15997855
CP01-R0505,505,506,30,SLAG,0.10386581,0.10488087,-0.00101506,-0.10014636
CP01-R0505,505,506,30,FLY_ASH,0.08793432,0.09000512,-0.00207079,-0.16456666
CP01-R0505,505,506,30,WATER,-0.14991842,-0.14741764,-0.00250078,-0.06224395
CP01-R0505,505,506,30,SUPERPLASTICIZER,0.29222460,0.28323078,0.00899381,0.09626870
CP01-R0505,505,506,30,COARSE_AGGREGATE,0.01808621,0.01821814,-0.00013193,-0.01404644
CP01-R0505,505,506,30,FINE_AGGREGATE,0.02019035,0.02097516,-0.00078480,-0.07333470
CP01-R0505,505,506,30,AGE,0.11422207,0.11397079,0.00025127,0.04629959
CP01-R0384,384,385,31,INTERCEPT,-23.33121358,-24.68136937,1.35015579,0.05078541
CP01-R0384,384,385,31,CEMENT,0.11980433,0.12016471,-0.00036037,-0.04245146
CP01-R0384,384,385,31,SLAG,0.10386581,0.10494439,-0.00107858,-0.10641287
CP01-R0384,384,385,31,FLY_ASH,0.08793432,0.08950567,-0.00157134,-0.12487518
CP01-R0384,384,385,31,WATER,-0.14991842,-0.14835201,-0.00156641,-0.03898764
CP01-R0384,384,385,31,SUPERPLASTICIZER,0.29222460,0.28206672,0.01015788,0.10872869
CP01-R0384,384,385,31,COARSE_AGGREGATE,0.01808621,0.01822446,-0.00013824,-0.01471858
CP01-R0384,384,385,31,FINE_AGGREGATE,0.02019035,0.02107567,-0.00088532,-0.08272677
CP01-R0384,384,385,31,AGE,0.11422207,0.11446945,-0.00024738,-0.04558273
CP01-R0585,585,586,32,INTERCEPT,-23.33121358,-24.40104104,1.06982746,0.04024101
CP01-R0585,585,586,32,CEMENT,0.11980433,0.12053854,-0.00073421,-0.08648886
CP01-R0585,585,586,32,SLAG,0.10386581,0.10543862,-0.00157281,-0.15517379
CP01-R0585,585,586,32,FLY_ASH,0.08793432,0.08914394,-0.00120961,-0.09612847
CP01-R0585,585,586,32,WATER,-0.14991842,-0.15003478,0.00011636,0.00289614
CP01-R0585,585,586,32,SUPERPLASTICIZER,0.29222460,0.28084597,0.01137862,0.12179538
CP01-R0585,585,586,32,COARSE_AGGREGATE,0.01808621,0.01849635,-0.00041013,-0.04366700
CP01-R0585,585,586,32,FINE_AGGREGATE,0.02019035,0.02070828,-0.00051793,-0.04839706
CP01-R0585,585,586,32,AGE,0.11422207,0.11410908,0.00011299,0.02081918
CP01-R0405,405,406,33,INTERCEPT,-23.33121358,-26.00050291,2.66928932,0.10040394
CP01-R0405,405,406,33,CEMENT,0.11980433,0.11989515,-0.00009082,-0.01069839
CP01-R0405,405,406,33,SLAG,0.10386581,0.10372216,0.00014365,0.01417280
CP01-R0405,405,406,33,FLY_ASH,0.08793432,0.08745161,0.00048271,0.03836131
CP01-R0405,405,406,33,WATER,-0.14991842,-0.14478480,-0.00513362,-0.12777506
CP01-R0405,405,406,33,SUPERPLASTICIZER,0.29222460,0.30529258,-0.01306798,-0.13987810
CP01-R0405,405,406,33,COARSE_AGGREGATE,0.01808621,0.01927196,-0.00118575,-0.12624752
CP01-R0405,405,406,33,FINE_AGGREGATE,0.02019035,0.02082866,-0.00063831,-0.05964532
CP01-R0405,405,406,33,AGE,0.11422207,0.11412146,0.00010061,0.01853767
CP01-R0070,70,71,34,INTERCEPT,-23.33121358,-21.45767812,-1.87353546,-0.07047207
CP01-R0070,70,71,34,CEMENT,0.11980433,0.11861287,0.00119146,0.14035335
CP01-R0070,70,71,34,SLAG,0.10386581,0.10282893,0.00103687,0.10229823
CP01-R0070,70,71,34,FLY_ASH,0.08793432,0.08666338,0.00127094,0.10100199
CP01-R0070,70,71,34,WATER,-0.14991842,-0.14934468,-0.00057374,-0.01428027
CP01-R0070,70,71,34,SUPERPLASTICIZER,0.29222460,0.30435284,-0.01212825,-0.12981930
CP01-R0070,70,71,34,COARSE_AGGREGATE,0.01808621,0.01720621,0.00088000,0.09369454
CP01-R0070,70,71,34,FINE_AGGREGATE,0.02019035,0.01924174,0.00094861,0.08864103
CP01-R0070,70,71,34,AGE,0.11422207,0.11418358,0.00003849,0.00709233
CP01-R0082,82,83,35,INTERCEPT,-23.33121358,-24.89614150,1.56492792,0.05886396
CP01-R0082,82,83,35,CEMENT,0.11980433,0.12048554,-0.00068120,-0.08024524
CP01-R0082,82,83,35,SLAG,0.10386581,0.10499389,-0.00112808,-0.11129652
CP01-R0082,82,83,35,FLY_ASH,0.08793432,0.08843702,-0.00050270,-0.03994996
CP01-R0082,82,83,35,WATER,-0.14991842,-0.14876111,-0.00115731,-0.02880531
CP01-R0082,82,83,35,SUPERPLASTICIZER,0.29222460,0.29442288,-0.00219829,-0.02353020
CP01-R0082,82,83,35,COARSE_AGGREGATE,0.01808621,0.01833361,-0.00024740,-0.02634057
CP01-R0082,82,83,35,FINE_AGGREGATE,0.02019035,0.02125985,-0.00106950,-0.09993780
CP01-R0082,82,83,35,AGE,0.11422207,0.11414693,0.00007513,0.01384410
CP01-R0015,15,16,36,INTERCEPT,-23.33121358,-25.01592566,1.68471207,0.06336957
CP01-R0015,15,16,36,CEMENT,0.11980433,0.12053210,-0.00072776,-0.08572972
CP01-R0015,15,16,36,SLAG,0.10386581,0.10492340,-0.00105759,-0.10434168
CP01-R0015,15,16,36,FLY_ASH,0.08793432,0.08928488,-0.00135056,-0.10732956
CP01-R0015,15,16,36,WATER,-0.14991842,-0.15080287,0.00088445,0.02201394
CP01-R0015,15,16,36,SUPERPLASTICIZER,0.29222460,0.28786998,0.00435462,0.04661130
CP01-R0015,15,16,36,COARSE_AGGREGATE,0.01808621,0.01877655,-0.00069034,-0.07350079
CP01-R0015,15,16,36,FINE_AGGREGATE,0.02019035,0.02121777,-0.00102742,-0.09600513
CP01-R0015,15,16,36,AGE,0.11422207,0.11472729,-0.00050523,-0.09309220
CP01-R0510,510,511,37,INTERCEPT,-23.33121358,-26.54173176,3.21051817,0.12076198
CP01-R0510,510,511,37,CEMENT,0.11980433,0.11996538,-0.00016104,-0.01897083
CP01-R0510,510,511,37,SLAG,0.10386581,0.10447997,-0.00061416,-0.06059343
CP01-R0510,510,511,37,FLY_ASH,0.08793432,0.08786583,0.00006849,0.00544287
CP01-R0510,510,511,37,WATER,-0.14991842,-0.14482219,-0.00509622,-0.12684422
CP01-R0510,510,511,37,SUPERPLASTICIZER,0.29222460,0.30433583,-0.01211124,-0.12963723
CP01-R0510,510,511,37,COARSE_AGGREGATE,0.01808621,0.01947878,-0.00139257,-0.14826786
CP01-R0510,510,511,37,FINE_AGGREGATE,0.02019035,0.02115599,-0.00096564,-0.09023214
CP01-R0510,510,511,37,AGE,0.11422207,0.11425341,-0.00003134,-0.00577439
CP01-R0034,34,35,38,INTERCEPT,-23.33121358,-21.81357807,-1.51763552,-0.05708508
CP01-R0034,34,35,38,CEMENT,0.11980433,0.11955163,0.00025270,0.02976787
CP01-R0034,34,35,38,SLAG,0.10386581,0.10315376,0.00071205,0.07025104
CP01-R0034,34,35,38,FLY_ASH,0.08793432,0.08734292,0.00059140,0.04699869
CP01-R0034,34,35,38,WATER,-0.14991842,-0.15085163,0.00093321,0.02322755
CP01-R0034,34,35,38,SUPERPLASTICIZER,0.29222460,0.29243927,-0.00021467,-0.00229784
CP01-R0034,34,35,38,COARSE_AGGREGATE,0.01808621,0.01751045,0.00057576,0.06130221
CP01-R0034,34,35,38,FINE_AGGREGATE,0.02019035,0.01934771,0.00084264,0.07873868
CP01-R0034,34,35,38,AGE,0.11422207,0.11498886,-0.00076679,-0.14128860
CP01-R0227,227,228,39,INTERCEPT,-23.33121358,-18.65706243,-4.67415115,-0.17581578
CP01-R0227,227,228,39,CEMENT,0.11980433,0.11871405,0.00109029,0.12843512
CP01-R0227,227,228,39,SLAG,0.10386581,0.10272034,0.00114547,0.11301205
CP01-R0227,227,228,39,FLY_ASH,0.08793432,0.08697779,0.00095653,0.07601596
CP01-R0227,227,228,39,WATER,-0.14991842,-0.15854236,0.00862394,0.21464860
CP01-R0227,227,228,39,SUPERPLASTICIZER,0.29222460,0.27847521,0.01374938,0.14717173
CP01-R0227,227,228,39,COARSE_AGGREGATE,0.01808621,0.01673004,0.00135618,0.14439330
CP01-R0227,227,228,39,FINE_AGGREGATE,0.02019035,0.01857137,0.00161898,0.15128253
CP01-R0227,227,228,39,AGE,0.11422207,0.11432686,-0.00010479,-0.01930925
CP01-R0016,16,17,40,INTERCEPT,-23.33121358,-25.34187672,2.01066313,0.07563006
CP01-R0016,16,17,40,CEMENT,0.11980433,0.12048555,-0.00068122,-0.08024685
CP01-R0016,16,17,40,SLAG,0.10386581,0.10516620,-0.00130039,-0.12829681
CP01-R0016,16,17,40,FLY_ASH,0.08793432,0.08929968,-0.00136536,-0.10850519
CP01-R0016,16,17,40,WATER,-0.14991842,-0.14991092,-0.00000750,-0.00018669
CP01-R0016,16,17,40,SUPERPLASTICIZER,0.29222460,0.28864989,0.00357471,0.03826325
CP01-R0016,16,17,40,COARSE_AGGREGATE,0.01808621,0.01889851,-0.00081230,-0.08648580
CP01-R0016,16,17,40,FINE_AGGREGATE,0.02019035,0.02129128,-0.00110093,-0.10287451
CP01-R0016,16,17,40,AGE,0.11422207,0.11431278,-0.00009071,-0.01671418
CP01-R0799,799,800,41,INTERCEPT,-23.33121358,-25.98404905,2.65283547,0.09978504
CP01-R0799,799,800,41,CEMENT,0.11980433,0.12079271,-0.00098838,-0.11643017
CP01-R0799,799,800,41,SLAG,0.10386581,0.10473679,-0.00087098,-0.08593098
CP01-R0799,799,800,41,FLY_ASH,0.08793432,0.08903892,-0.00110460,-0.08778285
CP01-R0799,799,800,41,WATER,-0.14991842,-0.14688218,-0.00303623,-0.07557140
CP01-R0799,799,800,41,SUPERPLASTICIZER,0.29222460,0.29348067,-0.00125607,-0.01344487
CP01-R0799,799,800,41,COARSE_AGGREGATE,0.01808621,0.01920812,-0.00112190,-0.11945013
CP01-R0799,799,800,41,FINE_AGGREGATE,0.02019035,0.02093692,-0.00074657,-0.06976186
CP01-R0799,799,800,41,AGE,0.11422207,0.11504382,-0.00082175,-0.15141556
CP01-R0700,700,701,42,INTERCEPT,-23.33121358,-23.18242109,-0.14879249,-0.00559675
CP01-R0700,700,701,42,CEMENT,0.11980433,0.11987762,-0.00007329,-0.00863340
CP01-R0700,700,701,42,SLAG,0.10386581,0.10461838,-0.00075257,-0.07424833
CP01-R0700,700,701,42,FLY_ASH,0.08793432,0.08817155,-0.00023723,-0.01885251
CP01-R0700,700,701,42,WATER,-0.14991842,-0.15009507,0.00017665,0.00439685
CP01-R0700,700,701,42,SUPERPLASTICIZER,0.29222460,0.28653024,0.00569435,0.06095163
CP01-R0700,700,701,42,COARSE_AGGREGATE,0.01808621,0.01813187,-0.00004565,-0.00486047
CP01-R0700,700,701,42,FINE_AGGREGATE,0.02019035,0.01995991,0.00023044,0.02153322
CP01-R0700,700,701,42,AGE,0.11422207,0.11391857,0.00030350,0.05592190
CP01-R0103,103,104,43,INTERCEPT,-23.33121358,-23.38377727,0.05256369,0.00197716
CP01-R0103,103,104,43,CEMENT,0.11980433,0.11975720,0.00004713,0.00555212
CP01-R0103,103,104,43,SLAG,0.10386581,0.10339670,0.00046911,0.04628254
CP01-R0103,103,104,43,FLY_ASH,0.08793432,0.08705441,0.00087991,0.06992688
CP01-R0103,103,104,43,WATER,-0.14991842,-0.14896412,-0.00095430,-0.02375234
CP01-R0103,103,104,43,SUPERPLASTICIZER,0.29222460,0.30674299,-0.01451840,-0.15540317
CP01-R0103,103,104,43,COARSE_AGGREGATE,0.01808621,0.01797858,0.00010763,0.01145977
CP01-R0103,103,104,43,FINE_AGGREGATE,0.02019035,0.02020302,-0.00001267,-0.00118391
CP01-R0103,103,104,43,AGE,0.11422207,0.11409797,0.00012409,0.02286558
CP01-R0036,36,37,44,INTERCEPT,-23.33121358,-23.17522344,-0.15599014,-0.00586749
CP01-R0036,36,37,44,CEMENT,0.11980433,0.11972200,0.00008233,0.00969849
CP01-R0036,36,37,44,SLAG,0.10386581,0.10414824,-0.00028244,-0.02786519
CP01-R0036,36,37,44,FLY_ASH,0.08793432,0.08796890,-0.00003458,-0.00274833
CP01-R0036,36,37,44,WATER,-0.14991842,-0.14949989,-0.00041853,-0.01041718
CP01-R0036,36,37,44,SUPERPLASTICIZER,0.29222460,0.29251998,-0.00029539,-0.00316177
CP01-R0036,36,37,44,COARSE_AGGREGATE,0.01808621,0.01803091,0.00005531,0.00588846
CP01-R0036,36,37,44,FINE_AGGREGATE,0.02019035,0.01992736,0.00026299,0.02457443
CP01-R0036,36,37,44,AGE,0.11422207,0.11511028,-0.00088821,-0.16366043
CP01-R0515,515,516,45,INTERCEPT,-23.33121358,-26.35792078,3.02670719,0.11384803
CP01-R0515,515,516,45,CEMENT,0.11980433,0.11994363,-0.00013930,-0.01640921
CP01-R0515,515,516,45,SLAG,0.10386581,0.10442044,-0.00055463,-0.05471977
CP01-R0515,515,516,45,FLY_ASH,0.08793432,0.08782838,0.00010595,0.00841956
CP01-R0515,515,516,45,WATER,-0.14991842,-0.14499549,-0.00492293,-0.12253083
CP01-R0515,515,516,45,SUPERPLASTICIZER,0.29222460,0.30385928,-0.01163468,-0.12453621
CP01-R0515,515,516,45,COARSE_AGGREGATE,0.01808621,0.01940180,-0.00131559,-0.14007166
CP01-R0515,515,516,45,FINE_AGGREGATE,0.02019035,0.02108595,-0.00089560,-0.08368764
CP01-R0515,515,516,45,AGE,0.11422207,0.11410344,0.00011863,0.02185823
CP01-R0009,9,10,46,INTERCEPT,-23.33121358,-24.60111491,1.26990133,0.04776668
CP01-R0009,9,10,46,CEMENT,0.11980433,0.12045444,-0.00065011,-0.07658192
CP01-R0009,9,10,46,SLAG,0.10386581,0.10462858,-0.00076277,-0.07525464
CP01-R0009,9,10,46,FLY_ASH,0.08793432,0.08906526,-0.00113094,-0.08987637
CP01-R0009,9,10,46,WATER,-0.14991842,-0.15108762,0.00116920,0.02910116
CP01-R0009,9,10,46,SUPERPLASTICIZER,0.29222460,0.28806760,0.00415699,0.04449594
CP01-R0009,9,10,46,COARSE_AGGREGATE,0.01808621,0.01861568,-0.00052946,-0.05637217
CP01-R0009,9,10,46,FINE_AGGREGATE,0.02019035,0.02102593,-0.00083558,-0.07807901
CP01-R0009,9,10,46,AGE,0.11422207,0.11467143,-0.00044936,-0.08279908
CP01-R0154,154,155,47,INTERCEPT,-23.33121358,-21.08414726,-2.24706633,-0.08452224
CP01-R0154,154,155,47,CEMENT,0.11980433,0.11897740,0.00082693,0.09741205
CP01-R0154,154,155,47,SLAG,0.10386581,0.10244400,0.00142181,0.14027591
CP01-R0154,154,155,47,FLY_ASH,0.08793432,0.08703243,0.00090189,0.07167366
CP01-R0154,154,155,47,WATER,-0.14991842,-0.15288968,0.00297126,0.07395409
CP01-R0154,154,155,47,SUPERPLASTICIZER,0.29222460,0.28732056,0.00490404,0.05249220
CP01-R0154,154,155,47,COARSE_AGGREGATE,0.01808621,0.01725479,0.00083142,0.08852236
CP01-R0154,154,155,47,FINE_AGGREGATE,0.02019035,0.01954498,0.00064537,0.06030591
CP01-R0154,154,155,47,AGE,0.11422207,0.11410685,0.00011522,0.02122986
CP01-R0085,85,86,48,INTERCEPT,-23.33121358,-25.45742037,2.12620679,0.07997617
CP01-R0085,85,86,48,CEMENT,0.11980433,0.12058331,-0.00077897,-0.09176260
CP01-R0085,85,86,48,SLAG,0.10386581,0.10519076,-0.00132495,-0.13072016
CP01-R0085,85,86,48,FLY_ASH,0.08793432,0.08872798,-0.00079366,-0.06307209
CP01-R0085,85,86,48,WATER,-0.14991842,-0.14686329,-0.00305513,-0.07604158
CP01-R0085,85,86,48,SUPERPLASTICIZER,0.29222460,0.29722594,-0.00500135,-0.05353379
CP01-R0085,85,86,48,COARSE_AGGREGATE,0.01808621,0.01887414,-0.00078793,-0.08389135
CP01-R0085,85,86,48,FINE_AGGREGATE,0.02019035,0.02076709,-0.00057674,-0.05389251
CP01-R0085,85,86,48,AGE,0.11422207,0.11400403,0.00021804,0.04017580
CP01-R0835,835,836,49,INTERCEPT,-23.33121358,-21.43543669,-1.89577690,-0.07130867
CP01-R0835,835,836,49,CEMENT,0.11980433,0.11915113,0.00065320,0.07694643
CP01-R0835,835,836,49,SLAG,0.10386581,0.10315895,0.00070686,0.06973848
CP01-R0835,835,836,49,FLY_ASH,0.08793432,0.08703167,0.00090265,0.07173390
CP01-R0835,835,836,49,WATER,-0.14991842,-0.15122243,0.00130401,0.03245652
CP01-R0835,835,836,49,SUPERPLASTICIZER,0.29222460,0.30395054,-0.01172594,-0.12551308
CP01-R0835,835,836,49,COARSE_AGGREGATE,0.01808621,0.01754040,0.00054581,0.05811332
CP01-R0835,835,836,49,FINE_AGGREGATE,0.02019035,0.01903462,0.00115573,0.10799506
CP01-R0835,835,836,49,AGE,0.11422207,0.11414954,0.00007253,0.01336388
CP01-R0091,91,92,50,INTERCEPT,-23.33121358,-23.35380586,0.02259228,0.00084980
CP01-R0091,91,92,50,CEMENT,0.11980433,0.11977756,0.00002677,0.00315363
CP01-R0091,91,92,50,SLAG,0.10386581,0.10394491,-0.00007910,-0.00780377
CP01-R0091,91,92,50,FLY_ASH,0.08793432,0.08727324,0.00066108,0.05253654
CP01-R0091,91,92,50,WATER,-0.14991842,-0.14986208,-0.00005634,-0.00140227
CP01-R0091,91,92,50,SUPERPLASTICIZER,0.29222460,0.30437696,-0.01215237,-0.13007748
CP01-R0091,91,92,50,COARSE_AGGREGATE,0.01808621,0.01822911,-0.00014290,-0.01521421
CP01-R0091,91,92,50,FINE_AGGREGATE,0.02019035,0.02000976,0.00018060,0.01687547
CP01-R0091,91,92,50,AGE,0.11422207,0.11410114,0.00012093,0.02228284
CP01-R0775,775,776,51,INTERCEPT,-23.33121358,-27.53441850,4.20320491,0.15810138
CP01-R0775,775,776,51,CEMENT,0.11980433,0.12106554,-0.00126120,-0.14856882
CP01-R0775,775,776,51,SLAG,0.10386581,0.10506887,-0.00120307,-0.11869462
CP01-R0775,775,776,51,FLY_ASH,0.08793432,0.08925600,-0.00132168,-0.10503425
CP01-R0775,775,776,51,WATER,-0.14991842,-0.14460704,-0.00531138,-0.13219941
CP01-R0775,775,776,51,SUPERPLASTICIZER,0.29222460,0.29362065,-0.00139606,-0.01494321
CP01-R0775,775,776,51,COARSE_AGGREGATE,0.01808621,0.01968380,-0.00159759,-0.17009665
CP01-R0775,775,776,51,FINE_AGGREGATE,0.02019035,0.02173026,-0.00153991,-0.14389446
CP01-R0775,775,776,51,AGE,0.11422207,0.11397972,0.00024235,0.04465555
CP01-R0072,72,73,52,INTERCEPT,-23.33121358,-24.36162747,1.03041389,0.03875849
CP01-R0072,72,73,52,CEMENT,0.11980433,0.12019757,-0.00039324,-0.04632287
CP01-R0072,72,73,52,SLAG,0.10386581,0.10471541,-0.00084960,-0.08382209
CP01-R0072,72,73,52,FLY_ASH,0.08793432,0.08824261,-0.00030829,-0.02449959
CP01-R0072,72,73,52,WATER,-0.14991842,-0.14894583,-0.00097259,-0.02420758
CP01-R0072,72,73,52,SUPERPLASTICIZER,0.29222460,0.29541400,-0.00318941,-0.03413901
CP01-R0072,72,73,52,COARSE_AGGREGATE,0.01808621,0.01877469,-0.00068848,-0.07330266
CP01-R0072,72,73,52,FINE_AGGREGATE,0.02019035,0.02019465,-0.00000429,-0.00040133
CP01-R0072,72,73,52,AGE,0.11422207,0.11402344,0.00019863,0.03659880
CP01-R0027,27,28,53,INTERCEPT,-23.33121358,-22.39167598,-0.93953761,-0.03534022
CP01-R0027,27,28,53,CEMENT,0.11980433,0.11962602,0.00017831,0.02100536
CP01-R0027,27,28,53,SLAG,0.10386581,0.10356302,0.00030279,0.02987334
CP01-R0027,27,28,53,FLY_ASH,0.08793432,0.08760521,0.00032911,0.02615433
CP01-R0027,27,28,53,WATER,-0.14991842,-0.15029648,0.00037806,0.00940994
CP01-R0027,27,28,53,SUPERPLASTICIZER,0.29222460,0.29246358,-0.00023898,-0.00255803
CP01-R0027,27,28,53,COARSE_AGGREGATE,0.01808621,0.01773127,0.00035494,0.03779087
CP01-R0027,27,28,53,FINE_AGGREGATE,0.02019035,0.01960024,0.00059012,0.05514229
CP01-R0027,27,28,53,AGE,0.11422207,0.11501092,-0.00078885,-0.14535285
CP01-R0003,3,4,54,INTERCEPT,-23.33121358,-22.64951213,-0.68170146,-0.02564185
CP01-R0003,3,4,54,CEMENT,0.11980433,0.11965778,0.00014656,0.01726426
CP01-R0003,3,4,54,SLAG,0.10386581,0.10375450,0.00011131,0.01098174
CP01-R0003,3,4,54,FLY_ASH,0.08793432,0.08772460,0.00020972,0.01666687
CP01-R0003,3,4,54,WATER,-0.14991842,-0.15003594,0.00011752,0.00292499
CP01-R0003,3,4,54,SUPERPLASTICIZER,0.29222460,0.29248130,-0.00025670,-0.00274770
CP01-R0003,3,4,54,COARSE_AGGREGATE,0.01808621,0.01782986,0.00025635,0.02729425
CP01-R0003,3,4,54,FINE_AGGREGATE,0.02019035,0.01970842,0.00048193,0.04503283
CP01-R0003,3,4,54,AGE,0.11422207,0.11504112,-0.00081906,-0.15091818
CP01-R0478,478,479,55,INTERCEPT,-23.33121358,-21.83858236,-1.49263123,-0.05614455
CP01-R0478,478,479,55,CEMENT,0.11980433,0.11991826,-0.00011392,-0.01341987
CP01-R0478,478,479,55,SLAG,0.10386581,0.10346648,0.00039933,0.03939821
CP01-R0478,478,479,55,FLY_ASH,0.08793432,0.08785277,0.00008155,0.00648106
CP01-R0478,478,479,55,WATER,-0.14991842,-0.15246540,0.00254698,0.06339396
CP01-R0478,478,479,55,SUPERPLASTICIZER,0.29222460,0.29084960,0.00137499,0.01471775
CP01-R0478,478,479,55,COARSE_AGGREGATE,0.01808621,0.01765938,0.00042684,0.04544576
CP01-R0478,478,479,55,FINE_AGGREGATE,0.02019035,0.01945974,0.00073061,0.06827090
CP01-R0478,478,479,55,AGE,0.11422207,0.11394992,0.00027214,0.05014503
CP01-R0513,513,514,56,INTERCEPT,-23.33121358,-20.58807603,-2.74313755,-0.10318170
CP01-R0513,513,514,56,CEMENT,0.11980433,0.11965681,0.00014752,0.01737786
CP01-R0513,513,514,56,SLAG,0.10386581,0.10332175,0.00054406,0.05367703
CP01-R0513,513,514,56,FLY_ASH,0.08793432,0.08796006,-0.00002574,-0.00204578
CP01-R0513,513,514,56,WATER,-0.14991842,-0.15417890,0.00426048,0.10604272
CP01-R0513,513,514,56,SUPERPLASTICIZER,0.29222460,0.28204825,0.01017634,0.10892634
CP01-R0513,513,514,56,COARSE_AGGREGATE,0.01808621,0.01689855,0.00118766,0.12645161
CP01-R0513,513,514,56,FINE_AGGREGATE,0.02019035,0.01935361,0.00083675,0.07818823
CP01-R0513,513,514,56,AGE,0.11422207,0.11407792,0.00014415,0.02656021
CP01-R0013,13,14,57,INTERCEPT,-23.33121358,-22.20837983,-1.12283375,-0.04223481
CP01-R0013,13,14,57,CEMENT,0.11980433,0.11960716,0.00019718,0.02322720
CP01-R0013,13,14,57,SLAG,0.10386581,0.10340345,0.00046236,0.04561676
CP01-R0013,13,14,57,FLY_ASH,0.08793432,0.08751406,0.00042027,0.03339869
CP01-R0013,13,14,57,WATER,-0.14991842,-0.15051563,0.00059721,0.01486436
CP01-R0013,13,14,57,SUPERPLASTICIZER,0.29222460,0.29243296,-0.00020836,-0.00223031
CP01-R0013,13,14,57,COARSE_AGGREGATE,0.01808621,0.01766093,0.00042528,0.04528013
CP01-R0013,13,14,57,FINE_AGGREGATE,0.02019035,0.01953495,0.00065540,0.06124246
CP01-R0013,13,14,57,AGE,0.11422207,0.11493608,-0.00071401,-0.13156325
CP01-R0115,115,116,58,INTERCEPT,-23.33121358,-24.59812454,1.26691096,0.04765420
CP01-R0115,115,116,58,CEMENT,0.11980433,0.12043876,-0.00063443,-0.07473502
CP01-R0115,115,116,58,SLAG,0.10386581,0.10479872,-0.00093291,-0.09204114
CP01-R0115,115,116,58,FLY_ASH,0.08793432,0.08827934,-0.00034502,-0.02741858
CP01-R0115,115,116,58,WATER,-0.14991842,-0.14891929,-0.00099912,-0.02486804
CP01-R0115,115,116,58,SUPERPLASTICIZER,0.29222460,0.29558838,-0.00336379,-0.03600557
CP01-R0115,115,116,58,COARSE_AGGREGATE,0.01808621,0.01855421,-0.00046800,-0.04982812
CP01-R0115,115,116,58,FINE_AGGREGATE,0.02019035,0.02068093,-0.00049058,-0.04584146
CP01-R0115,115,116,58,AGE,0.11422207,0.11404160,0.00018046,0.03325222
CP01-R0131,131,132,59,INTERCEPT,-23.33121358,-21.34498032,-1.98623327,-0.07471114
CP01-R0131,131,132,59,CEMENT,0.11980433,0.11907508,0.00072926,0.08590574
CP01-R0131,131,132,59,SLAG,0.10386581,0.10261893,0.00124688,0.12301728
CP01-R0131,131,132,59,FLY_ASH,0.08793432,0.08716610,0.00076822,0.06105073
CP01-R0131,131,132,59,WATER,-0.14991842,-0.15266302,0.00274461,0.06831280
CP01-R0131,131,132,59,SUPERPLASTICIZER,0.29222460,0.28771460,0.00451000,0.04827449
CP01-R0131,131,132,59,COARSE_AGGREGATE,0.01808621,0.01735071,0.00073551,0.07831012
CP01-R0131,131,132,59,FINE_AGGREGATE,0.02019035,0.01963635,0.00055400,0.05176763
CP01-R0131,131,132,59,AGE,0.11422207,0.11427893,-0.00005686,-0.01047722
CP01-R0100,100,101,60,INTERCEPT,-23.33121358,-23.38173888,0.05052529,0.00190048
CP01-R0100,100,101,60,CEMENT,0.11980433,0.11969688,0.00010745,0.01265758
CP01-R0100,100,101,60,SLAG,0.10386581,0.10362237,0.00024344,0.02401802
CP01-R0100,100,101,60,FLY_ASH,0.08793432,0.08716673,0.00076759,0.06100089
CP01-R0100,100,101,60,WATER,-0.14991842,-0.14908508,-0.00083334,-0.02074159
CP01-R0100,100,101,60,SUPERPLASTICIZER,0.29222460,0.30641269,-0.01418809,-0.15186762
CP01-R0100,100,101,60,COARSE_AGGREGATE,0.01808621,0.01806318,0.00002303,0.00245211
CP01-R0100,100,101,60,FINE_AGGREGATE,0.02019035,0.02011118,0.00007917,0.00739777
CP01-R0100,100,101,60,AGE,0.11422207,0.11414954,0.00007253,0.01336447
CP01-R0396,396,397,61,INTERCEPT,-23.33121358,-21.15819711,-2.17301647,-0.08173689
CP01-R0396,396,397,61,CEMENT,0.11980433,0.11936544,0.00043889,0.05170135
CP01-R0396,396,397,61,SLAG,0.10386581,0.10290797,0.00095784,0.09450025
CP01-R0396,396,397,61,FLY_ASH,0.08793432,0.08736102,0.00057330,0.04556030
CP01-R0396,396,397,61,WATER,-0.14991842,-0.15239504,0.00247662,0.06164264
CP01-R0396,396,397,61,SUPERPLASTICIZER,0.29222460,0.29106202,0.00116258,0.01244408
CP01-R0396,396,397,61,COARSE_AGGREGATE,0.01808621,0.01693847,0.00114774,0.12220111
CP01-R0396,396,397,61,FINE_AGGREGATE,0.02019035,0.01967643,0.00051393,0.04802286
CP01-R0396,396,397,61,AGE,0.11422207,0.11432232,-0.00010025,-0.01847143
CP01-R0088,88,89,62,INTERCEPT,-23.33121358,-23.21076559,-0.12044799,-0.00453059
CP01-R0088,88,89,62,CEMENT,0.11980433,0.11988801,-0.00008367,-0.00985667
CP01-R0088,88,89,62,SLAG,0.10386581,0.10437131,-0.00050551,-0.04987329
CP01-R0088,88,89,62,FLY_ASH,0.08793432,0.08774504,0.00018928,0.01504215
CP01-R0088,88,89,62,WATER,-0.14991842,-0.15201760,0.00209918,0.05224823
CP01-R0088,88,89,62,SUPERPLASTICIZER,0.29222460,0.29108701,0.00113758,0.01217656
CP01-R0088,88,89,62,COARSE_AGGREGATE,0.01808621,0.01826594,-0.00017973,-0.01913565
CP01-R0088,88,89,62,FINE_AGGREGATE,0.02019035,0.02027884,-0.00008849,-0.00826913
CP01-R0088,88,89,62,AGE,0.11422207,0.11415746,0.00006461,0.01190432
CP01-R0041,41,42,63,INTERCEPT,-23.33121358,-24.90174507,1.57053148,0.05907473
CP01-R0041,41,42,63,CEMENT,0.11980433,0.12039720,-0.00059286,-0.06983879
CP01-R0041,41,42,63,SLAG,0.10386581,0.10485737,-0.00099156,-0.09782748
CP01-R0041,41,42,63,FLY_ASH,0.08793432,0.08906299,-0.00112867,-0.08969544
CP01-R0041,41,42,63,WATER,-0.14991842,-0.15019410,0.00027568,0.00686168
CP01-R0041,41,42,63,SUPERPLASTICIZER,0.29222460,0.28891022,0.00331437,0.03547666
CP01-R0041,41,42,63,COARSE_AGGREGATE,0.01808621,0.01872688,-0.00064066,-0.06821192
CP01-R0041,41,42,63,FINE_AGGREGATE,0.02019035,0.02108511,-0.00089476,-0.08360939
CP01-R0041,41,42,63,AGE,0.11422207,0.11427943,-0.00005737,-0.01057021
CP01-R0069,69,70,64,INTERCEPT,-23.33121358,-23.85192123,0.52070765,0.01958615
CP01-R0069,69,70,64,CEMENT,0.11980433,0.12028986,-0.00048552,-0.05719431
CP01-R0069,69,70,64,SLAG,0.10386581,0.10410434,-0.00023854,-0.02353391
CP01-R0069,69,70,64,FLY_ASH,0.08793432,0.08864155,-0.00070723,-0.05620402
CP01-R0069,69,70,64,WATER,-0.14991842,-0.15148150,0.00156308,0.03890475
CP01-R0069,69,70,64,SUPERPLASTICIZER,0.29222460,0.28863408,0.00359052,0.03843249
CP01-R0069,69,70,64,COARSE_AGGREGATE,0.01808621,0.01832294,-0.00023672,-0.02520390
CP01-R0069,69,70,64,FINE_AGGREGATE,0.02019035,0.02066480,-0.00047445,-0.04433385
CP01-R0069,69,70,64,AGE,0.11422207,0.11455412,-0.00033205,-0.06118299
CP01-R0489,489,490,65,INTERCEPT,-23.33121358,-26.15279760,2.82158401,0.10613243
CP01-R0489,489,490,65,CEMENT,0.11980433,0.12092246,-0.00111813,-0.13171436
CP01-R0489,489,490,65,SLAG,0.10386581,0.10482325,-0.00095745,-0.09446171
CP01-R0489,489,490,65,FLY_ASH,0.08793432,0.08932116,-0.00138684,-0.11021260
CP01-R0489,489,490,65,WATER,-0.14991842,-0.14661711,-0.00330131,-0.08216910
CP01-R0489,489,490,65,SUPERPLASTICIZER,0.29222460,0.29646929,-0.00424470,-0.04543471
CP01-R0489,489,490,65,COARSE_AGGREGATE,0.01808621,0.01890194,-0.00081573,-0.08685112
CP01-R0489,489,490,65,FINE_AGGREGATE,0.02019035,0.02144774,-0.00125739,-0.11749426
CP01-R0489,489,490,65,AGE,0.11422207,0.11409682,0.00012525,0.02307838
CP01-R0564,564,565,66,INTERCEPT,-23.33121358,-24.14031662,0.80910303,0.03043399
CP01-R0564,564,565,66,CEMENT,0.11980433,0.12027704,-0.00047270,-0.05568430
CP01-R0564,564,565,66,SLAG,0.10386581,0.10497985,-0.00111404,-0.10991140
CP01-R0564,564,565,66,FLY_ASH,0.08793432,0.08872476,-0.00079044,-0.06281615
CP01-R0564,564,565,66,WATER,-0.14991842,-0.14994037,0.00002195,0.00054643
CP01-R0564,564,565,66,SUPERPLASTICIZER,0.29222460,0.28439154,0.00783305,0.08384403
CP01-R0564,564,565,66,COARSE_AGGREGATE,0.01808621,0.01843218,-0.00034597,-0.03683538
CP01-R0564,564,565,66,FINE_AGGREGATE,0.02019035,0.02056397,-0.00037361,-0.03491178
CP01-R0564,564,565,66,AGE,0.11422207,0.11411685,0.00010522,0.01938711
CP01-R0073,73,74,67,INTERCEPT,-23.33121358,-24.12256003,0.79134644,0.02976609
CP01-R0073,73,74,67,CEMENT,0.11980433,0.12025474,-0.00045041,-0.05305773
CP01-R0073,73,74,67,SLAG,0.10386581,0.10423009,-0.00036428,-0.03593997
CP01-R0073,73,74,67,FLY_ASH,0.08793432,0.08793831,-0.00000399,-0.00031718
CP01-R0073,73,74,67,WATER,-0.14991842,-0.14912658,-0.00079184,-0.01970877
CP01-R0073,73,74,67,SUPERPLASTICIZER,0.29222460,0.29699601,-0.00477142,-0.05107266
CP01-R0073,73,74,67,COARSE_AGGREGATE,0.01808621,0.01810950,-0.00002328,-0.00247905
CP01-R0073,73,74,67,FINE_AGGREGATE,0.02019035,0.02079462,-0.00060426,-0.05646443
CP01-R0073,73,74,67,AGE,0.11422207,0.11409899,0.00012308,0.02267839
CP01-R0078,78,79,68,INTERCEPT,-23.33121358,-24.12256003,0.79134644,0.02976609
CP01-R0078,78,79,68,CEMENT,0.11980433,0.12025474,-0.00045041,-0.05305773
CP01-R0078,78,79,68,SLAG,0.10386581,0.10423009,-0.00036428,-0.03593997
CP01-R0078,78,79,68,FLY_ASH,0.08793432,0.08793831,-0.00000399,-0.00031718
CP01-R0078,78,79,68,WATER,-0.14991842,-0.14912658,-0.00079184,-0.01970877
CP01-R0078,78,79,68,SUPERPLASTICIZER,0.29222460,0.29699601,-0.00477142,-0.05107266
CP01-R0078,78,79,68,COARSE_AGGREGATE,0.01808621,0.01810950,-0.00002328,-0.00247905
CP01-R0078,78,79,68,FINE_AGGREGATE,0.02019035,0.02079462,-0.00060426,-0.05646443
CP01-R0078,78,79,68,AGE,0.11422207,0.11409899,0.00012308,0.02267839
CP01-R0081,81,82,69,INTERCEPT,-23.33121358,-24.12256003,0.79134644,0.02976609
CP01-R0081,81,82,69,CEMENT,0.11980433,0.12025474,-0.00045041,-0.05305773
CP01-R0081,81,82,69,SLAG,0.10386581,0.10423009,-0.00036428,-0.03593997
CP01-R0081,81,82,69,FLY_ASH,0.08793432,0.08793831,-0.00000399,-0.00031718
CP01-R0081,81,82,69,WATER,-0.14991842,-0.14912658,-0.00079184,-0.01970877
CP01-R0081,81,82,69,SUPERPLASTICIZER,0.29222460,0.29699601,-0.00477142,-0.05107266
CP01-R0081,81,82,69,COARSE_AGGREGATE,0.01808621,0.01810950,-0.00002328,-0.00247905
CP01-R0081,81,82,69,FINE_AGGREGATE,0.02019035,0.02079462,-0.00060426,-0.05646443
CP01-R0081,81,82,69,AGE,0.11422207,0.11409899,0.00012308,0.02267839
CP01-R0477,477,478,70,INTERCEPT,-23.33121358,-21.92922019,-1.40199340,-0.05273526
CP01-R0477,477,478,70,CEMENT,0.11980433,0.11991134,-0.00010700,-0.01260497
CP01-R0477,477,478,70,SLAG,0.10386581,0.10349073,0.00037508,0.03700581
CP01-R0477,477,478,70,FLY_ASH,0.08793432,0.08785772,0.00007660,0.00608751
CP01-R0477,477,478,70,WATER,-0.14991842,-0.15231074,0.00239232,0.05954445
CP01-R0477,477,478,70,SUPERPLASTICIZER,0.29222460,0.29093310,0.00129150,0.01382404
CP01-R0477,477,478,70,COARSE_AGGREGATE,0.01808621,0.01768530,0.00040092,0.04268614
CP01-R0477,477,478,70,FINE_AGGREGATE,0.02019035,0.01950410,0.00068625,0.06412525
CP01-R0477,477,478,70,AGE,0.11422207,0.11396645,0.00025562,0.04710005
CP01-R0527,527,528,71,INTERCEPT,-23.33121358,-23.72492172,0.39370814,0.01480913
CP01-R0527,527,528,71,CEMENT,0.11980433,0.12049410,-0.00068976,-0.08125360
CP01-R0527,527,528,71,SLAG,0.10386581,0.10438096,-0.00051515,-0.05082446
CP01-R0527,527,528,71,FLY_ASH,0.08793432,0.08921979,-0.00128547,-0.10215678
CP01-R0527,527,528,71,WATER,-0.14991842,-0.15083256,0.00091414,0.02275282
CP01-R0527,527,528,71,SUPERPLASTICIZER,0.29222460,0.28538569,0.00683891,0.07320281
CP01-R0527,527,528,71,COARSE_AGGREGATE,0.01808621,0.01812360,-0.00003739,-0.00398071
CP01-R0527,527,528,71,FINE_AGGREGATE,0.02019035,0.02056669,-0.00037634,-0.03516606
CP01-R0527,527,528,71,AGE,0.11422207,0.11414487,0.00007719,0.01422382
CP01-R0934,934,935,72,INTERCEPT,-23.33121358,-21.80093007,-1.53028351,-0.05756082
CP01-R0934,934,935,72,CEMENT,0.11980433,0.11966446,0.00013987,0.01647690
CP01-R0934,934,935,72,SLAG,0.10386581,0.10398349,-0.00011768,-0.01161011
CP01-R0934,934,935,72,FLY_ASH,0.08793432,0.08855929,-0.00062496,-0.04966610
CP01-R0934,934,935,72,WATER,-0.14991842,-0.15228597,0.00236755,0.05892804
CP01-R0934,934,935,72,SUPERPLASTICIZER,0.29222460,0.28459909,0.00762550,0.08162244
CP01-R0934,934,935,72,COARSE_AGGREGATE,0.01808621,0.01752151,0.00056471,0.06012468
CP01-R0934,934,935,72,FINE_AGGREGATE,0.02019035,0.01955483,0.00063552,0.05938492
CP01-R0934,934,935,72,AGE,0.11422207,0.11423144,-0.00000937,-0.00172686
CP01-R0754,754,755,73,INTERCEPT,-23.33121358,-23.57414275,0.24292917,0.00913766
CP01-R0754,754,755,73,CEMENT,0.11980433,0.11940497,0.00039937,0.04704509
CP01-R0754,754,755,73,SLAG,0.10386581,0.10382765,0.00003816,0.00376476
CP01-R0754,754,755,73,FLY_ASH,0.08793432,0.08776269,0.00017163,0.01363921
CP01-R0754,754,755,73,WATER,-0.14991842,-0.14848372,-0.00143470,-0.03570948
CP01-R0754,754,755,73,SUPERPLASTICIZER,0.29222460,0.29825411,-0.00602952,-0.06453922
CP01-R0754,754,755,73,COARSE_AGGREGATE,0.01808621,0.01787380,0.00021242,0.02261626
CP01-R0754,754,755,73,FINE_AGGREGATE,0.02019035,0.02051900,-0.00032865,-0.03070969
CP01-R0754,754,755,73,AGE,0.11422207,0.11435632,-0.00013425,-0.02473764
CP01-R0764,764,765,74,INTERCEPT,-23.33121358,-19.97338644,-3.35782715,-0.12630293
CP01-R0764,764,765,74,CEMENT,0.11980433,0.11907300,0.00073133,0.08615016
CP01-R0764,764,765,74,SLAG,0.10386581,0.10260532,0.00126049,0.12436044
CP01-R0764,764,765,74,FLY_ASH,0.08793432,0.08657066,0.00136366,0.10837070
CP01-R0764,764,765,74,WATER,-0.14991842,-0.15450679,0.00458837,0.11420373
CP01-R0764,764,765,74,SUPERPLASTICIZER,0.29222460,0.28403502,0.00818957,0.08766021
CP01-R0764,764,765,74,COARSE_AGGREGATE,0.01808621,0.01692595,0.00116026,0.12353432
CP01-R0764,764,765,74,FINE_AGGREGATE,0.02019035,0.01898369,0.00120666,0.11275390
CP01-R0764,764,765,74,AGE,0.11422207,0.11383254,0.00038952,0.07177323
CP01-R0582,582,583,75,INTERCEPT,-23.33121358,-24.15186165,0.82064806,0.03086825
CP01-R0582,582,583,75,CEMENT,0.11980433,0.12011275,-0.00030842,-0.03633168
CP01-R0582,582,583,75,SLAG,0.10386581,0.10483520,-0.00096939,-0.09564000
CP01-R0582,582,583,75,FLY_ASH,0.08793432,0.08847758,-0.00054326,-0.04317268
CP01-R0582,582,583,75,WATER,-0.14991842,-0.14979788,-0.00012054,-0.00300011
CP01-R0582,582,583,75,SUPERPLASTICIZER,0.29222460,0.28592361,0.00630099,0.06744501
CP01-R0582,582,583,75,COARSE_AGGREGATE,0.01808621,0.01851012,-0.00042391,-0.04513377
CP01-R0582,582,583,75,FINE_AGGREGATE,0.02019035,0.02053169,-0.00034133,-0.03189538
CP01-R0582,582,583,75,AGE,0.11422207,0.11407561,0.00014646,0.02698649
CP01-R0172,172,173,76,INTERCEPT,-23.33121358,-23.43932258,0.10810900,0.00406646
CP01-R0172,172,173,76,CEMENT,0.11980433,0.11979284,0.00001150,0.00135450
CP01-R0172,172,173,76,SLAG,0.10386581,0.10354163,0.00032418,0.03198358
CP01-R0172,172,173,76,FLY_ASH,0.08793432,0.08729326,0.00064106,0.05094505
CP01-R0172,172,173,76,WATER,-0.14991842,-0.14926031,-0.00065811,-0.01638026
CP01-R0172,172,173,76,SUPERPLASTICIZER,0.29222460,0.30390596,-0.01168136,-0.12503589
CP01-R0172,172,173,76,COARSE_AGGREGATE,0.01808621,0.01802149,0.00006472,0.00689088
CP01-R0172,172,173,76,FINE_AGGREGATE,0.02019035,0.02024820,-0.00005785,-0.00540555
CP01-R0172,172,173,76,AGE,0.11422207,0.11440163,-0.00017957,-0.03308670
CP01-R0667,667,668,77,INTERCEPT,-23.33121358,-22.77786455,-0.55334904,-0.02081394
CP01-R0667,667,668,77,CEMENT,0.11980433,0.11981402,-0.00000969,-0.00114091
CP01-R0667,667,668,77,SLAG,0.10386581,0.10443829,-0.00057248,-0.05648083
CP01-R0667,667,668,77,FLY_ASH,0.08793432,0.08809257,-0.00015824,-0.01257570
CP01-R0667,667,668,77,WATER,-0.14991842,-0.15129089,0.00137248,0.03416069
CP01-R0667,667,668,77,SUPERPLASTICIZER,0.29222460,0.28378088,0.00844372,0.09038055
CP01-R0667,667,668,77,COARSE_AGGREGATE,0.01808621,0.01787347,0.00021274,0.02265070
CP01-R0667,667,668,77,FINE_AGGREGATE,0.02019035,0.02009937,0.00009098,0.00850185
CP01-R0667,667,668,77,AGE,0.11422207,0.11403028,0.00019179,0.03533839
CP01-R0863,863,864,78,INTERCEPT,-23.33121358,-21.86806004,-1.46315354,-0.05503576
CP01-R0863,863,864,78,CEMENT,0.11980433,0.11961908,0.00018525,0.02182255
CP01-R0863,863,864,78,SLAG,0.10386581,0.10344614,0.00041967,0.04140490
CP01-R0863,863,864,78,FLY_ASH,0.08793432,0.08728118,0.00065314,0.05190528
CP01-R0863,863,864,78,WATER,-0.14991842,-0.15423089,0.00431247,0.10733661
CP01-R0863,863,864,78,SUPERPLASTICIZER,0.29222460,0.28557560,0.00664899,0.07116998
CP01-R0863,863,864,78,COARSE_AGGREGATE,0.01808621,0.01777041,0.00031581,0.03362406
CP01-R0863,863,864,78,FINE_AGGREGATE,0.02019035,0.01988458,0.00030577,0.02857208
CP01-R0863,863,864,78,AGE,0.11422207,0.11440755,-0.00018549,-0.03417756
CP01-R0401,401,402,79,INTERCEPT,-23.33121358,-25.24006308,1.90884949,0.07180039
CP01-R0401,401,402,79,CEMENT,0.11980433,0.11993297,-0.00012864,-0.01515339
CP01-R0401,401,402,79,SLAG,0.10386581,0.10374478,0.00012103,0.01194064
CP01-R0401,401,402,79,FLY_ASH,0.08793432,0.08772225,0.00021207,0.01685344
CP01-R0401,401,402,79,WATER,-0.14991842,-0.14593138,-0.00398704,-0.09923668
CP01-R0401,401,402,79,SUPERPLASTICIZER,0.29222460,0.30200834,-0.00978374,-0.10472399
CP01-R0401,401,402,79,COARSE_AGGREGATE,0.01808621,0.01890730,-0.00082109,-0.08742192
CP01-R0401,401,402,79,FINE_AGGREGATE,0.02019035,0.02056999,-0.00037964,-0.03547488
CP01-R0401,401,402,79,AGE,0.11422207,0.11413488,0.00008718,0.01606443
CP01-R1020,1020,1021,80,INTERCEPT,-23.33121358,-21.97636154,-1.35485204,-0.05096206
CP01-R1020,1020,1021,80,CEMENT,0.11980433,0.11964465,0.00015969,0.01881128
CP01-R1020,1020,1021,80,SLAG,0.10386581,0.10347474,0.00039107,0.03858327
CP01-R1020,1020,1021,80,FLY_ASH,0.08793432,0.08730950,0.00062482,0.04965457
CP01-R1020,1020,1021,80,WATER,-0.14991842,-0.15406700,0.00414858,0.10325749
CP01-R1020,1020,1021,80,SUPERPLASTICIZER,0.29222460,0.28588941,0.00633518,0.06781103
CP01-R1020,1020,1021,80,COARSE_AGGREGATE,0.01808621,0.01780764,0.00027858,0.02966029
CP01-R1020,1020,1021,80,FINE_AGGREGATE,0.02019035,0.01992258,0.00026777,0.02502111
CP01-R1020,1020,1021,80,AGE,0.11422207,0.11440867,-0.00018660,-0.03438279
CP01-R0521,521,522,81,INTERCEPT,-23.33121358,-20.43084517,-2.90036842,-0.10909586
CP01-R0521,521,522,81,CEMENT,0.11980433,0.11932711,0.00047723,0.05621713
CP01-R0521,521,522,81,SLAG,0.10386581,0.10310453,0.00076128,0.07510830
CP01-R0521,521,522,81,FLY_ASH,0.08793432,0.08770463,0.00022969,0.01825389
CP01-R0521,521,522,81,WATER,-0.14991842,-0.15399359,0.00407517,0.10143025
CP01-R0521,521,522,81,SUPERPLASTICIZER,0.29222460,0.28230622,0.00991838,0.10616509
CP01-R0521,521,522,81,COARSE_AGGREGATE,0.01808621,0.01683377,0.00125244,0.13334860
CP01-R0521,521,522,81,FINE_AGGREGATE,0.02019035,0.01934737,0.00084298,0.07877083
CP01-R0521,521,522,81,AGE,0.11422207,0.11404815,0.00017392,0.03204608
CP01-R0383,383,384,82,INTERCEPT,-23.33121358,-21.67429700,-1.65691658,-0.06232406
CP01-R0383,383,384,82,CEMENT,0.11980433,0.11881447,0.00098986,0.11660514
CP01-R0383,383,384,82,SLAG,0.10386581,0.10315580,0.00071001,0.07004929
CP01-R0383,383,384,82,FLY_ASH,0.08793432,0.08668093,0.00125339,0.09960706
CP01-R0383,383,384,82,WATER,-0.14991842,-0.15185725,0.00193884,0.04825730
CP01-R0383,383,384,82,SUPERPLASTICIZER,0.29222460,0.29713115,-0.00490655,-0.05251914
CP01-R0383,383,384,82,COARSE_AGGREGATE,0.01808621,0.01747284,0.00061338,0.06530684
CP01-R0383,383,384,82,FINE_AGGREGATE,0.02019035,0.01972192,0.00046843,0.04377135
CP01-R0383,383,384,82,AGE,0.11422207,0.11436451,-0.00014244,-0.02624633
CP01-R0579,579,580,83,INTERCEPT,-23.33121358,-24.11024491,0.77903133,0.02930286
CP01-R0579,579,580,83,CEMENT,0.11980433,0.12016656,-0.00036223,-0.04267018
CP01-R0579,579,580,83,SLAG,0.10386581,0.10484820,-0.00098239,-0.09692304
CP01-R0579,579,580,83,FLY_ASH,0.08793432,0.08855439,-0.00062007,-0.04927717
CP01-R0579,579,580,83,WATER,-0.14991842,-0.14985771,-0.00006071,-0.00151103
CP01-R0579,579,580,83,SUPERPLASTICIZER,0.29222460,0.28560594,0.00661865,0.07084524
CP01-R0579,579,580,83,COARSE_AGGREGATE,0.01808621,0.01845810,-0.00037189,-0.03959527
CP01-R0579,579,580,83,FINE_AGGREGATE,0.02019035,0.02052966,-0.00033931,-0.03170595
CP01-R0579,579,580,83,AGE,0.11422207,0.11410002,0.00012205,0.02248934
CP01-R0079,79,80,84,INTERCEPT,-23.33121358,-24.39822867,1.06701509,0.04013522
CP01-R0079,79,80,84,CEMENT,0.11980433,0.12035737,-0.00055303,-0.06514670
CP01-R0079,79,80,84,SLAG,0.10386581,0.10439787,-0.00053206,-0.05249345
CP01-R0079,79,80,84,FLY_ASH,0.08793432,0.08823869,-0.00030437,-0.02418839
CP01-R0079,79,80,84,WATER,-0.14991842,-0.14908516,-0.00083326,-0.02073974
CP01-R0079,79,80,84,SUPERPLASTICIZER,0.29222460,0.29236698,-0.00014239,-0.00152408
CP01-R0079,79,80,84,COARSE_AGGREGATE,0.01808621,0.01815631,-0.00007009,-0.00746262
CP01-R0079,79,80,84,FINE_AGGREGATE,0.02019035,0.02104265,-0.00085230,-0.07964181
CP01-R0079,79,80,84,AGE,0.11422207,0.11411569,0.00010638,0.01960131
CP01-R0054,54,55,85,INTERCEPT,-23.33121358,-24.57820268,1.24698909,0.04690485
CP01-R0054,54,55,85,CEMENT,0.11980433,0.12034461,-0.00054028,-0.06364438
CP01-R0054,54,55,85,SLAG,0.10386581,0.10462543,-0.00075962,-0.07494397
CP01-R0054,54,55,85,FLY_ASH,0.08793432,0.08890165,-0.00096733,-0.07687398
CP01-R0054,54,55,85,WATER,-0.14991842,-0.15045956,0.00054114,0.01346895
CP01-R0054,54,55,85,SUPERPLASTICIZER,0.29222460,0.28899534,0.00322926,0.03456559
CP01-R0054,54,55,85,COARSE_AGGREGATE,0.01808621,0.01860197,-0.00051575,-0.05491257
CP01-R0054,54,55,85,FINE_AGGREGATE,0.02019035,0.02094064,-0.00075029,-0.07010969
CP01-R0054,54,55,85,AGE,0.11422207,0.11425218,-0.00003011,-0.00554803
CP01-R0526,526,527,86,INTERCEPT,-23.33121358,-23.70070450,0.36949091,0.01389821
CP01-R0526,526,527,86,CEMENT,0.11980433,0.12045167,-0.00064734,-0.07625565
CP01-R0526,526,527,86,SLAG,0.10386581,0.10434927,-0.00048346,-0.04769822
CP01-R0526,526,527,86,FLY_ASH,0.08793432,0.08914072,-0.00120640,-0.09587306
CP01-R0526,526,527,86,WATER,-0.14991842,-0.15077633,0.00085791,0.02135328
CP01-R0526,526,527,86,SUPERPLASTICIZER,0.29222460,0.28580635,0.00641824,0.06870006
CP01-R0526,526,527,86,COARSE_AGGREGATE,0.01808621,0.01812130,-0.00003509,-0.00373585
CP01-R0526,526,527,86,FINE_AGGREGATE,0.02019035,0.02054354,-0.00035319,-0.03300297
CP01-R0526,526,527,86,AGE,0.11422207,0.11414962,0.00007245,0.01334890
CP01-R0892,892,893,87,INTERCEPT,-23.33121358,-21.23017861,-2.10103497,-0.07902935
CP01-R0892,892,893,87,CEMENT,0.11980433,0.11886138,0.00094295,0.11107904
CP01-R0892,892,893,87,SLAG,0.10386581,0.10279673,0.00106907,0.10547506
CP01-R0892,892,893,87,FLY_ASH,0.08793432,0.08696953,0.00096479,0.07667247
CP01-R0892,892,893,87,WATER,-0.14991842,-0.15201511,0.00209669,0.05218633
CP01-R0892,892,893,87,SUPERPLASTICIZER,0.29222460,0.29892858,-0.00670398,-0.07175863
CP01-R0892,892,893,87,COARSE_AGGREGATE,0.01808621,0.01764062,0.00044560,0.04744294
CP01-R0892,892,893,87,FINE_AGGREGATE,0.02019035,0.01900663,0.00118372,0.11061077
CP01-R0892,892,893,87,AGE,0.11422207,0.11415794,0.00006413,0.01181675
CP01-R0955,955,956,88,INTERCEPT,-23.33121358,-21.18016706,-2.15104653,-0.08091050
CP01-R0955,955,956,88,CEMENT,0.11980433,0.11886199,0.00094235,0.11100770
CP01-R0955,955,956,88,SLAG,0.10386581,0.10279792,0.00106789,0.10535852
CP01-R0955,955,956,88,FLY_ASH,0.08793432,0.08697803,0.00095629,0.07599648
CP01-R0955,955,956,88,WATER,-0.14991842,-0.15214261,0.00222419,0.05535979
CP01-R0955,955,956,88,SUPERPLASTICIZER,0.29222460,0.29838699,-0.00616240,-0.06596158
CP01-R0955,955,956,88,COARSE_AGGREGATE,0.01808621,0.01762203,0.00046418,0.04942177
CP01-R0955,955,956,88,FINE_AGGREGATE,0.02019035,0.01899848,0.00119188,0.11137270
CP01-R0955,955,956,88,AGE,0.11422207,0.11416000,0.00006206,0.01143578
CP01-R0490,490,491,89,INTERCEPT,-23.33121358,-25.76530515,2.43409156,0.09155710
CP01-R0490,490,491,89,CEMENT,0.11980433,0.12079622,-0.00099189,-0.11684390
CP01-R0490,490,491,89,SLAG,0.10386581,0.10471488,-0.00084907,-0.08376988
CP01-R0490,490,491,89,FLY_ASH,0.08793432,0.08917750,-0.00124318,-0.09879568
CP01-R0490,490,491,89,WATER,-0.14991842,-0.14715591,-0.00276251,-0.06875843
CP01-R0490,490,491,89,SUPERPLASTICIZER,0.29222460,0.29525305,-0.00302846,-0.03241624
CP01-R0490,490,491,89,COARSE_AGGREGATE,0.01808621,0.01878406,-0.00069785,-0.07430066
CP01-R0490,490,491,89,FINE_AGGREGATE,0.02019035,0.02129304,-0.00110269,-0.10303901
CP01-R0490,490,491,89,AGE,0.11422207,0.11411234,0.00010972,0.02021758
CP01-R0105,105,106,90,INTERCEPT,-23.33121358,-24.43654141,1.10532783,0.04157634
CP01-R0105,105,106,90,CEMENT,0.11980433,0.12028537,-0.00048104,-0.05666604
CP01-R0105,105,106,90,SLAG,0.10386581,0.10466342,-0.00079761,-0.07869201
CP01-R0105,105,106,90,FLY_ASH,0.08793432,0.08829341,-0.00035909,-0.02853661
CP01-R0105,105,106,90,WATER,-0.14991842,-0.14911313,-0.00080529,-0.02004354
CP01-R0105,105,106,90,SUPERPLASTICIZER,0.29222460,0.29375889,-0.00153430,-0.01642292
CP01-R0105,105,106,90,COARSE_AGGREGATE,0.01808621,0.01826187,-0.00017566,-0.01870256
CP01-R0105,105,106,90,FINE_AGGREGATE,0.02019035,0.02094597,-0.00075561,-0.07060703
CP01-R0105,105,106,90,AGE,0.11422207,0.11418942,0.00003265,0.00601576
CP01-R0334,334,335,91,INTERCEPT,-23.33121358,-23.97149613,0.64028255,0.02408390
CP01-R0334,334,335,91,CEMENT,0.11980433,0.12004002,-0.00023568,-0.02776322
CP01-R0334,334,335,91,SLAG,0.10386581,0.10412339,-0.00025758,-0.02541334
CP01-R0334,334,335,91,FLY_ASH,0.08793432,0.08798195,-0.00004763,-0.00378491
CP01-R0334,334,335,91,WATER,-0.14991842,-0.14755868,-0.00235974,-0.05873347
CP01-R0334,334,335,91,SUPERPLASTICIZER,0.29222460,0.29180159,0.00042301,0.00452780
CP01-R0334,334,335,91,COARSE_AGGREGATE,0.01808621,0.01799484,0.00009137,0.00972846
CP01-R0334,334,335,91,FINE_AGGREGATE,0.02019035,0.02047018,-0.00027983,-0.02614796
CP01-R0334,334,335,91,AGE,0.11422207,0.11377342,0.00044864,0.08266651
CP01-R0179,179,180,92,INTERCEPT,-23.33121358,-23.32118008,-0.01003351,-0.00037741
CP01-R0179,179,180,92,CEMENT,0.11980433,0.11969555,0.00010878,0.01281459
CP01-R0179,179,180,92,SLAG,0.10386581,0.10337566,0.00049015,0.04835867
CP01-R0179,179,180,92,FLY_ASH,0.08793432,0.08795963,-0.00002531,-0.00201161
CP01-R0179,179,180,92,WATER,-0.14991842,-0.14807952,-0.00183890,-0.04576986
CP01-R0179,179,180,92,SUPERPLASTICIZER,0.29222460,0.29337920,-0.00115461,-0.01235880
CP01-R0179,179,180,92,COARSE_AGGREGATE,0.01808621,0.01790830,0.00017791,0.01894242
CP01-R0179,179,180,92,FINE_AGGREGATE,0.02019035,0.02004486,0.00014549,0.01359487
CP01-R0179,179,180,92,AGE,0.11422207,0.11382292,0.00039915,0.07354619
CP01-R0587,587,588,93,INTERCEPT,-23.33121358,-26.56388567,3.23267208,0.12159529
CP01-R0587,587,588,93,CEMENT,0.11980433,0.12078422,-0.00097988,-0.11542961
CP01-R0587,587,588,93,SLAG,0.10386581,0.10478207,-0.00091626,-0.09039839
CP01-R0587,587,588,93,FLY_ASH,0.08793432,0.08894079,-0.00100647,-0.07998426
CP01-R0587,587,588,93,WATER,-0.14991842,-0.14586143,-0.00405699,-0.10097780
CP01-R0587,587,588,93,SUPERPLASTICIZER,0.29222460,0.29299985,-0.00077526,-0.00829828
CP01-R0587,587,588,93,COARSE_AGGREGATE,0.01808621,0.01931959,-0.00123338,-0.13131912
CP01-R0587,587,588,93,FINE_AGGREGATE,0.02019035,0.02137853,-0.00118818,-0.11102698
CP01-R0587,587,588,93,AGE,0.11422207,0.11401735,0.00020472,0.03772099
CP01-R0992,992,993,94,INTERCEPT,-23.33121358,-21.87329557,-1.45791801,-0.05483883
CP01-R0992,992,993,94,CEMENT,0.11980433,0.11930086,0.00050348,0.05930949
CP01-R0992,992,993,94,SLAG,0.10386581,0.10332040,0.00054540,0.05380965
CP01-R0992,992,993,94,FLY_ASH,0.08793432,0.08723774,0.00069658,0.05535717
CP01-R0992,992,993,94,WATER,-0.14991842,-0.15092622,0.00100780,0.02508403
CP01-R0992,992,993,94,SUPERPLASTICIZER,0.29222460,0.30122226,-0.00899766,-0.09630991
CP01-R0992,992,993,94,COARSE_AGGREGATE,0.01808621,0.01766641,0.00041980,0.04469679
CP01-R0992,992,993,94,FINE_AGGREGATE,0.02019035,0.01930350,0.00088685,0.08287007
CP01-R0992,992,993,94,AGE,0.11422207,0.11416701,0.00005506,0.01014472
CP01-R0748,748,749,95,INTERCEPT,-23.33121358,-25.48109783,2.14988424,0.08086679
CP01-R0748,748,749,95,CEMENT,0.11980433,0.12059582,-0.00079149,-0.09323677
CP01-R0748,748,749,95,SLAG,0.10386581,0.10443873,-0.00057292,-0.05652448
CP01-R0748,748,749,95,FLY_ASH,0.08793432,0.08865168,-0.00071736,-0.05700874
CP01-R0748,748,749,95,WATER,-0.14991842,-0.14675953,-0.00315889,-0.07862415
CP01-R0748,748,749,95,SUPERPLASTICIZER,0.29222460,0.29393985,-0.00171525,-0.01835983
CP01-R0748,748,749,95,COARSE_AGGREGATE,0.01808621,0.01901148,-0.00092526,-0.09851353
CP01-R0748,748,749,95,FINE_AGGREGATE,0.02019035,0.02069104,-0.00050069,-0.04678640
CP01-R0748,748,749,95,AGE,0.11422207,0.11395545,0.00026662,0.04912763
CP01-R0074,74,75,96,INTERCEPT,-23.33121358,-23.54144840,0.21023482,0.00790787
CP01-R0074,74,75,96,CEMENT,0.11980433,0.11989851,-0.00009418,-0.01109428
CP01-R0074,74,75,96,SLAG,0.10386581,0.10384975,0.00001606,0.00158441
CP01-R0074,74,75,96,FLY_ASH,0.08793432,0.08743755,0.00049677,0.03947883
CP01-R0074,74,75,96,WATER,-0.14991842,-0.14957743,-0.00034099,-0.00848706
CP01-R0074,74,75,96,SUPERPLASTICIZER,0.29222460,0.30116025,-0.00893566,-0.09564619
CP01-R0074,74,75,96,COARSE_AGGREGATE,0.01808621,0.01818474,-0.00009853,-0.01049015
CP01-R0074,74,75,96,FINE_AGGREGATE,0.02019035,0.02022088,-0.00003053,-0.00285303
CP01-R0074,74,75,96,AGE,0.11422207,0.11407334,0.00014873,0.02740417
CP01-R0358,358,359,97,INTERCEPT,-23.33121358,-22.42555793,-0.90565566,-0.03406577
CP01-R0358,358,359,97,CEMENT,0.11980433,0.11980158,0.00000275,0.00032425
CP01-R0358,358,359,97,SLAG,0.10386581,0.10369052,0.00017529,0.01729447
CP01-R0358,358,359,97,FLY_ASH,0.08793432,0.08823551,-0.00030119,-0.02393533
CP01-R0358,358,359,97,WATER,-0.14991842,-0.15060126,0.00068284,0.01699577
CP01-R0358,358,359,97,SUPERPLASTICIZER,0.29222460,0.28430765,0.00791695,0.08474205
CP01-R0358,358,359,97,COARSE_AGGREGATE,0.01808621,0.01745819,0.00062803,0.06686642
CP01-R0358,358,359,97,FINE_AGGREGATE,0.02019035,0.02000797,0.00018238,0.01704183
CP01-R0358,358,359,97,AGE,0.11422207,0.11407944,0.00014262,0.02627987
CP01-R0687,687,688,98,INTERCEPT,-23.33121358,-22.65324532,-0.67796827,-0.02550143
CP01-R0687,687,688,98,CEMENT,0.11980433,0.11982040,-0.00001606,-0.00189241
CP01-R0687,687,688,98,SLAG,0.10386581,0.10406415,-0.00019834,-0.01956795
CP01-R0687,687,688,98,FLY_ASH,0.08793432,0.08787538,0.00005894,0.00468408
CP01-R0687,687,688,98,WATER,-0.14991842,-0.15057457,0.00065616,0.01633161
CP01-R0687,687,688,98,SUPERPLASTICIZER,0.29222460,0.28736800,0.00485660,0.05198444
CP01-R0687,687,688,98,COARSE_AGGREGATE,0.01808621,0.01791201,0.00017420,0.01854736
CP01-R0687,687,688,98,FINE_AGGREGATE,0.02019035,0.01975023,0.00044012,0.04112624
CP01-R0687,687,688,98,AGE,0.11422207,0.11389574,0.00032633,0.06012909
CP01-R0506,506,507,99,INTERCEPT,-23.33121358,-24.33737839,1.00616481,0.03784637
CP01-R0506,506,507,99,CEMENT,0.11980433,0.12062050,-0.00081616,-0.09614331
CP01-R0506,506,507,99,SLAG,0.10386581,0.10447764,-0.00061183,-0.06036370
CP01-R0506,506,507,99,FLY_ASH,0.08793432,0.08918050,-0.00124618,-0.09903416
CP01-R0506,506,507,99,WATER,-0.14991842,-0.14842351,-0.00149491,-0.03720814
CP01-R0506,506,507,99,SUPERPLASTICIZER,0.29222460,0.28682021,0.00540439,0.05784789
CP01-R0506,506,507,99,COARSE_AGGREGATE,0.01808621,0.01816646,-0.00008025,-0.00854404
CP01-R0506,506,507,99,FINE_AGGREGATE,0.02019035,0.02066350,-0.00047315,-0.04421265
CP01-R0506,506,507,99,AGE,0.11422207,0.11408449,0.00013758,0.02535007
CP01-R0157,157,158,100,INTERCEPT,-23.33121358,-23.36301308,0.03179950,0.00119612
CP01-R0157,157,158,100,CEMENT,0.11980433,0.11971191,0.00009243,0.01088793
CP01-R0157,157,158,100,SLAG,0.10386581,0.10340892,0.00045689,0.04507650
CP01-R0157,157,158,100,FLY_ASH,0.08793432,0.08800926,-0.00007493,-0.00595503
CP01-R0157,157,158,100,WATER,-0.14991842,-0.14814056,-0.00177786,-0.04425064
CP01-R0157,157,158,100,SUPERPLASTICIZER,0.29222460,0.29328411,-0.00105951,-0.01134087
CP01-R0157,157,158,100,COARSE_AGGREGATE,0.01808621,0.01792156,0.00016465,0.01753090
CP01-R0157,157,158,100,FINE_AGGREGATE,0.02019035,0.02007410,0.00011625,0.01086257
CP01-R0157,157,158,100,AGE,0.11422207,0.11399986,0.00022221,0.04094463
CP01-R0006,6,7,101,INTERCEPT,-23.33121358,-24.23292833,0.90171475,0.03391753
CP01-R0006,6,7,101,CEMENT,0.11980433,0.12027381,-0.00046948,-0.05530399
CP01-R0006,6,7,101,SLAG,0.10386581,0.10438375,-0.00051794,-0.05109988
CP01-R0006,6,7,101,FLY_ASH,0.08793432,0.08871445,-0.00078013,-0.06199696
CP01-R0006,6,7,101,WATER,-0.14991842,-0.15067481,0.00075639,0.01882646
CP01-R0006,6,7,101,SUPERPLASTICIZER,0.29222460,0.28921237,0.00301223,0.03224254
CP01-R0006,6,7,101,COARSE_AGGREGATE,0.01808621,0.01846717,-0.00038096,-0.04056095
CP01-R0006,6,7,101,FINE_AGGREGATE,0.02019035,0.02077805,-0.00058770,-0.05491681
CP01-R0006,6,7,101,AGE,0.11422207,0.11422635,-0.00000428,-0.00078914
CP01-R0380,380,381,102,INTERCEPT,-23.33121358,-24.73415579,1.40294220,0.05277095
CP01-R0380,380,381,102,CEMENT,0.11980433,0.11971444,0.00008990,0.01058962
CP01-R0380,380,381,102,SLAG,0.10386581,0.10405308,-0.00018727,-0.01847650
CP01-R0380,380,381,102,FLY_ASH,0.08793432,0.08807435,-0.00014003,-0.01112827
CP01-R0380,380,381,102,WATER,-0.14991842,-0.14619686,-0.00372156,-0.09262897
CP01-R0380,380,381,102,SUPERPLASTICIZER,0.29222460,0.30221385,-0.00998925,-0.10692376
CP01-R0380,380,381,102,COARSE_AGGREGATE,0.01808621,0.01858021,-0.00049400,-0.05259615
CP01-R0380,380,381,102,FINE_AGGREGATE,0.02019035,0.02041858,-0.00022823,-0.02132647
CP01-R0380,380,381,102,AGE,0.11422207,0.11420383,0.00001824,0.00336033
CP01-R0509,509,510,103,INTERCEPT,-23.33121358,-24.33048202,0.99926843,0.03758697
CP01-R0509,509,510,103,CEMENT,0.11980433,0.12060906,-0.00080473,-0.09479611
CP01-R0509,509,510,103,SLAG,0.10386581,0.10446826,-0.00060245,-0.05943798
CP01-R0509,509,510,103,FLY_ASH,0.08793432,0.08921463,-0.00128031,-0.10174624
CP01-R0509,509,510,103,WATER,-0.14991842,-0.14879256,-0.00112586,-0.02802249
CP01-R0509,509,510,103,SUPERPLASTICIZER,0.29222460,0.28776752,0.00445707,0.04770795
CP01-R0509,509,510,103,COARSE_AGGREGATE,0.01808621,0.01821520,-0.00012898,-0.01373314
CP01-R0509,509,510,103,FINE_AGGREGATE,0.02019035,0.02068069,-0.00049034,-0.04581875
CP01-R0509,509,510,103,AGE,0.11422207,0.11408630,0.00013577,0.02501607
CP01-R0357,357,358,104,INTERCEPT,-23.33121358,-22.48575597,-0.84545761,-0.03180145
CP01-R0357,357,358,104,CEMENT,0.11980433,0.11981898,-0.00001464,-0.00172469
CP01-R0357,357,358,104,SLAG,0.10386581,0.10373171,0.00013410,0.01322984
CP01-R0357,357,358,104,FLY_ASH,0.08793432,0.08827887,-0.00034455,-0.02738129
CP01-R0357,357,358,104,WATER,-0.14991842,-0.15066500,0.00074658,0.01858226
CP01-R0357,357,358,104,SUPERPLASTICIZER,0.29222460,0.28436168,0.00786292,0.08416370
CP01-R0357,357,358,104,COARSE_AGGREGATE,0.01808621,0.01748570,0.00060052,0.06393763
CP01-R0357,357,358,104,FINE_AGGREGATE,0.02019035,0.02004221,0.00014814,0.01384292
CP01-R0357,357,358,104,AGE,0.11422207,0.11426294,-0.00004087,-0.00753037
CP01-R0023,23,24,105,INTERCEPT,-23.33121358,-26.00721270,2.67599912,0.10065632
CP01-R0023,23,24,105,CEMENT,0.11980433,0.12040267,-0.00059834,-0.07048357
CP01-R0023,23,24,105,SLAG,0.10386581,0.10495278,-0.00108697,-0.10724048
CP01-R0023,23,24,105,FLY_ASH,0.08793432,0.08877694,-0.00084261,-0.06696280
CP01-R0023,23,24,105,WATER,-0.14991842,-0.14653790,-0.00338052,-0.08414050
CP01-R0023,23,24,105,SUPERPLASTICIZER,0.29222460,0.29268007,-0.00045548,-0.00487538
CP01-R0023,23,24,105,COARSE_AGGREGATE,0.01808621,0.01906669,-0.00098048,-0.10439241
CP01-R0023,23,24,105,FINE_AGGREGATE,0.02019035,0.02126388,-0.00107353,-0.10031365
CP01-R0023,23,24,105,AGE,0.11422207,0.11409986,0.00012221,0.02251840
CP01-R0553,553,554,106,INTERCEPT,-23.33121358,-23.96125381,0.63004023,0.02369864
CP01-R0553,553,554,106,CEMENT,0.11980433,0.11990778,-0.00010344,-0.01218542
CP01-R0553,553,554,106,SLAG,0.10386581,0.10448879,-0.00062298,-0.06146330
CP01-R0553,553,554,106,FLY_ASH,0.08793432,0.08815070,-0.00021638,-0.01719565
CP01-R0553,553,554,106,WATER,-0.14991842,-0.14972000,-0.00019841,-0.00493850
CP01-R0553,553,554,106,SUPERPLASTICIZER,0.29222460,0.28862874,0.00359585,0.03848956
CP01-R0553,553,554,106,COARSE_AGGREGATE,0.01808621,0.01846953,-0.00038332,-0.04081213
CP01-R0553,553,554,106,FINE_AGGREGATE,0.02019035,0.02042328,-0.00023293,-0.02176570
CP01-R0553,553,554,106,AGE,0.11422207,0.11407761,0.00014446,0.02661853
CP01-R1004,1004,1005,107,INTERCEPT,-23.33121358,-23.57314673,0.24193314,0.00910019
CP01-R1004,1004,1005,107,CEMENT,0.11980433,0.11954288,0.00026145,0.03079920
CP01-R1004,1004,1005,107,SLAG,0.10386581,0.10352312,0.00034269,0.03380970
CP01-R1004,1004,1005,107,FLY_ASH,0.08793432,0.08779915,0.00013517,0.01074229
CP01-R1004,1004,1005,107,WATER,-0.14991842,-0.14983436,-0.00008405,-0.00209211
CP01-R1004,1004,1005,107,SUPERPLASTICIZER,0.29222460,0.29513111,-0.00290652,-0.03111102
CP01-R1004,1004,1005,107,COARSE_AGGREGATE,0.01808621,0.01845196,-0.00036575,-0.03894171
CP01-R1004,1004,1005,107,FINE_AGGREGATE,0.02019035,0.02010655,0.00008380,0.00783083
CP01-R1004,1004,1005,107,AGE,0.11422207,0.11432919,-0.00010712,-0.01973805
CP01-R0363,363,364,108,INTERCEPT,-23.33121358,-24.08611503,0.75490144,0.02839523
CP01-R0363,363,364,108,CEMENT,0.11980433,0.12003168,-0.00022734,-0.02678072
CP01-R0363,363,364,108,SLAG,0.10386581,0.10398153,-0.00011572,-0.01141680
CP01-R0363,363,364,108,FLY_ASH,0.08793432,0.08793772,-0.00000340,-0.00027045
CP01-R0363,363,364,108,WATER,-0.14991842,-0.14736756,-0.00255086,-0.06349056
CP01-R0363,363,364,108,SUPERPLASTICIZER,0.29222460,0.29342991,-0.00120531,-0.01290150
CP01-R0363,363,364,108,COARSE_AGGREGATE,0.01808621,0.01805708,0.00002914,0.00310218
CP01-R0363,363,364,108,FINE_AGGREGATE,0.02019035,0.02049075,-0.00030040,-0.02807006
CP01-R0363,363,364,108,AGE,0.11422207,0.11399411,0.00022796,0.04200422
CP01-R0333,333,334,109,INTERCEPT,-23.33121358,-23.98885735,0.65764376,0.02473693
CP01-R0333,333,334,109,CEMENT,0.11980433,0.12004879,-0.00024446,-0.02879705
CP01-R0333,333,334,109,SLAG,0.10386581,0.10415654,-0.00029073,-0.02868313
CP01-R0333,333,334,109,FLY_ASH,0.08793432,0.08804151,-0.00010718,-0.00851799
CP01-R0333,333,334,109,WATER,-0.14991842,-0.14778674,-0.00213168,-0.05305719
CP01-R0333,333,334,109,SUPERPLASTICIZER,0.29222460,0.29169228,0.00053231,0.00569779
CP01-R0333,333,334,109,COARSE_AGGREGATE,0.01808621,0.01801859,0.00006763,0.00720026
CP01-R0333,333,334,109,FINE_AGGREGATE,0.02019035,0.02049315,-0.00030280,-0.02829427
CP01-R0333,333,334,109,AGE,0.11422207,0.11402550,0.00019657,0.03621912
CP01-R0093,93,94,110,INTERCEPT,-23.33121358,-24.94964221,1.61842862,0.06087636
CP01-R0093,93,94,110,CEMENT,0.11980433,0.12041054,-0.00060620,-0.07141017
CP01-R0093,93,94,110,SLAG,0.10386581,0.10474675,-0.00088094,-0.08691370
CP01-R0093,93,94,110,FLY_ASH,0.08793432,0.08841606,-0.00048174,-0.03828386
CP01-R0093,93,94,110,WATER,-0.14991842,-0.14791162,-0.00200680,-0.04994902
CP01-R0093,93,94,110,SUPERPLASTICIZER,0.29222460,0.29507859,-0.00285399,-0.03054877
CP01-R0093,93,94,110,COARSE_AGGREGATE,0.01808621,0.01862876,-0.00054255,-0.05776527
CP01-R0093,93,94,110,FINE_AGGREGATE,0.02019035,0.02080714,-0.00061678,-0.05763432
CP01-R0093,93,94,110,AGE,0.11422207,0.11402742,0.00019465,0.03586642
CP01-R0044,44,45,111,INTERCEPT,-23.33121358,-24.42504894,1.09383536,0.04114405
CP01-R0044,44,45,111,CEMENT,0.11980433,0.12016886,-0.00036453,-0.04294081
CP01-R0044,44,45,111,SLAG,0.10386581,0.10455279,-0.00068698,-0.06777724
CP01-R0044,44,45,111,FLY_ASH,0.08793432,0.08863643,-0.00070211,-0.05579661
CP01-R0044,44,45,111,WATER,-0.14991842,-0.14976353,-0.00015489,-0.00385512
CP01-R0044,44,45,111,SUPERPLASTICIZER,0.29222460,0.29033988,0.00188472,0.02017376
CP01-R0044,44,45,111,COARSE_AGGREGATE,0.01808621,0.01853218,-0.00044597,-0.04748259
CP01-R0044,44,45,111,FINE_AGGREGATE,0.02019035,0.02077454,-0.00058419,-0.05458834
CP01-R0044,44,45,111,AGE,0.11422207,0.11392432,0.00029774,0.05486205
CP01-R0847,847,848,112,INTERCEPT,-23.33121358,-23.57195649,0.24074290,0.00905542
CP01-R0847,847,848,112,CEMENT,0.11980433,0.11955929,0.00024505,0.02886639
CP01-R0847,847,848,112,SLAG,0.10386581,0.10354241,0.00032339,0.03190610
CP01-R0847,847,848,112,FLY_ASH,0.08793432,0.08782969,0.00010463,0.00831506
CP01-R0847,847,848,112,WATER,-0.14991842,-0.14987977,-0.00003865,-0.00096209
CP01-R0847,847,848,112,SUPERPLASTICIZER,0.29222460,0.29460396,-0.00237936,-0.02546839
CP01-R0847,847,848,112,COARSE_AGGREGATE,0.01808621,0.01844664,-0.00036042,-0.03837434
CP01-R0847,847,848,112,FINE_AGGREGATE,0.02019035,0.02011687,0.00007348,0.00686635
CP01-R0847,847,848,112,AGE,0.11422207,0.11432889,-0.00010682,-0.01968344
CP01-R0397,397,398,113,INTERCEPT,-23.33121358,-20.21229923,-3.11891436,-0.11731635
CP01-R0397,397,398,113,CEMENT,0.11980433,0.11919681,0.00060752,0.07156544
CP01-R0397,397,398,113,SLAG,0.10386581,0.10287207,0.00099374,0.09804224
CP01-R0397,397,398,113,FLY_ASH,0.08793432,0.08686369,0.00107063,0.08508354
CP01-R0397,397,398,113,WATER,-0.14991842,-0.15439061,0.00447219,0.11131210
CP01-R0397,397,398,113,SUPERPLASTICIZER,0.29222460,0.28700421,0.00522039,0.05587841
CP01-R0397,397,398,113,COARSE_AGGREGATE,0.01808621,0.01689443,0.00119179,0.12689090
CP01-R0397,397,398,113,FINE_AGGREGATE,0.02019035,0.01915566,0.00103469,0.09668494
CP01-R0397,397,398,113,AGE,0.11422207,0.11415172,0.00007035,0.01296196
CP01-R0385,385,386,114,INTERCEPT,-23.33121358,-20.21471356,-3.11650002,-0.11722554
CP01-R0385,385,386,114,CEMENT,0.11980433,0.11919862,0.00060571,0.07135242
CP01-R0385,385,386,114,SLAG,0.10386581,0.10287505,0.00099076,0.09774815
CP01-R0385,385,386,114,FLY_ASH,0.08793432,0.08686823,0.00106609,0.08472279
CP01-R0385,385,386,114,WATER,-0.14991842,-0.15439397,0.00447555,0.11139576
CP01-R0385,385,386,114,SUPERPLASTICIZER,0.29222460,0.28694479,0.00527980,0.05651438
CP01-R0385,385,386,114,COARSE_AGGREGATE,0.01808621,0.01689542,0.00119079,0.12678494
CP01-R0385,385,386,114,FINE_AGGREGATE,0.02019035,0.01915748,0.00103287,0.09651516
CP01-R0385,385,386,114,AGE,0.11422207,0.11415209,0.00006998,0.01289456
CP01-R0160,160,161,115,INTERCEPT,-23.33121358,-23.27169858,-0.05951501,-0.00223863
CP01-R0160,160,161,115,CEMENT,0.11980433,0.11980379,0.00000055,0.00006427
CP01-R0160,160,161,115,SLAG,0.10386581,0.10377320,0.00009261,0.00913697
CP01-R0160,160,161,115,FLY_ASH,0.08793432,0.08832227,-0.00038795,-0.03083013
CP01-R0160,160,161,115,WATER,-0.14991842,-0.14987380,-0.00004462,-0.00111052
CP01-R0160,160,161,115,SUPERPLASTICIZER,0.29222460,0.28424188,0.00798272,0.08544604
CP01-R0160,160,161,115,COARSE_AGGREGATE,0.01808621,0.01797529,0.00011093,0.01181040
CP01-R0160,160,161,115,FINE_AGGREGATE,0.02019035,0.02027825,-0.00008790,-0.00821374
CP01-R0160,160,161,115,AGE,0.11422207,0.11411117,0.00011090,0.02043374
CP01-R0733,733,734,116,INTERCEPT,-23.33121358,-25.82601710,2.49480351,0.09384075
CP01-R0733,733,734,116,CEMENT,0.11980433,0.12049869,-0.00069435,-0.08179417
CP01-R0733,733,734,116,SLAG,0.10386581,0.10446245,-0.00059664,-0.05886423
CP01-R0733,733,734,116,FLY_ASH,0.08793432,0.08856997,-0.00063564,-0.05051481
CP01-R0733,733,734,116,WATER,-0.14991842,-0.14644413,-0.00347428,-0.08647440
CP01-R0733,733,734,116,SUPERPLASTICIZER,0.29222460,0.29318754,-0.00096295,-0.01030728
CP01-R0733,733,734,116,COARSE_AGGREGATE,0.01808621,0.01897900,-0.00089279,-0.09505594
CP01-R0733,733,734,116,FINE_AGGREGATE,0.02019035,0.02115067,-0.00096032,-0.08973551
CP01-R0733,733,734,116,AGE,0.11422207,0.11398792,0.00023415,0.04314427
CP01-R0451,451,452,117,INTERCEPT,-23.33121358,-23.06289563,-0.26831796,-0.01009264
CP01-R0451,451,452,117,CEMENT,0.11980433,0.11959430,0.00021004,0.02474236
CP01-R0451,451,452,117,SLAG,0.10386581,0.10347822,0.00038759,0.03823976
CP01-R0451,451,452,117,FLY_ASH,0.08793432,0.08696032,0.00097401,0.07740449
CP01-R0451,451,452,117,WATER,-0.14991842,-0.14915097,-0.00076745,-0.01910172
CP01-R0451,451,452,117,SUPERPLASTICIZER,0.29222460,0.29818563,-0.00596103,-0.06380619
CP01-R0451,451,452,117,COARSE_AGGREGATE,0.01808621,0.01794587,0.00014034,0.01494214
CP01-R0451,451,452,117,FINE_AGGREGATE,0.02019035,0.01996278,0.00022758,0.02126538
CP01-R0451,451,452,117,AGE,0.11422207,0.11402005,0.00020202,0.03722456
CP01-R0359,359,360,118,INTERCEPT,-23.33121358,-22.55551590,-0.77569768,-0.02917747
CP01-R0359,359,360,118,CEMENT,0.11980433,0.11977997,0.00002436,0.00287000
CP01-R0359,359,360,118,SLAG,0.10386581,0.10367789,0.00018792,0.01854008
CP01-R0359,359,360,118,FLY_ASH,0.08793432,0.08811125,-0.00017693,-0.01406039
CP01-R0359,359,360,118,WATER,-0.14991842,-0.15036374,0.00044532,0.01108397
CP01-R0359,359,360,118,SUPERPLASTICIZER,0.29222460,0.28604746,0.00617713,0.06611926
CP01-R0359,359,360,118,COARSE_AGGREGATE,0.01808621,0.01756651,0.00051970,0.05533328
CP01-R0359,359,360,118,FINE_AGGREGATE,0.02019035,0.02000587,0.00018448,0.01723824
CP01-R0359,359,360,118,AGE,0.11422207,0.11387741,0.00034466,0.06350586
CP01-R0295,295,296,119,INTERCEPT,-23.33121358,-23.56063351,0.22941992,0.00862951
CP01-R0295,295,296,119,CEMENT,0.11980433,0.11958842,0.00021592,0.02543509
CP01-R0295,295,296,119,SLAG,0.10386581,0.10377815,0.00008766,0.00864830
CP01-R0295,295,296,119,FLY_ASH,0.08793432,0.08794193,-0.00000761,-0.00060458
CP01-R0295,295,296,119,WATER,-0.14991842,-0.15000440,0.00008598,0.00214013
CP01-R0295,295,296,119,SUPERPLASTICIZER,0.29222460,0.29608420,-0.00385961,-0.04131277
CP01-R0295,295,296,119,COARSE_AGGREGATE,0.01808621,0.01844493,-0.00035871,-0.03819237
CP01-R0295,295,296,119,FINE_AGGREGATE,0.02019035,0.02014363,0.00004672,0.00436577
CP01-R0295,295,296,119,AGE,0.11422207,0.11410663,0.00011544,0.02127084
CP01-R0153,153,154,120,INTERCEPT,-23.33121358,-22.37752097,-0.95369262,-0.03587266
CP01-R0153,153,154,120,CEMENT,0.11980433,0.11933225,0.00047208,0.05561117
CP01-R0153,153,154,120,SLAG,0.10386581,0.10315340,0.00071241,0.07028635
CP01-R0153,153,154,120,FLY_ASH,0.08793432,0.08761771,0.00031661,0.02516090
CP01-R0153,153,154,120,WATER,-0.14991842,-0.15050500,0.00058658,0.01459992
CP01-R0153,153,154,120,SUPERPLASTICIZER,0.29222460,0.29001705,0.00220754,0.02362927
CP01-R0153,153,154,120,COARSE_AGGREGATE,0.01808621,0.01773488,0.00035133,0.03740680
CP01-R0153,153,154,120,FINE_AGGREGATE,0.02019035,0.01979963,0.00039072,0.03651033
CP01-R0153,153,154,120,AGE,0.11422207,0.11407860,0.00014346,0.02643452
CP01-R0156,156,157,121,INTERCEPT,-23.33121358,-22.37752097,-0.95369262,-0.03587266
CP01-R0156,156,157,121,CEMENT,0.11980433,0.11933225,0.00047208,0.05561117
CP01-R0156,156,157,121,SLAG,0.10386581,0.10315340,0.00071241,0.07028635
CP01-R0156,156,157,121,FLY_ASH,0.08793432,0.08761771,0.00031661,0.02516090
CP01-R0156,156,157,121,WATER,-0.14991842,-0.15050500,0.00058658,0.01459992
CP01-R0156,156,157,121,SUPERPLASTICIZER,0.29222460,0.29001705,0.00220754,0.02362927
CP01-R0156,156,157,121,COARSE_AGGREGATE,0.01808621,0.01773488,0.00035133,0.03740680
CP01-R0156,156,157,121,FINE_AGGREGATE,0.02019035,0.01979963,0.00039072,0.03651033
CP01-R0156,156,157,121,AGE,0.11422207,0.11407860,0.00014346,0.02643452
CP01-R0158,158,159,122,INTERCEPT,-23.33121358,-22.37752097,-0.95369262,-0.03587266
CP01-R0158,158,159,122,CEMENT,0.11980433,0.11933225,0.00047208,0.05561117
CP01-R0158,158,159,122,SLAG,0.10386581,0.10315340,0.00071241,0.07028635
CP01-R0158,158,159,122,FLY_ASH,0.08793432,0.08761771,0.00031661,0.02516090
CP01-R0158,158,159,122,WATER,-0.14991842,-0.15050500,0.00058658,0.01459992
CP01-R0158,158,159,122,SUPERPLASTICIZER,0.29222460,0.29001705,0.00220754,0.02362927
CP01-R0158,158,159,122,COARSE_AGGREGATE,0.01808621,0.01773488,0.00035133,0.03740680
CP01-R0158,158,159,122,FINE_AGGREGATE,0.02019035,0.01979963,0.00039072,0.03651033
CP01-R0158,158,159,122,AGE,0.11422207,0.11407860,0.00014346,0.02643452
CP01-R0161,161,162,123,INTERCEPT,-23.33121358,-22.37752097,-0.95369262,-0.03587266
CP01-R0161,161,162,123,CEMENT,0.11980433,0.11933225,0.00047208,0.05561117
CP01-R0161,161,162,123,SLAG,0.10386581,0.10315340,0.00071241,0.07028635
CP01-R0161,161,162,123,FLY_ASH,0.08793432,0.08761771,0.00031661,0.02516090
CP01-R0161,161,162,123,WATER,-0.14991842,-0.15050500,0.00058658,0.01459992
CP01-R0161,161,162,123,SUPERPLASTICIZER,0.29222460,0.29001705,0.00220754,0.02362927
CP01-R0161,161,162,123,COARSE_AGGREGATE,0.01808621,0.01773488,0.00035133,0.03740680
CP01-R0161,161,162,123,FINE_AGGREGATE,0.02019035,0.01979963,0.00039072,0.03651033
CP01-R0161,161,162,123,AGE,0.11422207,0.11407860,0.00014346,0.02643452
CP01-R0874,874,875,124,INTERCEPT,-23.33121358,-21.93893205,-1.39228153,-0.05236995
CP01-R0874,874,875,124,CEMENT,0.11980433,0.11962030,0.00018404,0.02167935
CP01-R0874,874,875,124,SLAG,0.10386581,0.10368286,0.00018295,0.01804988
CP01-R0874,874,875,124,FLY_ASH,0.08793432,0.08767295,0.00026137,0.02077093
CP01-R0874,874,875,124,WATER,-0.14991842,-0.15390624,0.00398782,0.09925611
CP01-R0874,874,875,124,SUPERPLASTICIZER,0.29222460,0.28477266,0.00745194,0.07976462
CP01-R0874,874,875,124,COARSE_AGGREGATE,0.01808621,0.01778769,0.00029853,0.03178442
CP01-R0874,874,875,124,FINE_AGGREGATE,0.02019035,0.01984013,0.00035022,0.03272577
CP01-R0874,874,875,124,AGE,0.11422207,0.11440862,-0.00018655,-0.03437361
CP01-R0937,937,938,125,INTERCEPT,-23.33121358,-21.93927258,-1.39194100,-0.05235714
CP01-R0937,937,938,125,CEMENT,0.11980433,0.11961896,0.00018537,0.02183700
CP01-R0937,937,938,125,SLAG,0.10386581,0.10368141,0.00018440,0.01819262
CP01-R0937,937,938,125,FLY_ASH,0.08793432,0.08766966,0.00026467,0.02103306
CP01-R0937,937,938,125,WATER,-0.14991842,-0.15389714,0.00397872,0.09902980
CP01-R0937,937,938,125,SUPERPLASTICIZER,0.29222460,0.28481239,0.00741221,0.07933939
CP01-R0937,937,938,125,COARSE_AGGREGATE,0.01808621,0.01778778,0.00029843,0.03177457
CP01-R0937,937,938,125,FINE_AGGREGATE,0.02019035,0.01983894,0.00035141,0.03283716
CP01-R0937,937,938,125,AGE,0.11422207,0.11440773,-0.00018566,-0.03421037
CP01-R0650,650,651,126,INTERCEPT,-23.33121358,-23.18403018,-0.14718341,-0.00553623
CP01-R0650,650,651,126,CEMENT,0.11980433,0.11966218,0.00014216,0.01674583
CP01-R0650,650,651,126,SLAG,0.10386581,0.10414773,-0.00028192,-0.02781421
CP01-R0650,650,651,126,FLY_ASH,0.08793432,0.08780394,0.00013038,0.01036141
CP01-R0650,650,651,126,WATER,-0.14991842,-0.14981423,-0.00010419,-0.00259331
CP01-R0650,650,651,126,SUPERPLASTICIZER,0.29222460,0.29008232,0.00214228,0.02293069
CP01-R0650,650,651,126,COARSE_AGGREGATE,0.01808621,0.01809571,-0.00000949,-0.00101081
CP01-R0650,650,651,126,FINE_AGGREGATE,0.02019035,0.02005070,0.00013965,0.01304972
CP01-R0650,650,651,126,AGE,0.11422207,0.11398149,0.00024058,0.04432907
CP01-R0014,14,15,127,INTERCEPT,-23.33121358,-23.65460043,0.32338685,0.01216403
CP01-R0014,14,15,127,CEMENT,0.11980433,0.12014010,-0.00033577,-0.03955304
CP01-R0014,14,15,127,SLAG,0.10386581,0.10398495,-0.00011915,-0.01175497
CP01-R0014,14,15,127,FLY_ASH,0.08793432,0.08838542,-0.00045109,-0.03584865
CP01-R0014,14,15,127,WATER,-0.14991842,-0.15096530,0.00104688,0.02605665
CP01-R0014,14,15,127,SUPERPLASTICIZER,0.29222460,0.28970580,0.00251879,0.02696084
CP01-R0014,14,15,127,COARSE_AGGREGATE,0.01808621,0.01823986,-0.00015364,-0.01635862
CP01-R0014,14,15,127,FINE_AGGREGATE,0.02019035,0.02049706,-0.00030670,-0.02865942
CP01-R0014,14,15,127,AGE,0.11422207,0.11418645,0.00003562,0.00656355
CP01-R0595,595,596,128,INTERCEPT,-23.33121358,-23.51130700,0.18009341,0.00677412
CP01-R0595,595,596,128,CEMENT,0.11980433,0.12017657,-0.00037224,-0.04384952
CP01-R0595,595,596,128,SLAG,0.10386581,0.10448873,-0.00062292,-0.06145729
CP01-R0595,595,596,128,FLY_ASH,0.08793432,0.08841068,-0.00047636,-0.03785608
CP01-R0595,595,596,128,WATER,-0.14991842,-0.15051742,0.00059900,0.01490911
CP01-R0595,595,596,128,SUPERPLASTICIZER,0.29222460,0.28481827,0.00740633,0.07927642
CP01-R0595,595,596,128,COARSE_AGGREGATE,0.01808621,0.01818958,-0.00010337,-0.01100566
CP01-R0595,595,596,128,FINE_AGGREGATE,0.02019035,0.02029491,-0.00010456,-0.00977054
CP01-R0595,595,596,128,AGE,0.11422207,0.11406923,0.00015284,0.02816233
CP01-R0182,182,183,129,INTERCEPT,-23.33121358,-23.24767256,-0.08354103,-0.00314235
CP01-R0182,182,183,129,CEMENT,0.11980433,0.11979241,0.00001192,0.00140416
CP01-R0182,182,183,129,SLAG,0.10386581,0.10375398,0.00011183,0.01103311
CP01-R0182,182,183,129,FLY_ASH,0.08793432,0.08826644,-0.00033212,-0.02639381
CP01-R0182,182,183,129,WATER,-0.14991842,-0.14982549,-0.00009293,-0.00231290
CP01-R0182,182,183,129,SUPERPLASTICIZER,0.29222460,0.28479077,0.00743383,0.07957078
CP01-R0182,182,183,129,COARSE_AGGREGATE,0.01808621,0.01797218,0.00011404,0.01214157
CP01-R0182,182,183,129,FINE_AGGREGATE,0.02019035,0.02025287,-0.00006252,-0.00584162
CP01-R0182,182,183,129,AGE,0.11422207,0.11399900,0.00022307,0.04110254
CP01-R0233,233,234,130,INTERCEPT,-23.33121358,-21.40506062,-1.92615297,-0.07245125
CP01-R0233,233,234,130,CEMENT,0.11980433,0.11962924,0.00017509,0.02062590
CP01-R0233,233,234,130,SLAG,0.10386581,0.10344439,0.00042142,0.04157773
CP01-R0233,233,234,130,FLY_ASH,0.08793432,0.08783583,0.00009850,0.00782744
CP01-R0233,233,234,130,WATER,-0.14991842,-0.15278616,0.00286774,0.07137756
CP01-R0233,233,234,130,SUPERPLASTICIZER,0.29222460,0.28469881,0.00752579,0.08055511
CP01-R0233,233,234,130,COARSE_AGGREGATE,0.01808621,0.01722406,0.00086215,0.09179421
CP01-R0233,233,234,130,FINE_AGGREGATE,0.02019035,0.01960714,0.00058321,0.05449703
CP01-R0233,233,234,130,AGE,0.11422207,0.11416793,0.00005414,0.00997542
CP01-R0134,134,135,131,INTERCEPT,-23.33121358,-23.38924842,0.05803483,0.00218295
CP01-R0134,134,135,131,CEMENT,0.11980433,0.11973455,0.00006979,0.00822069
CP01-R0134,134,135,131,SLAG,0.10386581,0.10348673,0.00037907,0.03739952
CP01-R0134,134,135,131,FLY_ASH,0.08793432,0.08803598,-0.00010166,-0.00807883
CP01-R0134,134,135,131,WATER,-0.14991842,-0.14839430,-0.00152412,-0.03793510
CP01-R0134,134,135,131,SUPERPLASTICIZER,0.29222460,0.29309079,-0.00086619,-0.00927163
CP01-R0134,134,135,131,COARSE_AGGREGATE,0.01808621,0.01795051,0.00013570,0.01444840
CP01-R0134,134,135,131,FINE_AGGREGATE,0.02019035,0.02010880,0.00008155,0.00762076
CP01-R0134,134,135,131,AGE,0.11422207,0.11415295,0.00006912,0.01273585
CP01-R0228,228,229,132,INTERCEPT,-23.33121358,-20.63975317,-2.69146042,-0.10123789
CP01-R0228,228,229,132,CEMENT,0.11980433,0.11917898,0.00062535,0.07366620
CP01-R0228,228,229,132,SLAG,0.10386581,0.10321513,0.00065068,0.06419655
CP01-R0228,228,229,132,FLY_ASH,0.08793432,0.08739680,0.00053752,0.04271677
CP01-R0228,228,229,132,WATER,-0.14991842,-0.15493457,0.00501615,0.12485114
CP01-R0228,228,229,132,SUPERPLASTICIZER,0.29222460,0.28423309,0.00799150,0.08554008
CP01-R0228,228,229,132,COARSE_AGGREGATE,0.01808621,0.01730618,0.00078004,0.08305145
CP01-R0228,228,229,132,FINE_AGGREGATE,0.02019035,0.01926332,0.00092703,0.08662459
CP01-R0228,228,229,132,AGE,0.11422207,0.11434140,-0.00011933,-0.02198764
CP01-R0176,176,177,133,INTERCEPT,-23.33121358,-22.43092174,-0.90029185,-0.03386401
CP01-R0176,176,177,133,CEMENT,0.11980433,0.11936199,0.00044235,0.05210799
CP01-R0176,176,177,133,SLAG,0.10386581,0.10318719,0.00067862,0.06695268
CP01-R0176,176,177,133,FLY_ASH,0.08793432,0.08760122,0.00033310,0.02647187
CP01-R0176,176,177,133,WATER,-0.14991842,-0.15037257,0.00045415,0.01130384
CP01-R0176,176,177,133,SUPERPLASTICIZER,0.29222460,0.29033595,0.00188865,0.02021585
CP01-R0176,176,177,133,COARSE_AGGREGATE,0.01808621,0.01775513,0.00033108,0.03525070
CP01-R0176,176,177,133,FINE_AGGREGATE,0.02019035,0.01980862,0.00038173,0.03567053
CP01-R0176,176,177,133,AGE,0.11422207,0.11391860,0.00030346,0.05591598
CP01-R0178,178,179,134,INTERCEPT,-23.33121358,-22.43092174,-0.90029185,-0.03386401
CP01-R0178,178,179,134,CEMENT,0.11980433,0.11936199,0.00044235,0.05210799
CP01-R0178,178,179,134,SLAG,0.10386581,0.10318719,0.00067862,0.06695268
CP01-R0178,178,179,134,FLY_ASH,0.08793432,0.08760122,0.00033310,0.02647187
CP01-R0178,178,179,134,WATER,-0.14991842,-0.15037257,0.00045415,0.01130384
CP01-R0178,178,179,134,SUPERPLASTICIZER,0.29222460,0.29033595,0.00188865,0.02021585
CP01-R0178,178,179,134,COARSE_AGGREGATE,0.01808621,0.01775513,0.00033108,0.03525070
CP01-R0178,178,179,134,FINE_AGGREGATE,0.02019035,0.01980862,0.00038173,0.03567053
CP01-R0178,178,179,134,AGE,0.11422207,0.11391860,0.00030346,0.05591598
CP01-R0180,180,181,135,INTERCEPT,-23.33121358,-22.43092174,-0.90029185,-0.03386401
CP01-R0180,180,181,135,CEMENT,0.11980433,0.11936199,0.00044235,0.05210799
CP01-R0180,180,181,135,SLAG,0.10386581,0.10318719,0.00067862,0.06695268
CP01-R0180,180,181,135,FLY_ASH,0.08793432,0.08760122,0.00033310,0.02647187
CP01-R0180,180,181,135,WATER,-0.14991842,-0.15037257,0.00045415,0.01130384
CP01-R0180,180,181,135,SUPERPLASTICIZER,0.29222460,0.29033595,0.00188865,0.02021585
CP01-R0180,180,181,135,COARSE_AGGREGATE,0.01808621,0.01775513,0.00033108,0.03525070
CP01-R0180,180,181,135,FINE_AGGREGATE,0.02019035,0.01980862,0.00038173,0.03567053
CP01-R0180,180,181,135,AGE,0.11422207,0.11391860,0.00030346,0.05591598
CP01-R0183,183,184,136,INTERCEPT,-23.33121358,-22.43092174,-0.90029185,-0.03386401
CP01-R0183,183,184,136,CEMENT,0.11980433,0.11936199,0.00044235,0.05210799
CP01-R0183,183,184,136,SLAG,0.10386581,0.10318719,0.00067862,0.06695268
CP01-R0183,183,184,136,FLY_ASH,0.08793432,0.08760122,0.00033310,0.02647187
CP01-R0183,183,184,136,WATER,-0.14991842,-0.15037257,0.00045415,0.01130384
CP01-R0183,183,184,136,SUPERPLASTICIZER,0.29222460,0.29033595,0.00188865,0.02021585
CP01-R0183,183,184,136,COARSE_AGGREGATE,0.01808621,0.01775513,0.00033108,0.03525070
CP01-R0183,183,184,136,FINE_AGGREGATE,0.02019035,0.01980862,0.00038173,0.03567053
CP01-R0183,183,184,136,AGE,0.11422207,0.11391860,0.00030346,0.05591598
CP01-R0076,76,77,137,INTERCEPT,-23.33121358,-24.61441170,1.28319812,0.04826683
CP01-R0076,76,77,137,CEMENT,0.11980433,0.12054076,-0.00073642,-0.08674998
CP01-R0076,76,77,137,SLAG,0.10386581,0.10452692,-0.00066111,-0.06522559
CP01-R0076,76,77,137,FLY_ASH,0.08793432,0.08858657,-0.00065225,-0.05183418
CP01-R0076,76,77,137,WATER,-0.14991842,-0.14816522,-0.00175320,-0.04363678
CP01-R0076,76,77,137,SUPERPLASTICIZER,0.29222460,0.29177510,0.00044949,0.00481132
CP01-R0076,76,77,137,COARSE_AGGREGATE,0.01808621,0.01830585,-0.00021964,-0.02338498
CP01-R0076,76,77,137,FINE_AGGREGATE,0.02019035,0.02081729,-0.00062694,-0.05858354
CP01-R0076,76,77,137,AGE,0.11422207,0.11405822,0.00016385,0.03019117
CP01-R0646,646,647,138,INTERCEPT,-23.33121358,-23.24705786,-0.08415572,-0.00316547
CP01-R0646,646,647,138,CEMENT,0.11980433,0.11984895,-0.00004462,-0.00525570
CP01-R0646,646,647,138,SLAG,0.10386581,0.10431226,-0.00044645,-0.04404659
CP01-R0646,646,647,138,FLY_ASH,0.08793432,0.08807818,-0.00014386,-0.01143244
CP01-R0646,646,647,138,WATER,-0.14991842,-0.15002893,0.00011051,0.00275064
CP01-R0646,646,647,138,SUPERPLASTICIZER,0.29222460,0.28886146,0.00336313,0.03599854
CP01-R0646,646,647,138,COARSE_AGGREGATE,0.01808621,0.01811434,-0.00002813,-0.00299482
CP01-R0646,646,647,138,FINE_AGGREGATE,0.02019035,0.02005715,0.00013320,0.01244674
CP01-R0646,646,647,138,AGE,0.11422207,0.11405833,0.00016374,0.03017074
CP01-R0395,395,396,139,INTERCEPT,-23.33121358,-24.10260123,0.77138765,0.02901535
CP01-R0395,395,396,139,CEMENT,0.11980433,0.11987840,-0.00007407,-0.00872533
CP01-R0395,395,396,139,SLAG,0.10386581,0.10420060,-0.00033479,-0.03303033
CP01-R0395,395,396,139,FLY_ASH,0.08793432,0.08832594,-0.00039162,-0.03112195
CP01-R0395,395,396,139,WATER,-0.14991842,-0.14815981,-0.00175861,-0.04377155
CP01-R0395,395,396,139,SUPERPLASTICIZER,0.29222460,0.29604084,-0.00381624,-0.04084859
CP01-R0395,395,396,139,COARSE_AGGREGATE,0.01808621,0.01807720,0.00000901,0.00095942
CP01-R0395,395,396,139,FINE_AGGREGATE,0.02019035,0.02064117,-0.00045082,-0.04212605
CP01-R0395,395,396,139,AGE,0.11422207,0.11435605,-0.00013398,-0.02468741
CP01-R0234,234,235,140,INTERCEPT,-23.33121358,-21.53740138,-1.79381220,-0.06747332
CP01-R0234,234,235,140,CEMENT,0.11980433,0.11962506,0.00017927,0.02111832
CP01-R0234,234,235,140,SLAG,0.10386581,0.10343919,0.00042661,0.04208983
CP01-R0234,234,235,140,FLY_ASH,0.08793432,0.08778592,0.00014840,0.01179358
CP01-R0234,234,235,140,WATER,-0.14991842,-0.15242137,0.00250295,0.06229811
CP01-R0234,234,235,140,SUPERPLASTICIZER,0.29222460,0.28553877,0.00668583,0.07156430
CP01-R0234,234,235,140,COARSE_AGGREGATE,0.01808621,0.01728800,0.00079821,0.08498667
CP01-R0234,234,235,140,FINE_AGGREGATE,0.02019035,0.01962581,0.00056454,0.05275267
CP01-R0234,234,235,140,AGE,0.11422207,0.11395657,0.00026549,0.04891951
CP01-R0464,464,465,141,INTERCEPT,-23.33121358,-23.06025195,-0.27096164,-0.01019208
CP01-R0464,464,465,141,CEMENT,0.11980433,0.11960811,0.00019623,0.02311555
CP01-R0464,464,465,141,SLAG,0.10386581,0.10349789,0.00036792,0.03629876
CP01-R0464,464,465,141,FLY_ASH,0.08793432,0.08705608,0.00087824,0.06979378
CP01-R0464,464,465,141,WATER,-0.14991842,-0.14918694,-0.00073148,-0.01820648
CP01-R0464,464,465,141,SUPERPLASTICIZER,0.29222460,0.29739767,-0.00517307,-0.05537196
CP01-R0464,464,465,141,COARSE_AGGREGATE,0.01808621,0.01795175,0.00013446,0.01431637
CP01-R0464,464,465,141,FINE_AGGREGATE,0.02019035,0.01996568,0.00022467,0.02099418
CP01-R0464,464,465,141,AGE,0.11422207,0.11386539,0.00035668,0.06572174
CP01-R0836,836,837,142,INTERCEPT,-23.33121358,-21.65999773,-1.67121585,-0.06286192
CP01-R0836,836,837,142,CEMENT,0.11980433,0.11906702,0.00073732,0.08685525
CP01-R0836,836,837,142,SLAG,0.10386581,0.10303659,0.00082922,0.08181078
CP01-R0836,836,837,142,FLY_ASH,0.08793432,0.08720518,0.00072914,0.05794491
CP01-R0836,836,837,142,WATER,-0.14991842,-0.15169702,0.00177860,0.04426912
CP01-R0836,836,837,142,SUPERPLASTICIZER,0.29222460,0.29692931,-0.00470471,-0.05035868
CP01-R0836,836,837,142,COARSE_AGGREGATE,0.01808621,0.01753235,0.00055386,0.05897016
CP01-R0836,836,837,142,FINE_AGGREGATE,0.02019035,0.01952087,0.00066948,0.06255858
CP01-R0836,836,837,142,AGE,0.11422207,0.11422031,0.00000176,0.00032366
CP01-R0404,404,405,143,INTERCEPT,-23.33121358,-25.59674197,2.26552839,0.08521668
CP01-R0404,404,405,143,CEMENT,0.11980433,0.12042306,-0.00061872,-0.07288518
CP01-R0404,404,405,143,SLAG,0.10386581,0.10457776,-0.00071195,-0.07024108
CP01-R0404,404,405,143,FLY_ASH,0.08793432,0.08902410,-0.00108978,-0.08660498
CP01-R0404,404,405,143,WATER,-0.14991842,-0.14642623,-0.00349218,-0.08691992
CP01-R0404,404,405,143,SUPERPLASTICIZER,0.29222460,0.29228973,-0.00006513,-0.00069719
CP01-R0404,404,405,143,COARSE_AGGREGATE,0.01808621,0.01859802,-0.00051181,-0.05449278
CP01-R0404,404,405,143,FINE_AGGREGATE,0.02019035,0.02126495,-0.00107460,-0.10041383
CP01-R0404,404,405,143,AGE,0.11422207,0.11429657,-0.00007450,-0.01372723
CP01-R0028,28,29,144,INTERCEPT,-23.33121358,-24.21957427,0.88836068,0.03341523
CP01-R0028,28,29,144,CEMENT,0.11980433,0.12013685,-0.00033251,-0.03916988
CP01-R0028,28,29,144,SLAG,0.10386581,0.10440557,-0.00053976,-0.05325299
CP01-R0028,28,29,144,FLY_ASH,0.08793432,0.08853634,-0.00060202,-0.04784284
CP01-R0028,28,29,144,WATER,-0.14991842,-0.14994195,0.00002353,0.00058569
CP01-R0028,28,29,144,SUPERPLASTICIZER,0.29222460,0.29038183,0.00184277,0.01972478
CP01-R0028,28,29,144,COARSE_AGGREGATE,0.01808621,0.01845286,-0.00036665,-0.03903755
CP01-R0028,28,29,144,FINE_AGGREGATE,0.02019035,0.02068390,-0.00049354,-0.04611840
CP01-R0028,28,29,144,AGE,0.11422207,0.11391642,0.00030565,0.05631899
CP01-R0364,364,365,145,INTERCEPT,-23.33121358,-23.90220531,0.57099173,0.02147756
CP01-R0364,364,365,145,CEMENT,0.11980433,0.11997160,-0.00016726,-0.01970333
CP01-R0364,364,365,145,SLAG,0.10386581,0.10392216,-0.00005635,-0.00555982
CP01-R0364,364,365,145,FLY_ASH,0.08793432,0.08788775,0.00004657,0.00370081
CP01-R0364,364,365,145,WATER,-0.14991842,-0.14777018,-0.00214824,-0.05346930
CP01-R0364,364,365,145,SUPERPLASTICIZER,0.29222460,0.29330838,-0.00108378,-0.01160070
CP01-R0364,364,365,145,COARSE_AGGREGATE,0.01808621,0.01804774,0.00003848,0.00409694
CP01-R0364,364,365,145,FINE_AGGREGATE,0.02019035,0.02040373,-0.00021338,-0.01993854
CP01-R0364,364,365,145,AGE,0.11422207,0.11385674,0.00036533,0.06731526
CP01-R0755,755,756,146,INTERCEPT,-23.33121358,-23.45741060,0.12619701,0.00474684
CP01-R0755,755,756,146,CEMENT,0.11980433,0.11950488,0.00029946,0.03527577
CP01-R0755,755,756,146,SLAG,0.10386581,0.10379881,0.00006700,0.00660985
CP01-R0755,755,756,146,FLY_ASH,0.08793432,0.08776089,0.00017344,0.01378302
CP01-R0755,755,756,146,WATER,-0.14991842,-0.14882642,-0.00109199,-0.02717957
CP01-R0755,755,756,146,SUPERPLASTICIZER,0.29222460,0.29657911,-0.00435451,-0.04661018
CP01-R0755,755,756,146,COARSE_AGGREGATE,0.01808621,0.01792093,0.00016528,0.01759761
CP01-R0755,755,756,146,FINE_AGGREGATE,0.02019035,0.02038900,-0.00019865,-0.01856212
CP01-R0755,755,756,146,AGE,0.11422207,0.11412400,0.00009807,0.01807009
CP01-R0402,402,403,147,INTERCEPT,-23.33121358,-25.72550635,2.39429277,0.09006009
CP01-R0402,402,403,147,CEMENT,0.11980433,0.12040319,-0.00059886,-0.07054510
CP01-R0402,402,403,147,SLAG,0.10386581,0.10481992,-0.00095411,-0.09413276
CP01-R0402,402,403,147,FLY_ASH,0.08793432,0.08909452,-0.00116020,-0.09220106
CP01-R0402,402,403,147,WATER,-0.14991842,-0.14658677,-0.00333165,-0.08292427
CP01-R0402,402,403,147,SUPERPLASTICIZER,0.29222460,0.29190770,0.00031690,0.00339205
CP01-R0402,402,403,147,COARSE_AGGREGATE,0.01808621,0.01872093,-0.00063471,-0.06757859
CP01-R0402,402,403,147,FINE_AGGREGATE,0.02019035,0.02129717,-0.00110682,-0.10342510
CP01-R0402,402,403,147,AGE,0.11422207,0.11433128,-0.00010922,-0.02012414
CP01-R0670,670,671,148,INTERCEPT,-23.33121358,-22.41802936,-0.91318422,-0.03434895
CP01-R0670,670,671,148,CEMENT,0.11980433,0.11978644,0.00001790,0.00210824
CP01-R0670,670,671,148,SLAG,0.10386581,0.10402129,-0.00015549,-0.01534024
CP01-R0670,670,671,148,FLY_ASH,0.08793432,0.08787474,0.00005958,0.00473506
CP01-R0670,670,671,148,WATER,-0.14991842,-0.15152424,0.00160582,0.03996865
CP01-R0670,670,671,148,SUPERPLASTICIZER,0.29222460,0.28467203,0.00755256,0.08084171
CP01-R0670,670,671,148,COARSE_AGGREGATE,0.01808621,0.01772986,0.00035636,0.03794180
CP01-R0670,670,671,148,FINE_AGGREGATE,0.02019035,0.01992728,0.00026307,0.02458219
CP01-R0670,670,671,148,AGE,0.11422207,0.11399698,0.00022509,0.04147493
CP01-R0741,741,742,149,INTERCEPT,-23.33121358,-26.07915957,2.74794599,0.10336257
CP01-R0741,741,742,149,CEMENT,0.11980433,0.12067290,-0.00086857,-0.10231641
CP01-R0741,741,742,149,SLAG,0.10386581,0.10501078,-0.00114497,-0.11296308
CP01-R0741,741,742,149,FLY_ASH,0.08793432,0.08929848,-0.00136415,-0.10840977
CP01-R0741,741,742,149,WATER,-0.14991842,-0.14637750,-0.00354092,-0.08813281
CP01-R0741,741,742,149,SUPERPLASTICIZER,0.29222460,0.29485148,-0.00262688,-0.02811782
CP01-R0741,741,742,149,COARSE_AGGREGATE,0.01808621,0.01889349,-0.00080728,-0.08595133
CP01-R0741,741,742,149,FINE_AGGREGATE,0.02019035,0.02132581,-0.00113546,-0.10610117
CP01-R0741,741,742,149,AGE,0.11422207,0.11444639,-0.00022432,-0.04133322
CP01-R0993,993,994,150,INTERCEPT,-23.33121358,-21.71031973,-1.62089385,-0.06096908
CP01-R0993,993,994,150,CEMENT,0.11980433,0.11908443,0.00071990,0.08480379
CP01-R0993,993,994,150,SLAG,0.10386581,0.10305670,0.00080911,0.07982671
CP01-R0993,993,994,150,FLY_ASH,0.08793432,0.08722682,0.00070750,0.05622518
CP01-R0993,993,994,150,WATER,-0.14991842,-0.15162979,0.00171137,0.04259579
CP01-R0993,993,994,150,SUPERPLASTICIZER,0.29222460,0.29686683,-0.00464224,-0.04968995
CP01-R0993,993,994,150,COARSE_AGGREGATE,0.01808621,0.01754744,0.00053878,0.05736400
CP01-R0993,993,994,150,FINE_AGGREGATE,0.02019035,0.01954174,0.00064861,0.06060799
CP01-R0993,993,994,150,AGE,0.11422207,0.11421992,0.00000215,0.00039630
CP01-R0152,152,153,151,INTERCEPT,-23.33121358,-23.33327026,0.00205668,0.00007736
CP01-R0152,152,153,151,CEMENT,0.11980433,0.11955578,0.00024855,0.02927919
CP01-R0152,152,153,151,SLAG,0.10386581,0.10363994,0.00022587,0.02228394
CP01-R0152,152,153,151,FLY_ASH,0.08793432,0.08795263,-0.00001831,-0.00145522
CP01-R0152,152,153,151,WATER,-0.14991842,-0.14863158,-0.00128684,-0.03202916
CP01-R0152,152,153,151,SUPERPLASTICIZER,0.29222460,0.29370956,-0.00148497,-0.01589493
CP01-R0152,152,153,151,COARSE_AGGREGATE,0.01808621,0.01810238,-0.00001617,-0.00172142
CP01-R0152,152,153,151,FINE_AGGREGATE,0.02019035,0.01995722,0.00023313,0.02178407
CP01-R0152,152,153,151,AGE,0.11422207,0.11406182,0.00016025,0.02952690
CP01-R0149,149,150,152,INTERCEPT,-23.33121358,-23.38774545,0.05653186,0.00212642
CP01-R0149,149,150,152,CEMENT,0.11980433,0.11978846,0.00001588,0.00187030
CP01-R0149,149,150,152,SLAG,0.10386581,0.10362232,0.00024348,0.02402222
CP01-R0149,149,150,152,FLY_ASH,0.08793432,0.08746417,0.00047015,0.03736282
CP01-R0149,149,150,152,WATER,-0.14991842,-0.14942366,-0.00049476,-0.01231450
CP01-R0149,149,150,152,SUPERPLASTICIZER,0.29222460,0.30043180,-0.00820721,-0.08784898
CP01-R0149,149,150,152,COARSE_AGGREGATE,0.01808621,0.01803429,0.00005193,0.00552898
CP01-R0149,149,150,152,FINE_AGGREGATE,0.02019035,0.02021693,-0.00002658,-0.00248368
CP01-R0149,149,150,152,AGE,0.11422207,0.11426577,-0.00004370,-0.00805192
CP01-R0354,354,355,153,INTERCEPT,-23.33121358,-23.51604138,0.18482780,0.00695220
CP01-R0354,354,355,153,CEMENT,0.11980433,0.11987109,-0.00006676,-0.00786380
CP01-R0354,354,355,153,SLAG,0.10386581,0.10392035,-0.00005454,-0.00538065
CP01-R0354,354,355,153,FLY_ASH,0.08793432,0.08758439,0.00034993,0.02780941
CP01-R0354,354,355,153,WATER,-0.14991842,-0.14888299,-0.00103543,-0.02577174
CP01-R0354,354,355,153,SUPERPLASTICIZER,0.29222460,0.29221493,0.00000966,0.00010341
CP01-R0354,354,355,153,COARSE_AGGREGATE,0.01808621,0.01798520,0.00010102,0.01075554
CP01-R0354,354,355,153,FINE_AGGREGATE,0.02019035,0.02030902,-0.00011867,-0.01108884
CP01-R0354,354,355,153,AGE,0.11422207,0.11388224,0.00033982,0.06261552
CP01-R0329,329,330,154,INTERCEPT,-23.33121358,-23.95341477,0.62220118,0.02340378
CP01-R0329,329,330,154,CEMENT,0.11980433,0.12008265,-0.00027831,-0.03278517
CP01-R0329,329,330,154,SLAG,0.10386581,0.10420777,-0.00034196,-0.03373794
CP01-R0329,329,330,154,FLY_ASH,0.08793432,0.08824419,-0.00030987,-0.02462564
CP01-R0329,329,330,154,WATER,-0.14991842,-0.14835595,-0.00156247,-0.03888963
CP01-R0329,329,330,154,SUPERPLASTICIZER,0.29222460,0.29006798,0.00215661,0.02308410
CP01-R0329,329,330,154,COARSE_AGGREGATE,0.01808621,0.01824971,-0.00016350,-0.01740752
CP01-R0329,329,330,154,FINE_AGGREGATE,0.02019035,0.02028447,-0.00009412,-0.00879482
CP01-R0329,329,330,154,AGE,0.11422207,0.11387471,0.00034736,0.06400446
CP01-R0232,232,233,155,INTERCEPT,-23.33121358,-21.61765622,-1.71355737,-0.06445458
CP01-R0232,232,233,155,CEMENT,0.11980433,0.11965889,0.00014544,0.01713274
CP01-R0232,232,233,155,SLAG,0.10386581,0.10351265,0.00035316,0.03484235
CP01-R0232,232,233,155,FLY_ASH,0.08793432,0.08788281,0.00005152,0.00409396
CP01-R0232,232,233,155,WATER,-0.14991842,-0.15257651,0.00265809,0.06615954
CP01-R0232,232,233,155,SUPERPLASTICIZER,0.29222460,0.28532374,0.00690086,0.07386592
CP01-R0232,232,233,155,COARSE_AGGREGATE,0.01808621,0.01731622,0.00076999,0.08198153
CP01-R0232,232,233,155,FINE_AGGREGATE,0.02019035,0.01968515,0.00050520,0.04720779
CP01-R0232,232,233,155,AGE,0.11422207,0.11431093,-0.00008887,-0.01637420
CP01-R0512,512,513,156,INTERCEPT,-23.33121358,-24.16610368,0.83489009,0.03140396
CP01-R0512,512,513,156,CEMENT,0.11980433,0.11961986,0.00018447,0.02173092
CP01-R0512,512,513,156,SLAG,0.10386581,0.10390293,-0.00003712,-0.00366272
CP01-R0512,512,513,156,FLY_ASH,0.08793432,0.08750650,0.00042783,0.03399940
CP01-R0512,512,513,156,WATER,-0.14991842,-0.14855672,-0.00136170,-0.03389244
CP01-R0512,512,513,156,SUPERPLASTICIZER,0.29222460,0.29770734,-0.00548274,-0.05868659
CP01-R0512,512,513,156,COARSE_AGGREGATE,0.01808621,0.01857819,-0.00049198,-0.05238155
CP01-R0512,512,513,156,FINE_AGGREGATE,0.02019035,0.02036894,-0.00017859,-0.01668823
CP01-R0512,512,513,156,AGE,0.11422207,0.11416082,0.00006125,0.01128545
CP01-R0090,90,91,157,INTERCEPT,-23.33121358,-24.68952886,1.35831527,0.05109233
CP01-R0090,90,91,157,CEMENT,0.11980433,0.12041674,-0.00061241,-0.07214126
CP01-R0090,90,91,157,SLAG,0.10386581,0.10452341,-0.00065760,-0.06487873
CP01-R0090,90,91,157,FLY_ASH,0.08793432,0.08844234,-0.00050802,-0.04037275
CP01-R0090,90,91,157,WATER,-0.14991842,-0.14767310,-0.00224532,-0.05588557
CP01-R0090,90,91,157,SUPERPLASTICIZER,0.29222460,0.29550129,-0.00327670,-0.03507337
CP01-R0090,90,91,157,COARSE_AGGREGATE,0.01808621,0.01844605,-0.00035983,-0.03831183
CP01-R0090,90,91,157,FINE_AGGREGATE,0.02019035,0.02064779,-0.00045744,-0.04274423
CP01-R0090,90,91,157,AGE,0.11422207,0.11404887,0.00017320,0.03191382
CP01-R0098,98,99,158,INTERCEPT,-23.33121358,-23.25638060,-0.07483298,-0.00281480
CP01-R0098,98,99,158,CEMENT,0.11980433,0.11976768,0.00003666,0.00431843
CP01-R0098,98,99,158,SLAG,0.10386581,0.10379962,0.00006619,0.00653046
CP01-R0098,98,99,158,FLY_ASH,0.08793432,0.08754434,0.00038999,0.03099230
CP01-R0098,98,99,158,WATER,-0.14991842,-0.15033998,0.00042156,0.01049265
CP01-R0098,98,99,158,SUPERPLASTICIZER,0.29222460,0.29660970,-0.00438510,-0.04693763
CP01-R0098,98,99,158,COARSE_AGGREGATE,0.01808621,0.01796534,0.00012087,0.01286961
CP01-R0098,98,99,158,FINE_AGGREGATE,0.02019035,0.02036878,-0.00017843,-0.01667309
CP01-R0098,98,99,158,AGE,0.11422207,0.11422296,-0.00000089,-0.00016406
CP01-R0025,25,26,159,INTERCEPT,-23.33121358,-22.82682859,-0.50438499,-0.01897218
CP01-R0025,25,26,159,CEMENT,0.11980433,0.11964354,0.00016079,0.01894103
CP01-R0025,25,26,159,SLAG,0.10386581,0.10357364,0.00029217,0.02882588
CP01-R0025,25,26,159,FLY_ASH,0.08793432,0.08765948,0.00027484,0.02184194
CP01-R0025,25,26,159,WATER,-0.14991842,-0.15017119,0.00025278,0.00629155
CP01-R0025,25,26,159,SUPERPLASTICIZER,0.29222460,0.29302153,-0.00079693,-0.00853028
CP01-R0025,25,26,159,COARSE_AGGREGATE,0.01808621,0.01787568,0.00021053,0.02241547
CP01-R0025,25,26,159,FINE_AGGREGATE,0.02019035,0.01993870,0.00025165,0.02351543
CP01-R0025,25,26,159,AGE,0.11422207,0.11477676,-0.00055469,-0.10220741
CP01-R0816,816,817,160,INTERCEPT,-23.33121358,-24.40958333,1.07836975,0.04056232
CP01-R0816,816,817,160,CEMENT,0.11980433,0.12033212,-0.00052779,-0.06217278
CP01-R0816,816,817,160,SLAG,0.10386581,0.10419740,-0.00033159,-0.03271514
CP01-R0816,816,817,160,FLY_ASH,0.08793432,0.08838071,-0.00044638,-0.03547433
CP01-R0816,816,817,160,WATER,-0.14991842,-0.14864032,-0.00127810,-0.03181175
CP01-R0816,816,817,160,SUPERPLASTICIZER,0.29222460,0.29141666,0.00080793,0.00864803
CP01-R0816,816,817,160,COARSE_AGGREGATE,0.01808621,0.01861683,-0.00053062,-0.05649530
CP01-R0816,816,817,160,FINE_AGGREGATE,0.02019035,0.02039302,-0.00020267,-0.01893800
CP01-R0816,816,817,160,AGE,0.11422207,0.11403708,0.00018499,0.03408622
CP01-R0575,575,576,161,INTERCEPT,-23.33121358,-24.19243063,0.86121704,0.03239423
CP01-R0575,575,576,161,CEMENT,0.11980433,0.11986742,-0.00006309,-0.00743195
CP01-R0575,575,576,161,SLAG,0.10386581,0.10433634,-0.00047053,-0.04642283
CP01-R0575,575,576,161,FLY_ASH,0.08793432,0.08805410,-0.00011978,-0.00951865
CP01-R0575,575,576,161,WATER,-0.14991842,-0.14914484,-0.00077358,-0.01925433
CP01-R0575,575,576,161,SUPERPLASTICIZER,0.29222460,0.29120354,0.00102105,0.01092922
CP01-R0575,575,576,161,COARSE_AGGREGATE,0.01808621,0.01855659,-0.00047037,-0.05008085
CP01-R0575,575,576,161,FINE_AGGREGATE,0.02019035,0.02048806,-0.00029770,-0.02781850
CP01-R0575,575,576,161,AGE,0.11422207,0.11409438,0.00012769,0.02352825
CP01-R0137,137,138,162,INTERCEPT,-23.33121358,-23.29988147,-0.03133212,-0.00117854
CP01-R0137,137,138,162,CEMENT,0.11980433,0.11981230,-0.00000797,-0.00093886
CP01-R0137,137,138,162,SLAG,0.10386581,0.10380360,0.00006220,0.00613713
CP01-R0137,137,138,162,FLY_ASH,0.08793432,0.08829582,-0.00036150,-0.02872854
CP01-R0137,137,138,162,WATER,-0.14991842,-0.14991736,-0.00000106,-0.00002643
CP01-R0137,137,138,162,SUPERPLASTICIZER,0.29222460,0.28523005,0.00699455,0.07486878
CP01-R0137,137,138,162,COARSE_AGGREGATE,0.01808621,0.01799697,0.00008925,0.00950207
CP01-R0137,137,138,162,FINE_AGGREGATE,0.02019035,0.02028169,-0.00009134,-0.00853492
CP01-R0137,137,138,162,AGE,0.11422207,0.11421358,0.00000848,0.00156329
CP01-R0059,59,60,163,INTERCEPT,-23.33121358,-24.01476116,0.68354757,0.02571129
CP01-R0059,59,60,163,CEMENT,0.11980433,0.12010201,-0.00029767,-0.03506580
CP01-R0059,59,60,163,SLAG,0.10386581,0.10426029,-0.00039448,-0.03891958
CP01-R0059,59,60,163,FLY_ASH,0.08793432,0.08843402,-0.00049970,-0.03971150
CP01-R0059,59,60,163,WATER,-0.14991842,-0.15010779,0.00018937,0.00471344
CP01-R0059,59,60,163,SUPERPLASTICIZER,0.29222460,0.29044872,0.00177587,0.01900872
CP01-R0059,59,60,163,COARSE_AGGREGATE,0.01808621,0.01837344,-0.00028723,-0.03058156
CP01-R0059,59,60,163,FINE_AGGREGATE,0.02019035,0.02059201,-0.00040166,-0.03753229
CP01-R0059,59,60,163,AGE,0.11422207,0.11391367,0.00030840,0.05682571
CP01-R0530,530,531,164,INTERCEPT,-23.33121358,-23.03509439,-0.29611920,-0.01113837
CP01-R0530,530,531,164,CEMENT,0.11980433,0.11935334,0.00045099,0.05312668
CP01-R0530,530,531,164,SLAG,0.10386581,0.10349915,0.00036666,0.03617497
CP01-R0530,530,531,164,FLY_ASH,0.08793432,0.08707317,0.00086115,0.06843622
CP01-R0530,530,531,164,WATER,-0.14991842,-0.14925490,-0.00066352,-0.01651485
CP01-R0530,530,531,164,SUPERPLASTICIZER,0.29222460,0.29661593,-0.00439134,-0.04700435
CP01-R0530,530,531,164,COARSE_AGGREGATE,0.01808621,0.01804497,0.00004124,0.00439131
CP01-R0530,530,531,164,FINE_AGGREGATE,0.02019035,0.01991882,0.00027153,0.02537310
CP01-R0530,530,531,164,AGE,0.11422207,0.11405215,0.00016992,0.03130904
CP01-R0465,465,466,165,INTERCEPT,-23.33121358,-23.44854498,0.11733140,0.00441336
CP01-R0465,465,466,165,CEMENT,0.11980433,0.11976400,0.00004034,0.00475147
CP01-R0465,465,466,165,SLAG,0.10386581,0.10363873,0.00022708,0.02240412
CP01-R0465,465,466,165,FLY_ASH,0.08793432,0.08732178,0.00061254,0.04867912
CP01-R0465,465,466,165,WATER,-0.14991842,-0.14881956,-0.00109886,-0.02735049
CP01-R0465,465,466,165,SUPERPLASTICIZER,0.29222460,0.29604075,-0.00381616,-0.04084771
CP01-R0465,465,466,165,COARSE_AGGREGATE,0.01808621,0.01805163,0.00003459,0.00368248
CP01-R0465,465,466,165,FINE_AGGREGATE,0.02019035,0.02017752,0.00001283,0.00119891
CP01-R0465,465,466,165,AGE,0.11422207,0.11388568,0.00033639,0.06198343
CP01-R0175,175,176,166,INTERCEPT,-23.33121358,-23.29976988,-0.03144370,-0.00118274
CP01-R0175,175,176,166,CEMENT,0.11980433,0.11957378,0.00023056,0.02715954
CP01-R0175,175,176,166,SLAG,0.10386581,0.10363893,0.00022687,0.02238344
CP01-R0175,175,176,166,FLY_ASH,0.08793432,0.08791113,0.00002319,0.00184282
CP01-R0175,175,176,166,WATER,-0.14991842,-0.14873446,-0.00118396,-0.02946852
CP01-R0175,175,176,166,SUPERPLASTICIZER,0.29222460,0.29360356,-0.00137896,-0.01476024
CP01-R0175,175,176,166,COARSE_AGGREGATE,0.01808621,0.01808855,-0.00000233,-0.00024856
CP01-R0175,175,176,166,FINE_AGGREGATE,0.02019035,0.01996277,0.00022758,0.02126552
CP01-R0175,175,176,166,AGE,0.11422207,0.11393918,0.00028289,0.05212548
CP01-R0452,452,453,167,INTERCEPT,-23.33121358,-23.50759802,0.17638444,0.00663461
CP01-R0452,452,453,167,CEMENT,0.11980433,0.11977843,0.00002590,0.00305155
CP01-R0452,452,453,167,SLAG,0.10386581,0.10365441,0.00021139,0.02085622
CP01-R0452,452,453,167,FLY_ASH,0.08793432,0.08730704,0.00062728,0.04985009
CP01-R0452,452,453,167,WATER,-0.14991842,-0.14878090,-0.00113752,-0.02831258
CP01-R0452,452,453,167,SUPERPLASTICIZER,0.29222460,0.29635397,-0.00412937,-0.04420032
CP01-R0452,452,453,167,COARSE_AGGREGATE,0.01808621,0.01806399,0.00002223,0.00236643
CP01-R0452,452,453,167,FINE_AGGREGATE,0.02019035,0.02020950,-0.00001915,-0.00178919
CP01-R0452,452,453,167,AGE,0.11422207,0.11404542,0.00017665,0.03254959
CP01-R0508,508,509,168,INTERCEPT,-23.33121358,-24.15591748,0.82470390,0.03102081
CP01-R0508,508,509,168,CEMENT,0.11980433,0.11963539,0.00016894,0.01990099
CP01-R0508,508,509,168,SLAG,0.10386581,0.10392035,-0.00005455,-0.00538144
CP01-R0508,508,509,168,FLY_ASH,0.08793432,0.08754713,0.00038720,0.03077055
CP01-R0508,508,509,168,WATER,-0.14991842,-0.14864618,-0.00127223,-0.03166571
CP01-R0508,508,509,168,SUPERPLASTICIZER,0.29222460,0.29745025,-0.00522565,-0.05593473
CP01-R0508,508,509,168,COARSE_AGGREGATE,0.01808621,0.01856727,-0.00048105,-0.05121803
CP01-R0508,508,509,168,FINE_AGGREGATE,0.02019035,0.02037754,-0.00018719,-0.01749161
CP01-R0508,508,509,168,AGE,0.11422207,0.11425328,-0.00003121,-0.00575058
CP01-R0102,102,103,169,INTERCEPT,-23.33121358,-24.05479922,0.72358563,0.02721730
CP01-R0102,102,103,169,CEMENT,0.11980433,0.12017901,-0.00037468,-0.04413696
CP01-R0102,102,103,169,SLAG,0.10386581,0.10422797,-0.00036216,-0.03573043
CP01-R0102,102,103,169,FLY_ASH,0.08793432,0.08814373,-0.00020941,-0.01664189
CP01-R0102,102,103,169,WATER,-0.14991842,-0.14936219,-0.00055622,-0.01384435
CP01-R0102,102,103,169,SUPERPLASTICIZER,0.29222460,0.29231224,-0.00008765,-0.00093819
CP01-R0102,102,103,169,COARSE_AGGREGATE,0.01808621,0.01813472,-0.00004850,-0.00516402
CP01-R0102,102,103,169,FINE_AGGREGATE,0.02019035,0.02076809,-0.00057774,-0.05398619
CP01-R0102,102,103,169,AGE,0.11422207,0.11416475,0.00005732,0.01056142
CP01-R0541,541,542,170,INTERCEPT,-23.33121358,-21.81199924,-1.51921435,-0.05714446
CP01-R0541,541,542,170,CEMENT,0.11980433,0.11966949,0.00013484,0.01588445
CP01-R0541,541,542,170,SLAG,0.10386581,0.10335789,0.00050792,0.05011160
CP01-R0541,541,542,170,FLY_ASH,0.08793432,0.08748939,0.00044493,0.03535911
CP01-R0541,541,542,170,WATER,-0.14991842,-0.15193944,0.00202103,0.05030300
CP01-R0541,541,542,170,SUPERPLASTICIZER,0.29222460,0.28687182,0.00535278,0.05729550
CP01-R0541,541,542,170,COARSE_AGGREGATE,0.01808621,0.01751203,0.00057418,0.06113379
CP01-R0541,541,542,170,FINE_AGGREGATE,0.02019035,0.01962461,0.00056575,0.05286507
CP01-R0541,541,542,170,AGE,0.11422207,0.11398530,0.00023677,0.04362739
CP01-R0130,130,131,171,INTERCEPT,-23.33121358,-22.54117497,-0.79003861,-0.02971689
CP01-R0130,130,131,171,CEMENT,0.11980433,0.11941074,0.00039360,0.04636561
CP01-R0130,130,131,171,SLAG,0.10386581,0.10328031,0.00058550,0.05776545
CP01-R0130,130,131,171,FLY_ASH,0.08793432,0.08769818,0.00023614,0.01876592
CP01-R0130,130,131,171,WATER,-0.14991842,-0.15048040,0.00056198,0.01398767
CP01-R0130,130,131,171,SUPERPLASTICIZER,0.29222460,0.29024671,0.00197789,0.02117105
CP01-R0130,130,131,171,COARSE_AGGREGATE,0.01808621,0.01779473,0.00029149,0.03103479
CP01-R0130,130,131,171,FINE_AGGREGATE,0.02019035,0.01987652,0.00031383,0.02932513
CP01-R0130,130,131,171,AGE,0.11422207,0.11423156,-0.00000950,-0.00174970
CP01-R0133,133,134,172,INTERCEPT,-23.33121358,-22.54117497,-0.79003861,-0.02971689
CP01-R0133,133,134,172,CEMENT,0.11980433,0.11941074,0.00039360,0.04636561
CP01-R0133,133,134,172,SLAG,0.10386581,0.10328031,0.00058550,0.05776545
CP01-R0133,133,134,172,FLY_ASH,0.08793432,0.08769818,0.00023614,0.01876592
CP01-R0133,133,134,172,WATER,-0.14991842,-0.15048040,0.00056198,0.01398767
CP01-R0133,133,134,172,SUPERPLASTICIZER,0.29222460,0.29024671,0.00197789,0.02117105
CP01-R0133,133,134,172,COARSE_AGGREGATE,0.01808621,0.01779473,0.00029149,0.03103479
CP01-R0133,133,134,172,FINE_AGGREGATE,0.02019035,0.01987652,0.00031383,0.02932513
CP01-R0133,133,134,172,AGE,0.11422207,0.11423156,-0.00000950,-0.00174970
CP01-R0135,135,136,173,INTERCEPT,-23.33121358,-22.54117497,-0.79003861,-0.02971689
CP01-R0135,135,136,173,CEMENT,0.11980433,0.11941074,0.00039360,0.04636561
CP01-R0135,135,136,173,SLAG,0.10386581,0.10328031,0.00058550,0.05776545
CP01-R0135,135,136,173,FLY_ASH,0.08793432,0.08769818,0.00023614,0.01876592
CP01-R0135,135,136,173,WATER,-0.14991842,-0.15048040,0.00056198,0.01398767
CP01-R0135,135,136,173,SUPERPLASTICIZER,0.29222460,0.29024671,0.00197789,0.02117105
CP01-R0135,135,136,173,COARSE_AGGREGATE,0.01808621,0.01779473,0.00029149,0.03103479
CP01-R0135,135,136,173,FINE_AGGREGATE,0.02019035,0.01987652,0.00031383,0.02932513
CP01-R0135,135,136,173,AGE,0.11422207,0.11423156,-0.00000950,-0.00174970
CP01-R0138,138,139,174,INTERCEPT,-23.33121358,-22.54117497,-0.79003861,-0.02971689
CP01-R0138,138,139,174,CEMENT,0.11980433,0.11941074,0.00039360,0.04636561
CP01-R0138,138,139,174,SLAG,0.10386581,0.10328031,0.00058550,0.05776545
CP01-R0138,138,139,174,FLY_ASH,0.08793432,0.08769818,0.00023614,0.01876592
CP01-R0138,138,139,174,WATER,-0.14991842,-0.15048040,0.00056198,0.01398767
CP01-R0138,138,139,174,SUPERPLASTICIZER,0.29222460,0.29024671,0.00197789,0.02117105
CP01-R0138,138,139,174,COARSE_AGGREGATE,0.01808621,0.01779473,0.00029149,0.03103479
CP01-R0138,138,139,174,FINE_AGGREGATE,0.02019035,0.01987652,0.00031383,0.02932513
CP01-R0138,138,139,174,AGE,0.11422207,0.11423156,-0.00000950,-0.00174970
CP01-R0753,753,754,175,INTERCEPT,-23.33121358,-23.49261604,0.16140245,0.00607107
CP01-R0753,753,754,175,CEMENT,0.11980433,0.11955752,0.00024682,0.02907489
CP01-R0753,753,754,175,SLAG,0.10386581,0.10384995,0.00001585,0.00156423
CP01-R0753,753,754,175,FLY_ASH,0.08793432,0.08783726,0.00009706,0.00771336
CP01-R0753,753,754,175,WATER,-0.14991842,-0.14903501,-0.00088341,-0.02198798
CP01-R0753,753,754,175,SUPERPLASTICIZER,0.29222460,0.29598451,-0.00375992,-0.04024568
CP01-R0753,753,754,175,COARSE_AGGREGATE,0.01808621,0.01795615,0.00013007,0.01384862
CP01-R0753,753,754,175,FINE_AGGREGATE,0.02019035,0.02040308,-0.00021273,-0.01987824
CP01-R0753,753,754,175,AGE,0.11422207,0.11434506,-0.00012299,-0.02266148
CP01-R0560,560,561,176,INTERCEPT,-23.33121358,-23.81618905,0.48497547,0.01824210
CP01-R0560,560,561,176,CEMENT,0.11980433,0.12016298,-0.00035865,-0.04224844
CP01-R0560,560,561,176,SLAG,0.10386581,0.10459904,-0.00073323,-0.07234089
CP01-R0560,560,561,176,FLY_ASH,0.08793432,0.08852727,-0.00059295,-0.04712170
CP01-R0560,560,561,176,WATER,-0.14991842,-0.15001675,0.00009833,0.00244735
CP01-R0560,560,561,176,SUPERPLASTICIZER,0.29222460,0.28688619,0.00533840,0.05714162
CP01-R0560,560,561,176,COARSE_AGGREGATE,0.01808621,0.01825931,-0.00017309,-0.01842926
CP01-R0560,560,561,176,FINE_AGGREGATE,0.02019035,0.02043456,-0.00024421,-0.02282007
CP01-R0560,560,561,176,AGE,0.11422207,0.11423173,-0.00000967,-0.00178092
CP01-R0071,71,72,177,INTERCEPT,-23.33121358,-24.36145514,1.03024156,0.03875200
CP01-R0071,71,72,177,CEMENT,0.11980433,0.12032156,-0.00051722,-0.06092862
CP01-R0071,71,72,177,SLAG,0.10386581,0.10455301,-0.00068720,-0.06779954
CP01-R0071,71,72,177,FLY_ASH,0.08793432,0.08835935,-0.00042503,-0.03377688
CP01-R0071,71,72,177,WATER,-0.14991842,-0.14890849,-0.00100993,-0.02513699
CP01-R0071,71,72,177,SUPERPLASTICIZER,0.29222460,0.29289895,-0.00067435,-0.00721820
CP01-R0071,71,72,177,COARSE_AGGREGATE,0.01808621,0.01840162,-0.00031541,-0.03358197
CP01-R0071,71,72,177,FINE_AGGREGATE,0.02019035,0.02062813,-0.00043778,-0.04090732
CP01-R0071,71,72,177,AGE,0.11422207,0.11409245,0.00012962,0.02388363
CP01-R0821,821,822,178,INTERCEPT,-23.33121358,-24.26203938,0.93082580,0.03501253
CP01-R0821,821,822,178,CEMENT,0.11980433,0.12024977,-0.00044543,-0.05247179
CP01-R0821,821,822,178,SLAG,0.10386581,0.10423065,-0.00036484,-0.03599540
CP01-R0821,821,822,178,FLY_ASH,0.08793432,0.08842141,-0.00048709,-0.03870928
CP01-R0821,821,822,178,WATER,-0.14991842,-0.14921902,-0.00069940,-0.01740785
CP01-R0821,821,822,178,SUPERPLASTICIZER,0.29222460,0.29129217,0.00093243,0.00998058
CP01-R0821,821,822,178,COARSE_AGGREGATE,0.01808621,0.01852586,-0.00043965,-0.04680951
CP01-R0821,821,822,178,FINE_AGGREGATE,0.02019035,0.02043727,-0.00024692,-0.02307269
CP01-R0821,821,822,178,AGE,0.11422207,0.11465858,-0.00043651,-0.08043024
CP01-R0966,966,967,179,INTERCEPT,-23.33121358,-23.11262625,-0.21858733,-0.00822205
CP01-R0966,966,967,179,CEMENT,0.11980433,0.11963768,0.00016666,0.01963207
CP01-R0966,966,967,179,SLAG,0.10386581,0.10363022,0.00023559,0.02324358
CP01-R0966,966,967,179,FLY_ASH,0.08793432,0.08791774,0.00001658,0.00131761
CP01-R0966,966,967,179,WATER,-0.14991842,-0.15087314,0.00095472,0.02376291
CP01-R0966,966,967,179,SUPERPLASTICIZER,0.29222460,0.29125221,0.00097238,0.01040826
CP01-R0966,966,967,179,COARSE_AGGREGATE,0.01808621,0.01828268,-0.00019647,-0.02091820
CP01-R0966,966,967,179,FINE_AGGREGATE,0.02019035,0.01995140,0.00023895,0.02232837
CP01-R0966,966,967,179,AGE,0.11422207,0.11432032,-0.00009825,-0.01810343
CP01-R0714,714,715,180,INTERCEPT,-23.33121358,-22.91256245,-0.41865114,-0.01574735
CP01-R0714,714,715,180,CEMENT,0.11980433,0.11966514,0.00013920,0.01639713
CP01-R0714,714,715,180,SLAG,0.10386581,0.10408151,-0.00021570,-0.02128101
CP01-R0714,714,715,180,FLY_ASH,0.08793432,0.08782313,0.00011119,0.00883621
CP01-R0714,714,715,180,WATER,-0.14991842,-0.15072322,0.00080480,0.02003139
CP01-R0714,714,715,180,SUPERPLASTICIZER,0.29222460,0.28751336,0.00471123,0.05042845
CP01-R0714,714,715,180,COARSE_AGGREGATE,0.01808621,0.01790382,0.00018240,0.01942012
CP01-R0714,714,715,180,FINE_AGGREGATE,0.02019035,0.02017043,0.00001992,0.00186144
CP01-R0714,714,715,180,AGE,0.11422207,0.11406937,0.00015270,0.02813689
CP01-R0903,903,904,181,INTERCEPT,-23.33121358,-23.09559206,-0.23562152,-0.00886278
CP01-R0903,903,904,181,CEMENT,0.11980433,0.11962876,0.00017558,0.02068278
CP01-R0903,903,904,181,SLAG,0.10386581,0.10361991,0.00024590,0.02426015
CP01-R0903,903,904,181,FLY_ASH,0.08793432,0.08790271,0.00003162,0.00251257
CP01-R0903,903,904,181,WATER,-0.14991842,-0.15088228,0.00096386,0.02399040
CP01-R0903,903,904,181,SUPERPLASTICIZER,0.29222460,0.29135888,0.00086572,0.00926653
CP01-R0903,903,904,181,COARSE_AGGREGATE,0.01808621,0.01827669,-0.00019048,-0.02028028
CP01-R0903,903,904,181,FINE_AGGREGATE,0.02019035,0.01994361,0.00024674,0.02305644
CP01-R0903,903,904,181,AGE,0.11422207,0.11431952,-0.00009746,-0.01795726
CP01-R0145,145,146,182,INTERCEPT,-23.33121358,-22.15208179,-1.17913180,-0.04435243
CP01-R0145,145,146,182,CEMENT,0.11980433,0.11913488,0.00066945,0.07886067
CP01-R0145,145,146,182,SLAG,0.10386581,0.10324104,0.00062477,0.06163987
CP01-R0145,145,146,182,FLY_ASH,0.08793432,0.08730473,0.00062959,0.05003362
CP01-R0145,145,146,182,WATER,-0.14991842,-0.15138438,0.00146596,0.03648760
CP01-R0145,145,146,182,SUPERPLASTICIZER,0.29222460,0.29273530,-0.00051071,-0.00546658
CP01-R0145,145,146,182,COARSE_AGGREGATE,0.01808621,0.01787613,0.00021008,0.02236760
CP01-R0145,145,146,182,FINE_AGGREGATE,0.02019035,0.01960343,0.00058692,0.05484415
CP01-R0145,145,146,182,AGE,0.11422207,0.11417254,0.00004953,0.00912673
CP01-R0827,827,828,183,INTERCEPT,-23.33121358,-22.06802943,-1.26318416,-0.04751402
CP01-R0827,827,828,183,CEMENT,0.11980433,0.11974827,0.00005607,0.00660452
CP01-R0827,827,828,183,SLAG,0.10386581,0.10344720,0.00041861,0.04130045
CP01-R0827,827,828,183,FLY_ASH,0.08793432,0.08759269,0.00034163,0.02714945
CP01-R0827,827,828,183,WATER,-0.14991842,-0.15160985,0.00169143,0.04209939
CP01-R0827,827,828,183,SUPERPLASTICIZER,0.29222460,0.28695759,0.00526700,0.05637738
CP01-R0827,827,828,183,COARSE_AGGREGATE,0.01808621,0.01758980,0.00049642,0.05285417
CP01-R0827,827,828,183,FINE_AGGREGATE,0.02019035,0.01973543,0.00045492,0.04250908
CP01-R0827,827,828,183,AGE,0.11422207,0.11398721,0.00023486,0.04327520
CP01-R0126,126,127,184,INTERCEPT,-23.33121358,-23.36860639,0.03739281,0.00140651
CP01-R0126,126,127,184,CEMENT,0.11980433,0.11978430,0.00002004,0.00236015
CP01-R0126,126,127,184,SLAG,0.10386581,0.10363327,0.00023254,0.02294220
CP01-R0126,126,127,184,FLY_ASH,0.08793432,0.08749294,0.00044138,0.03507678
CP01-R0126,126,127,184,WATER,-0.14991842,-0.14944559,-0.00047283,-0.01176867
CP01-R0126,126,127,184,SUPERPLASTICIZER,0.29222460,0.29968168,-0.00745709,-0.07981978
CP01-R0126,126,127,184,COARSE_AGGREGATE,0.01808621,0.01803439,0.00005183,0.00551818
CP01-R0126,126,127,184,FINE_AGGREGATE,0.02019035,0.02020438,-0.00001403,-0.00131136
CP01-R0126,126,127,184,AGE,0.11422207,0.11420246,0.00001961,0.00361352
CP01-R0362,362,363,185,INTERCEPT,-23.33121358,-23.97810434,0.64689076,0.02433246
CP01-R0362,362,363,185,CEMENT,0.11980433,0.12000217,-0.00019784,-0.02330496
CP01-R0362,362,363,185,SLAG,0.10386581,0.10398504,-0.00011923,-0.01176310
CP01-R0362,362,363,185,FLY_ASH,0.08793432,0.08796887,-0.00003455,-0.00274570
CP01-R0362,362,363,185,WATER,-0.14991842,-0.14787339,-0.00204503,-0.05090048
CP01-R0362,362,363,185,SUPERPLASTICIZER,0.29222460,0.29314666,-0.00092206,-0.00986967
CP01-R0362,362,363,185,COARSE_AGGREGATE,0.01808621,0.01807183,0.00001438,0.00153148
CP01-R0362,362,363,185,FINE_AGGREGATE,0.02019035,0.02045668,-0.00026632,-0.02488619
CP01-R0362,362,363,185,AGE,0.11422207,0.11415090,0.00007117,0.01311399
CP01-R0417,417,418,186,INTERCEPT,-23.33121358,-23.26000975,-0.07120384,-0.00267830
CP01-R0417,417,418,186,CEMENT,0.11980433,0.11973522,0.00006912,0.00814172
CP01-R0417,417,418,186,SLAG,0.10386581,0.10375934,0.00010647,0.01050443
CP01-R0417,417,418,186,FLY_ASH,0.08793432,0.08823771,-0.00030339,-0.02411067
CP01-R0417,417,418,186,WATER,-0.14991842,-0.15029986,0.00038145,0.00949413
CP01-R0417,417,418,186,SUPERPLASTICIZER,0.29222460,0.29337561,-0.00115102,-0.01232033
CP01-R0417,417,418,186,COARSE_AGGREGATE,0.01808621,0.01821169,-0.00012547,-0.01335903
CP01-R0417,417,418,186,FINE_AGGREGATE,0.02019035,0.02006065,0.00012970,0.01211981
CP01-R0417,417,418,186,AGE,0.11422207,0.11413358,0.00008849,0.01630488
CP01-R0030,30,31,187,INTERCEPT,-23.33121358,-24.34438559,1.01317200,0.03810994
CP01-R0030,30,31,187,CEMENT,0.11980433,0.12001291,-0.00020858,-0.02457042
CP01-R0030,30,31,187,SLAG,0.10386581,0.10441044,-0.00054463,-0.05373359
CP01-R0030,30,31,187,FLY_ASH,0.08793432,0.08845656,-0.00052224,-0.04150266
CP01-R0030,30,31,187,WATER,-0.14991842,-0.14969327,-0.00022515,-0.00560386
CP01-R0030,30,31,187,SUPERPLASTICIZER,0.29222460,0.29169788,0.00052672,0.00563794
CP01-R0030,30,31,187,COARSE_AGGREGATE,0.01808621,0.01846651,-0.00038029,-0.04049026
CP01-R0030,30,31,187,FINE_AGGREGATE,0.02019035,0.02078088,-0.00059053,-0.05518129
CP01-R0030,30,31,187,AGE,0.11422207,0.11448751,-0.00026544,-0.04890906
CP01-R0765,765,766,188,INTERCEPT,-23.33121358,-21.24848842,-2.08272516,-0.07834063
CP01-R0765,765,766,188,CEMENT,0.11980433,0.11935105,0.00045328,0.05339603
CP01-R0765,765,766,188,SLAG,0.10386581,0.10308487,0.00078094,0.07704748
CP01-R0765,765,766,188,FLY_ASH,0.08793432,0.08708982,0.00084450,0.06711287
CP01-R0765,765,766,188,WATER,-0.14991842,-0.15276990,0.00285148,0.07097300
CP01-R0765,765,766,188,SUPERPLASTICIZER,0.29222460,0.28713645,0.00508815,0.05446292
CP01-R0765,765,766,188,COARSE_AGGREGATE,0.01808621,0.01736656,0.00071965,0.07662181
CP01-R0765,765,766,188,FINE_AGGREGATE,0.02019035,0.01944254,0.00074781,0.06987763
CP01-R0765,765,766,188,AGE,0.11422207,0.11398764,0.00023443,0.04319572
CP01-R0229,229,230,189,INTERCEPT,-23.33121358,-21.14401360,-2.18719999,-0.08227040
CP01-R0229,229,230,189,CEMENT,0.11980433,0.11929932,0.00050502,0.05949045
CP01-R0229,229,230,189,SLAG,0.10386581,0.10334855,0.00051726,0.05103325
CP01-R0229,229,230,189,FLY_ASH,0.08793432,0.08751468,0.00041964,0.03334915
CP01-R0229,229,230,189,WATER,-0.14991842,-0.15405987,0.00414146,0.10308016
CP01-R0229,229,230,189,SUPERPLASTICIZER,0.29222460,0.28563414,0.00659046,0.07054344
CP01-R0229,229,230,189,COARSE_AGGREGATE,0.01808621,0.01745345,0.00063277,0.06737122
CP01-R0229,229,230,189,FINE_AGGREGATE,0.02019035,0.01944374,0.00074661,0.06976540
CP01-R0229,229,230,189,AGE,0.11422207,0.11439536,-0.00017329,-0.03193020
CP01-R0350,350,351,190,INTERCEPT,-23.33121358,-23.05014495,-0.28106864,-0.01057225
CP01-R0350,350,351,190,CEMENT,0.11980433,0.11969784,0.00010649,0.01254474
CP01-R0350,350,351,190,SLAG,0.10386581,0.10372531,0.00014050,0.01386189
CP01-R0350,350,351,190,FLY_ASH,0.08793432,0.08817314,-0.00023881,-0.01897866
CP01-R0350,350,351,190,WATER,-0.14991842,-0.15078158,0.00086316,0.02148403
CP01-R0350,350,351,190,SUPERPLASTICIZER,0.29222460,0.29247440,-0.00024980,-0.00267387
CP01-R0350,350,351,190,COARSE_AGGREGATE,0.01808621,0.01815382,-0.00006761,-0.00719823
CP01-R0350,350,351,190,FINE_AGGREGATE,0.02019035,0.02000164,0.00018871,0.01763380
CP01-R0350,350,351,190,AGE,0.11422207,0.11415209,0.00006998,0.01289478
CP01-R0798,798,799,191,INTERCEPT,-23.33121358,-24.83096902,1.49975543,0.05641253
CP01-R0798,798,799,191,CEMENT,0.11980433,0.12036102,-0.00055669,-0.06557714
CP01-R0798,798,799,191,SLAG,0.10386581,0.10432905,-0.00046324,-0.04570342
CP01-R0798,798,799,191,FLY_ASH,0.08793432,0.08851979,-0.00058547,-0.04652737
CP01-R0798,798,799,191,WATER,-0.14991842,-0.14804874,-0.00186968,-0.04653610
CP01-R0798,798,799,191,SUPERPLASTICIZER,0.29222460,0.29308767,-0.00086307,-0.00923822
CP01-R0798,798,799,191,COARSE_AGGREGATE,0.01808621,0.01872400,-0.00063778,-0.06790509
CP01-R0798,798,799,191,FINE_AGGREGATE,0.02019035,0.02058953,-0.00039918,-0.03730061
CP01-R0798,798,799,191,AGE,0.11422207,0.11448207,-0.00026000,-0.04790760
CP01-R0476,476,477,192,INTERCEPT,-23.33121358,-22.49041488,-0.84079870,-0.03162621
CP01-R0476,476,477,192,CEMENT,0.11980433,0.11986851,-0.00006417,-0.00755941
CP01-R0476,476,477,192,SLAG,0.10386581,0.10364087,0.00022494,0.02219300
CP01-R0476,476,477,192,FLY_ASH,0.08793432,0.08788838,0.00004594,0.00365078
CP01-R0476,476,477,192,WATER,-0.14991842,-0.15135313,0.00143471,0.03570980
CP01-R0476,476,477,192,SUPERPLASTICIZER,0.29222460,0.29145006,0.00077453,0.00829051
CP01-R0476,476,477,192,COARSE_AGGREGATE,0.01808621,0.01784578,0.00024044,0.02559959
CP01-R0476,476,477,192,FINE_AGGREGATE,0.02019035,0.01977880,0.00041155,0.03845698
CP01-R0476,476,477,192,AGE,0.11422207,0.11406877,0.00015330,0.02824668
CP01-R0328,328,329,193,INTERCEPT,-23.33121358,-23.99315422,0.66194064,0.02489856
CP01-R0328,328,329,193,CEMENT,0.11980433,0.12009892,-0.00029458,-0.03470168
CP01-R0328,328,329,193,SLAG,0.10386581,0.10424503,-0.00037922,-0.03741427
CP01-R0328,328,329,193,FLY_ASH,0.08793432,0.08829411,-0.00035979,-0.02859228
CP01-R0328,328,329,193,WATER,-0.14991842,-0.14844916,-0.00146926,-0.03656961
CP01-R0328,328,329,193,SUPERPLASTICIZER,0.29222460,0.28997240,0.00225220,0.02410726
CP01-R0328,328,329,193,COARSE_AGGREGATE,0.01808621,0.01826420,-0.00017798,-0.01894991
CP01-R0328,328,329,193,FINE_AGGREGATE,0.02019035,0.02031604,-0.00012569,-0.01174483
CP01-R0328,328,329,193,AGE,0.11422207,0.11406790,0.00015417,0.02840740
CP01-R0238,238,239,194,INTERCEPT,-23.33121358,-21.76554300,-1.56567058,-0.05889189
CP01-R0238,238,239,194,CEMENT,0.11980433,0.11965710,0.00014724,0.01734448
CP01-R0238,238,239,194,SLAG,0.10386581,0.10351629,0.00034952,0.03448387
CP01-R0238,238,239,194,FLY_ASH,0.08793432,0.08784388,0.00009044,0.00718750
CP01-R0238,238,239,194,WATER,-0.14991842,-0.15222418,0.00230577,0.05739014
CP01-R0238,238,239,194,SUPERPLASTICIZER,0.29222460,0.28631602,0.00590857,0.06324464
CP01-R0238,238,239,194,COARSE_AGGREGATE,0.01808621,0.01738498,0.00070123,0.07466100
CP01-R0238,238,239,194,FINE_AGGREGATE,0.02019035,0.01971233,0.00047803,0.04466828
CP01-R0238,238,239,194,AGE,0.11422207,0.11417704,0.00004503,0.00829657
CP01-R0290,290,291,195,INTERCEPT,-23.33121358,-24.05215877,0.72094518,0.02711798
CP01-R0290,290,291,195,CEMENT,0.11980433,0.11982351,-0.00001918,-0.00225901
CP01-R0290,290,291,195,SLAG,0.10386581,0.10400171,-0.00013590,-0.01340826
CP01-R0290,290,291,195,FLY_ASH,0.08793432,0.08826947,-0.00033515,-0.02663416
CP01-R0290,290,291,195,WATER,-0.14991842,-0.14907532,-0.00084310,-0.02098465
CP01-R0290,290,291,195,SUPERPLASTICIZER,0.29222460,0.29445112,-0.00222652,-0.02383242
CP01-R0290,290,291,195,COARSE_AGGREGATE,0.01808621,0.01851396,-0.00042774,-0.04554211
CP01-R0290,290,291,195,FINE_AGGREGATE,0.02019035,0.02035710,-0.00016675,-0.01558137
CP01-R0290,290,291,195,AGE,0.11422207,0.11408088,0.00014118,0.02601456
CP01-R0215,215,216,196,INTERCEPT,-23.33121358,-23.64068807,0.30947448,0.01164072
CP01-R0215,215,216,196,CEMENT,0.11980433,0.11966510,0.00013924,0.01640194
CP01-R0215,215,216,196,SLAG,0.10386581,0.10372821,0.00013760,0.01357549
CP01-R0215,215,216,196,FLY_ASH,0.08793432,0.08794355,-0.00000923,-0.00073366
CP01-R0215,215,216,196,WATER,-0.14991842,-0.14964802,-0.00027040,-0.00673026
CP01-R0215,215,216,196,SUPERPLASTICIZER,0.29222460,0.29557940,-0.00335480,-0.03590937
CP01-R0215,215,216,196,COARSE_AGGREGATE,0.01808621,0.01840061,-0.00031439,-0.03347371
CP01-R0215,215,216,196,FINE_AGGREGATE,0.02019035,0.02019461,-0.00000426,-0.00039840
CP01-R0215,215,216,196,AGE,0.11422207,0.11410600,0.00011607,0.02138738
CP01-R0129,129,130,197,INTERCEPT,-23.33121358,-23.35993385,0.02872026,0.00108030
CP01-R0129,129,130,197,CEMENT,0.11980433,0.11959607,0.00020827,0.02453374
CP01-R0129,129,130,197,SLAG,0.10386581,0.10369060,0.00017521,0.01728584
CP01-R0129,129,130,197,FLY_ASH,0.08793432,0.08798219,-0.00004786,-0.00380375
CP01-R0129,129,130,197,WATER,-0.14991842,-0.14883228,-0.00108614,-0.02703382
CP01-R0129,129,130,197,SUPERPLASTICIZER,0.29222460,0.29346768,-0.00124308,-0.01330579
CP01-R0129,129,130,197,COARSE_AGGREGATE,0.01808621,0.01811001,-0.00002380,-0.00253377
CP01-R0129,129,130,197,FINE_AGGREGATE,0.02019035,0.02000418,0.00018617,0.01739658
CP01-R0129,129,130,197,AGE,0.11422207,0.11419646,0.00002561,0.00471819
CP01-R0345,345,346,198,INTERCEPT,-23.33121358,-23.01050246,-0.32071112,-0.01206338
CP01-R0345,345,346,198,CEMENT,0.11980433,0.11973534,0.00006899,0.00812700
CP01-R0345,345,346,198,SLAG,0.10386581,0.10377002,0.00009579,0.00945051
CP01-R0345,345,346,198,FLY_ASH,0.08793432,0.08824338,-0.00030905,-0.02456068
CP01-R0345,345,346,198,WATER,-0.14991842,-0.15099503,0.00107661,0.02679658
CP01-R0345,345,346,198,SUPERPLASTICIZER,0.29222460,0.29076602,0.00145857,0.01561236
CP01-R0345,345,346,198,COARSE_AGGREGATE,0.01808621,0.01812801,-0.00004180,-0.00445003
CP01-R0345,345,346,198,FINE_AGGREGATE,0.02019035,0.02002269,0.00016766,0.01566673
CP01-R0345,345,346,198,AGE,0.11422207,0.11415951,0.00006256,0.01152757
CP01-R0413,413,414,199,INTERCEPT,-23.33121358,-23.11206650,-0.21914708,-0.00824310
CP01-R0413,413,414,199,CEMENT,0.11980433,0.11980724,-0.00000290,-0.00034171
CP01-R0413,413,414,199,SLAG,0.10386581,0.10401886,-0.00015305,-0.01509993
CP01-R0413,413,414,199,FLY_ASH,0.08793432,0.08846616,-0.00053184,-0.04226532
CP01-R0413,413,414,199,WATER,-0.14991842,-0.15089799,0.00097957,0.02438128
CP01-R0413,413,414,199,SUPERPLASTICIZER,0.29222460,0.28844945,0.00377514,0.04040868
CP01-R0413,413,414,199,COARSE_AGGREGATE,0.01808621,0.01808873,-0.00000252,-0.00026778
CP01-R0413,413,414,199,FINE_AGGREGATE,0.02019035,0.02013415,0.00005620,0.00525120
CP01-R0413,413,414,199,AGE,0.11422207,0.11416410,0.00005796,0.01068028
CP01-R0581,581,582,200,INTERCEPT,-23.33121358,-23.49227559,0.16106201,0.00605826
CP01-R0581,581,582,200,CEMENT,0.11980433,0.12004251,-0.00023818,-0.02805748
CP01-R0581,581,582,200,SLAG,0.10386581,0.10432300,-0.00045719,-0.04510609
CP01-R0581,581,582,200,FLY_ASH,0.08793432,0.08822376,-0.00028944,-0.02300174
CP01-R0581,581,582,200,WATER,-0.14991842,-0.15034615,0.00042773,0.01064608
CP01-R0581,581,582,200,SUPERPLASTICIZER,0.29222460,0.28674793,0.00547667,0.05862156
CP01-R0581,581,582,200,COARSE_AGGREGATE,0.01808621,0.01820878,-0.00012256,-0.01304921
CP01-R0581,581,582,200,FINE_AGGREGATE,0.02019035,0.02026559,-0.00007524,-0.00703069
CP01-R0581,581,582,200,AGE,0.11422207,0.11407715,0.00014492,0.02670268
CP01-R0084,84,85,201,INTERCEPT,-23.33121358,-24.02569182,0.69447824,0.02612244
CP01-R0084,84,85,201,CEMENT,0.11980433,0.12015246,-0.00034812,-0.04100866
CP01-R0084,84,85,201,SLAG,0.10386581,0.10437655,-0.00051074,-0.05038984
CP01-R0084,84,85,201,FLY_ASH,0.08793432,0.08811981,-0.00018549,-0.01474059
CP01-R0084,84,85,201,WATER,-0.14991842,-0.14936014,-0.00055828,-0.01389552
CP01-R0084,84,85,201,SUPERPLASTICIZER,0.29222460,0.29408929,-0.00186469,-0.01995944
CP01-R0084,84,85,201,COARSE_AGGREGATE,0.01808621,0.01834282,-0.00025660,-0.02732066
CP01-R0084,84,85,201,FINE_AGGREGATE,0.02019035,0.02045790,-0.00026755,-0.02500061
CP01-R0084,84,85,201,AGE,0.11422207,0.11410527,0.00011680,0.02152173
CP01-R0087,87,88,202,INTERCEPT,-23.33121358,-24.02569182,0.69447824,0.02612244
CP01-R0087,87,88,202,CEMENT,0.11980433,0.12015246,-0.00034812,-0.04100866
CP01-R0087,87,88,202,SLAG,0.10386581,0.10437655,-0.00051074,-0.05038984
CP01-R0087,87,88,202,FLY_ASH,0.08793432,0.08811981,-0.00018549,-0.01474059
CP01-R0087,87,88,202,WATER,-0.14991842,-0.14936014,-0.00055828,-0.01389552
CP01-R0087,87,88,202,SUPERPLASTICIZER,0.29222460,0.29408929,-0.00186469,-0.01995944
CP01-R0087,87,88,202,COARSE_AGGREGATE,0.01808621,0.01834282,-0.00025660,-0.02732066
CP01-R0087,87,88,202,FINE_AGGREGATE,0.02019035,0.02045790,-0.00026755,-0.02500061
CP01-R0087,87,88,202,AGE,0.11422207,0.11410527,0.00011680,0.02152173
CP01-R0089,89,90,203,INTERCEPT,-23.33121358,-24.02569182,0.69447824,0.02612244
CP01-R0089,89,90,203,CEMENT,0.11980433,0.12015246,-0.00034812,-0.04100866
CP01-R0089,89,90,203,SLAG,0.10386581,0.10437655,-0.00051074,-0.05038984
CP01-R0089,89,90,203,FLY_ASH,0.08793432,0.08811981,-0.00018549,-0.01474059
CP01-R0089,89,90,203,WATER,-0.14991842,-0.14936014,-0.00055828,-0.01389552
CP01-R0089,89,90,203,SUPERPLASTICIZER,0.29222460,0.29408929,-0.00186469,-0.01995944
CP01-R0089,89,90,203,COARSE_AGGREGATE,0.01808621,0.01834282,-0.00025660,-0.02732066
CP01-R0089,89,90,203,FINE_AGGREGATE,0.02019035,0.02045790,-0.00026755,-0.02500061
CP01-R0089,89,90,203,AGE,0.11422207,0.11410527,0.00011680,0.02152173
CP01-R0092,92,93,204,INTERCEPT,-23.33121358,-24.02569182,0.69447824,0.02612244
CP01-R0092,92,93,204,CEMENT,0.11980433,0.12015246,-0.00034812,-0.04100866
CP01-R0092,92,93,204,SLAG,0.10386581,0.10437655,-0.00051074,-0.05038984
CP01-R0092,92,93,204,FLY_ASH,0.08793432,0.08811981,-0.00018549,-0.01474059
CP01-R0092,92,93,204,WATER,-0.14991842,-0.14936014,-0.00055828,-0.01389552
CP01-R0092,92,93,204,SUPERPLASTICIZER,0.29222460,0.29408929,-0.00186469,-0.01995944
CP01-R0092,92,93,204,COARSE_AGGREGATE,0.01808621,0.01834282,-0.00025660,-0.02732066
CP01-R0092,92,93,204,FINE_AGGREGATE,0.02019035,0.02045790,-0.00026755,-0.02500061
CP01-R0092,92,93,204,AGE,0.11422207,0.11410527,0.00011680,0.02152173
CP01-R0367,367,368,205,INTERCEPT,-23.33121358,-25.05198977,1.72077618,0.06472611
CP01-R0367,367,368,205,CEMENT,0.11980433,0.12028502,-0.00048069,-0.05662492
CP01-R0367,367,368,205,SLAG,0.10386581,0.10434812,-0.00048231,-0.04758481
CP01-R0367,367,368,205,FLY_ASH,0.08793432,0.08829367,-0.00035935,-0.02855770
CP01-R0367,367,368,205,WATER,-0.14991842,-0.14681172,-0.00310670,-0.07732525
CP01-R0367,367,368,205,SUPERPLASTICIZER,0.29222460,0.29501581,-0.00279121,-0.02987682
CP01-R0367,367,368,205,COARSE_AGGREGATE,0.01808621,0.01853174,-0.00044552,-0.04743539
CP01-R0367,367,368,205,FINE_AGGREGATE,0.02019035,0.02083697,-0.00064662,-0.06042256
CP01-R0367,367,368,205,AGE,0.11422207,0.11420349,0.00001858,0.00342382
CP01-R0122,122,123,206,INTERCEPT,-23.33121358,-22.24531524,-1.08589835,-0.04084551
CP01-R0122,122,123,206,CEMENT,0.11980433,0.11918436,0.00061998,0.07303301
CP01-R0122,122,123,206,SLAG,0.10386581,0.10329869,0.00056712,0.05595225
CP01-R0122,122,123,206,FLY_ASH,0.08793432,0.08736896,0.00056537,0.04492983
CP01-R0122,122,123,206,WATER,-0.14991842,-0.15133774,0.00141932,0.03532667
CP01-R0122,122,123,206,SUPERPLASTICIZER,0.29222460,0.29264828,-0.00042368,-0.00453507
CP01-R0122,122,123,206,COARSE_AGGREGATE,0.01808621,0.01789669,0.00018953,0.02017917
CP01-R0122,122,123,206,FINE_AGGREGATE,0.02019035,0.01965500,0.00053535,0.05002451
CP01-R0122,122,123,206,AGE,0.11422207,0.11427201,-0.00004994,-0.00920238
CP01-R0414,414,415,207,INTERCEPT,-23.33121358,-24.13966957,0.80845599,0.03040965
CP01-R0414,414,415,207,CEMENT,0.11980433,0.12001181,-0.00020747,-0.02444039
CP01-R0414,414,415,207,SLAG,0.10386581,0.10427748,-0.00041167,-0.04061526
CP01-R0414,414,415,207,FLY_ASH,0.08793432,0.08868564,-0.00075132,-0.05970790
CP01-R0414,414,415,207,WATER,-0.14991842,-0.14896556,-0.00095286,-0.02371656
CP01-R0414,414,415,207,SUPERPLASTICIZER,0.29222460,0.29274181,-0.00051721,-0.00553616
CP01-R0414,414,415,207,COARSE_AGGREGATE,0.01808621,0.01844168,-0.00035547,-0.03784709
CP01-R0414,414,415,207,FINE_AGGREGATE,0.02019035,0.02041862,-0.00022827,-0.02133011
CP01-R0414,414,415,207,AGE,0.11422207,0.11413504,0.00008703,0.01603586
CP01-R0570,570,571,208,INTERCEPT,-23.33121358,-25.49648708,2.16527349,0.08144564
CP01-R0570,570,571,208,CEMENT,0.11980433,0.12046230,-0.00065797,-0.07750829
CP01-R0570,570,571,208,SLAG,0.10386581,0.10448864,-0.00062283,-0.06144872
CP01-R0570,570,571,208,FLY_ASH,0.08793432,0.08862132,-0.00068700,-0.05459596
CP01-R0570,570,571,208,WATER,-0.14991842,-0.14724702,-0.00267140,-0.06649066
CP01-R0570,570,571,208,SUPERPLASTICIZER,0.29222460,0.29270303,-0.00047843,-0.00512107
CP01-R0570,570,571,208,COARSE_AGGREGATE,0.01808621,0.01891194,-0.00082572,-0.08791542
CP01-R0570,570,571,208,FINE_AGGREGATE,0.02019035,0.02099155,-0.00080120,-0.07486704
CP01-R0570,570,571,208,AGE,0.11422207,0.11414974,0.00007233,0.01332710
CP01-R0514,514,515,209,INTERCEPT,-23.33121358,-21.83566842,-1.49554517,-0.05625416
CP01-R0514,514,515,209,CEMENT,0.11980433,0.11972477,0.00007957,0.00937323
CP01-R0514,514,515,209,SLAG,0.10386581,0.10357086,0.00029495,0.02909970
CP01-R0514,514,515,209,FLY_ASH,0.08793432,0.08795119,-0.00001687,-0.00134066
CP01-R0514,514,515,209,WATER,-0.14991842,-0.15224933,0.00233091,0.05801602
CP01-R0514,514,515,209,SUPERPLASTICIZER,0.29222460,0.28666164,0.00556295,0.05954514
CP01-R0514,514,515,209,COARSE_AGGREGATE,0.01808621,0.01743852,0.00064770,0.06896084
CP01-R0514,514,515,209,FINE_AGGREGATE,0.02019035,0.01973517,0.00045518,0.04253339
CP01-R0514,514,515,209,AGE,0.11422207,0.11415363,0.00006844,0.01260981
CP01-R0447,447,448,210,INTERCEPT,-23.33121358,-22.40995455,-0.92125904,-0.03465268
CP01-R0447,447,448,210,CEMENT,0.11980433,0.11956564,0.00023870,0.02811836
CP01-R0447,447,448,210,SLAG,0.10386581,0.10331321,0.00055260,0.05451964
CP01-R0447,447,448,210,FLY_ASH,0.08793432,0.08715165,0.00078267,0.06219919
CP01-R0447,447,448,210,WATER,-0.14991842,-0.15076537,0.00084695,0.02108041
CP01-R0447,447,448,210,SUPERPLASTICIZER,0.29222460,0.29253901,-0.00031441,-0.00336543
CP01-R0447,447,448,210,COARSE_AGGREGATE,0.01808621,0.01768881,0.00039741,0.04231213
CP01-R0447,447,448,210,FINE_AGGREGATE,0.02019035,0.01987750,0.00031285,0.02923340
CP01-R0447,447,448,210,AGE,0.11422207,0.11407854,0.00014353,0.02644661
CP01-R1003,1003,1004,211,INTERCEPT,-23.33121358,-23.72837540,0.39716182,0.01493904
CP01-R1003,1003,1004,211,CEMENT,0.11980433,0.11973112,0.00007321,0.00862452
CP01-R1003,1003,1004,211,SLAG,0.10386581,0.10370947,0.00015634,0.01542425
CP01-R1003,1003,1004,211,FLY_ASH,0.08793432,0.08799476,-0.00006044,-0.00480330
CP01-R1003,1003,1004,211,WATER,-0.14991842,-0.14948233,-0.00043609,-0.01085427
CP01-R1003,1003,1004,211,SUPERPLASTICIZER,0.29222460,0.29532030,-0.00309570,-0.03313603
CP01-R1003,1003,1004,211,COARSE_AGGREGATE,0.01808621,0.01840445,-0.00031824,-0.03388331
CP01-R1003,1003,1004,211,FINE_AGGREGATE,0.02019035,0.02018537,0.00000498,0.00046528
CP01-R1003,1003,1004,211,AGE,0.11422207,0.11432395,-0.00010188,-0.01877249
CP01-R0332,332,333,212,INTERCEPT,-23.33121358,-23.85265159,0.52143800,0.01961362
CP01-R0332,332,333,212,CEMENT,0.11980433,0.11999922,-0.00019488,-0.02295692
CP01-R0332,332,333,212,SLAG,0.10386581,0.10410787,-0.00024206,-0.02388195
CP01-R0332,332,333,212,FLY_ASH,0.08793432,0.08804503,-0.00011071,-0.00879823
CP01-R0332,332,333,212,WATER,-0.14991842,-0.14835718,-0.00156124,-0.03885910
CP01-R0332,332,333,212,SUPERPLASTICIZER,0.29222460,0.29175934,0.00046526,0.00498008
CP01-R0332,332,333,212,COARSE_AGGREGATE,0.01808621,0.01804417,0.00004204,0.00447629
CP01-R0332,332,333,212,FINE_AGGREGATE,0.02019035,0.02043723,-0.00024687,-0.02306879
CP01-R0332,332,333,212,AGE,0.11422207,0.11418288,0.00003919,0.00722074
CP01-R0713,713,714,213,INTERCEPT,-23.33121358,-23.01290877,-0.31830481,-0.01197287
CP01-R0713,713,714,213,CEMENT,0.11980433,0.11981116,-0.00000683,-0.00080404
CP01-R0713,713,714,213,SLAG,0.10386581,0.10420074,-0.00033493,-0.03304474
CP01-R0713,713,714,213,FLY_ASH,0.08793432,0.08802961,-0.00009529,-0.00757275
CP01-R0713,713,714,213,WATER,-0.14991842,-0.15072051,0.00080209,0.01996397
CP01-R0713,713,714,213,SUPERPLASTICIZER,0.29222460,0.28731574,0.00490886,0.05254380
CP01-R0713,713,714,213,COARSE_AGGREGATE,0.01808621,0.01796375,0.00012246,0.01303885
CP01-R0713,713,714,213,FINE_AGGREGATE,0.02019035,0.02013966,0.00005069,0.00473710
CP01-R0713,713,714,213,AGE,0.11422207,0.11412327,0.00009880,0.01820405
CP01-R0052,52,53,214,INTERCEPT,-23.33121358,-23.48175591,0.15054232,0.00566257
CP01-R0052,52,53,214,CEMENT,0.11980433,0.12000020,-0.00019586,-0.02307226
CP01-R0052,52,53,214,SLAG,0.10386581,0.10388777,-0.00002196,-0.00216631
CP01-R0052,52,53,214,FLY_ASH,0.08793432,0.08815803,-0.00022370,-0.01777786
CP01-R0052,52,53,214,WATER,-0.14991842,-0.15049373,0.00057531,0.01431932
CP01-R0052,52,53,214,SUPERPLASTICIZER,0.29222460,0.29071823,0.00150637,0.01612400
CP01-R0052,52,53,214,COARSE_AGGREGATE,0.01808621,0.01816540,-0.00007918,-0.00843067
CP01-R0052,52,53,214,FINE_AGGREGATE,0.02019035,0.02034705,-0.00015670,-0.01464235
CP01-R0052,52,53,214,AGE,0.11422207,0.11392603,0.00029604,0.05454853
CP01-R1002,1002,1003,215,INTERCEPT,-23.33121358,-23.77395621,0.44274263,0.01665354
CP01-R1002,1002,1003,215,CEMENT,0.11980433,0.11972823,0.00007611,0.00896560
CP01-R1002,1002,1003,215,SLAG,0.10386581,0.10377038,0.00009543,0.00941543
CP01-R1002,1002,1003,215,FLY_ASH,0.08793432,0.08759483,0.00033950,0.02697983
CP01-R1002,1002,1003,215,WATER,-0.14991842,-0.14983068,-0.00008774,-0.00218373
CP01-R1002,1002,1003,215,SUPERPLASTICIZER,0.29222460,0.29441120,-0.00218661,-0.02340518
CP01-R1002,1002,1003,215,COARSE_AGGREGATE,0.01808621,0.01834532,-0.00025911,-0.02758725
CP01-R1002,1002,1003,215,FINE_AGGREGATE,0.02019035,0.02043659,-0.00024624,-0.02300936
CP01-R1002,1002,1003,215,AGE,0.11422207,0.11431392,-0.00009185,-0.01692436
CP01-R0845,845,846,216,INTERCEPT,-23.33121358,-23.82944734,0.49823376,0.01874081
CP01-R0845,845,846,216,CEMENT,0.11980433,0.11974260,0.00006173,0.00727232
CP01-R0845,845,846,216,SLAG,0.10386581,0.10378777,0.00007803,0.00769889
CP01-R0845,845,846,216,FLY_ASH,0.08793432,0.08761433,0.00031999,0.02542988
CP01-R0845,845,846,216,WATER,-0.14991842,-0.14974392,-0.00017450,-0.00434331
CP01-R0845,845,846,216,SUPERPLASTICIZER,0.29222460,0.29450310,-0.00227851,-0.02438887
CP01-R0845,845,846,216,COARSE_AGGREGATE,0.01808621,0.01836319,-0.00027698,-0.02949024
CP01-R0845,845,846,216,FINE_AGGREGATE,0.02019035,0.02045657,-0.00026622,-0.02487654
CP01-R0845,845,846,216,AGE,0.11422207,0.11431344,-0.00009137,-0.01683650
CP01-R0860,860,861,217,INTERCEPT,-23.33121358,-22.61847752,-0.71273607,-0.02680920
CP01-R0860,860,861,217,CEMENT,0.11980433,0.11953704,0.00026730,0.03148727
CP01-R0860,860,861,217,SLAG,0.10386581,0.10352419,0.00034162,0.03370455
CP01-R0860,860,861,217,FLY_ASH,0.08793432,0.08794666,-0.00001234,-0.00098059
CP01-R0860,860,861,217,WATER,-0.14991842,-0.15028258,0.00036416,0.00906391
CP01-R0860,860,861,217,SUPERPLASTICIZER,0.29222460,0.29317339,-0.00094880,-0.01015579
CP01-R0860,860,861,217,COARSE_AGGREGATE,0.01808621,0.01768180,0.00040442,0.04305854
CP01-R0860,860,861,217,FINE_AGGREGATE,0.02019035,0.01999960,0.00019075,0.01782454
CP01-R0860,860,861,217,AGE,0.11422207,0.11420348,0.00001859,0.00342446
CP01-R0531,531,532,218,INTERCEPT,-23.33121358,-23.07399681,-0.25721678,-0.00967508
CP01-R0531,531,532,218,CEMENT,0.11980433,0.11941259,0.00039174,0.04614720
CP01-R0531,531,532,218,SLAG,0.10386581,0.10354732,0.00031849,0.03142251
CP01-R0531,531,532,218,FLY_ASH,0.08793432,0.08718630,0.00074802,0.05944546
CP01-R0531,531,532,218,WATER,-0.14991842,-0.14934207,-0.00057635,-0.01434523
CP01-R0531,531,532,218,SUPERPLASTICIZER,0.29222460,0.29603902,-0.00381443,-0.04082919
CP01-R0531,531,532,218,COARSE_AGGREGATE,0.01808621,0.01805039,0.00003583,0.00381441
CP01-R0531,531,532,218,FINE_AGGREGATE,0.02019035,0.01995449,0.00023586,0.02203973
CP01-R0531,531,532,218,AGE,0.11422207,0.11407447,0.00014760,0.02719584
CP01-R0846,846,847,219,INTERCEPT,-23.33121358,-23.76754613,0.43633254,0.01641242
CP01-R0846,846,847,219,CEMENT,0.11980433,0.11975676,0.00004757,0.00560414
CP01-R0846,846,847,219,SLAG,0.10386581,0.10373963,0.00012618,0.01244892
CP01-R0846,846,847,219,FLY_ASH,0.08793432,0.08803711,-0.00010279,-0.00816853
CP01-R0846,846,847,219,WATER,-0.14991842,-0.14946300,-0.00045541,-0.01133518
CP01-R0846,846,847,219,SUPERPLASTICIZER,0.29222460,0.29488873,-0.00266414,-0.02851660
CP01-R0846,846,847,219,COARSE_AGGREGATE,0.01808621,0.01841232,-0.00032611,-0.03472122
CP01-R0846,846,847,219,FINE_AGGREGATE,0.02019035,0.02021008,-0.00001973,-0.00184354
CP01-R0846,846,847,219,AGE,0.11422207,0.11432353,-0.00010146,-0.01869515
CP01-R0065,65,66,220,INTERCEPT,-23.33121358,-23.78272312,0.45150954,0.01698330
CP01-R0065,65,66,220,CEMENT,0.11980433,0.12004654,-0.00024221,-0.02853203
CP01-R0065,65,66,220,SLAG,0.10386581,0.10410367,-0.00023786,-0.02346715
CP01-R0065,65,66,220,FLY_ASH,0.08793432,0.08830415,-0.00036983,-0.02939062
CP01-R0065,65,66,220,WATER,-0.14991842,-0.15023018,0.00031176,0.00775959
CP01-R0065,65,66,220,SUPERPLASTICIZER,0.29222460,0.29066141,0.00156318,0.01673212
CP01-R0065,65,66,220,COARSE_AGGREGATE,0.01808621,0.01828151,-0.00019530,-0.02079343
CP01-R0065,65,66,220,FINE_AGGREGATE,0.02019035,0.02047953,-0.00028918,-0.02702217
CP01-R0065,65,66,220,AGE,0.11422207,0.11393855,0.00028351,0.05224014
CP01-R0416,416,417,221,INTERCEPT,-23.33121358,-25.08178342,1.75056984,0.06584678
CP01-R0416,416,417,221,CEMENT,0.11980433,0.12024622,-0.00044189,-0.05205423
CP01-R0416,416,417,221,SLAG,0.10386581,0.10427779,-0.00041198,-0.04064634
CP01-R0416,416,417,221,FLY_ASH,0.08793432,0.08863721,-0.00070289,-0.05585859
CP01-R0416,416,417,221,WATER,-0.14991842,-0.14703581,-0.00288261,-0.07174780
CP01-R0416,416,417,221,SUPERPLASTICIZER,0.29222460,0.29381466,-0.00159006,-0.01701981
CP01-R0416,416,417,221,COARSE_AGGREGATE,0.01808621,0.01854970,-0.00046348,-0.04934755
CP01-R0416,416,417,221,FINE_AGGREGATE,0.02019035,0.02095919,-0.00076884,-0.07184292
CP01-R0416,416,417,221,AGE,0.11422207,0.11406154,0.00016053,0.02957816
CP01-R0899,899,900,222,INTERCEPT,-23.33121358,-24.61898068,1.28776710,0.04843869
CP01-R0899,899,900,222,CEMENT,0.11980433,0.12020559,-0.00040126,-0.04726779
CP01-R0899,899,900,222,SLAG,0.10386581,0.10454730,-0.00068149,-0.06723641
CP01-R0899,899,900,222,FLY_ASH,0.08793432,0.08878889,-0.00085457,-0.06791265
CP01-R0899,899,900,222,WATER,-0.14991842,-0.14828459,-0.00163383,-0.04066575
CP01-R0899,899,900,222,SUPERPLASTICIZER,0.29222460,0.29353876,-0.00131416,-0.01406662
CP01-R0899,899,900,222,COARSE_AGGREGATE,0.01808621,0.01851882,-0.00043260,-0.04605963
CP01-R0899,899,900,222,FINE_AGGREGATE,0.02019035,0.02061610,-0.00042575,-0.03978373
CP01-R0899,899,900,222,AGE,0.11422207,0.11437173,-0.00014966,-0.02757694
CP01-R1017,1017,1018,223,INTERCEPT,-23.33121358,-22.62538618,-0.70582740,-0.02654933
CP01-R1017,1017,1018,223,CEMENT,0.11980433,0.11954866,0.00025567,0.03011807
CP01-R1017,1017,1018,223,SLAG,0.10386581,0.10353787,0.00032794,0.03235450
CP01-R1017,1017,1018,223,FLY_ASH,0.08793432,0.08796492,-0.00003060,-0.00243175
CP01-R1017,1017,1018,223,WATER,-0.14991842,-0.15030961,0.00039119,0.00973678
CP01-R1017,1017,1018,223,SUPERPLASTICIZER,0.29222460,0.29285422,-0.00062963,-0.00673948
CP01-R1017,1017,1018,223,COARSE_AGGREGATE,0.01808621,0.01768426,0.00040195,0.04279606
CP01-R1017,1017,1018,223,FINE_AGGREGATE,0.02019035,0.02000733,0.00018302,0.01710173
CP01-R1017,1017,1018,223,AGE,0.11422207,0.11420433,0.00001774,0.00326847
CP01-R0239,239,240,224,INTERCEPT,-23.33121358,-21.93570717,-1.39550642,-0.05249125
CP01-R0239,239,240,224,CEMENT,0.11980433,0.11966053,0.00014381,0.01694056
CP01-R0239,239,240,224,SLAG,0.10386581,0.10352770,0.00033810,0.03335741
CP01-R0239,239,240,224,FLY_ASH,0.08793432,0.08780958,0.00012474,0.00991342
CP01-R0239,239,240,224,WATER,-0.14991842,-0.15184282,0.00192440,0.04789812
CP01-R0239,239,240,224,SUPERPLASTICIZER,0.29222460,0.28720585,0.00501875,0.05372006
CP01-R0239,239,240,224,COARSE_AGGREGATE,0.01808621,0.01746489,0.00062133,0.06615324
CP01-R0239,239,240,224,FINE_AGGREGATE,0.02019035,0.01974761,0.00044274,0.04137076
CP01-R0239,239,240,224,AGE,0.11422207,0.11401350,0.00020857,0.03843103
CP01-R0368,368,369,225,INTERCEPT,-23.33121358,-24.87703265,1.54581907,0.05814519
CP01-R0368,368,369,225,CEMENT,0.11980433,0.12023251,-0.00042818,-0.05043904
CP01-R0368,368,369,225,SLAG,0.10386581,0.10428230,-0.00041650,-0.04109148
CP01-R0368,368,369,225,FLY_ASH,0.08793432,0.08823080,-0.00029648,-0.02356127
CP01-R0368,368,369,225,WATER,-0.14991842,-0.14702836,-0.00289006,-0.07193314
CP01-R0368,368,369,225,SUPERPLASTICIZER,0.29222460,0.29484438,-0.00261979,-0.02804188
CP01-R0368,368,369,225,COARSE_AGGREGATE,0.01808621,0.01848386,-0.00039764,-0.04233715
CP01-R0368,368,369,225,FINE_AGGREGATE,0.02019035,0.02076165,-0.00057130,-0.05338395
CP01-R0368,368,369,225,AGE,0.11422207,0.11408812,0.00013395,0.02468085
CP01-R0954,954,955,226,INTERCEPT,-23.33121358,-23.54389821,0.21268462,0.00800002
CP01-R0954,954,955,226,CEMENT,0.11980433,0.11968360,0.00012074,0.01422287
CP01-R0954,954,955,226,SLAG,0.10386581,0.10368151,0.00018430,0.01818328
CP01-R0954,954,955,226,FLY_ASH,0.08793432,0.08801841,-0.00008409,-0.00668251
CP01-R0954,954,955,226,WATER,-0.14991842,-0.14826695,-0.00165146,-0.04110469
CP01-R0954,954,955,226,SUPERPLASTICIZER,0.29222460,0.29717520,-0.00495060,-0.05299067
CP01-R0954,954,955,226,COARSE_AGGREGATE,0.01808621,0.01807892,0.00000730,0.00077698
CP01-R0954,954,955,226,FINE_AGGREGATE,0.02019035,0.02011913,0.00007123,0.00665551
CP01-R0954,954,955,226,AGE,0.11422207,0.11412502,0.00009705,0.01788242
CP01-R0410,410,411,227,INTERCEPT,-23.33121358,-24.19794163,0.86672805,0.03260153
CP01-R0410,410,411,227,CEMENT,0.11980433,0.12002652,-0.00022219,-0.02617383
CP01-R0410,410,411,227,SLAG,0.10386581,0.10436990,-0.00050410,-0.04973417
CP01-R0410,410,411,227,FLY_ASH,0.08793432,0.08864023,-0.00070591,-0.05609854
CP01-R0410,410,411,227,WATER,-0.14991842,-0.14897878,-0.00093964,-0.02338745
CP01-R0410,410,411,227,SUPERPLASTICIZER,0.29222460,0.29188330,0.00034129,0.00365313
CP01-R0410,410,411,227,COARSE_AGGREGATE,0.01808621,0.01846169,-0.00037548,-0.03997728
CP01-R0410,410,411,227,FINE_AGGREGATE,0.02019035,0.02046842,-0.00027807,-0.02598354
CP01-R0410,410,411,227,AGE,0.11422207,0.11412611,0.00009595,0.01768025
CP01-R0962,962,963,228,INTERCEPT,-23.33121358,-24.56973538,1.23852179,0.04658636
CP01-R0962,962,963,228,CEMENT,0.11980433,0.12020342,-0.00039909,-0.04701242
CP01-R0962,962,963,228,SLAG,0.10386581,0.10454319,-0.00067738,-0.06683047
CP01-R0962,962,963,228,FLY_ASH,0.08793432,0.08879222,-0.00085790,-0.06817782
CP01-R0962,962,963,228,WATER,-0.14991842,-0.14839747,-0.00152095,-0.03785613
CP01-R0962,962,963,228,SUPERPLASTICIZER,0.29222460,0.29303000,-0.00080540,-0.00862091
CP01-R0962,962,963,228,COARSE_AGGREGATE,0.01808621,0.01850047,-0.00041425,-0.04410579
CP01-R0962,962,963,228,FINE_AGGREGATE,0.02019035,0.02060731,-0.00041696,-0.03896174
CP01-R0962,962,963,228,AGE,0.11422207,0.11437106,-0.00014899,-0.02745234
CP01-R0891,891,892,229,INTERCEPT,-23.33121358,-23.56837394,0.23716035,0.00892066
CP01-R0891,891,892,229,CEMENT,0.11980433,0.11969084,0.00011350,0.01337012
CP01-R0891,891,892,229,SLAG,0.10386581,0.10369058,0.00017523,0.01728818
CP01-R0891,891,892,229,FLY_ASH,0.08793432,0.08802598,-0.00009166,-0.00728431
CP01-R0891,891,892,229,WATER,-0.14991842,-0.14823934,-0.00167908,-0.04179206
CP01-R0891,891,892,229,SUPERPLASTICIZER,0.29222460,0.29718380,-0.00495920,-0.05308269
CP01-R0891,891,892,229,COARSE_AGGREGATE,0.01808621,0.01808763,-0.00000142,-0.00015082
CP01-R0891,891,892,229,FINE_AGGREGATE,0.02019035,0.02012909,0.00006126,0.00572427
CP01-R0891,891,892,229,AGE,0.11422207,0.11412567,0.00009640,0.01776202
CP01-R0320,320,321,230,INTERCEPT,-23.33121358,-24.06099249,0.72977890,0.02745026
CP01-R0320,320,321,230,CEMENT,0.11980433,0.11986981,-0.00006547,-0.00771263
CP01-R0320,320,321,230,SLAG,0.10386581,0.10387943,-0.00001362,-0.00134379
CP01-R0320,320,321,230,FLY_ASH,0.08793432,0.08804008,-0.00010576,-0.00840474
CP01-R0320,320,321,230,WATER,-0.14991842,-0.14899695,-0.00092147,-0.02293519
CP01-R0320,320,321,230,SUPERPLASTICIZER,0.29222460,0.29630222,-0.00407763,-0.04364643
CP01-R0320,320,321,230,COARSE_AGGREGATE,0.01808621,0.01833724,-0.00025103,-0.02672690
CP01-R0320,320,321,230,FINE_AGGREGATE,0.02019035,0.02056244,-0.00037209,-0.03476893
CP01-R0320,320,321,230,AGE,0.11422207,0.11412566,0.00009640,0.01776335
CP01-R1013,1013,1014,231,INTERCEPT,-23.33121358,-24.35514462,1.02393104,0.03851464
CP01-R1013,1013,1014,231,CEMENT,0.11980433,0.11996496,-0.00016062,-0.01892105
CP01-R1013,1013,1014,231,SLAG,0.10386581,0.10396333,-0.00009752,-0.00962135
CP01-R1013,1013,1014,231,FLY_ASH,0.08793432,0.08837437,-0.00044005,-0.03497076
CP01-R1013,1013,1014,231,WATER,-0.14991842,-0.14837148,-0.00154694,-0.03850316
CP01-R1013,1013,1014,231,SUPERPLASTICIZER,0.29222460,0.29344378,-0.00121918,-0.01304996
CP01-R1013,1013,1014,231,COARSE_AGGREGATE,0.01808621,0.01853981,-0.00045359,-0.04829460
CP01-R1013,1013,1014,231,FINE_AGGREGATE,0.02019035,0.02044788,-0.00025753,-0.02406402
CP01-R1013,1013,1014,231,AGE,0.11422207,0.11427676,-0.00005470,-0.01007820
CP01-R0457,457,458,232,INTERCEPT,-23.33121358,-22.14941660,-1.18179699,-0.04445268
CP01-R0457,457,458,232,CEMENT,0.11980433,0.11961695,0.00018739,0.02207389
CP01-R0457,457,458,232,SLAG,0.10386581,0.10362659,0.00023921,0.02360091
CP01-R0457,457,458,232,FLY_ASH,0.08793432,0.08750661,0.00042771,0.03399030
CP01-R0457,457,458,232,WATER,-0.14991842,-0.15127764,0.00135922,0.03383081
CP01-R0457,457,458,232,SUPERPLASTICIZER,0.29222460,0.29098862,0.00123597,0.01322969
CP01-R0457,457,458,232,COARSE_AGGREGATE,0.01808621,0.01771073,0.00037548,0.03997803
CP01-R0457,457,458,232,FINE_AGGREGATE,0.02019035,0.01957223,0.00061812,0.05775950
CP01-R0457,457,458,232,AGE,0.11422207,0.11410877,0.00011329,0.02087555
CP01-R0168,168,169,233,INTERCEPT,-23.33121358,-22.31257182,-1.01864176,-0.03831568
CP01-R0168,168,169,233,CEMENT,0.11980433,0.11922988,0.00057445,0.06767007
CP01-R0168,168,169,233,SLAG,0.10386581,0.10331683,0.00054898,0.05416202
CP01-R0168,168,169,233,FLY_ASH,0.08793432,0.08737424,0.00056008,0.04450961
CP01-R0168,168,169,233,WATER,-0.14991842,-0.15110723,0.00118881,0.02958935
CP01-R0168,168,169,233,SUPERPLASTICIZER,0.29222460,0.29271806,-0.00049346,-0.00528198
CP01-R0168,168,169,233,COARSE_AGGREGATE,0.01808621,0.01790031,0.00018591,0.01979362
CP01-R0168,168,169,233,FINE_AGGREGATE,0.02019035,0.01967752,0.00051283,0.04792077
CP01-R0168,168,169,233,AGE,0.11422207,0.11407220,0.00014987,0.02761439
CP01-R0159,159,160,234,INTERCEPT,-23.33121358,-22.15500541,-1.17620817,-0.04424246
CP01-R0159,159,160,234,CEMENT,0.11980433,0.11927555,0.00052878,0.06228990
CP01-R0159,159,160,234,SLAG,0.10386581,0.10327959,0.00058621,0.05783607
CP01-R0159,159,160,234,FLY_ASH,0.08793432,0.08746179,0.00047253,0.03755226
CP01-R0159,159,160,234,WATER,-0.14991842,-0.15172074,0.00180232,0.04485956
CP01-R0159,159,160,234,SUPERPLASTICIZER,0.29222460,0.28958701,0.00263759,0.02823241
CP01-R0159,159,160,234,COARSE_AGGREGATE,0.01808621,0.01777101,0.00031521,0.03356055
CP01-R0159,159,160,234,FINE_AGGREGATE,0.02019035,0.01977836,0.00041199,0.03849799
CP01-R0159,159,160,234,AGE,0.11422207,0.11419226,0.00002981,0.00549295
CP01-R0856,856,857,235,INTERCEPT,-23.33121358,-24.32664699,0.99543340,0.03744271
CP01-R0856,856,857,235,CEMENT,0.11980433,0.11996077,-0.00015644,-0.01842824
CP01-R0856,856,857,235,SLAG,0.10386581,0.10395981,-0.00009400,-0.00927428
CP01-R0856,856,857,235,FLY_ASH,0.08793432,0.08837111,-0.00043679,-0.03471210
CP01-R0856,856,857,235,WATER,-0.14991842,-0.14842396,-0.00149446,-0.03719689
CP01-R0856,856,857,235,SUPERPLASTICIZER,0.29222460,0.29328619,-0.00106159,-0.01136314
CP01-R0856,856,857,235,COARSE_AGGREGATE,0.01808621,0.01852897,-0.00044276,-0.04714083
CP01-R0856,856,857,235,FINE_AGGREGATE,0.02019035,0.02044039,-0.00025004,-0.02336467
CP01-R0856,856,857,235,AGE,0.11422207,0.11427691,-0.00005484,-0.01010494
CP01-R0819,819,820,236,INTERCEPT,-23.33121358,-22.41516337,-0.91605022,-0.03445676
CP01-R0819,819,820,236,CEMENT,0.11980433,0.11935707,0.00044727,0.05268788
CP01-R0819,819,820,236,SLAG,0.10386581,0.10357580,0.00029001,0.02861197
CP01-R0819,819,820,236,FLY_ASH,0.08793432,0.08754435,0.00038997,0.03099101
CP01-R0819,819,820,236,WATER,-0.14991842,-0.15096138,0.00104296,0.02595916
CP01-R0819,819,820,236,SUPERPLASTICIZER,0.29222460,0.29293580,-0.00071121,-0.00761266
CP01-R0819,819,820,236,COARSE_AGGREGATE,0.01808621,0.01763741,0.00044880,0.04778436
CP01-R0819,819,820,236,FINE_AGGREGATE,0.02019035,0.02001057,0.00017978,0.01679949
CP01-R0819,819,820,236,AGE,0.11422207,0.11431609,-0.00009402,-0.01732477
CP01-R0705,705,706,237,INTERCEPT,-23.33121358,-22.88746575,-0.44374784,-0.01669135
CP01-R0705,705,706,237,CEMENT,0.11980433,0.11965507,0.00014926,0.01758291
CP01-R0705,705,706,237,SLAG,0.10386581,0.10384608,0.00001973,0.00194649
CP01-R0705,705,706,237,FLY_ASH,0.08793432,0.08766120,0.00027312,0.02170491
CP01-R0705,705,706,237,WATER,-0.14991842,-0.15009141,0.00017299,0.00430571
CP01-R0705,705,706,237,SUPERPLASTICIZER,0.29222460,0.29036564,0.00185895,0.01989799
CP01-R0705,705,706,237,COARSE_AGGREGATE,0.01808621,0.01797188,0.00011433,0.01217287
CP01-R0705,705,706,237,FINE_AGGREGATE,0.02019035,0.01992644,0.00026391,0.02466082
CP01-R0705,705,706,237,AGE,0.11422207,0.11396347,0.00025860,0.04764924
CP01-R0718,718,719,238,INTERCEPT,-23.33121358,-23.25324369,-0.07796990,-0.00293280
CP01-R0718,718,719,238,CEMENT,0.11980433,0.11961528,0.00018906,0.02227083
CP01-R0718,718,719,238,SLAG,0.10386581,0.10396535,-0.00009954,-0.00982056
CP01-R0718,718,719,238,FLY_ASH,0.08793432,0.08770813,0.00022619,0.01797533
CP01-R0718,718,719,238,WATER,-0.14991842,-0.14964766,-0.00027076,-0.00673925
CP01-R0718,718,719,238,SUPERPLASTICIZER,0.29222460,0.29145283,0.00077176,0.00826085
CP01-R0718,718,719,238,COARSE_AGGREGATE,0.01808621,0.01807526,0.00001096,0.00116670
CP01-R0718,718,719,238,FINE_AGGREGATE,0.02019035,0.02014909,0.00004126,0.00385526
CP01-R0718,718,719,238,AGE,0.11422207,0.11403148,0.00019059,0.03511758
CP01-R0419,419,420,239,INTERCEPT,-23.33121358,-25.14961186,1.81839827,0.06839811
CP01-R0419,419,420,239,CEMENT,0.11980433,0.12023263,-0.00042829,-0.05045247
CP01-R0419,419,420,239,SLAG,0.10386581,0.10428508,-0.00041927,-0.04136572
CP01-R0419,419,420,239,FLY_ASH,0.08793432,0.08865348,-0.00071916,-0.05715157
CP01-R0419,419,420,239,WATER,-0.14991842,-0.14693801,-0.00298041,-0.07418187
CP01-R0419,419,420,239,SUPERPLASTICIZER,0.29222460,0.29551273,-0.00328814,-0.03519582
CP01-R0419,419,420,239,COARSE_AGGREGATE,0.01808621,0.01875012,-0.00066391,-0.07068701
CP01-R0419,419,420,239,FINE_AGGREGATE,0.02019035,0.02075886,-0.00056851,-0.05312307
CP01-R0419,419,420,239,AGE,0.11422207,0.11406702,0.00015505,0.02856893
CP01-R0446,446,447,240,INTERCEPT,-23.33121358,-23.08475829,-0.24645529,-0.00927029
CP01-R0446,446,447,240,CEMENT,0.11980433,0.11962706,0.00017728,0.02088302
CP01-R0446,446,447,240,SLAG,0.10386581,0.10361993,0.00024588,0.02425842
CP01-R0446,446,447,240,FLY_ASH,0.08793432,0.08735561,0.00057871,0.04599000
CP01-R0446,446,447,240,WATER,-0.14991842,-0.14929002,-0.00062840,-0.01564071
CP01-R0446,446,447,240,SUPERPLASTICIZER,0.29222460,0.29861915,-0.00639456,-0.06844659
CP01-R0446,446,447,240,COARSE_AGGREGATE,0.01808621,0.01803075,0.00005547,0.00590585
CP01-R0446,446,447,240,FINE_AGGREGATE,0.02019035,0.01986601,0.00032434,0.03030716
CP01-R0446,446,447,240,AGE,0.11422207,0.11411017,0.00011189,0.02061758
CP01-R0369,369,370,241,INTERCEPT,-23.33121358,-24.60392676,1.27271317,0.04787245
CP01-R0369,369,370,241,CEMENT,0.11980433,0.12015194,-0.00034760,-0.04094744
CP01-R0369,369,370,241,SLAG,0.10386581,0.10418601,-0.00032020,-0.03159065
CP01-R0369,369,370,241,FLY_ASH,0.08793432,0.08814276,-0.00020844,-0.01656501
CP01-R0369,369,370,241,WATER,-0.14991842,-0.14740461,-0.00251381,-0.06256836
CP01-R0369,369,370,241,SUPERPLASTICIZER,0.29222460,0.29453367,-0.00230907,-0.02471603
CP01-R0369,369,370,241,COARSE_AGGREGATE,0.01808621,0.01841010,-0.00032389,-0.03448452
CP01-R0369,369,370,241,FINE_AGGREGATE,0.02019035,0.02064774,-0.00045739,-0.04274031
CP01-R0369,369,370,241,AGE,0.11422207,0.11395303,0.00026904,0.04957213
CP01-R0520,520,521,242,INTERCEPT,-23.33121358,-24.90024729,1.56903370,0.05901839
CP01-R0520,520,521,242,CEMENT,0.11980433,0.12005864,-0.00025431,-0.02995718
CP01-R0520,520,521,242,SLAG,0.10386581,0.10426778,-0.00040197,-0.03965846
CP01-R0520,520,521,242,FLY_ASH,0.08793432,0.08804151,-0.00010719,-0.00851864
CP01-R0520,520,521,242,WATER,-0.14991842,-0.14766334,-0.00225508,-0.05612852
CP01-R0520,520,521,242,SUPERPLASTICIZER,0.29222460,0.29768236,-0.00545776,-0.05841921
CP01-R0520,520,521,242,COARSE_AGGREGATE,0.01808621,0.01876496,-0.00067875,-0.07226708
CP01-R0520,520,521,242,FINE_AGGREGATE,0.02019035,0.02063959,-0.00044924,-0.04197798
CP01-R0520,520,521,242,AGE,0.11422207,0.11425023,-0.00002816,-0.00518880
CP01-R0169,169,170,243,INTERCEPT,-23.33121358,-23.38783792,0.05662434,0.00212990
CP01-R0169,169,170,243,CEMENT,0.11980433,0.11976537,0.00003897,0.00459040
CP01-R0169,169,170,243,SLAG,0.10386581,0.10377629,0.00008952,0.00883218
CP01-R0169,169,170,243,FLY_ASH,0.08793432,0.08759905,0.00033527,0.02664404
CP01-R0169,169,170,243,WATER,-0.14991842,-0.14957265,-0.00034577,-0.00860605
CP01-R0169,169,170,243,SUPERPLASTICIZER,0.29222460,0.29903948,-0.00681488,-0.07294567
CP01-R0169,169,170,243,COARSE_AGGREGATE,0.01808621,0.01808638,-0.00000016,-0.00001728
CP01-R0169,169,170,243,FINE_AGGREGATE,0.02019035,0.02017523,0.00001512,0.00141250
CP01-R0169,169,170,243,AGE,0.11422207,0.11432489,-0.00010282,-0.01894534
CP01-R0559,559,560,244,INTERCEPT,-23.33121358,-23.47805380,0.14684022,0.00552332
CP01-R0559,559,560,244,CEMENT,0.11980433,0.11996707,-0.00016273,-0.01917003
CP01-R0559,559,560,244,SLAG,0.10386581,0.10423186,-0.00036605,-0.03611447
CP01-R0559,559,560,244,FLY_ASH,0.08793432,0.08811804,-0.00018372,-0.01459993
CP01-R0559,559,560,244,WATER,-0.14991842,-0.15026030,0.00034188,0.00850929
CP01-R0559,559,560,244,SUPERPLASTICIZER,0.29222460,0.28778062,0.00444398,0.04756782
CP01-R0559,559,560,244,COARSE_AGGREGATE,0.01808621,0.01821963,-0.00013341,-0.01420442
CP01-R0559,559,560,244,FINE_AGGREGATE,0.02019035,0.02024756,-0.00005721,-0.00534600
CP01-R0559,559,560,244,AGE,0.11422207,0.11407969,0.00014238,0.02623464
CP01-R0365,365,366,245,INTERCEPT,-23.33121358,-21.80018037,-1.53103322,-0.05758902
CP01-R0365,365,366,245,CEMENT,0.11980433,0.11937353,0.00043080,0.05074797
CP01-R0365,365,366,245,SLAG,0.10386581,0.10342232,0.00044349,0.04375444
CP01-R0365,365,366,245,FLY_ASH,0.08793432,0.08759206,0.00034227,0.02719994
CP01-R0365,365,366,245,WATER,-0.14991842,-0.15259763,0.00267921,0.06668513
CP01-R0365,365,366,245,SUPERPLASTICIZER,0.29222460,0.28983732,0.00238727,0.02555306
CP01-R0365,365,366,245,COARSE_AGGREGATE,0.01808621,0.01768760,0.00039861,0.04244051
CP01-R0365,365,366,245,FINE_AGGREGATE,0.02019035,0.01960683,0.00058352,0.05452621
CP01-R0365,365,366,245,AGE,0.11422207,0.11413825,0.00008382,0.01544442
CP01-R0524,524,525,246,INTERCEPT,-23.33121358,-23.10885937,-0.22235422,-0.00836374
CP01-R0524,524,525,246,CEMENT,0.11980433,0.11944118,0.00036316,0.04277977
CP01-R0524,524,525,246,SLAG,0.10386581,0.10358297,0.00028284,0.02790525
CP01-R0524,524,525,246,FLY_ASH,0.08793432,0.08724948,0.00068484,0.05442468
CP01-R0524,524,525,246,WATER,-0.14991842,-0.14941150,-0.00050692,-0.01261717
CP01-R0524,524,525,246,SUPERPLASTICIZER,0.29222460,0.29579403,-0.00356944,-0.03820680
CP01-R0524,524,525,246,COARSE_AGGREGATE,0.01808621,0.01805999,0.00002623,0.00279226
CP01-R0524,524,525,246,FINE_AGGREGATE,0.02019035,0.01998229,0.00020806,0.01944162
CP01-R0524,524,525,246,AGE,0.11422207,0.11417690,0.00004517,0.00832349
CP01-R0528,528,529,247,INTERCEPT,-23.33121358,-23.53739896,0.20618538,0.00775556
CP01-R0528,528,529,247,CEMENT,0.11980433,0.12016133,-0.00035700,-0.04205408
CP01-R0528,528,529,247,SLAG,0.10386581,0.10413429,-0.00026848,-0.02648877
CP01-R0528,528,529,247,FLY_ASH,0.08793432,0.08860093,-0.00066661,-0.05297536
CP01-R0528,528,529,247,WATER,-0.14991842,-0.15039566,0.00047724,0.01187834
CP01-R0528,528,529,247,SUPERPLASTICIZER,0.29222460,0.28869002,0.00353458,0.03783368
CP01-R0528,528,529,247,COARSE_AGGREGATE,0.01808621,0.01810661,-0.00002040,-0.00217192
CP01-R0528,528,529,247,FINE_AGGREGATE,0.02019035,0.02038672,-0.00019637,-0.01834932
CP01-R0528,528,529,247,AGE,0.11422207,0.11419587,0.00002620,0.00482693
CP01-R0480,480,481,248,INTERCEPT,-23.33121358,-22.61342332,-0.71779027,-0.02699931
CP01-R0480,480,481,248,CEMENT,0.11980433,0.11986077,-0.00005644,-0.00664856
CP01-R0480,480,481,248,SLAG,0.10386581,0.10367591,0.00018990,0.01873582
CP01-R0480,480,481,248,FLY_ASH,0.08793432,0.08789890,0.00003542,0.00281464
CP01-R0480,480,481,248,WATER,-0.14991842,-0.15115526,0.00123684,0.03078465
CP01-R0480,480,481,248,SUPERPLASTICIZER,0.29222460,0.29155176,0.00067284,0.00720199
CP01-R0480,480,481,248,COARSE_AGGREGATE,0.01808621,0.01788118,0.00020503,0.02182984
CP01-R0480,480,481,248,FINE_AGGREGATE,0.02019035,0.01983982,0.00035054,0.03275521
CP01-R0480,480,481,248,AGE,0.11422207,0.11410514,0.00011692,0.02154446
CP01-R0701,701,702,249,INTERCEPT,-23.33121358,-23.06512479,-0.26608879,-0.01000879
CP01-R0701,701,702,249,CEMENT,0.11980433,0.11964131,0.00016303,0.01920467
CP01-R0701,701,702,249,SLAG,0.10386581,0.10395952,-0.00009371,-0.00924546
CP01-R0701,701,702,249,FLY_ASH,0.08793432,0.08776195,0.00017237,0.01369842
CP01-R0701,701,702,249,WATER,-0.14991842,-0.15035814,0.00043972,0.01094462
CP01-R0701,701,702,249,SUPERPLASTICIZER,0.29222460,0.28909247,0.00313212,0.03352586
CP01-R0701,701,702,249,COARSE_AGGREGATE,0.01808621,0.01792945,0.00015677,0.01669122
CP01-R0701,701,702,249,FINE_AGGREGATE,0.02019035,0.02025656,-0.00006620,-0.00618633
CP01-R0701,701,702,249,AGE,0.11422207,0.11409638,0.00012569,0.02315922
CP01-R0386,386,387,250,INTERCEPT,-23.33121358,-23.58797851,0.25676493,0.00965808
CP01-R0386,386,387,250,CEMENT,0.11980433,0.11957102,0.00023332,0.02748482
CP01-R0386,386,387,250,SLAG,0.10386581,0.10386083,0.00000498,0.00049144
CP01-R0386,386,387,250,FLY_ASH,0.08793432,0.08784515,0.00008917,0.00708641
CP01-R0386,386,387,250,WATER,-0.14991842,-0.14915600,-0.00076242,-0.01897652
CP01-R0386,386,387,250,SUPERPLASTICIZER,0.29222460,0.29626535,-0.00404075,-0.04325172
CP01-R0386,386,387,250,COARSE_AGGREGATE,0.01808621,0.01832990,-0.00024369,-0.02594569
CP01-R0386,386,387,250,FINE_AGGREGATE,0.02019035,0.02008174,0.00010861,0.01014914
CP01-R0386,386,387,250,AGE,0.11422207,0.11426164,-0.00003957,-0.00729129
CP01-R0141,141,142,251,INTERCEPT,-23.33121358,-22.81675334,-0.51446025,-0.01935116
CP01-R0141,141,142,251,CEMENT,0.11980433,0.11960697,0.00019736,0.02324897
CP01-R0141,141,142,251,SLAG,0.10386581,0.10343924,0.00042657,0.04208525
CP01-R0141,141,142,251,FLY_ASH,0.08793432,0.08775186,0.00018247,0.01450059
CP01-R0141,141,142,251,WATER,-0.14991842,-0.15031337,0.00039495,0.00983028
CP01-R0141,141,142,251,SUPERPLASTICIZER,0.29222460,0.29081436,0.00141024,0.01509501
CP01-R0141,141,142,251,COARSE_AGGREGATE,0.01808621,0.01775267,0.00033354,0.03551238
CP01-R0141,141,142,251,FINE_AGGREGATE,0.02019035,0.02016469,0.00002566,0.00239809
CP01-R0141,141,142,251,AGE,0.11422207,0.11417517,0.00004690,0.00864160
CP01-R0929,929,930,252,INTERCEPT,-23.33121358,-22.56825802,-0.76295556,-0.02869818
CP01-R0929,929,930,252,CEMENT,0.11980433,0.11963695,0.00016739,0.01971787
CP01-R0929,929,930,252,SLAG,0.10386581,0.10380886,0.00005694,0.00561814
CP01-R0929,929,930,252,FLY_ASH,0.08793432,0.08812872,-0.00019440,-0.01544864
CP01-R0929,929,930,252,WATER,-0.14991842,-0.15073695,0.00081853,0.02037316
CP01-R0929,929,930,252,SUPERPLASTICIZER,0.29222460,0.29058039,0.00164421,0.01759942
CP01-R0929,929,930,252,COARSE_AGGREGATE,0.01808621,0.01783970,0.00024652,0.02624690
CP01-R0929,929,930,252,FINE_AGGREGATE,0.02019035,0.01978514,0.00040521,0.03786441
CP01-R0929,929,930,252,AGE,0.11422207,0.11419762,0.00002445,0.00450532
CP01-R0338,338,339,253,INTERCEPT,-23.33121358,-23.20806568,-0.12314790,-0.00463214
CP01-R0338,338,339,253,CEMENT,0.11980433,0.11976038,0.00004396,0.00517794
CP01-R0338,338,339,253,SLAG,0.10386581,0.10388831,-0.00002251,-0.00222042
CP01-R0338,338,339,253,FLY_ASH,0.08793432,0.08768776,0.00024656,0.01959407
CP01-R0338,338,339,253,WATER,-0.14991842,-0.14947299,-0.00044543,-0.01108662
CP01-R0338,338,339,253,SUPERPLASTICIZER,0.29222460,0.29168113,0.00054347,0.00581722
CP01-R0338,338,339,253,COARSE_AGGREGATE,0.01808621,0.01788425,0.00020197,0.02150355
CP01-R0338,338,339,253,FINE_AGGREGATE,0.02019035,0.02020264,-0.00001229,-0.00114845
CP01-R0338,338,339,253,AGE,0.11422207,0.11409932,0.00012275,0.02261817
CP01-R0456,456,457,254,INTERCEPT,-23.33121358,-23.34442233,0.01320874,0.00049684
CP01-R0456,456,457,254,CEMENT,0.11980433,0.11984213,-0.00003780,-0.00445245
CP01-R0456,456,457,254,SLAG,0.10386581,0.10391233,-0.00004652,-0.00458983
CP01-R0456,456,457,254,FLY_ASH,0.08793432,0.08763432,0.00030000,0.02384147
CP01-R0456,456,457,254,WATER,-0.14991842,-0.14952483,-0.00039358,-0.00979625
CP01-R0456,456,457,254,SUPERPLASTICIZER,0.29222460,0.29139939,0.00082521,0.00883290
CP01-R0456,456,457,254,COARSE_AGGREGATE,0.01808621,0.01796811,0.00011810,0.01257447
CP01-R0456,456,457,254,FINE_AGGREGATE,0.02019035,0.02026339,-0.00007304,-0.00682531
CP01-R0456,456,457,254,AGE,0.11422207,0.11410125,0.00012082,0.02226228
CP01-R0491,491,492,255,INTERCEPT,-23.33121358,-24.47421375,1.14300016,0.04299336
CP01-R0491,491,492,255,CEMENT,0.11980433,0.12036119,-0.00055685,-0.06559674
CP01-R0491,491,492,255,SLAG,0.10386581,0.10434159,-0.00047578,-0.04694072
CP01-R0491,491,492,255,FLY_ASH,0.08793432,0.08867411,-0.00073978,-0.05879091
CP01-R0491,491,492,255,WATER,-0.14991842,-0.14890602,-0.00101240,-0.02519853
CP01-R0491,491,492,255,SUPERPLASTICIZER,0.29222460,0.29153522,0.00068937,0.00737895
CP01-R0491,491,492,255,COARSE_AGGREGATE,0.01808621,0.01839440,-0.00030819,-0.03281275
CP01-R0491,491,492,255,FINE_AGGREGATE,0.02019035,0.02076811,-0.00057776,-0.05398764
CP01-R0491,491,492,255,AGE,0.11422207,0.11416496,0.00005711,0.01052263
CP01-R0327,327,328,256,INTERCEPT,-23.33121358,-23.93249578,0.60128219,0.02261692
CP01-R0327,327,328,256,CEMENT,0.11980433,0.12007114,-0.00026681,-0.03142991
CP01-R0327,327,328,256,SLAG,0.10386581,0.10421826,-0.00035245,-0.03477289
CP01-R0327,327,328,256,FLY_ASH,0.08793432,0.08827672,-0.00034240,-0.02721061
CP01-R0327,327,328,256,WATER,-0.14991842,-0.14868365,-0.00123477,-0.03073317
CP01-R0327,327,328,256,SUPERPLASTICIZER,0.29222460,0.29020059,0.00202401,0.02166471
CP01-R0327,327,328,256,COARSE_AGGREGATE,0.01808621,0.01824998,-0.00016376,-0.01743616
CP01-R0327,327,328,256,FINE_AGGREGATE,0.02019035,0.02031775,-0.00012739,-0.01190415
CP01-R0327,327,328,256,AGE,0.11422207,0.11419345,0.00002862,0.00527302
CP01-R0370,370,371,257,INTERCEPT,-23.33121358,-23.45403555,0.12282197,0.00461988
CP01-R0370,370,371,257,CEMENT,0.11980433,0.11967836,0.00012598,0.01484019
CP01-R0370,370,371,257,SLAG,0.10386581,0.10370841,0.00015740,0.01552864
CP01-R0370,370,371,257,FLY_ASH,0.08793432,0.08789908,0.00003524,0.00280038
CP01-R0370,370,371,257,WATER,-0.14991842,-0.14991031,-0.00000811,-0.00020188
CP01-R0370,370,371,257,SUPERPLASTICIZER,0.29222460,0.29538484,-0.00316024,-0.03382685
CP01-R0370,370,371,257,COARSE_AGGREGATE,0.01808621,0.01830890,-0.00022268,-0.02370915
CP01-R0370,370,371,257,FINE_AGGREGATE,0.02019035,0.02012842,0.00006193,0.00578701
CP01-R0370,370,371,257,AGE,0.11422207,0.11412425,0.00009782,0.01802412
CP01-R0460,460,461,258,INTERCEPT,-23.33121358,-22.58062490,-0.75058869,-0.02823301
CP01-R0460,460,461,258,CEMENT,0.11980433,0.11960432,0.00020001,0.02356116
CP01-R0460,460,461,258,SLAG,0.10386581,0.10340488,0.00046092,0.04547485
CP01-R0460,460,461,258,FLY_ASH,0.08793432,0.08728485,0.00064947,0.05161388
CP01-R0460,460,461,258,WATER,-0.14991842,-0.15050916,0.00059074,0.01470343
CP01-R0460,460,461,258,SUPERPLASTICIZER,0.29222460,0.29255875,-0.00033416,-0.00357678
CP01-R0460,460,461,258,COARSE_AGGREGATE,0.01808621,0.01776521,0.00032101,0.03417817
CP01-R0460,460,461,258,FINE_AGGREGATE,0.02019035,0.01992150,0.00026885,0.02512191
CP01-R0460,460,461,258,AGE,0.11422207,0.11395618,0.00026588,0.04899142
CP01-R0843,843,844,259,INTERCEPT,-23.33121358,-21.90831862,-1.42289497,-0.05352146
CP01-R0843,843,844,259,CEMENT,0.11980433,0.11927808,0.00052625,0.06199213
CP01-R0843,843,844,259,SLAG,0.10386581,0.10326858,0.00059723,0.05892278
CP01-R0843,843,844,259,FLY_ASH,0.08793432,0.08753742,0.00039690,0.03154215
CP01-R0843,843,844,259,WATER,-0.14991842,-0.15167534,0.00175693,0.04372960
CP01-R0843,843,844,259,SUPERPLASTICIZER,0.29222460,0.29292201,-0.00069741,-0.00746502
CP01-R0843,843,844,259,COARSE_AGGREGATE,0.01808621,0.01766248,0.00042374,0.04511549
CP01-R0843,843,844,259,FINE_AGGREGATE,0.02019035,0.01958119,0.00060916,0.05692197
CP01-R0843,843,844,259,AGE,0.11422207,0.11420480,0.00001727,0.00318147
CP01-R0353,353,354,260,INTERCEPT,-23.33121358,-23.51676976,0.18555617,0.00697960
CP01-R0353,353,354,260,CEMENT,0.11980433,0.11987318,-0.00006885,-0.00811036
CP01-R0353,353,354,260,SLAG,0.10386581,0.10394173,-0.00007592,-0.00749040
CP01-R0353,353,354,260,FLY_ASH,0.08793432,0.08769088,0.00024345,0.01934668
CP01-R0353,353,354,260,WATER,-0.14991842,-0.14914052,-0.00077790,-0.01936178
CP01-R0353,353,354,260,SUPERPLASTICIZER,0.29222460,0.29212844,0.00009616,0.00102926
CP01-R0353,353,354,260,COARSE_AGGREGATE,0.01808621,0.01801643,0.00006979,0.00743031
CP01-R0353,353,354,260,FINE_AGGREGATE,0.02019035,0.02031252,-0.00012217,-0.01141604
CP01-R0353,353,354,260,AGE,0.11422207,0.11409667,0.00012539,0.02310499
CP01-R0449,449,450,261,INTERCEPT,-23.33121358,-22.50185887,-0.82935472,-0.03119575
CP01-R0449,449,450,261,CEMENT,0.11980433,0.11958403,0.00022030,0.02595169
CP01-R0449,449,450,261,SLAG,0.10386581,0.10336794,0.00049787,0.04911958
CP01-R0449,449,450,261,FLY_ASH,0.08793432,0.08724102,0.00069331,0.05509724
CP01-R0449,449,450,261,WATER,-0.14991842,-0.15067380,0.00075538,0.01880130
CP01-R0449,449,450,261,SUPERPLASTICIZER,0.29222460,0.29265514,-0.00043055,-0.00460852
CP01-R0449,449,450,261,COARSE_AGGREGATE,0.01808621,0.01773081,0.00035541,0.03784043
CP01-R0449,449,450,261,FINE_AGGREGATE,0.02019035,0.01990429,0.00028606,0.02673081
CP01-R0449,449,450,261,AGE,0.11422207,0.11409734,0.00012473,0.02298182
CP01-R1000,1000,1001,262,INTERCEPT,-23.33121358,-21.85220108,-1.47901250,-0.05563229
CP01-R1000,1000,1001,262,CEMENT,0.11980433,0.11927296,0.00053137,0.06259503
CP01-R1000,1000,1001,262,SLAG,0.10386581,0.10326281,0.00060300,0.05949200
CP01-R1000,1000,1001,262,FLY_ASH,0.08793432,0.08753461,0.00039971,0.03176492
CP01-R1000,1000,1001,262,WATER,-0.14991842,-0.15179705,0.00187863,0.04675881
CP01-R1000,1000,1001,262,SUPERPLASTICIZER,0.29222460,0.29250905,-0.00028445,-0.00304475
CP01-R1000,1000,1001,262,COARSE_AGGREGATE,0.01808621,0.01764297,0.00044324,0.04719227
CP01-R1000,1000,1001,262,FINE_AGGREGATE,0.02019035,0.01956750,0.00062285,0.05820130
CP01-R1000,1000,1001,262,AGE,0.11422207,0.11420612,0.00001595,0.00293852
CP01-R0511,511,512,263,INTERCEPT,-23.33121358,-22.68624915,-0.64496444,-0.02426000
CP01-R0511,511,512,263,CEMENT,0.11980433,0.11992900,-0.00012467,-0.01468589
CP01-R0511,511,512,263,SLAG,0.10386581,0.10381313,0.00005268,0.00519779
CP01-R0511,511,512,263,FLY_ASH,0.08793432,0.08821727,-0.00028294,-0.02248572
CP01-R0511,511,512,263,WATER,-0.14991842,-0.15087251,0.00095409,0.02374720
CP01-R0511,511,512,263,SUPERPLASTICIZER,0.29222460,0.28824454,0.00398006,0.04260205
CP01-R0511,511,512,263,COARSE_AGGREGATE,0.01808621,0.01771277,0.00037345,0.03976117
CP01-R0511,511,512,263,FINE_AGGREGATE,0.02019035,0.02003791,0.00015244,0.01424429
CP01-R0511,511,512,263,AGE,0.11422207,0.11414622,0.00007585,0.01397658
CP01-R0448,448,449,264,INTERCEPT,-23.33121358,-22.53024686,-0.80096672,-0.03012795
CP01-R0448,448,449,264,CEMENT,0.11980433,0.11949838,0.00030596,0.03604168
CP01-R0448,448,449,264,SLAG,0.10386581,0.10330808,0.00055773,0.05502603
CP01-R0448,448,449,264,FLY_ASH,0.08793432,0.08714121,0.00079311,0.06302888
CP01-R0448,448,449,264,WATER,-0.14991842,-0.15041501,0.00049659,0.01236000
CP01-R0448,448,449,264,SUPERPLASTICIZER,0.29222460,0.29573878,-0.00351419,-0.03761546
CP01-R0448,448,449,264,COARSE_AGGREGATE,0.01808621,0.01777120,0.00031502,0.03354041
CP01-R0448,448,449,264,FINE_AGGREGATE,0.02019035,0.01984957,0.00034078,0.03184381
CP01-R0448,448,449,264,AGE,0.11422207,0.11411507,0.00010700,0.01971496
CP01-R0806,806,807,265,INTERCEPT,-23.33121358,-25.01497800,1.68376442,0.06333393
CP01-R0806,806,807,265,CEMENT,0.11980433,0.12015606,-0.00035172,-0.04143258
CP01-R0806,806,807,265,SLAG,0.10386581,0.10448043,-0.00061462,-0.06063862
CP01-R0806,806,807,265,FLY_ASH,0.08793432,0.08857117,-0.00063685,-0.05061045
CP01-R0806,806,807,265,WATER,-0.14991842,-0.14760923,-0.00230919,-0.05747542
CP01-R0806,806,807,265,SUPERPLASTICIZER,0.29222460,0.29631088,-0.00408628,-0.04373905
CP01-R0806,806,807,265,COARSE_AGGREGATE,0.01808621,0.01870317,-0.00061696,-0.06568798
CP01-R0806,806,807,265,FINE_AGGREGATE,0.02019035,0.02077426,-0.00058391,-0.05456215
CP01-R0806,806,807,265,AGE,0.11422207,0.11416460,0.00005747,0.01058911
CP01-R0040,40,41,266,INTERCEPT,-23.33121358,-23.20026797,-0.13094562,-0.00492545
CP01-R0040,40,41,266,CEMENT,0.11980433,0.11974101,0.00006333,0.00745971
CP01-R0040,40,41,266,SLAG,0.10386581,0.10396602,-0.00010022,-0.00988724
CP01-R0040,40,41,266,FLY_ASH,0.08793432,0.08789260,0.00004172,0.00331532
CP01-R0040,40,41,266,WATER,-0.14991842,-0.14960932,-0.00030910,-0.00769345
CP01-R0040,40,41,266,SUPERPLASTICIZER,0.29222460,0.29250392,-0.00027932,-0.00298983
CP01-R0040,40,41,266,COARSE_AGGREGATE,0.01808621,0.01803981,0.00004640,0.00494063
CP01-R0040,40,41,266,FINE_AGGREGATE,0.02019035,0.02001797,0.00017238,0.01610748
CP01-R0040,40,41,266,AGE,0.11422207,0.11446234,-0.00024027,-0.04427225
CP01-R0010,10,11,267,INTERCEPT,-23.33121358,-24.15178342,0.82056983,0.03086531
CP01-R0010,10,11,267,CEMENT,0.11980433,0.11997107,-0.00016673,-0.01964100
CP01-R0010,10,11,267,SLAG,0.10386581,0.10430309,-0.00043729,-0.04314267
CP01-R0010,10,11,267,FLY_ASH,0.08793432,0.08835027,-0.00041595,-0.03305556
CP01-R0010,10,11,267,WATER,-0.14991842,-0.14971417,-0.00020425,-0.00508379
CP01-R0010,10,11,267,SUPERPLASTICIZER,0.29222460,0.29181911,0.00040548,0.00434023
CP01-R0010,10,11,267,COARSE_AGGREGATE,0.01808621,0.01839444,-0.00030823,-0.03281709
CP01-R0010,10,11,267,FINE_AGGREGATE,0.02019035,0.02066708,-0.00047673,-0.04454743
CP01-R0010,10,11,267,AGE,0.11422207,0.11439425,-0.00017218,-0.03172566
CP01-R0492,492,493,268,INTERCEPT,-23.33121358,-24.65531498,1.32410139,0.04980539
CP01-R0492,492,493,268,CEMENT,0.11980433,0.12032910,-0.00052476,-0.06181650
CP01-R0492,492,493,268,SLAG,0.10386581,0.10431682,-0.00045101,-0.04449706
CP01-R0492,492,493,268,FLY_ASH,0.08793432,0.08858723,-0.00065291,-0.05188695
CP01-R0492,492,493,268,WATER,-0.14991842,-0.14837842,-0.00154000,-0.03833040
CP01-R0492,492,493,268,SUPERPLASTICIZER,0.29222460,0.29420424,-0.00197965,-0.02118992
CP01-R0492,492,493,268,COARSE_AGGREGATE,0.01808621,0.01846921,-0.00038300,-0.04077829
CP01-R0492,492,493,268,FINE_AGGREGATE,0.02019035,0.02078128,-0.00059093,-0.05521801
CP01-R0492,492,493,268,AGE,0.11422207,0.11417659,0.00004548,0.00838000
CP01-R0558,558,559,269,INTERCEPT,-23.33121358,-23.47153713,0.14032354,0.00527820
CP01-R0558,558,559,269,CEMENT,0.11980433,0.11990249,-0.00009816,-0.01156301
CP01-R0558,558,559,269,SLAG,0.10386581,0.10415855,-0.00029274,-0.02888154
CP01-R0558,558,559,269,FLY_ASH,0.08793432,0.08802619,-0.00009187,-0.00730095
CP01-R0558,558,559,269,WATER,-0.14991842,-0.15018713,0.00026871,0.00668817
CP01-R0558,558,559,269,SUPERPLASTICIZER,0.29222460,0.28861415,0.00361044,0.03864575
CP01-R0558,558,559,269,COARSE_AGGREGATE,0.01808621,0.01823432,-0.00014810,-0.01576852
CP01-R0558,558,559,269,FINE_AGGREGATE,0.02019035,0.02023344,-0.00004309,-0.00402602
CP01-R0558,558,559,269,AGE,0.11422207,0.11407803,0.00014404,0.02654065
CP01-R0721,721,722,270,INTERCEPT,-23.33121358,-23.33906857,0.00785498,0.00029546
CP01-R0721,721,722,270,CEMENT,0.11980433,0.11975418,0.00005016,0.00590837
CP01-R0721,721,722,270,SLAG,0.10386581,0.10352175,0.00034405,0.03394448
CP01-R0721,721,722,270,FLY_ASH,0.08793432,0.08778012,0.00015420,0.01225424
CP01-R0721,721,722,270,WATER,-0.14991842,-0.14975403,-0.00016439,-0.00409156
CP01-R0721,721,722,270,SUPERPLASTICIZER,0.29222460,0.29460923,-0.00238464,-0.02552486
CP01-R0721,721,722,270,COARSE_AGGREGATE,0.01808621,0.01805003,0.00003618,0.00385223
CP01-R0721,721,722,270,FINE_AGGREGATE,0.02019035,0.02024443,-0.00005408,-0.00505354
CP01-R0721,721,722,270,AGE,0.11422207,0.11412232,0.00009975,0.01838012
CP01-R0330,330,331,271,INTERCEPT,-23.33121358,-22.87536230,-0.45585128,-0.01714661
CP01-R0330,330,331,271,CEMENT,0.11980433,0.11963322,0.00017112,0.02015770
CP01-R0330,330,331,271,SLAG,0.10386581,0.10364597,0.00021984,0.02168904
CP01-R0330,330,331,271,FLY_ASH,0.08793432,0.08781923,0.00011510,0.00914669
CP01-R0330,330,331,271,WATER,-0.14991842,-0.15119152,0.00127310,0.03168718
CP01-R0330,330,331,271,SUPERPLASTICIZER,0.29222460,0.29266208,-0.00043748,-0.00468277
CP01-R0330,330,331,271,COARSE_AGGREGATE,0.01808621,0.01811473,-0.00002851,-0.00303588
CP01-R0330,330,331,271,FINE_AGGREGATE,0.02019035,0.01996969,0.00022066,0.02061885
CP01-R0330,330,331,271,AGE,0.11422207,0.11417329,0.00004878,0.00898780
CP01-R0002,2,3,272,INTERCEPT,-23.33121358,-24.08961752,0.75840394,0.02852697
CP01-R0002,2,3,272,CEMENT,0.11980433,0.11975745,0.00004688,0.00552243
CP01-R0002,2,3,272,SLAG,0.10386581,0.10403256,-0.00016675,-0.01645187
CP01-R0002,2,3,272,FLY_ASH,0.08793432,0.08806637,-0.00013205,-0.01049397
CP01-R0002,2,3,272,WATER,-0.14991842,-0.14821991,-0.00169850,-0.04227552
CP01-R0002,2,3,272,SUPERPLASTICIZER,0.29222460,0.29619023,-0.00396563,-0.04244763
CP01-R0002,2,3,272,COARSE_AGGREGATE,0.01808621,0.01824959,-0.00016338,-0.01739502
CP01-R0002,2,3,272,FINE_AGGREGATE,0.02019035,0.02051333,-0.00032298,-0.03017984
CP01-R0002,2,3,272,AGE,0.11422207,0.11427215,-0.00005008,-0.00922791
CP01-R0339,339,340,273,INTERCEPT,-23.33121358,-23.19565629,-0.13555729,-0.00509892
CP01-R0339,339,340,273,CEMENT,0.11980433,0.11975388,0.00005046,0.00594394
CP01-R0339,339,340,273,SLAG,0.10386581,0.10385083,0.00001498,0.00147814
CP01-R0339,339,340,273,FLY_ASH,0.08793432,0.08769323,0.00024109,0.01915976
CP01-R0339,339,340,273,WATER,-0.14991842,-0.14949321,-0.00042521,-0.01058330
CP01-R0339,339,340,273,SUPERPLASTICIZER,0.29222460,0.29188122,0.00034338,0.00367547
CP01-R0339,339,340,273,COARSE_AGGREGATE,0.01808621,0.01791121,0.00017501,0.01863335
CP01-R0339,339,340,273,FINE_AGGREGATE,0.02019035,0.02017341,0.00001694,0.00158314
CP01-R0339,339,340,273,AGE,0.11422207,0.11396522,0.00025685,0.04732624
CP01-R0260,260,261,274,INTERCEPT,-23.33121358,-23.98558412,0.65437053,0.02461381
CP01-R0260,260,261,274,CEMENT,0.11980433,0.11985452,-0.00005018,-0.00591123
CP01-R0260,260,261,274,SLAG,0.10386581,0.10391603,-0.00005022,-0.00495448
CP01-R0260,260,261,274,FLY_ASH,0.08793432,0.08808040,-0.00014608,-0.01160880
CP01-R0260,260,261,274,WATER,-0.14991842,-0.14924654,-0.00067188,-0.01672292
CP01-R0260,260,261,274,SUPERPLASTICIZER,0.29222460,0.29421106,-0.00198646,-0.02126286
CP01-R0260,260,261,274,COARSE_AGGREGATE,0.01808621,0.01831965,-0.00023344,-0.02485421
CP01-R0260,260,261,274,FINE_AGGREGATE,0.02019035,0.02055727,-0.00036692,-0.03428611
CP01-R0260,260,261,274,AGE,0.11422207,0.11414665,0.00007541,0.01389585
CP01-R0111,111,112,275,INTERCEPT,-23.33121358,-23.28011543,-0.05109815,-0.00192203
CP01-R0111,111,112,275,CEMENT,0.11980433,0.11984283,-0.00003849,-0.00453465
CP01-R0111,111,112,275,SLAG,0.10386581,0.10409405,-0.00022824,-0.02251784
CP01-R0111,111,112,275,FLY_ASH,0.08793432,0.08785296,0.00008136,0.00646594
CP01-R0111,111,112,275,WATER,-0.14991842,-0.15086111,0.00094269,0.02346345
CP01-R0111,111,112,275,SUPERPLASTICIZER,0.29222460,0.29170964,0.00051496,0.00551203
CP01-R0111,111,112,275,COARSE_AGGREGATE,0.01808621,0.01816746,-0.00008124,-0.00864981
CP01-R0111,111,112,275,FINE_AGGREGATE,0.02019035,0.02023185,-0.00004150,-0.00387794
CP01-R0111,111,112,275,AGE,0.11422207,0.11420486,0.00001721,0.00317134
CP01-R0481,481,482,276,INTERCEPT,-23.33121358,-22.68256322,-0.64865037,-0.02439865
CP01-R0481,481,482,276,CEMENT,0.11980433,0.11985534,-0.00005100,-0.00600815
CP01-R0481,481,482,276,SLAG,0.10386581,0.10369420,0.00017161,0.01693113
CP01-R0481,481,482,276,FLY_ASH,0.08793432,0.08790232,0.00003201,0.00254352
CP01-R0481,481,482,276,WATER,-0.14991842,-0.15103612,0.00111770,0.02781938
CP01-R0481,481,482,276,SUPERPLASTICIZER,0.29222460,0.29161657,0.00060803,0.00650827
CP01-R0481,481,482,276,COARSE_AGGREGATE,0.01808621,0.01790093,0.00018528,0.01972712
CP01-R0481,481,482,276,FINE_AGGREGATE,0.02019035,0.01987358,0.00031677,0.02960012
CP01-R0481,481,482,276,AGE,0.11422207,0.11411641,0.00010566,0.01946923
CP01-R0237,237,238,277,INTERCEPT,-23.33121358,-22.14448334,-1.18673025,-0.04463825
CP01-R0237,237,238,277,CEMENT,0.11980433,0.11969987,0.00010447,0.01230623
CP01-R0237,237,238,277,SLAG,0.10386581,0.10361596,0.00024985,0.02465043
CP01-R0237,237,238,277,FLY_ASH,0.08793432,0.08789081,0.00004351,0.00345812
CP01-R0237,237,238,277,WATER,-0.14991842,-0.15174031,0.00182189,0.04534650
CP01-R0237,237,238,277,SUPERPLASTICIZER,0.29222460,0.28760557,0.00461903,0.04944150
CP01-R0237,237,238,277,COARSE_AGGREGATE,0.01808621,0.01755261,0.00053361,0.05681388
CP01-R0237,237,238,277,FINE_AGGREGATE,0.02019035,0.01983748,0.00035287,0.03297367
CP01-R0237,237,238,277,AGE,0.11422207,0.11428350,-0.00006144,-0.01132021
CP01-R1011,1011,1012,278,INTERCEPT,-23.33121358,-23.38906861,0.05785502,0.00217619
CP01-R1011,1011,1012,278,CEMENT,0.11980433,0.11974364,0.00006069,0.00714966
CP01-R1011,1011,1012,278,SLAG,0.10386581,0.10397241,-0.00010660,-0.01051743
CP01-R1011,1011,1012,278,FLY_ASH,0.08793432,0.08771185,0.00022247,0.01767987
CP01-R1011,1011,1012,278,WATER,-0.14991842,-0.15068906,0.00077064,0.01918116
CP01-R1011,1011,1012,278,SUPERPLASTICIZER,0.29222460,0.29220628,0.00001831,0.00019603
CP01-R1011,1011,1012,278,COARSE_AGGREGATE,0.01808621,0.01826544,-0.00017923,-0.01908236
CP01-R1011,1011,1012,278,FINE_AGGREGATE,0.02019035,0.02022897,-0.00003862,-0.00360843
CP01-R1011,1011,1012,278,AGE,0.11422207,0.11432699,-0.00010492,-0.01933320
CP01-R0854,854,855,279,INTERCEPT,-23.33121358,-23.32579589,-0.00541770,-0.00020378
CP01-R0854,854,855,279,CEMENT,0.11980433,0.11973453,0.00006981,0.00822349
CP01-R0854,854,855,279,SLAG,0.10386581,0.10396127,-0.00009546,-0.00941800
CP01-R0854,854,855,279,FLY_ASH,0.08793432,0.08770628,0.00022805,0.01812287
CP01-R0854,854,855,279,WATER,-0.14991842,-0.15080600,0.00088758,0.02209168
CP01-R0854,854,855,279,SUPERPLASTICIZER,0.29222460,0.29187020,0.00035439,0.00379338
CP01-R0854,854,855,279,COARSE_AGGREGATE,0.01808621,0.01824304,-0.00015683,-0.01669749
CP01-R0854,854,855,279,FINE_AGGREGATE,0.02019035,0.02021025,-0.00001990,-0.00185980
CP01-R0854,854,855,279,AGE,0.11422207,0.11432762,-0.00010555,-0.01944928
CP01-R0315,315,316,280,INTERCEPT,-23.33121358,-23.43134112,0.10012753,0.00376625
CP01-R0315,315,316,280,CEMENT,0.11980433,0.11978301,0.00002132,0.00251186
CP01-R0315,315,316,280,SLAG,0.10386581,0.10380420,0.00006161,0.00607831
CP01-R0315,315,316,280,FLY_ASH,0.08793432,0.08794469,-0.00001037,-0.00082380
CP01-R0315,315,316,280,WATER,-0.14991842,-0.15035489,0.00043647,0.01086360
CP01-R0315,315,316,280,SUPERPLASTICIZER,0.29222460,0.29310911,-0.00088451,-0.00946772
CP01-R0315,315,316,280,COARSE_AGGREGATE,0.01808621,0.01815972,-0.00007350,-0.00782599
CP01-R0315,315,316,280,FINE_AGGREGATE,0.02019035,0.02035470,-0.00016435,-0.01535738
CP01-R0315,315,316,280,AGE,0.11422207,0.11417677,0.00004530,0.00834652
CP01-R0507,507,508,281,INTERCEPT,-23.33121358,-22.76294494,-0.56826865,-0.02137513
CP01-R0507,507,508,281,CEMENT,0.11980433,0.11935151,0.00045282,0.05334227
CP01-R0507,507,508,281,SLAG,0.10386581,0.10351433,0.00035148,0.03467711
CP01-R0507,507,508,281,FLY_ASH,0.08793432,0.08723173,0.00070259,0.05583524
CP01-R0507,507,508,281,WATER,-0.14991842,-0.15069458,0.00077616,0.01931861
CP01-R0507,507,508,281,SUPERPLASTICIZER,0.29222460,0.29521851,-0.00299391,-0.03204650
CP01-R0507,507,508,281,COARSE_AGGREGATE,0.01808621,0.01803528,0.00005093,0.00542272
CP01-R0507,507,508,281,FINE_AGGREGATE,0.02019035,0.01991784,0.00027251,0.02546397
CP01-R0507,507,508,281,AGE,0.11422207,0.11420895,0.00001311,0.00241647
CP01-R0032,32,33,282,INTERCEPT,-23.33121358,-23.18239344,-0.14882014,-0.00559779
CP01-R0032,32,33,282,CEMENT,0.11980433,0.11971656,0.00008778,0.01034019
CP01-R0032,32,33,282,SLAG,0.10386581,0.10381135,0.00005446,0.00537333
CP01-R0032,32,33,282,FLY_ASH,0.08793432,0.08783559,0.00009873,0.00784607
CP01-R0032,32,33,282,WATER,-0.14991842,-0.14989029,-0.00002813,-0.00070014
CP01-R0032,32,33,282,SUPERPLASTICIZER,0.29222460,0.29280098,-0.00057639,-0.00616956
CP01-R0032,32,33,282,COARSE_AGGREGATE,0.01808621,0.01801678,0.00006943,0.00739243
CP01-R0032,32,33,282,FINE_AGGREGATE,0.02019035,0.02010071,0.00008964,0.00837641
CP01-R0032,32,33,282,AGE,0.11422207,0.11463377,-0.00041170,-0.07585893
CP01-R0795,795,796,283,INTERCEPT,-23.33121358,-23.46424157,0.13302798,0.00500378
CP01-R0795,795,796,283,CEMENT,0.11980433,0.11977403,0.00003030,0.00356966
CP01-R0795,795,796,283,SLAG,0.10386581,0.10375211,0.00011370,0.01121754
CP01-R0795,795,796,283,FLY_ASH,0.08793432,0.08779541,0.00013892,0.01103967
CP01-R0795,795,796,283,WATER,-0.14991842,-0.14956277,-0.00035564,-0.00885195
CP01-R0795,795,796,283,SUPERPLASTICIZER,0.29222460,0.29226798,-0.00004338,-0.00046437
CP01-R0795,795,796,283,COARSE_AGGREGATE,0.01808621,0.01808698,-0.00000077,-0.00008196
CP01-R0795,795,796,283,FINE_AGGREGATE,0.02019035,0.02030412,-0.00011377,-0.01063095
CP01-R0795,795,796,283,AGE,0.11422207,0.11452866,-0.00030659,-0.05649149
CP01-R0946,946,947,284,INTERCEPT,-23.33121358,-23.44726644,0.11605286,0.00436527
CP01-R0946,946,947,284,CEMENT,0.11980433,0.12001279,-0.00020846,-0.02455646
CP01-R0946,946,947,284,SLAG,0.10386581,0.10392388,-0.00005808,-0.00572971
CP01-R0946,946,947,284,FLY_ASH,0.08793432,0.08796891,-0.00003459,-0.00274883
CP01-R0946,946,947,284,WATER,-0.14991842,-0.15062193,0.00070351,0.01751031
CP01-R0946,946,947,284,SUPERPLASTICIZER,0.29222460,0.28985931,0.00236528,0.02531767
CP01-R0946,946,947,284,COARSE_AGGREGATE,0.01808621,0.01819012,-0.00010391,-0.01106323
CP01-R0946,946,947,284,FINE_AGGREGATE,0.02019035,0.02028888,-0.00009853,-0.00920681
CP01-R0946,946,947,284,AGE,0.11422207,0.11430193,-0.00007986,-0.01471477
CP01-R0912,912,913,285,INTERCEPT,-23.33121358,-22.92577837,-0.40543522,-0.01525024
CP01-R0912,912,913,285,CEMENT,0.11980433,0.11956510,0.00023924,0.02818201
CP01-R0912,912,913,285,SLAG,0.10386581,0.10357668,0.00028913,0.02852578
CP01-R0912,912,913,285,FLY_ASH,0.08793432,0.08783104,0.00010329,0.00820810
CP01-R0912,912,913,285,WATER,-0.14991842,-0.14983525,-0.00008317,-0.00207013
CP01-R0912,912,913,285,SUPERPLASTICIZER,0.29222460,0.29472399,-0.00249940,-0.02675325
CP01-R0912,912,913,285,COARSE_AGGREGATE,0.01808621,0.01781582,0.00027040,0.02878959
CP01-R0912,912,913,285,FINE_AGGREGATE,0.02019035,0.02010027,0.00009008,0.00841748
CP01-R0912,912,913,285,AGE,0.11422207,0.11420342,0.00001865,0.00343574
CP01-R0877,877,878,286,INTERCEPT,-23.33121358,-22.95822998,-0.37298360,-0.01402959
CP01-R0877,877,878,286,CEMENT,0.11980433,0.11975808,0.00004626,0.00544923
CP01-R0877,877,878,286,SLAG,0.10386581,0.10359659,0.00026922,0.02656125
CP01-R0877,877,878,286,FLY_ASH,0.08793432,0.08784669,0.00008763,0.00696388
CP01-R0877,877,878,286,WATER,-0.14991842,-0.15068031,0.00076189,0.01896340
CP01-R0877,877,878,286,SUPERPLASTICIZER,0.29222460,0.29291113,-0.00068654,-0.00734861
CP01-R0877,877,878,286,COARSE_AGGREGATE,0.01808621,0.01811751,-0.00003130,-0.00333242
CP01-R0877,877,878,286,FINE_AGGREGATE,0.02019035,0.01987771,0.00031264,0.02921435
CP01-R0877,877,878,286,AGE,0.11422207,0.11425819,-0.00003612,-0.00665539
CP01-R0325,325,326,287,INTERCEPT,-23.33121358,-22.78074023,-0.55047336,-0.02070577
CP01-R0325,325,326,287,CEMENT,0.11980433,0.11956066,0.00024367,0.02870461
CP01-R0325,325,326,287,SLAG,0.10386581,0.10353710,0.00032870,0.03243001
CP01-R0325,325,326,287,FLY_ASH,0.08793432,0.08760907,0.00032526,0.02584812
CP01-R0325,325,326,287,WATER,-0.14991842,-0.15097331,0.00105490,0.02625618
CP01-R0325,325,326,287,SUPERPLASTICIZER,0.29222460,0.29406107,-0.00183648,-0.01965744
CP01-R0325,325,326,287,COARSE_AGGREGATE,0.01808621,0.01793471,0.00015151,0.01613130
CP01-R0325,325,326,287,FINE_AGGREGATE,0.02019035,0.02006372,0.00012663,0.01183291
CP01-R0325,325,326,287,AGE,0.11422207,0.11416398,0.00005809,0.01070346
CP01-R0975,975,976,288,INTERCEPT,-23.33121358,-22.96636074,-0.36485284,-0.01372375
CP01-R0975,975,976,288,CEMENT,0.11980433,0.11957647,0.00022786,0.02684201
CP01-R0975,975,976,288,SLAG,0.10386581,0.10358984,0.00027597,0.02722722
CP01-R0975,975,976,288,FLY_ASH,0.08793432,0.08784508,0.00008924,0.00709179
CP01-R0975,975,976,288,WATER,-0.14991842,-0.14977556,-0.00014286,-0.00355586
CP01-R0975,975,976,288,SUPERPLASTICIZER,0.29222460,0.29477243,-0.00254783,-0.02727171
CP01-R0975,975,976,288,COARSE_AGGREGATE,0.01808621,0.01782928,0.00025694,0.02735627
CP01-R0975,975,976,288,FINE_AGGREGATE,0.02019035,0.02011497,0.00007538,0.00704347
CP01-R0975,975,976,288,AGE,0.11422207,0.11420331,0.00001876,0.00345612
CP01-R0716,716,717,289,INTERCEPT,-23.33121358,-23.33490958,0.00369599,0.00013902
CP01-R0716,716,717,289,CEMENT,0.11980433,0.11994229,-0.00013796,-0.01625149
CP01-R0716,716,717,289,SLAG,0.10386581,0.10372164,0.00014417,0.01422398
CP01-R0716,716,717,289,FLY_ASH,0.08793432,0.08805552,-0.00012120,-0.00963199
CP01-R0716,716,717,289,WATER,-0.14991842,-0.15003549,0.00011707,0.00291385
CP01-R0716,716,717,289,SUPERPLASTICIZER,0.29222460,0.29305720,-0.00083260,-0.00891210
CP01-R0716,716,717,289,COARSE_AGGREGATE,0.01808621,0.01807304,0.00001318,0.00140288
CP01-R0716,716,717,289,FINE_AGGREGATE,0.02019035,0.02017953,0.00001083,0.00101155
CP01-R0716,716,717,289,AGE,0.11422207,0.11411175,0.00011032,0.02032688
CP01-R0883,883,884,290,INTERCEPT,-23.33121358,-23.53293934,0.20172576,0.00758781
CP01-R0883,883,884,290,CEMENT,0.11980433,0.12002536,-0.00022102,-0.02603651
CP01-R0883,883,884,290,SLAG,0.10386581,0.10393728,-0.00007147,-0.00705137
CP01-R0883,883,884,290,FLY_ASH,0.08793432,0.08797789,-0.00004357,-0.00346239
CP01-R0883,883,884,290,WATER,-0.14991842,-0.15045734,0.00053892,0.01341374
CP01-R0883,883,884,290,SUPERPLASTICIZER,0.29222460,0.29034919,0.00187541,0.02007412
CP01-R0883,883,884,290,COARSE_AGGREGATE,0.01808621,0.01821953,-0.00013331,-0.01419415
CP01-R0883,883,884,290,FINE_AGGREGATE,0.02019035,0.02031359,-0.00012324,-0.01151599
CP01-R0883,883,884,290,AGE,0.11422207,0.11430114,-0.00007908,-0.01457031
CP01-R0932,932,933,291,INTERCEPT,-23.33121358,-22.08105598,-1.25015761,-0.04702403
CP01-R0932,932,933,291,CEMENT,0.11980433,0.11943277,0.00037157,0.04377037
CP01-R0932,932,933,291,SLAG,0.10386581,0.10346047,0.00040534,0.03999072
CP01-R0932,932,933,291,FLY_ASH,0.08793432,0.08778700,0.00014732,0.01170776
CP01-R0932,932,933,291,WATER,-0.14991842,-0.15168234,0.00176392,0.04390363
CP01-R0932,932,933,291,SUPERPLASTICIZER,0.29222460,0.28983428,0.00239031,0.02558561
CP01-R0932,932,933,291,COARSE_AGGREGATE,0.01808621,0.01773305,0.00035317,0.03760198
CP01-R0932,932,933,291,FINE_AGGREGATE,0.02019035,0.01964794,0.00054241,0.05068418
CP01-R0932,932,933,291,AGE,0.11422207,0.11420059,0.00002148,0.00395774
CP01-R0462,462,463,292,INTERCEPT,-23.33121358,-22.64471629,-0.68649730,-0.02582224
CP01-R0462,462,463,292,CEMENT,0.11980433,0.11961724,0.00018710,0.02204015
CP01-R0462,462,463,292,SLAG,0.10386581,0.10344414,0.00042167,0.04160158
CP01-R0462,462,463,292,FLY_ASH,0.08793432,0.08734944,0.00058488,0.04648039
CP01-R0462,462,463,292,WATER,-0.14991842,-0.15045510,0.00053668,0.01335780
CP01-R0462,462,463,292,SUPERPLASTICIZER,0.29222460,0.29264506,-0.00042046,-0.00450059
CP01-R0462,462,463,292,COARSE_AGGREGATE,0.01808621,0.01779442,0.00029180,0.03106781
CP01-R0462,462,463,292,FINE_AGGREGATE,0.02019035,0.01994124,0.00024911,0.02327746
CP01-R0462,462,463,292,AGE,0.11422207,0.11398537,0.00023670,0.04361369
CP01-R0181,181,182,293,INTERCEPT,-23.33121358,-22.36809909,-0.96311449,-0.03622705
CP01-R0181,181,182,293,CEMENT,0.11980433,0.11937213,0.00043220,0.05091321
CP01-R0181,181,182,293,SLAG,0.10386581,0.10337723,0.00048858,0.04820301
CP01-R0181,181,182,293,FLY_ASH,0.08793432,0.08753075,0.00040357,0.03207215
CP01-R0181,181,182,293,WATER,-0.14991842,-0.15132175,0.00140333,0.03492860
CP01-R0181,181,182,293,SUPERPLASTICIZER,0.29222460,0.29016686,0.00205774,0.02202579
CP01-R0181,181,182,293,COARSE_AGGREGATE,0.01808621,0.01782627,0.00025995,0.02767697
CP01-R0181,181,182,293,FINE_AGGREGATE,0.02019035,0.01984489,0.00034546,0.03228105
CP01-R0181,181,182,293,AGE,0.11422207,0.11410588,0.00011619,0.02140862
CP01-R0151,151,152,294,INTERCEPT,-23.33121358,-22.77692170,-0.55429189,-0.02084940
CP01-R0151,151,152,294,CEMENT,0.11980433,0.11956371,0.00024063,0.02834578
CP01-R0151,151,152,294,SLAG,0.10386581,0.10346100,0.00040481,0.03993821
CP01-R0151,151,152,294,FLY_ASH,0.08793432,0.08773088,0.00020345,0.01616789
CP01-R0151,151,152,294,WATER,-0.14991842,-0.15025170,0.00033328,0.00829524
CP01-R0151,151,152,294,SUPERPLASTICIZER,0.29222460,0.29156207,0.00066253,0.00709159
CP01-R0151,151,152,294,COARSE_AGGREGATE,0.01808621,0.01799278,0.00009343,0.00994800
CP01-R0151,151,152,294,FINE_AGGREGATE,0.02019035,0.01981020,0.00038015,0.03552226
CP01-R0151,151,152,294,AGE,0.11422207,0.11411971,0.00010236,0.01886112
CP01-R0749,749,750,295,INTERCEPT,-23.33121358,-24.42416376,1.09295018,0.04111076
CP01-R0749,749,750,295,CEMENT,0.11980433,0.12020679,-0.00040245,-0.04740880
CP01-R0749,749,750,295,SLAG,0.10386581,0.10415819,-0.00029238,-0.02884625
CP01-R0749,749,750,295,FLY_ASH,0.08793432,0.08830051,-0.00036619,-0.02910101
CP01-R0749,749,750,295,WATER,-0.14991842,-0.14831840,-0.00160002,-0.03982415
CP01-R0749,749,750,295,SUPERPLASTICIZER,0.29222460,0.29309071,-0.00086611,-0.00927079
CP01-R0749,749,750,295,COARSE_AGGREGATE,0.01808621,0.01855646,-0.00047025,-0.05006753
CP01-R0749,749,750,295,FINE_AGGREGATE,0.02019035,0.02044577,-0.00025542,-0.02386727
CP01-R0749,749,750,295,AGE,0.11422207,0.11409438,0.00012768,0.02352687
CP01-R0235,235,236,296,INTERCEPT,-23.33121358,-24.41460327,1.08338969,0.04075114
CP01-R0235,235,236,296,CEMENT,0.11980433,0.11989368,-0.00008935,-0.01052479
CP01-R0235,235,236,296,SLAG,0.10386581,0.10408117,-0.00021536,-0.02124762
CP01-R0235,235,236,296,FLY_ASH,0.08793432,0.08795290,-0.00001858,-0.00147630
CP01-R0235,235,236,296,WATER,-0.14991842,-0.14819252,-0.00172590,-0.04295740
CP01-R0235,235,236,296,SUPERPLASTICIZER,0.29222460,0.29656008,-0.00433548,-0.04640649
CP01-R0235,235,236,296,COARSE_AGGREGATE,0.01808621,0.01857513,-0.00048891,-0.05205499
CP01-R0235,235,236,296,FINE_AGGREGATE,0.02019035,0.02050451,-0.00031416,-0.02935606
CP01-R0235,235,236,296,AGE,0.11422207,0.11408526,0.00013681,0.02520778
CP01-R0589,589,590,297,INTERCEPT,-23.33121358,-23.44228771,0.11107413,0.00417800
CP01-R0589,589,590,297,CEMENT,0.11980433,0.11967997,0.00012436,0.01464966
CP01-R0589,589,590,297,SLAG,0.10386581,0.10389292,-0.00002711,-0.00267511
CP01-R0589,589,590,297,FLY_ASH,0.08793432,0.08771337,0.00022096,0.01755945
CP01-R0589,589,590,297,WATER,-0.14991842,-0.14991891,0.00000050,0.00001232
CP01-R0589,589,590,297,SUPERPLASTICIZER,0.29222460,0.29167138,0.00055321,0.00592154
CP01-R0589,589,590,297,COARSE_AGGREGATE,0.01808621,0.01827352,-0.00018730,-0.01994248
CP01-R0589,589,590,297,FINE_AGGREGATE,0.02019035,0.02018416,0.00000619,0.00057845
CP01-R0589,589,590,297,AGE,0.11422207,0.11408323,0.00013884,0.02558263
CP01-R0708,708,709,298,INTERCEPT,-23.33121358,-23.84982068,0.51860710,0.01950714
CP01-R0708,708,709,298,CEMENT,0.11980433,0.12002570,-0.00022136,-0.02607613
CP01-R0708,708,709,298,SLAG,0.10386581,0.10393699,-0.00007118,-0.00702255
CP01-R0708,708,709,298,FLY_ASH,0.08793432,0.08822990,-0.00029558,-0.02348979
CP01-R0708,708,709,298,WATER,-0.14991842,-0.14901645,-0.00090197,-0.02244991
CP01-R0708,708,709,298,SUPERPLASTICIZER,0.29222460,0.29520791,-0.00298332,-0.03193305
CP01-R0708,708,709,298,COARSE_AGGREGATE,0.01808621,0.01827962,-0.00019341,-0.02059238
CP01-R0708,708,709,298,FINE_AGGREGATE,0.02019035,0.02026515,-0.00007480,-0.00698967
CP01-R0708,708,709,298,AGE,0.11422207,0.11408067,0.00014140,0.02605459
CP01-R0055,55,56,299,INTERCEPT,-23.33121358,-24.83732857,1.50611499,0.05665174
CP01-R0055,55,56,299,CEMENT,0.11980433,0.12014147,-0.00033714,-0.03971445
CP01-R0055,55,56,299,SLAG,0.10386581,0.10447856,-0.00061275,-0.06045436
CP01-R0055,55,56,299,FLY_ASH,0.08793432,0.08841029,-0.00047597,-0.03782530
CP01-R0055,55,56,299,WATER,-0.14991842,-0.14802200,-0.00189642,-0.04720158
CP01-R0055,55,56,299,SUPERPLASTICIZER,0.29222460,0.29247559,-0.00025099,-0.00268658
CP01-R0055,55,56,299,COARSE_AGGREGATE,0.01808621,0.01863803,-0.00055181,-0.05875188
CP01-R0055,55,56,299,FINE_AGGREGATE,0.02019035,0.02079521,-0.00060486,-0.05651997
CP01-R0055,55,56,299,AGE,0.11422207,0.11416198,0.00006009,0.01107226
CP01-R0403,403,404,300,INTERCEPT,-23.33121358,-24.56756392,1.23635034,0.04650468
CP01-R0403,403,404,300,CEMENT,0.11980433,0.12013719,-0.00033285,-0.03920988
CP01-R0403,403,404,300,SLAG,0.10386581,0.10411861,-0.00025280,-0.02494114
CP01-R0403,403,404,300,FLY_ASH,0.08793432,0.08848238,-0.00054806,-0.04355436
CP01-R0403,403,404,300,WATER,-0.14991842,-0.14780636,-0.00211206,-0.05256872
CP01-R0403,403,404,300,SUPERPLASTICIZER,0.29222460,0.29325103,-0.00102644,-0.01098688
CP01-R0403,403,404,300,COARSE_AGGREGATE,0.01808621,0.01835810,-0.00027188,-0.02894780
CP01-R0403,403,404,300,FINE_AGGREGATE,0.02019035,0.02074533,-0.00055498,-0.05185945
CP01-R0403,403,404,300,AGE,0.11422207,0.11425091,-0.00002884,-0.00531415
CP01-R0470,470,471,301,INTERCEPT,-23.33121358,-22.43828767,-0.89292592,-0.03358695
CP01-R0470,470,471,301,CEMENT,0.11980433,0.11965484,0.00014950,0.01761053
CP01-R0470,470,471,301,SLAG,0.10386581,0.10366346,0.00020235,0.01996369
CP01-R0470,470,471,301,FLY_ASH,0.08793432,0.08758580,0.00034853,0.02769744
CP01-R0470,470,471,301,WATER,-0.14991842,-0.15085228,0.00093386,0.02324357
CP01-R0470,470,471,301,SUPERPLASTICIZER,0.29222460,0.29140134,0.00082326,0.00881204
CP01-R0470,470,471,301,COARSE_AGGREGATE,0.01808621,0.01780138,0.00028483,0.03032637
CP01-R0470,470,471,301,FINE_AGGREGATE,0.02019035,0.01971694,0.00047342,0.04423744
CP01-R0470,470,471,301,AGE,0.11422207,0.11400568,0.00021638,0.03987056
CP01-R0255,255,256,302,INTERCEPT,-23.33121358,-23.87778888,0.54657529,0.02055915
CP01-R0255,255,256,302,CEMENT,0.11980433,0.11987470,-0.00007037,-0.00828952
CP01-R0255,255,256,302,SLAG,0.10386581,0.10394148,-0.00007567,-0.00746609
CP01-R0255,255,256,302,FLY_ASH,0.08793432,0.08813454,-0.00020022,-0.01591180
CP01-R0255,255,256,302,WATER,-0.14991842,-0.14956395,-0.00035447,-0.00882278
CP01-R0255,255,256,302,SUPERPLASTICIZER,0.29222460,0.29246146,-0.00023686,-0.00253533
CP01-R0255,255,256,302,COARSE_AGGREGATE,0.01808621,0.01828138,-0.00019516,-0.02077918
CP01-R0255,255,256,302,FINE_AGGREGATE,0.02019035,0.02053974,-0.00034939,-0.03264801
CP01-R0255,255,256,302,AGE,0.11422207,0.11415487,0.00006720,0.01238215
CP01-R0184,184,185,303,INTERCEPT,-23.33121358,-22.39975543,-0.93145815,-0.03503632
CP01-R0184,184,185,303,CEMENT,0.11980433,0.11945290,0.00035143,0.04139823
CP01-R0184,184,185,303,SLAG,0.10386581,0.10333560,0.00053021,0.05231062
CP01-R0184,184,185,303,FLY_ASH,0.08793432,0.08759928,0.00033504,0.02662601
CP01-R0184,184,185,303,WATER,-0.14991842,-0.15087080,0.00095238,0.02370465
CP01-R0184,184,185,303,SUPERPLASTICIZER,0.29222460,0.29086274,0.00136185,0.01457711
CP01-R0184,184,185,303,COARSE_AGGREGATE,0.01808621,0.01777272,0.00031349,0.03337761
CP01-R0184,184,185,303,FINE_AGGREGATE,0.02019035,0.01981258,0.00037777,0.03530035
CP01-R0184,184,185,303,AGE,0.11422207,0.11404367,0.00017840,0.03287181
CP01-R0399,399,400,304,INTERCEPT,-23.33121358,-23.32908431,-0.00212927,-0.00008009
CP01-R0399,399,400,304,CEMENT,0.11980433,0.11973481,0.00006952,0.00818937
CP01-R0399,399,400,304,SLAG,0.10386581,0.10366746,0.00019834,0.01956869
CP01-R0399,399,400,304,FLY_ASH,0.08793432,0.08757581,0.00035851,0.02849088
CP01-R0399,399,400,304,WATER,-0.14991842,-0.14980716,-0.00011126,-0.00276919
CP01-R0399,399,400,304,SUPERPLASTICIZER,0.29222460,0.29533590,-0.00311131,-0.03330304
CP01-R0399,399,400,304,COARSE_AGGREGATE,0.01808621,0.01826025,-0.00017403,-0.01852964
CP01-R0399,399,400,304,FINE_AGGREGATE,0.02019035,0.01997631,0.00021404,0.02000097
CP01-R0399,399,400,304,AGE,0.11422207,0.11420746,0.00001461,0.00269141
CP01-R0415,415,416,305,INTERCEPT,-23.33121358,-23.72245115,0.39123756,0.01471620
CP01-R0415,415,416,305,CEMENT,0.11980433,0.11973090,0.00007343,0.00865041
CP01-R0415,415,416,305,SLAG,0.10386581,0.10379212,0.00007369,0.00727009
CP01-R0415,415,416,305,FLY_ASH,0.08793432,0.08797736,-0.00004304,-0.00342002
CP01-R0415,415,416,305,WATER,-0.14991842,-0.14933350,-0.00058492,-0.01455848
CP01-R0415,415,416,305,SUPERPLASTICIZER,0.29222460,0.29537483,-0.00315024,-0.03371978
CP01-R0415,415,416,305,COARSE_AGGREGATE,0.01808621,0.01835843,-0.00027222,-0.02898307
CP01-R0415,415,416,305,FINE_AGGREGATE,0.02019035,0.02024258,-0.00005223,-0.00488079
CP01-R0415,415,416,305,AGE,0.11422207,0.11412458,0.00009748,0.01796219
CP01-R0800,800,801,306,INTERCEPT,-23.33121358,-23.21582672,-0.11538687,-0.00434022
CP01-R0800,800,801,306,CEMENT,0.11980433,0.11997137,-0.00016704,-0.01967704
CP01-R0800,800,801,306,SLAG,0.10386581,0.10387232,-0.00000651,-0.00064213
CP01-R0800,800,801,306,FLY_ASH,0.08793432,0.08799509,-0.00006077,-0.00482909
CP01-R0800,800,801,306,WATER,-0.14991842,-0.15051450,0.00059608,0.01483643
CP01-R0800,800,801,306,SUPERPLASTICIZER,0.29222460,0.28966167,0.00256292,0.02743322
CP01-R0800,800,801,306,COARSE_AGGREGATE,0.01808621,0.01817358,-0.00008737,-0.00930203
CP01-R0800,800,801,306,FINE_AGGREGATE,0.02019035,0.02004113,0.00014923,0.01394407
CP01-R0800,800,801,306,AGE,0.11422207,0.11411698,0.00010509,0.01936407
CP01-R0017,17,18,307,INTERCEPT,-23.33121358,-21.84277735,-1.48843624,-0.05598676
CP01-R0017,17,18,307,CEMENT,0.11980433,0.11946360,0.00034073,0.04013800
CP01-R0017,17,18,307,SLAG,0.10386581,0.10324067,0.00062514,0.06167614
CP01-R0017,17,18,307,FLY_ASH,0.08793432,0.08742956,0.00050476,0.04011319
CP01-R0017,17,18,307,WATER,-0.14991842,-0.15166873,0.00175031,0.04356490
CP01-R0017,17,18,307,SUPERPLASTICIZER,0.29222460,0.29208343,0.00014116,0.00151100
CP01-R0017,17,18,307,COARSE_AGGREGATE,0.01808621,0.01754137,0.00054484,0.05801011
CP01-R0017,17,18,307,FINE_AGGREGATE,0.02019035,0.01957956,0.00061079,0.05707418
CP01-R0017,17,18,307,AGE,0.11422207,0.11410821,0.00011386,0.02097919
CP01-R0597,597,598,308,INTERCEPT,-23.33121358,-21.79897069,-1.53224290,-0.05763453
CP01-R0597,597,598,308,CEMENT,0.11980433,0.11927875,0.00052558,0.06191347
CP01-R0597,597,598,308,SLAG,0.10386581,0.10339998,0.00046583,0.04595889
CP01-R0597,597,598,308,FLY_ASH,0.08793432,0.08721390,0.00072042,0.05725181
CP01-R0597,597,598,308,WATER,-0.14991842,-0.15206711,0.00214869,0.05348064
CP01-R0597,597,598,308,SUPERPLASTICIZER,0.29222460,0.28990090,0.00232370,0.02487259
CP01-R0597,597,598,308,COARSE_AGGREGATE,0.01808621,0.01766205,0.00042417,0.04516127
CP01-R0597,597,598,308,FINE_AGGREGATE,0.02019035,0.01956991,0.00062044,0.05797597
CP01-R0597,597,598,308,AGE,0.11422207,0.11410512,0.00011695,0.02154848
CP01-R0706,706,707,309,INTERCEPT,-23.33121358,-23.31719980,-0.01401379,-0.00052712
CP01-R0706,706,707,309,CEMENT,0.11980433,0.11962469,0.00017965,0.02116225
CP01-R0706,706,707,309,SLAG,0.10386581,0.10389147,-0.00002566,-0.00253161
CP01-R0706,706,707,309,FLY_ASH,0.08793432,0.08770614,0.00022818,0.01813348
CP01-R0706,706,707,309,WATER,-0.14991842,-0.14956669,-0.00035173,-0.00875457
CP01-R0706,706,707,309,SUPERPLASTICIZER,0.29222460,0.29196541,0.00025919,0.00277434
CP01-R0706,706,707,309,COARSE_AGGREGATE,0.01808621,0.01805964,0.00002658,0.00282959
CP01-R0706,706,707,309,FINE_AGGREGATE,0.02019035,0.02022607,-0.00003572,-0.00333790
CP01-R0706,706,707,309,AGE,0.11422207,0.11407216,0.00014991,0.02762265
CP01-R0940,940,941,310,INTERCEPT,-23.33121358,-22.90960116,-0.42161242,-0.01585873
CP01-R0940,940,941,310,CEMENT,0.11980433,0.11974964,0.00005470,0.00644322
CP01-R0940,940,941,310,SLAG,0.10386581,0.10359672,0.00026909,0.02654812
CP01-R0940,940,941,310,FLY_ASH,0.08793432,0.08784141,0.00009292,0.00738407
CP01-R0940,940,941,310,WATER,-0.14991842,-0.15077023,0.00085181,0.02120152
CP01-R0940,940,941,310,SUPERPLASTICIZER,0.29222460,0.29253498,-0.00031039,-0.00332237
CP01-R0940,940,941,310,COARSE_AGGREGATE,0.01808621,0.01809338,-0.00000717,-0.00076292
CP01-R0940,940,941,310,FINE_AGGREGATE,0.02019035,0.01987333,0.00031703,0.02962389
CP01-R0940,940,941,310,AGE,0.11422207,0.11425733,-0.00003526,-0.00649638
CP01-R0732,732,733,311,INTERCEPT,-23.33121358,-24.74479831,1.41358472,0.05317126
CP01-R0732,732,733,311,CEMENT,0.11980433,0.12019743,-0.00039310,-0.04630659
CP01-R0732,732,733,311,SLAG,0.10386581,0.10420226,-0.00033645,-0.03319400
CP01-R0732,732,733,311,FLY_ASH,0.08793432,0.08829222,-0.00035790,-0.02844255
CP01-R0732,732,733,311,WATER,-0.14991842,-0.14794191,-0.00197650,-0.04919489
CP01-R0732,732,733,311,SUPERPLASTICIZER,0.29222460,0.29277732,-0.00055272,-0.00591625
CP01-R0732,732,733,311,COARSE_AGGREGATE,0.01808621,0.01859209,-0.00050587,-0.05386078
CP01-R0732,732,733,311,FINE_AGGREGATE,0.02019035,0.02073364,-0.00054329,-0.05076657
CP01-R0732,732,733,311,AGE,0.11422207,0.11407862,0.00014345,0.02643122
CP01-R0136,136,137,312,INTERCEPT,-23.33121358,-22.41710722,-0.91410637,-0.03438364
CP01-R0136,136,137,312,CEMENT,0.11980433,0.11939277,0.00041156,0.04848193
CP01-R0136,136,137,312,SLAG,0.10386581,0.10341700,0.00044881,0.04427964
CP01-R0136,136,137,312,FLY_ASH,0.08793432,0.08758026,0.00035406,0.02813758
CP01-R0136,136,137,312,WATER,-0.14991842,-0.15137644,0.00145802,0.03628997
CP01-R0136,136,137,312,SUPERPLASTICIZER,0.29222460,0.29009408,0.00213051,0.02280477
CP01-R0136,136,137,312,COARSE_AGGREGATE,0.01808621,0.01784271,0.00024351,0.02592654
CP01-R0136,136,137,312,FINE_AGGREGATE,0.02019035,0.01987658,0.00031377,0.02931988
CP01-R0136,136,137,312,AGE,0.11422207,0.11427150,-0.00004943,-0.00910739
CP01-R0444,444,445,313,INTERCEPT,-23.33121358,-22.39826045,-0.93295314,-0.03509255
CP01-R0444,444,445,313,CEMENT,0.11980433,0.11966199,0.00014235,0.01676866
CP01-R0444,444,445,313,SLAG,0.10386581,0.10369220,0.00017361,0.01712854
CP01-R0444,444,445,313,FLY_ASH,0.08793432,0.08761455,0.00031977,0.02541217
CP01-R0444,444,445,313,WATER,-0.14991842,-0.15105709,0.00113867,0.02834141
CP01-R0444,444,445,313,SUPERPLASTICIZER,0.29222460,0.29117090,0.00105370,0.01127866
CP01-R0444,444,445,313,COARSE_AGGREGATE,0.01808621,0.01779059,0.00029562,0.03147527
CP01-R0444,444,445,313,FINE_AGGREGATE,0.02019035,0.01970688,0.00048347,0.04517701
CP01-R0444,444,445,313,AGE,0.11422207,0.11422483,-0.00000277,-0.00050970
CP01-R0555,555,556,314,INTERCEPT,-23.33121358,-23.45278773,0.12157415,0.00457295
CP01-R0555,555,556,314,CEMENT,0.11980433,0.11983739,-0.00003305,-0.00389365
CP01-R0555,555,556,314,SLAG,0.10386581,0.10407161,-0.00020580,-0.02030458
CP01-R0555,555,556,314,FLY_ASH,0.08793432,0.08793720,-0.00000288,-0.00022876
CP01-R0555,555,556,314,WATER,-0.14991842,-0.15010666,0.00018824,0.00468524
CP01-R0555,555,556,314,SUPERPLASTICIZER,0.29222460,0.28960930,0.00261529,0.02799379
CP01-R0555,555,556,314,COARSE_AGGREGATE,0.01808621,0.01823552,-0.00014931,-0.01589673
CP01-R0555,555,556,314,FINE_AGGREGATE,0.02019035,0.02021689,-0.00002654,-0.00248029
CP01-R0555,555,556,314,AGE,0.11422207,0.11408696,0.00013511,0.02489483
CP01-R0337,337,338,315,INTERCEPT,-23.33121358,-23.25056121,-0.08065238,-0.00303370
CP01-R0337,337,338,315,CEMENT,0.11980433,0.11977696,0.00002738,0.00322481
CP01-R0337,337,338,315,SLAG,0.10386581,0.10390763,-0.00004182,-0.00412566
CP01-R0337,337,338,315,FLY_ASH,0.08793432,0.08775220,0.00018212,0.01447320
CP01-R0337,337,338,315,WATER,-0.14991842,-0.14958235,-0.00033606,-0.00836459
CP01-R0337,337,338,315,SUPERPLASTICIZER,0.29222460,0.29169508,0.00052951,0.00566782
CP01-R0337,337,338,315,COARSE_AGGREGATE,0.01808621,0.01792172,0.00016449,0.01751389
CP01-R0337,337,338,315,FINE_AGGREGATE,0.02019035,0.02021915,-0.00002880,-0.00269144
CP01-R0337,337,338,315,AGE,0.11422207,0.11422458,-0.00000251,-0.00046300
CP01-R0177,177,178,316,INTERCEPT,-23.33121358,-23.16023419,-0.17097940,-0.00643130
CP01-R0177,177,178,316,CEMENT,0.11980433,0.11970966,0.00009468,0.01115269
CP01-R0177,177,178,316,SLAG,0.10386581,0.10379402,0.00007179,0.00708310
CP01-R0177,177,178,316,FLY_ASH,0.08793432,0.08764697,0.00028735,0.02283618
CP01-R0177,177,178,316,WATER,-0.14991842,-0.15028354,0.00036512,0.00908780
CP01-R0177,177,178,316,SUPERPLASTICIZER,0.29222460,0.29572267,-0.00349807,-0.03744294
CP01-R0177,177,178,316,COARSE_AGGREGATE,0.01808621,0.01821289,-0.00012667,-0.01348694
CP01-R0177,177,178,316,FINE_AGGREGATE,0.02019035,0.01993212,0.00025823,0.02412959
CP01-R0177,177,178,316,AGE,0.11422207,0.11430092,-0.00007885,-0.01452841
CP01-R0685,685,686,317,INTERCEPT,-23.33121358,-23.52084668,0.18963309,0.00713295
CP01-R0685,685,686,317,CEMENT,0.11980433,0.11978096,0.00002338,0.00275395
CP01-R0685,685,686,317,SLAG,0.10386581,0.10357964,0.00028617,0.02823355
CP01-R0685,685,686,317,FLY_ASH,0.08793432,0.08781191,0.00012241,0.00972798
CP01-R0685,685,686,317,WATER,-0.14991842,-0.14924656,-0.00067186,-0.01672244
CP01-R0685,685,686,317,SUPERPLASTICIZER,0.29222460,0.29594586,-0.00372127,-0.03983198
CP01-R0685,685,686,317,COARSE_AGGREGATE,0.01808621,0.01816054,-0.00007432,-0.00791294
CP01-R0685,685,686,317,FINE_AGGREGATE,0.02019035,0.02019527,-0.00000492,-0.00045951
CP01-R0685,685,686,317,AGE,0.11422207,0.11410346,0.00011861,0.02185540
CP01-R0785,785,786,318,INTERCEPT,-23.33121358,-21.69449464,-1.63671895,-0.06156434
CP01-R0785,785,786,318,CEMENT,0.11980433,0.11937376,0.00043057,0.05072126
CP01-R0785,785,786,318,SLAG,0.10386581,0.10324749,0.00061831,0.06100301
CP01-R0785,785,786,318,FLY_ASH,0.08793432,0.08725083,0.00068349,0.05431689
CP01-R0785,785,786,318,WATER,-0.14991842,-0.15196496,0.00204654,0.05093813
CP01-R0785,785,786,318,SUPERPLASTICIZER,0.29222460,0.28922168,0.00300292,0.03214286
CP01-R0785,785,786,318,COARSE_AGGREGATE,0.01808621,0.01745371,0.00063250,0.06734305
CP01-R0785,785,786,318,FINE_AGGREGATE,0.02019035,0.01965442,0.00053593,0.05007909
CP01-R0785,785,786,318,AGE,0.11422207,0.11409206,0.00013001,0.02395487
CP01-R0047,47,48,319,INTERCEPT,-23.33121358,-24.57797132,1.24675773,0.04689615
CP01-R0047,47,48,319,CEMENT,0.11980433,0.12015349,-0.00034916,-0.04113044
CP01-R0047,47,48,319,SLAG,0.10386581,0.10414000,-0.00027419,-0.02705176
CP01-R0047,47,48,319,FLY_ASH,0.08793432,0.08822332,-0.00028900,-0.02296701
CP01-R0047,47,48,319,WATER,-0.14991842,-0.14815206,-0.00176636,-0.04396438
CP01-R0047,47,48,319,SUPERPLASTICIZER,0.29222460,0.29251508,-0.00029049,-0.00310933
CP01-R0047,47,48,319,COARSE_AGGREGATE,0.01808621,0.01853172,-0.00044551,-0.04743363
CP01-R0047,47,48,319,FINE_AGGREGATE,0.02019035,0.02067355,-0.00048320,-0.04515186
CP01-R0047,47,48,319,AGE,0.11422207,0.11406653,0.00015554,0.02865872
CP01-R0469,469,470,320,INTERCEPT,-23.33121358,-23.31320356,-0.01801002,-0.00067744
CP01-R0469,469,470,320,CEMENT,0.11980433,0.11982117,-0.00001683,-0.00198285
CP01-R0469,469,470,320,SLAG,0.10386581,0.10387566,-0.00000985,-0.00097180
CP01-R0469,469,470,320,FLY_ASH,0.08793432,0.08767621,0.00025811,0.02051242
CP01-R0469,469,470,320,WATER,-0.14991842,-0.14957137,-0.00034705,-0.00863796
CP01-R0469,469,470,320,SUPERPLASTICIZER,0.29222460,0.29167533,0.00054926,0.00587925
CP01-R0469,469,470,320,COARSE_AGGREGATE,0.01808621,0.01798767,0.00009855,0.01049236
CP01-R0469,469,470,320,FINE_AGGREGATE,0.02019035,0.02022484,-0.00003449,-0.00322284
CP01-R0469,469,470,320,AGE,0.11422207,0.11401114,0.00021093,0.03886593
CP01-R0771,771,772,321,INTERCEPT,-23.33121358,-24.55990396,1.22869037,0.04621655
CP01-R0771,771,772,321,CEMENT,0.11980433,0.12014819,-0.00034386,-0.04050604
CP01-R0771,771,772,321,SLAG,0.10386581,0.10413309,-0.00026728,-0.02637015
CP01-R0771,771,772,321,FLY_ASH,0.08793432,0.08821539,-0.00028107,-0.02233661
CP01-R0771,771,772,321,WATER,-0.14991842,-0.14817476,-0.00174366,-0.04339946
CP01-R0771,771,772,321,SUPERPLASTICIZER,0.29222460,0.29250259,-0.00027800,-0.00297565
CP01-R0771,771,772,321,COARSE_AGGREGATE,0.01808621,0.01852634,-0.00044013,-0.04686088
CP01-R0771,771,772,321,FINE_AGGREGATE,0.02019035,0.02066565,-0.00047529,-0.04441305
CP01-R0771,771,772,321,AGE,0.11422207,0.11406548,0.00015659,0.02885255
CP01-R0573,573,574,322,INTERCEPT,-23.33121358,-23.45071097,0.11949739,0.00449483
CP01-R0573,573,574,322,CEMENT,0.11980433,0.11978279,0.00002155,0.00253816
CP01-R0573,573,574,322,SLAG,0.10386581,0.10401017,-0.00014436,-0.01424246
CP01-R0573,573,574,322,FLY_ASH,0.08793432,0.08785940,0.00007492,0.00595371
CP01-R0573,573,574,322,WATER,-0.14991842,-0.15003998,0.00012156,0.00302557
CP01-R0573,573,574,322,SUPERPLASTICIZER,0.29222460,0.29032444,0.00190016,0.02033907
CP01-R0573,573,574,322,COARSE_AGGREGATE,0.01808621,0.01824976,-0.00016354,-0.01741238
CP01-R0573,573,574,322,FINE_AGGREGATE,0.02019035,0.02020590,-0.00001555,-0.00145274
CP01-R0573,573,574,322,AGE,0.11422207,0.11408527,0.00013680,0.02520579
CP01-R0691,691,692,323,INTERCEPT,-23.33121358,-22.77535430,-0.55585928,-0.02090836
CP01-R0691,691,692,323,CEMENT,0.11980433,0.11979454,0.00000980,0.00115393
CP01-R0691,691,692,323,SLAG,0.10386581,0.10396343,-0.00009762,-0.00963163
CP01-R0691,691,692,323,FLY_ASH,0.08793432,0.08790116,0.00003316,0.00263552
CP01-R0691,691,692,323,WATER,-0.14991842,-0.15090595,0.00098753,0.02457944
CP01-R0691,691,692,323,SUPERPLASTICIZER,0.29222460,0.28759723,0.00462736,0.04953072
CP01-R0691,691,692,323,COARSE_AGGREGATE,0.01808621,0.01786920,0.00021702,0.02310608
CP01-R0691,691,692,323,FINE_AGGREGATE,0.02019035,0.02003145,0.00015890,0.01484850
CP01-R0691,691,692,323,AGE,0.11422207,0.11409638,0.00012569,0.02315972
CP01-R0285,285,286,324,INTERCEPT,-23.33121358,-23.60277201,0.27155842,0.01021453
CP01-R0285,285,286,324,CEMENT,0.11980433,0.11982814,-0.00002381,-0.00280423
CP01-R0285,285,286,324,SLAG,0.10386581,0.10390097,-0.00003516,-0.00346862
CP01-R0285,285,286,324,FLY_ASH,0.08793432,0.08828264,-0.00034831,-0.02768058
CP01-R0285,285,286,324,WATER,-0.14991842,-0.14971164,-0.00020677,-0.00514658
CP01-R0285,285,286,324,SUPERPLASTICIZER,0.29222460,0.29199844,0.00022615,0.00242070
CP01-R0285,285,286,324,COARSE_AGGREGATE,0.01808621,0.01827144,-0.00018523,-0.01972114
CP01-R0285,285,286,324,FINE_AGGREGATE,0.02019035,0.02024429,-0.00005394,-0.00504015
CP01-R0285,285,286,324,AGE,0.11422207,0.11414421,0.00007786,0.01434651
CP01-R0434,434,435,325,INTERCEPT,-23.33121358,-22.66232373,-0.66888986,-0.02515995
CP01-R0434,434,435,325,CEMENT,0.11980433,0.11963443,0.00016990,0.02001453
CP01-R0434,434,435,325,SLAG,0.10386581,0.10347117,0.00039464,0.03893524
CP01-R0434,434,435,325,FLY_ASH,0.08793432,0.08737331,0.00056101,0.04458355
CP01-R0434,434,435,325,WATER,-0.14991842,-0.15059445,0.00067603,0.01682633
CP01-R0434,434,435,325,SUPERPLASTICIZER,0.29222460,0.29240489,-0.00018030,-0.00192989
CP01-R0434,434,435,325,COARSE_AGGREGATE,0.01808621,0.01779597,0.00029025,0.03090286
CP01-R0434,434,435,325,FINE_AGGREGATE,0.02019035,0.01997179,0.00021856,0.02042281
CP01-R0434,434,435,325,AGE,0.11422207,0.11420949,0.00001257,0.00231701
CP01-R0379,379,380,326,INTERCEPT,-23.33121358,-21.81741050,-1.51380309,-0.05694092
CP01-R0379,379,380,326,CEMENT,0.11980433,0.11939316,0.00041117,0.04843578
CP01-R0379,379,380,326,SLAG,0.10386581,0.10351955,0.00034626,0.03416163
CP01-R0379,379,380,326,FLY_ASH,0.08793432,0.08752451,0.00040981,0.03256782
CP01-R0379,379,380,326,WATER,-0.14991842,-0.15242633,0.00250792,0.06242162
CP01-R0379,379,380,326,SUPERPLASTICIZER,0.29222460,0.29016063,0.00206397,0.02209245
CP01-R0379,379,380,326,COARSE_AGGREGATE,0.01808621,0.01760344,0.00048277,0.05140100
CP01-R0379,379,380,326,FINE_AGGREGATE,0.02019035,0.01964946,0.00054090,0.05054300
CP01-R0379,379,380,326,AGE,0.11422207,0.11416734,0.00005473,0.01008456
CP01-R0066,66,67,327,INTERCEPT,-23.33121358,-23.71138541,0.38017182,0.01429997
CP01-R0066,66,67,327,CEMENT,0.11980433,0.11994518,-0.00014085,-0.01659175
CP01-R0066,66,67,327,SLAG,0.10386581,0.10408600,-0.00022019,-0.02172384
CP01-R0066,66,67,327,FLY_ASH,0.08793432,0.08817333,-0.00023901,-0.01899392
CP01-R0066,66,67,327,WATER,-0.14991842,-0.14986073,-0.00005769,-0.00143578
CP01-R0066,66,67,327,SUPERPLASTICIZER,0.29222460,0.29145235,0.00077224,0.00826599
CP01-R0066,66,67,327,COARSE_AGGREGATE,0.01808621,0.01824530,-0.00015909,-0.01693831
CP01-R0066,66,67,327,FINE_AGGREGATE,0.02019035,0.02039513,-0.00020478,-0.01913514
CP01-R0066,66,67,327,AGE,0.11422207,0.11391825,0.00030382,0.05598085
CP01-R0455,455,456,328,INTERCEPT,-23.33121358,-21.94100113,-1.39021245,-0.05229212
CP01-R0455,455,456,328,CEMENT,0.11980433,0.11944747,0.00035686,0.04203812
CP01-R0455,455,456,328,SLAG,0.10386581,0.10351418,0.00035163,0.03469148
CP01-R0455,455,456,328,FLY_ASH,0.08793432,0.08734746,0.00058686,0.04663806
CP01-R0455,455,456,328,WATER,-0.14991842,-0.15207870,0.00216028,0.05376899
CP01-R0455,455,456,328,SUPERPLASTICIZER,0.29222460,0.29108816,0.00113644,0.01216429
CP01-R0455,455,456,328,COARSE_AGGREGATE,0.01808621,0.01771484,0.00037137,0.03954031
CP01-R0455,455,456,328,FINE_AGGREGATE,0.02019035,0.01956910,0.00062125,0.05805143
CP01-R0455,455,456,328,AGE,0.11422207,0.11418727,0.00003479,0.00641121
CP01-R0950,950,951,329,INTERCEPT,-23.33121358,-22.30395960,-1.02725399,-0.03863963
CP01-R0950,950,951,329,CEMENT,0.11980433,0.11931619,0.00048815,0.05750337
CP01-R0950,950,951,329,SLAG,0.10386581,0.10332180,0.00054401,0.05367205
CP01-R0950,950,951,329,FLY_ASH,0.08793432,0.08735953,0.00057479,0.04567889
CP01-R0950,950,951,329,WATER,-0.14991842,-0.15105525,0.00113684,0.02829565
CP01-R0950,950,951,329,SUPERPLASTICIZER,0.29222460,0.29536965,-0.00314506,-0.03366434
CP01-R0950,950,951,329,COARSE_AGGREGATE,0.01808621,0.01779915,0.00028707,0.03056415
CP01-R0950,950,951,329,FINE_AGGREGATE,0.02019035,0.01974517,0.00044518,0.04159930
CP01-R0950,950,951,329,AGE,0.11422207,0.11420738,0.00001469,0.00270603
CP01-R0887,887,888,330,INTERCEPT,-23.33121358,-22.29589130,-1.03532228,-0.03894311
CP01-R0887,887,888,330,CEMENT,0.11980433,0.11931563,0.00048870,0.05756903
CP01-R0887,887,888,330,SLAG,0.10386581,0.10332135,0.00054446,0.05371651
CP01-R0887,887,888,330,FLY_ASH,0.08793432,0.08736106,0.00057327,0.04555756
CP01-R0887,887,888,330,WATER,-0.14991842,-0.15107462,0.00115620,0.02877767
CP01-R0887,887,888,330,SUPERPLASTICIZER,0.29222460,0.29530126,-0.00307667,-0.03293226
CP01-R0887,887,888,330,COARSE_AGGREGATE,0.01808621,0.01779655,0.00028966,0.03084037
CP01-R0887,887,888,330,FINE_AGGREGATE,0.02019035,0.01974324,0.00044711,0.04177978
CP01-R0887,887,888,330,AGE,0.11422207,0.11420776,0.00001431,0.00263604
CP01-R0294,294,295,331,INTERCEPT,-23.33121358,-22.81477670,-0.51643689,-0.01942551
CP01-R0294,294,295,331,CEMENT,0.11980433,0.11976306,0.00004128,0.00486263
CP01-R0294,294,295,331,SLAG,0.10386581,0.10371793,0.00014788,0.01458947
CP01-R0294,294,295,331,FLY_ASH,0.08793432,0.08764343,0.00029089,0.02311690
CP01-R0294,294,295,331,WATER,-0.14991842,-0.15030749,0.00038907,0.00968393
CP01-R0294,294,295,331,SUPERPLASTICIZER,0.29222460,0.29102870,0.00119589,0.01280066
CP01-R0294,294,295,331,COARSE_AGGREGATE,0.01808621,0.01779685,0.00028937,0.03080928
CP01-R0294,294,295,331,FINE_AGGREGATE,0.02019035,0.02003549,0.00015486,0.01447028
CP01-R0294,294,295,331,AGE,0.11422207,0.11400260,0.00021947,0.04043904
CP01-R0360,360,361,332,INTERCEPT,-23.33121358,-22.88205202,-0.44916157,-0.01689498
CP01-R0360,360,361,332,CEMENT,0.11980433,0.11966524,0.00013910,0.01638547
CP01-R0360,360,361,332,SLAG,0.10386581,0.10377153,0.00009428,0.00930164
CP01-R0360,360,361,332,FLY_ASH,0.08793432,0.08789221,0.00004211,0.00334646
CP01-R0360,360,361,332,WATER,-0.14991842,-0.15125768,0.00133926,0.03333398
CP01-R0360,360,361,332,SUPERPLASTICIZER,0.29222460,0.29164783,0.00057676,0.00617361
CP01-R0360,360,361,332,COARSE_AGGREGATE,0.01808621,0.01809014,-0.00000393,-0.00041791
CP01-R0360,360,361,332,FINE_AGGREGATE,0.02019035,0.02000033,0.00019002,0.01775625
CP01-R0360,360,361,332,AGE,0.11422207,0.11420036,0.00002171,0.00400050
CP01-R0692,692,693,333,INTERCEPT,-23.33121358,-23.05455752,-0.27665606,-0.01040627
CP01-R0692,692,693,333,CEMENT,0.11980433,0.11961531,0.00018902,0.02226637
CP01-R0692,692,693,333,SLAG,0.10386581,0.10377423,0.00009158,0.00903499
CP01-R0692,692,693,333,FLY_ASH,0.08793432,0.08762042,0.00031390,0.02494594
CP01-R0692,692,693,333,WATER,-0.14991842,-0.14983901,-0.00007941,-0.00197639
CP01-R0692,692,693,333,SUPERPLASTICIZER,0.29222460,0.29156794,0.00065666,0.00702876
CP01-R0692,692,693,333,COARSE_AGGREGATE,0.01808621,0.01799442,0.00009179,0.00977318
CP01-R0692,692,693,333,FINE_AGGREGATE,0.02019035,0.02006209,0.00012826,0.01198468
CP01-R0692,692,693,333,AGE,0.11422207,0.11401731,0.00020476,0.03772930
CP01-R0109,109,110,334,INTERCEPT,-23.33121358,-23.13413650,-0.19707709,-0.00741295
CP01-R0109,109,110,334,CEMENT,0.11980433,0.11969965,0.00010468,0.01233142
CP01-R0109,109,110,334,SLAG,0.10386581,0.10376793,0.00009788,0.00965669
CP01-R0109,109,110,334,FLY_ASH,0.08793432,0.08761901,0.00031532,0.02505824
CP01-R0109,109,110,334,WATER,-0.14991842,-0.15021322,0.00029480,0.00733753
CP01-R0109,109,110,334,SUPERPLASTICIZER,0.29222460,0.29568866,-0.00346407,-0.03707898
CP01-R0109,109,110,334,COARSE_AGGREGATE,0.01808621,0.01819757,-0.00011135,-0.01185585
CP01-R0109,109,110,334,FINE_AGGREGATE,0.02019035,0.01991745,0.00027290,0.02550045
CP01-R0109,109,110,334,AGE,0.11422207,0.11416209,0.00005997,0.01105088
CP01-R0210,210,211,335,INTERCEPT,-23.33121358,-24.43381672,1.10260314,0.04147385
CP01-R0210,210,211,335,CEMENT,0.11980433,0.12003017,-0.00022584,-0.02660380
CP01-R0210,210,211,335,SLAG,0.10386581,0.10407010,-0.00020429,-0.02015536
CP01-R0210,210,211,335,FLY_ASH,0.08793432,0.08838802,-0.00045370,-0.03605581
CP01-R0210,210,211,335,WATER,-0.14991842,-0.14793943,-0.00197899,-0.04925666
CP01-R0210,210,211,335,SUPERPLASTICIZER,0.29222460,0.29417212,-0.00194753,-0.02084607
CP01-R0210,210,211,335,COARSE_AGGREGATE,0.01808621,0.01848649,-0.00040028,-0.04261794
CP01-R0210,210,211,335,FINE_AGGREGATE,0.02019035,0.02052106,-0.00033071,-0.03090267
CP01-R0210,210,211,335,AGE,0.11422207,0.11407755,0.00014452,0.02662879
CP01-R0118,118,119,336,INTERCEPT,-23.33121358,-22.93268477,-0.39852881,-0.01499046
CP01-R0118,118,119,336,CEMENT,0.11980433,0.11965186,0.00015248,0.01796188
CP01-R0118,118,119,336,SLAG,0.10386581,0.10353631,0.00032950,0.03250833
CP01-R0118,118,119,336,FLY_ASH,0.08793432,0.08780430,0.00013003,0.01033313
CP01-R0118,118,119,336,WATER,-0.14991842,-0.15026032,0.00034190,0.00850989
CP01-R0118,118,119,336,SUPERPLASTICIZER,0.29222460,0.29105990,0.00116470,0.01246678
CP01-R0118,118,119,336,COARSE_AGGREGATE,0.01808621,0.01782379,0.00026242,0.02794051
CP01-R0118,118,119,336,FINE_AGGREGATE,0.02019035,0.02017980,0.00001055,0.00098598
CP01-R0118,118,119,336,AGE,0.11422207,0.11424368,-0.00002161,-0.00398127
CP01-R0280,280,281,337,INTERCEPT,-23.33121358,-24.35232618,1.02111260,0.03840862
CP01-R0280,280,281,337,CEMENT,0.11980433,0.12002245,-0.00021812,-0.02569399
CP01-R0280,280,281,337,SLAG,0.10386581,0.10404078,-0.00017497,-0.01726261
CP01-R0280,280,281,337,FLY_ASH,0.08793432,0.08836219,-0.00042787,-0.03400298
CP01-R0280,280,281,337,WATER,-0.14991842,-0.14811370,-0.00180472,-0.04491921
CP01-R0280,280,281,337,SUPERPLASTICIZER,0.29222460,0.29452159,-0.00229699,-0.02458672
CP01-R0280,280,281,337,COARSE_AGGREGATE,0.01808621,0.01847373,-0.00038751,-0.04125894
CP01-R0280,280,281,337,FINE_AGGREGATE,0.02019035,0.02047861,-0.00028826,-0.02693590
CP01-R0280,280,281,337,AGE,0.11422207,0.11407658,0.00014548,0.02680675
CP01-R0712,712,713,338,INTERCEPT,-23.33121358,-23.61680865,0.28559506,0.01074251
CP01-R0712,712,713,338,CEMENT,0.11980433,0.11977277,0.00003156,0.00371832
CP01-R0712,712,713,338,SLAG,0.10386581,0.10371471,0.00015110,0.01490774
CP01-R0712,712,713,338,FLY_ASH,0.08793432,0.08789722,0.00003710,0.00294836
CP01-R0712,712,713,338,WATER,-0.14991842,-0.14948226,-0.00043616,-0.01085591
CP01-R0712,712,713,338,SUPERPLASTICIZER,0.29222460,0.29481962,-0.00259503,-0.02777687
CP01-R0712,712,713,338,COARSE_AGGREGATE,0.01808621,0.01815408,-0.00006787,-0.00722612
CP01-R0712,712,713,338,FINE_AGGREGATE,0.02019035,0.02037125,-0.00018090,-0.01690414
CP01-R0712,712,713,338,AGE,0.11422207,0.11414253,0.00007954,0.01465599
CP01-R0805,805,806,339,INTERCEPT,-23.33121358,-24.73267077,1.40145719,0.05271509
CP01-R0805,805,806,339,CEMENT,0.11980433,0.12010445,-0.00030011,-0.03535289
CP01-R0805,805,806,339,SLAG,0.10386581,0.10439657,-0.00053076,-0.05236477
CP01-R0805,805,806,339,FLY_ASH,0.08793432,0.08849320,-0.00055888,-0.04441442
CP01-R0805,805,806,339,WATER,-0.14991842,-0.14811231,-0.00180611,-0.04495383
CP01-R0805,805,806,339,SUPERPLASTICIZER,0.29222460,0.29544782,-0.00322322,-0.03450099
CP01-R0805,805,806,339,COARSE_AGGREGATE,0.01808621,0.01859929,-0.00051307,-0.05462722
CP01-R0805,805,806,339,FINE_AGGREGATE,0.02019035,0.02069010,-0.00049975,-0.04669830
CP01-R0805,805,806,339,AGE,0.11422207,0.11433051,-0.00010844,-0.01998093
CP01-R0909,909,910,340,INTERCEPT,-23.33121358,-21.98621653,-1.34499705,-0.05059137
CP01-R0909,909,910,340,CEMENT,0.11980433,0.11952490,0.00027943,0.03291662
CP01-R0909,909,910,340,SLAG,0.10386581,0.10359867,0.00026714,0.02635572
CP01-R0909,909,910,340,FLY_ASH,0.08793432,0.08750020,0.00043412,0.03449950
CP01-R0909,909,910,340,WATER,-0.14991842,-0.15262532,0.00270690,0.06737433
CP01-R0909,909,910,340,SUPERPLASTICIZER,0.29222460,0.28848318,0.00374142,0.04004767
CP01-R0909,909,910,340,COARSE_AGGREGATE,0.01808621,0.01769473,0.00039148,0.04168158
CP01-R0909,909,910,340,FINE_AGGREGATE,0.02019035,0.01977266,0.00041769,0.03903045
CP01-R0909,909,910,340,AGE,0.11422207,0.11425176,-0.00002969,-0.00547146
CP01-R0757,757,758,341,INTERCEPT,-23.33121358,-23.33278914,0.00157555,0.00005926
CP01-R0757,757,758,341,CEMENT,0.11980433,0.11995779,-0.00015345,-0.01807687
CP01-R0757,757,758,341,SLAG,0.10386581,0.10394558,-0.00007977,-0.00787021
CP01-R0757,757,758,341,FLY_ASH,0.08793432,0.08807617,-0.00014185,-0.01127263
CP01-R0757,757,758,341,WATER,-0.14991842,-0.15049720,0.00057878,0.01440579
CP01-R0757,757,758,341,SUPERPLASTICIZER,0.29222460,0.29019036,0.00203423,0.02177415
CP01-R0757,757,758,341,COARSE_AGGREGATE,0.01808621,0.01817802,-0.00009181,-0.00977459
CP01-R0757,757,758,341,FINE_AGGREGATE,0.02019035,0.02014512,0.00004523,0.00422644
CP01-R0757,757,758,341,AGE,0.11422207,0.11450759,-0.00028552,-0.05261031
CP01-R0824,824,825,342,INTERCEPT,-23.33121358,-23.39577813,0.06456454,0.00242856
CP01-R0824,824,825,342,CEMENT,0.11980433,0.11978670,0.00001763,0.00207731
CP01-R0824,824,825,342,SLAG,0.10386581,0.10375618,0.00010963,0.01081568
CP01-R0824,824,825,342,FLY_ASH,0.08793432,0.08781333,0.00012099,0.00961484
CP01-R0824,824,825,342,WATER,-0.14991842,-0.14968709,-0.00023133,-0.00575768
CP01-R0824,824,825,342,SUPERPLASTICIZER,0.29222460,0.29203786,0.00018673,0.00199875
CP01-R0824,824,825,342,COARSE_AGGREGATE,0.01808621,0.01807118,0.00001504,0.00160127
CP01-R0824,824,825,342,FINE_AGGREGATE,0.02019035,0.02026081,-0.00007046,-0.00658409
CP01-R0824,824,825,342,AGE,0.11422207,0.11450242,-0.00028035,-0.05165662
CP01-R0453,453,454,343,INTERCEPT,-23.33121358,-22.73809818,-0.59311540,-0.02230973
CP01-R0453,453,454,343,CEMENT,0.11980433,0.11964629,0.00015805,0.01861763
CP01-R0453,453,454,343,SLAG,0.10386581,0.10354932,0.00031649,0.03122484
CP01-R0453,453,454,343,FLY_ASH,0.08793432,0.08737385,0.00056047,0.04454073
CP01-R0453,453,454,343,WATER,-0.14991842,-0.15050480,0.00058638,0.01459485
CP01-R0453,453,454,343,SUPERPLASTICIZER,0.29222460,0.29196259,0.00026200,0.00280443
CP01-R0453,453,454,343,COARSE_AGGREGATE,0.01808621,0.01782862,0.00025760,0.02742678
CP01-R0453,453,454,343,FINE_AGGREGATE,0.02019035,0.02000627,0.00018408,0.01720085
CP01-R0453,453,454,343,AGE,0.11422207,0.11412158,0.00010049,0.01851526
CP01-R0501,501,502,344,INTERCEPT,-23.33121358,-22.83840396,-0.49280962,-0.01853678
CP01-R0501,501,502,344,CEMENT,0.11980433,0.11940767,0.00039666,0.04672644
CP01-R0501,501,502,344,SLAG,0.10386581,0.10356389,0.00030192,0.02978734
CP01-R0501,501,502,344,FLY_ASH,0.08793432,0.08732442,0.00060990,0.04846879
CP01-R0501,501,502,344,WATER,-0.14991842,-0.15062476,0.00070634,0.01758059
CP01-R0501,501,502,344,SUPERPLASTICIZER,0.29222460,0.29484945,-0.00262485,-0.02809608
CP01-R0501,501,502,344,COARSE_AGGREGATE,0.01808621,0.01804478,0.00004143,0.00441139
CP01-R0501,501,502,344,FINE_AGGREGATE,0.02019035,0.01995660,0.00023375,0.02184209
CP01-R0501,501,502,344,AGE,0.11422207,0.11425499,-0.00003292,-0.00606633
CP01-R0522,522,523,345,INTERCEPT,-23.33121358,-22.11002474,-1.22118884,-0.04593439
CP01-R0522,522,523,345,CEMENT,0.11980433,0.11960388,0.00020046,0.02361381
CP01-R0522,522,523,345,SLAG,0.10386581,0.10354649,0.00031932,0.03150383
CP01-R0522,522,523,345,FLY_ASH,0.08793432,0.08783972,0.00009460,0.00751822
CP01-R0522,522,523,345,WATER,-0.14991842,-0.15164049,0.00172207,0.04286206
CP01-R0522,522,523,345,SUPERPLASTICIZER,0.29222460,0.28803712,0.00418747,0.04482221
CP01-R0522,522,523,345,COARSE_AGGREGATE,0.01808621,0.01755873,0.00052748,0.05616178
CP01-R0522,522,523,345,FINE_AGGREGATE,0.02019035,0.01983626,0.00035409,0.03308770
CP01-R0522,522,523,345,AGE,0.11422207,0.11415698,0.00006509,0.01199265
CP01-R0061,61,62,346,INTERCEPT,-23.33121358,-23.62553308,0.29431949,0.01107068
CP01-R0061,61,62,346,CEMENT,0.11980433,0.11993332,-0.00012899,-0.01519462
CP01-R0061,61,62,346,SLAG,0.10386581,0.10402387,-0.00015806,-0.01559466
CP01-R0061,61,62,346,FLY_ASH,0.08793432,0.08813304,-0.00019872,-0.01579247
CP01-R0061,61,62,346,WATER,-0.14991842,-0.14994224,0.00002382,0.00059287
CP01-R0061,61,62,346,SUPERPLASTICIZER,0.29222460,0.29145686,0.00076773,0.00821769
CP01-R0061,61,62,346,COARSE_AGGREGATE,0.01808621,0.01821232,-0.00012610,-0.01342642
CP01-R0061,61,62,346,FINE_AGGREGATE,0.02019035,0.02035812,-0.00016777,-0.01567679
CP01-R0061,61,62,346,AGE,0.11422207,0.11391444,0.00030763,0.05668370
CP01-R0263,263,264,347,INTERCEPT,-23.33121358,-22.73647850,-0.59473508,-0.02237065
CP01-R0263,263,264,347,CEMENT,0.11980433,0.11974570,0.00005864,0.00690768
CP01-R0263,263,264,347,SLAG,0.10386581,0.10378838,0.00007743,0.00763942
CP01-R0263,263,264,347,FLY_ASH,0.08793432,0.08776458,0.00016974,0.01348925
CP01-R0263,263,264,347,WATER,-0.14991842,-0.15041779,0.00049937,0.01242932
CP01-R0263,263,264,347,SUPERPLASTICIZER,0.29222460,0.29063404,0.00159056,0.01702514
CP01-R0263,263,264,347,COARSE_AGGREGATE,0.01808621,0.01787415,0.00021206,0.02257827
CP01-R0263,263,264,347,FINE_AGGREGATE,0.02019035,0.01985038,0.00033997,0.03176826
CP01-R0263,263,264,347,AGE,0.11422207,0.11411946,0.00010261,0.01890683
CP01-R0344,344,345,348,INTERCEPT,-23.33121358,-22.71445562,-0.61675796,-0.02319903
CP01-R0344,344,345,348,CEMENT,0.11980433,0.11962792,0.00017642,0.02078189
CP01-R0344,344,345,348,SLAG,0.10386581,0.10374689,0.00011892,0.01173263
CP01-R0344,344,345,348,FLY_ASH,0.08793432,0.08756533,0.00036899,0.02932380
CP01-R0344,344,345,348,WATER,-0.14991842,-0.15068671,0.00076829,0.01912258
CP01-R0344,344,345,348,SUPERPLASTICIZER,0.29222460,0.29025992,0.00196468,0.02102966
CP01-R0344,344,345,348,COARSE_AGGREGATE,0.01808621,0.01781150,0.00027471,0.02924865
CP01-R0344,344,345,348,FINE_AGGREGATE,0.02019035,0.02003225,0.00015810,0.01477307
CP01-R0344,344,345,348,AGE,0.11422207,0.11401989,0.00020218,0.03725358
CP01-R0853,853,854,349,INTERCEPT,-23.33121358,-24.08882934,0.75761575,0.02849733
CP01-R0853,853,854,349,CEMENT,0.11980433,0.11991744,-0.00011310,-0.01332350
CP01-R0853,853,854,349,SLAG,0.10386581,0.10414340,-0.00027759,-0.02738715
CP01-R0853,853,854,349,FLY_ASH,0.08793432,0.08796342,-0.00002910,-0.00231237
CP01-R0853,853,854,349,WATER,-0.14991842,-0.14910822,-0.00081020,-0.02016566
CP01-R0853,853,854,349,SUPERPLASTICIZER,0.29222460,0.29470794,-0.00248334,-0.02658142
CP01-R0853,853,854,349,COARSE_AGGREGATE,0.01808621,0.01848803,-0.00040182,-0.04278179
CP01-R0853,853,854,349,FINE_AGGREGATE,0.02019035,0.02036658,-0.00017623,-0.01646716
CP01-R0853,853,854,349,AGE,0.11422207,0.11428314,-0.00006107,-0.01125325
CP01-R0610,610,611,350,INTERCEPT,-23.33121358,-23.00317516,-0.32803843,-0.01233900
CP01-R0610,610,611,350,CEMENT,0.11980433,0.11961798,0.00018635,0.02195212
CP01-R0610,610,611,350,SLAG,0.10386581,0.10363813,0.00022768,0.02246265
CP01-R0610,610,611,350,FLY_ASH,0.08793432,0.08763658,0.00029774,0.02366159
CP01-R0610,610,611,350,WATER,-0.14991842,-0.15040206,0.00048364,0.01203768
CP01-R0610,610,611,350,SUPERPLASTICIZER,0.29222460,0.29142322,0.00080137,0.00857782
CP01-R0610,610,611,350,COARSE_AGGREGATE,0.01808621,0.01793648,0.00014973,0.01594231
CP01-R0610,610,611,350,FINE_AGGREGATE,0.02019035,0.02017994,0.00001041,0.00097244
CP01-R0610,610,611,350,AGE,0.11422207,0.11447449,-0.00025242,-0.04651125
CP01-R0648,648,649,351,INTERCEPT,-23.33121358,-23.54506920,0.21385561,0.00804407
CP01-R0648,648,649,351,CEMENT,0.11980433,0.11987131,-0.00006698,-0.00789021
CP01-R0648,648,649,351,SLAG,0.10386581,0.10368351,0.00018230,0.01798598
CP01-R0648,648,649,351,FLY_ASH,0.08793432,0.08794454,-0.00001022,-0.00081208
CP01-R0648,648,649,351,WATER,-0.14991842,-0.14931492,-0.00060350,-0.01502100
CP01-R0648,648,649,351,SUPERPLASTICIZER,0.29222460,0.29533383,-0.00310923,-0.03328087
CP01-R0648,648,649,351,COARSE_AGGREGATE,0.01808621,0.01818355,-0.00009734,-0.01036352
CP01-R0648,648,649,351,FINE_AGGREGATE,0.02019035,0.02016578,0.00002457,0.00229615
CP01-R0648,648,649,351,AGE,0.11422207,0.11409896,0.00012311,0.02268463
CP01-R0164,164,165,352,INTERCEPT,-23.33121358,-22.92360795,-0.40760563,-0.01533188
CP01-R0164,164,165,352,CEMENT,0.11980433,0.11964748,0.00015685,0.01847709
CP01-R0164,164,165,352,SLAG,0.10386581,0.10352672,0.00033909,0.03345460
CP01-R0164,164,165,352,FLY_ASH,0.08793432,0.08777632,0.00015800,0.01255630
CP01-R0164,164,165,352,WATER,-0.14991842,-0.15018869,0.00027027,0.00672691
CP01-R0164,164,165,352,SUPERPLASTICIZER,0.29222460,0.29119298,0.00103161,0.01104223
CP01-R0164,164,165,352,COARSE_AGGREGATE,0.01808621,0.01782675,0.00025946,0.02762542
CP01-R0164,164,165,352,FINE_AGGREGATE,0.02019035,0.02015895,0.00003140,0.00293419
CP01-R0164,164,165,352,AGE,0.11422207,0.11411617,0.00010589,0.01951200
CP01-R0720,720,721,353,INTERCEPT,-23.33121358,-23.35990571,0.02869212,0.00107924
CP01-R0720,720,721,353,CEMENT,0.11980433,0.11986123,-0.00005690,-0.00670250
CP01-R0720,720,721,353,SLAG,0.10386581,0.10366225,0.00020356,0.02008279
CP01-R0720,720,721,353,FLY_ASH,0.08793432,0.08794429,-0.00000997,-0.00079242
CP01-R0720,720,721,353,WATER,-0.14991842,-0.14987855,-0.00003987,-0.00099242
CP01-R0720,720,721,353,SUPERPLASTICIZER,0.29222460,0.29354381,-0.00131922,-0.01412075
CP01-R0720,720,721,353,COARSE_AGGREGATE,0.01808621,0.01806225,0.00002396,0.00255116
CP01-R0720,720,721,353,FINE_AGGREGATE,0.02019035,0.02022922,-0.00003887,-0.00363174
CP01-R0720,720,721,353,AGE,0.11422207,0.11412789,0.00009418,0.01735275
CP01-R0408,408,409,354,INTERCEPT,-23.33121358,-23.94346447,0.61225089,0.02302950
CP01-R0408,408,409,354,CEMENT,0.11980433,0.11995689,-0.00015256,-0.01797087
CP01-R0408,408,409,354,SLAG,0.10386581,0.10422131,-0.00035550,-0.03507353
CP01-R0408,408,409,354,FLY_ASH,0.08793432,0.08844151,-0.00050719,-0.04030662
CP01-R0408,408,409,354,WATER,-0.14991842,-0.14924648,-0.00067193,-0.01672434
CP01-R0408,408,409,354,SUPERPLASTICIZER,0.29222460,0.29210130,0.00012329,0.00131969
CP01-R0408,408,409,354,COARSE_AGGREGATE,0.01808621,0.01835337,-0.00026715,-0.02844417
CP01-R0408,408,409,354,FINE_AGGREGATE,0.02019035,0.02038293,-0.00019258,-0.01799548
CP01-R0408,408,409,354,AGE,0.11422207,0.11415387,0.00006820,0.01256690
CP01-R1010,1010,1011,355,INTERCEPT,-23.33121358,-24.03138418,0.70017060,0.02633656
CP01-R1010,1010,1011,355,CEMENT,0.11980433,0.11990484,-0.00010051,-0.01183975
CP01-R1010,1010,1011,355,SLAG,0.10386581,0.10412909,-0.00026328,-0.02597515
CP01-R1010,1010,1011,355,FLY_ASH,0.08793432,0.08794843,-0.00001411,-0.00112149
CP01-R1010,1010,1011,355,WATER,-0.14991842,-0.14920703,-0.00071139,-0.01770639
CP01-R1010,1010,1011,355,SUPERPLASTICIZER,0.29222460,0.29453009,-0.00230550,-0.02467776
CP01-R1010,1010,1011,355,COARSE_AGGREGATE,0.01808621,0.01846958,-0.00038337,-0.04081768
CP01-R1010,1010,1011,355,FINE_AGGREGATE,0.02019035,0.02034708,-0.00015672,-0.01464487
CP01-R1010,1010,1011,355,AGE,0.11422207,0.11428380,-0.00006173,-0.01137436
CP01-R0268,268,269,356,INTERCEPT,-23.33121358,-23.27410975,-0.05710384,-0.00214793
CP01-R0268,268,269,356,CEMENT,0.11980433,0.11984558,-0.00004125,-0.00485879
CP01-R0268,268,269,356,SLAG,0.10386581,0.10389800,-0.00003219,-0.00317605
CP01-R0268,268,269,356,FLY_ASH,0.08793432,0.08779518,0.00013914,0.01105753
CP01-R0268,268,269,356,WATER,-0.14991842,-0.14943974,-0.00047868,-0.01191436
CP01-R0268,268,269,356,SUPERPLASTICIZER,0.29222460,0.29258243,-0.00035783,-0.00383022
CP01-R0268,268,269,356,COARSE_AGGREGATE,0.01808621,0.01792425,0.00016196,0.01724450
CP01-R0268,268,269,356,FINE_AGGREGATE,0.02019035,0.02018782,0.00000253,0.00023668
CP01-R0268,268,269,356,AGE,0.11422207,0.11412825,0.00009382,0.01728730
CP01-R0116,116,117,357,INTERCEPT,-23.33121358,-24.17423438,0.84302079,0.03170979
CP01-R0116,116,117,357,CEMENT,0.11980433,0.12012021,-0.00031588,-0.03720994
CP01-R0116,116,117,357,SLAG,0.10386581,0.10432570,-0.00045989,-0.04537330
CP01-R0116,116,117,357,FLY_ASH,0.08793432,0.08818780,-0.00025348,-0.02014417
CP01-R0116,116,117,357,WATER,-0.14991842,-0.14888203,-0.00103639,-0.02579546
CP01-R0116,116,117,357,SUPERPLASTICIZER,0.29222460,0.29369883,-0.00147423,-0.01577998
CP01-R0116,116,117,357,COARSE_AGGREGATE,0.01808621,0.01836887,-0.00028266,-0.03009508
CP01-R0116,116,117,357,FINE_AGGREGATE,0.02019035,0.02051263,-0.00032228,-0.03011499
CP01-R0116,116,117,357,AGE,0.11422207,0.11413349,0.00008858,0.01632217
CP01-R0568,568,569,358,INTERCEPT,-23.33121358,-23.74088732,0.40967374,0.01540967
CP01-R0568,568,569,358,CEMENT,0.11980433,0.11982160,-0.00001727,-0.00203440
CP01-R0568,568,569,358,SLAG,0.10386581,0.10404385,-0.00017804,-0.01756587
CP01-R0568,568,569,358,FLY_ASH,0.08793432,0.08791206,0.00002226,0.00176910
CP01-R0568,568,569,358,WATER,-0.14991842,-0.14957429,-0.00034413,-0.00856529
CP01-R0568,568,569,358,SUPERPLASTICIZER,0.29222460,0.29143136,0.00079323,0.00849068
CP01-R0568,568,569,358,COARSE_AGGREGATE,0.01808621,0.01835042,-0.00026421,-0.02813064
CP01-R0568,568,569,358,FINE_AGGREGATE,0.02019035,0.02031240,-0.00012205,-0.01140486
CP01-R0568,568,569,358,AGE,0.11422207,0.11410188,0.00012019,0.02214597
CP01-R0804,804,805,359,INTERCEPT,-23.33121358,-22.00801229,-1.32320130,-0.04977153
CP01-R0804,804,805,359,CEMENT,0.11980433,0.11951828,0.00028606,0.03369715
CP01-R0804,804,805,359,SLAG,0.10386581,0.10335764,0.00050817,0.05013577
CP01-R0804,804,805,359,FLY_ASH,0.08793432,0.08739607,0.00053825,0.04277491
CP01-R0804,804,805,359,WATER,-0.14991842,-0.15158113,0.00166271,0.04138449
CP01-R0804,804,805,359,SUPERPLASTICIZER,0.29222460,0.28924668,0.00297792,0.03187528
CP01-R0804,804,805,359,COARSE_AGGREGATE,0.01808621,0.01760196,0.00048426,0.05155955
CP01-R0804,804,805,359,FINE_AGGREGATE,0.02019035,0.01971346,0.00047689,0.04456221
CP01-R0804,804,805,359,AGE,0.11422207,0.11406231,0.00015976,0.02943641
CP01-R0709,709,710,360,INTERCEPT,-23.33121358,-23.17648891,-0.15472467,-0.00581989
CP01-R0709,709,710,360,CEMENT,0.11980433,0.11966831,0.00013602,0.01602349
CP01-R0709,709,710,360,SLAG,0.10386581,0.10389340,-0.00002759,-0.00272250
CP01-R0709,709,710,360,FLY_ASH,0.08793432,0.08777828,0.00015604,0.01240094
CP01-R0709,709,710,360,WATER,-0.14991842,-0.15012919,0.00021077,0.00524607
CP01-R0709,709,710,360,SUPERPLASTICIZER,0.29222460,0.29021402,0.00201058,0.02152096
CP01-R0709,709,710,360,COARSE_AGGREGATE,0.01808621,0.01795596,0.00013025,0.01386793
CP01-R0709,709,710,360,FINE_AGGREGATE,0.02019035,0.02029316,-0.00010281,-0.00960720
CP01-R0709,709,710,360,AGE,0.11422207,0.11413402,0.00008804,0.01622302
CP01-R0352,352,353,361,INTERCEPT,-23.33121358,-23.50105405,0.16984046,0.00638846
CP01-R0352,352,353,361,CEMENT,0.11980433,0.11986812,-0.00006379,-0.00751431
CP01-R0352,352,353,361,SLAG,0.10386581,0.10394422,-0.00007841,-0.00773625
CP01-R0352,352,353,361,FLY_ASH,0.08793432,0.08775696,0.00017736,0.01409515
CP01-R0352,352,353,361,WATER,-0.14991842,-0.14931667,-0.00060175,-0.01497754
CP01-R0352,352,353,361,SUPERPLASTICIZER,0.29222460,0.29210014,0.00012445,0.00133213
CP01-R0352,352,353,361,COARSE_AGGREGATE,0.01808621,0.01803567,0.00005055,0.00538166
CP01-R0352,352,353,361,FINE_AGGREGATE,0.02019035,0.02030345,-0.00011310,-0.01056864
CP01-R0352,352,353,361,AGE,0.11422207,0.11419823,0.00002383,0.00439168
CP01-R0097,97,98,362,INTERCEPT,-23.33121358,-23.42987192,0.09865834,0.00371098
CP01-R0097,97,98,362,CEMENT,0.11980433,0.11984846,-0.00004412,-0.00519740
CP01-R0097,97,98,362,SLAG,0.10386581,0.10386039,0.00000542,0.00053451
CP01-R0097,97,98,362,FLY_ASH,0.08793432,0.08770890,0.00022542,0.01791455
CP01-R0097,97,98,362,WATER,-0.14991842,-0.14976595,-0.00015247,-0.00379502
CP01-R0097,97,98,362,SUPERPLASTICIZER,0.29222460,0.29632000,-0.00409541,-0.04383674
CP01-R0097,97,98,362,COARSE_AGGREGATE,0.01808621,0.01813220,-0.00004599,-0.00489626
CP01-R0097,97,98,362,FINE_AGGREGATE,0.02019035,0.02020595,-0.00001560,-0.00145737
CP01-R0097,97,98,362,AGE,0.11422207,0.11416317,0.00005889,0.01085163
CP01-R0972,972,973,363,INTERCEPT,-23.33121358,-22.02049338,-1.31072020,-0.04930206
CP01-R0972,972,973,363,CEMENT,0.11980433,0.11953168,0.00027266,0.03211896
CP01-R0972,972,973,363,SLAG,0.10386581,0.10360523,0.00026058,0.02570902
CP01-R0972,972,973,363,FLY_ASH,0.08793432,0.08751023,0.00042409,0.03370280
CP01-R0972,972,973,363,WATER,-0.14991842,-0.15255596,0.00263754,0.06564802
CP01-R0972,972,973,363,SUPERPLASTICIZER,0.29222460,0.28858479,0.00363980,0.03896002
CP01-R0972,972,973,363,COARSE_AGGREGATE,0.01808621,0.01770463,0.00038158,0.04062748
CP01-R0972,972,973,363,FINE_AGGREGATE,0.02019035,0.01978354,0.00040681,0.03801363
CP01-R0972,972,973,363,AGE,0.11422207,0.11425085,-0.00002878,-0.00530263
CP01-R0848,848,849,364,INTERCEPT,-23.33121358,-24.12664769,0.79543410,0.02991984
CP01-R0848,848,849,364,CEMENT,0.11980433,0.11985678,-0.00005244,-0.00617783
CP01-R0848,848,849,364,SLAG,0.10386581,0.10389651,-0.00003070,-0.00302926
CP01-R0848,848,849,364,FLY_ASH,0.08793432,0.08785888,0.00007544,0.00599508
CP01-R0848,848,849,364,WATER,-0.14991842,-0.14859849,-0.00131993,-0.03285289
CP01-R0848,848,849,364,SUPERPLASTICIZER,0.29222460,0.29574871,-0.00352411,-0.03772165
CP01-R0848,848,849,364,COARSE_AGGREGATE,0.01808621,0.01848982,-0.00040361,-0.04297228
CP01-R0848,848,849,364,FINE_AGGREGATE,0.02019035,0.02034487,-0.00015452,-0.01443842
CP01-R0848,848,849,364,AGE,0.11422207,0.11421733,0.00000474,0.00087304
CP01-R0220,220,221,365,INTERCEPT,-23.33121358,-23.72314838,0.39193479,0.01474242
CP01-R0220,220,221,365,CEMENT,0.11980433,0.11987812,-0.00007378,-0.00869132
CP01-R0220,220,221,365,SLAG,0.10386581,0.10396755,-0.00010174,-0.01003731
CP01-R0220,220,221,365,FLY_ASH,0.08793432,0.08834956,-0.00041524,-0.03299927
CP01-R0220,220,221,365,WATER,-0.14991842,-0.14955181,-0.00036661,-0.00912479
CP01-R0220,220,221,365,SUPERPLASTICIZER,0.29222460,0.29090712,0.00131748,0.01410214
CP01-R0220,220,221,365,COARSE_AGGREGATE,0.01808621,0.01828942,-0.00020320,-0.02163503
CP01-R0220,220,221,365,FINE_AGGREGATE,0.02019035,0.02031793,-0.00012758,-0.01192136
CP01-R0220,220,221,365,AGE,0.11422207,0.11414352,0.00007855,0.01447367
CP01-R0529,529,530,366,INTERCEPT,-23.33121358,-23.48987313,0.15865955,0.00596790
CP01-R0529,529,530,366,CEMENT,0.11980433,0.12007904,-0.00027471,-0.03236060
CP01-R0529,529,530,366,SLAG,0.10386581,0.10407241,-0.00020660,-0.02038309
CP01-R0529,529,530,366,FLY_ASH,0.08793432,0.08844727,-0.00051295,-0.04076451
CP01-R0529,529,530,366,WATER,-0.14991842,-0.15028565,0.00036723,0.00914037
CP01-R0529,529,530,366,SUPERPLASTICIZER,0.29222460,0.28950474,0.00271986,0.02911300
CP01-R0529,529,530,366,COARSE_AGGREGATE,0.01808621,0.01810191,-0.00001570,-0.00167129
CP01-R0529,529,530,366,FINE_AGGREGATE,0.02019035,0.02034146,-0.00015111,-0.01411979
CP01-R0529,529,530,366,AGE,0.11422207,0.11420191,0.00002016,0.00371432
CP01-R0309,309,310,367,INTERCEPT,-23.33121358,-22.77238884,-0.55882475,-0.02101990
CP01-R0309,309,310,367,CEMENT,0.11980433,0.11967138,0.00013295,0.01566177
CP01-R0309,309,310,367,SLAG,0.10386581,0.10375680,0.00010901,0.01075519
CP01-R0309,309,310,367,FLY_ASH,0.08793432,0.08770015,0.00023418,0.01861006
CP01-R0309,309,310,367,WATER,-0.14991842,-0.15036803,0.00044961,0.01119072
CP01-R0309,309,310,367,SUPERPLASTICIZER,0.29222460,0.29057991,0.00164468,0.01760447
CP01-R0309,309,310,367,COARSE_AGGREGATE,0.01808621,0.01791433,0.00017188,0.01830074
CP01-R0309,309,310,367,FINE_AGGREGATE,0.02019035,0.01987717,0.00031318,0.02926483
CP01-R0309,309,310,367,AGE,0.11422207,0.11399849,0.00022358,0.04119633
CP01-R1001,1001,1002,368,INTERCEPT,-23.33121358,-24.12184508,0.79063150,0.02973920
CP01-R1001,1001,1002,368,CEMENT,0.11980433,0.12003658,-0.00023225,-0.02735890
CP01-R1001,1001,1002,368,SLAG,0.10386581,0.10394328,-0.00007747,-0.00764308
CP01-R1001,1001,1002,368,FLY_ASH,0.08793432,0.08797141,-0.00003709,-0.00294731
CP01-R1001,1001,1002,368,WATER,-0.14991842,-0.14882378,-0.00109464,-0.02724545
CP01-R1001,1001,1002,368,SUPERPLASTICIZER,0.29222460,0.29332542,-0.00110082,-0.01178306
CP01-R1001,1001,1002,368,COARSE_AGGREGATE,0.01808621,0.01841299,-0.00032677,-0.03479194
CP01-R1001,1001,1002,368,FINE_AGGREGATE,0.02019035,0.02042926,-0.00023891,-0.02232425
CP01-R1001,1001,1002,368,AGE,0.11422207,0.11421040,0.00001167,0.00215038
CP01-R0536,536,537,369,INTERCEPT,-23.33121358,-24.18252626,0.85131267,0.03202169
CP01-R0536,536,537,369,CEMENT,0.11980433,0.11992112,-0.00011679,-0.01375722
CP01-R0536,536,537,369,SLAG,0.10386581,0.10419038,-0.00032457,-0.03202207
CP01-R0536,536,537,369,FLY_ASH,0.08793432,0.08824499,-0.00031067,-0.02468896
CP01-R0536,536,537,369,WATER,-0.14991842,-0.14869064,-0.00122778,-0.03055913
CP01-R0536,536,537,369,SUPERPLASTICIZER,0.29222460,0.29566205,-0.00343745,-0.03679409
CP01-R0536,536,537,369,COARSE_AGGREGATE,0.01808621,0.01843924,-0.00035303,-0.03758732
CP01-R0536,536,537,369,FINE_AGGREGATE,0.02019035,0.02042639,-0.00023604,-0.02205647
CP01-R0536,536,537,369,AGE,0.11422207,0.11415345,0.00006862,0.01264391
CP01-R0046,46,47,370,INTERCEPT,-23.33121358,-23.94114202,0.60992844,0.02294214
CP01-R0046,46,47,370,CEMENT,0.11980433,0.11993867,-0.00013433,-0.01582413
CP01-R0046,46,47,370,SLAG,0.10386581,0.10417264,-0.00030683,-0.03027222
CP01-R0046,46,47,370,FLY_ASH,0.08793432,0.08825470,-0.00032038,-0.02546050
CP01-R0046,46,47,370,WATER,-0.14991842,-0.14986653,-0.00005189,-0.00129154
CP01-R0046,46,47,370,SUPERPLASTICIZER,0.29222460,0.29184469,0.00037991,0.00406646
CP01-R0046,46,47,370,COARSE_AGGREGATE,0.01808621,0.01831441,-0.00022819,-0.02429563
CP01-R0046,46,47,370,FINE_AGGREGATE,0.02019035,0.02056295,-0.00037259,-0.03481641
CP01-R0046,46,47,370,AGE,0.11422207,0.11440020,-0.00017813,-0.03282196
CP01-R0504,504,505,371,INTERCEPT,-23.33121358,-21.95805561,-1.37315798,-0.05165063
CP01-R0504,504,505,371,CEMENT,0.11980433,0.11923854,0.00056579,0.06664975
CP01-R0504,504,505,371,SLAG,0.10386581,0.10332213,0.00054368,0.05363926
CP01-R0504,504,505,371,FLY_ASH,0.08793432,0.08711559,0.00081874,0.06506513
CP01-R0504,504,505,371,WATER,-0.14991842,-0.15186769,0.00194927,0.04851693
CP01-R0504,504,505,371,SUPERPLASTICIZER,0.29222460,0.29276270,-0.00053810,-0.00575976
CP01-R0504,504,505,371,COARSE_AGGREGATE,0.01808621,0.01770709,0.00037913,0.04036597
CP01-R0504,504,505,371,FINE_AGGREGATE,0.02019035,0.01965508,0.00053527,0.05001757
CP01-R0504,504,505,371,AGE,0.11422207,0.11421158,0.00001049,0.00193240
CP01-R0299,299,300,372,INTERCEPT,-23.33121358,-23.16513814,-0.16607545,-0.00624684
CP01-R0299,299,300,372,CEMENT,0.11980433,0.11988144,-0.00007711,-0.00908299
CP01-R0299,299,300,372,SLAG,0.10386581,0.10385442,0.00001139,0.00112334
CP01-R0299,299,300,372,FLY_ASH,0.08793432,0.08786186,0.00007246,0.00575865
CP01-R0299,299,300,372,WATER,-0.14991842,-0.14977007,-0.00014834,-0.00369228
CP01-R0299,299,300,372,SUPERPLASTICIZER,0.29222460,0.29056135,0.00166324,0.01780315
CP01-R0299,299,300,372,COARSE_AGGREGATE,0.01808621,0.01789727,0.00018895,0.02011762
CP01-R0299,299,300,372,FINE_AGGREGATE,0.02019035,0.02016967,0.00002068,0.00193242
CP01-R0299,299,300,372,AGE,0.11422207,0.11402447,0.00019760,0.03640996
CP01-R0572,572,573,373,INTERCEPT,-23.33121358,-23.64233439,0.31112080,0.01170265
CP01-R0572,572,573,373,CEMENT,0.11980433,0.12001561,-0.00021128,-0.02488832
CP01-R0572,572,573,373,SLAG,0.10386581,0.10431851,-0.00045270,-0.04466346
CP01-R0572,572,573,373,FLY_ASH,0.08793432,0.08828648,-0.00035216,-0.02798654
CP01-R0572,572,573,373,WATER,-0.14991842,-0.14996652,0.00004810,0.00119727
CP01-R0572,572,573,373,SUPERPLASTICIZER,0.29222460,0.28898217,0.00324243,0.03470655
CP01-R0572,572,573,373,COARSE_AGGREGATE,0.01808621,0.01820525,-0.00011903,-0.01267341
CP01-R0572,572,573,373,FINE_AGGREGATE,0.02019035,0.02034298,-0.00015263,-0.01426185
CP01-R0572,572,573,373,AGE,0.11422207,0.11422540,-0.00000333,-0.00061395
CP01-R0523,523,524,374,INTERCEPT,-23.33121358,-24.49804644,1.16683286,0.04388982
CP01-R0523,523,524,374,CEMENT,0.11980433,0.11999017,-0.00018583,-0.02189103
CP01-R0523,523,524,374,SLAG,0.10386581,0.10415635,-0.00029054,-0.02866456
CP01-R0523,523,524,374,FLY_ASH,0.08793432,0.08799952,-0.00006520,-0.00518136
CP01-R0523,523,524,374,WATER,-0.14991842,-0.14819844,-0.00171998,-0.04280993
CP01-R0523,523,524,374,SUPERPLASTICIZER,0.29222460,0.29636171,-0.00413711,-0.04428315
CP01-R0523,523,524,374,COARSE_AGGREGATE,0.01808621,0.01859200,-0.00050579,-0.05385168
CP01-R0523,523,524,374,FINE_AGGREGATE,0.02019035,0.02051865,-0.00032830,-0.03067715
CP01-R0523,523,524,374,AGE,0.11422207,0.11418694,0.00003513,0.00647355
CP01-R0461,461,462,375,INTERCEPT,-23.33121358,-22.72843294,-0.60278065,-0.02267328
CP01-R0461,461,462,375,CEMENT,0.11980433,0.11957327,0.00023107,0.02721972
CP01-R0461,461,462,375,SLAG,0.10386581,0.10344083,0.00042498,0.04192823
CP01-R0461,461,462,375,FLY_ASH,0.08793432,0.08733256,0.00060176,0.04782238
CP01-R0461,461,462,375,WATER,-0.14991842,-0.15022792,0.00030950,0.00770344
CP01-R0461,461,462,375,SUPERPLASTICIZER,0.29222460,0.29482050,-0.00259591,-0.02778628
CP01-R0461,461,462,375,COARSE_AGGREGATE,0.01808621,0.01785016,0.00023605,0.02513275
CP01-R0461,461,462,375,FINE_AGGREGATE,0.02019035,0.01992600,0.00026435,0.02470142
CP01-R0461,461,462,375,AGE,0.11422207,0.11403297,0.00018910,0.03484305
CP01-R0844,844,845,376,INTERCEPT,-23.33121358,-24.04661818,0.71540460,0.02690957
CP01-R0844,844,845,376,CEMENT,0.11980433,0.12001821,-0.00021388,-0.02519479
CP01-R0844,844,845,376,SLAG,0.10386581,0.10392223,-0.00005643,-0.00556693
CP01-R0844,844,845,376,FLY_ASH,0.08793432,0.08794857,-0.00001425,-0.00113206
CP01-R0844,844,845,376,WATER,-0.14991842,-0.14894445,-0.00097397,-0.02424195
CP01-R0844,844,845,376,SUPERPLASTICIZER,0.29222460,0.29314432,-0.00091972,-0.00984462
CP01-R0844,844,845,376,COARSE_AGGREGATE,0.01808621,0.01838784,-0.00030163,-0.03211477
CP01-R0844,844,845,376,FINE_AGGREGATE,0.02019035,0.02040373,-0.00021337,-0.01993836
CP01-R0844,844,845,376,AGE,0.11422207,0.11421076,0.00001131,0.00208407
CP01-R0660,660,661,377,INTERCEPT,-23.33121358,-23.24169779,-0.08951579,-0.00336709
CP01-R0660,660,661,377,CEMENT,0.11980433,0.11994462,-0.00014029,-0.01652558
CP01-R0660,660,661,377,SLAG,0.10386581,0.10382161,0.00004420,0.00436078
CP01-R0660,660,661,377,FLY_ASH,0.08793432,0.08808497,-0.00015065,-0.01197193
CP01-R0660,660,661,377,WATER,-0.14991842,-0.15023946,0.00032104,0.00799068
CP01-R0660,660,661,377,SUPERPLASTICIZER,0.29222460,0.29246381,-0.00023922,-0.00256055
CP01-R0660,660,661,377,COARSE_AGGREGATE,0.01808621,0.01810796,-0.00002174,-0.00231490
CP01-R0660,660,661,377,FINE_AGGREGATE,0.02019035,0.02005731,0.00013304,0.01243191
CP01-R0660,660,661,377,AGE,0.11422207,0.11413599,0.00008607,0.01585992
CP01-R0675,675,676,378,INTERCEPT,-23.33121358,-22.69301606,-0.63819752,-0.02400547
CP01-R0675,675,676,378,CEMENT,0.11980433,0.11962941,0.00017492,0.02060567
CP01-R0675,675,676,378,SLAG,0.10386581,0.10379331,0.00007250,0.00715247
CP01-R0675,675,676,378,FLY_ASH,0.08793432,0.08766090,0.00027342,0.02172853
CP01-R0675,675,676,378,WATER,-0.14991842,-0.15084516,0.00092674,0.02306648
CP01-R0675,675,676,378,SUPERPLASTICIZER,0.29222460,0.28906032,0.00316428,0.03387006
CP01-R0675,675,676,378,COARSE_AGGREGATE,0.01808621,0.01788404,0.00020217,0.02152573
CP01-R0675,675,676,378,FINE_AGGREGATE,0.02019035,0.01997680,0.00021355,0.01995462
CP01-R0675,675,676,378,AGE,0.11422207,0.11406018,0.00016189,0.02982996
CP01-R0264,264,265,379,INTERCEPT,-23.33121358,-22.79559990,-0.53561368,-0.02014683
CP01-R0264,264,265,379,CEMENT,0.11980433,0.11974288,0.00006145,0.00723904
CP01-R0264,264,265,379,SLAG,0.10386581,0.10377499,0.00009082,0.00895995
CP01-R0264,264,265,379,FLY_ASH,0.08793432,0.08775694,0.00017739,0.01409692
CP01-R0264,264,265,379,WATER,-0.14991842,-0.15029436,0.00037594,0.00935710
CP01-R0264,264,265,379,SUPERPLASTICIZER,0.29222460,0.29093464,0.00128995,0.01380750
CP01-R0264,264,265,379,COARSE_AGGREGATE,0.01808621,0.01789530,0.00019091,0.02032660
CP01-R0264,264,265,379,FINE_AGGREGATE,0.02019035,0.01987987,0.00031048,0.02901263
CP01-R0264,264,265,379,AGE,0.11422207,0.11401616,0.00020591,0.03794066
CP01-R0941,941,942,380,INTERCEPT,-23.33121358,-22.92500208,-0.40621150,-0.01527944
CP01-R0941,941,942,380,CEMENT,0.11980433,0.11976084,0.00004350,0.00512388
CP01-R0941,941,942,380,SLAG,0.10386581,0.10392078,-0.00005497,-0.00542334
CP01-R0941,941,942,380,FLY_ASH,0.08793432,0.08786828,0.00006604,0.00524844
CP01-R0941,941,942,380,WATER,-0.14991842,-0.15149484,0.00157642,0.03923689
CP01-R0941,941,942,380,SUPERPLASTICIZER,0.29222460,0.28857137,0.00365323,0.03910371
CP01-R0941,941,942,380,COARSE_AGGREGATE,0.01808621,0.01807991,0.00000630,0.00067114
CP01-R0941,941,942,380,FINE_AGGREGATE,0.02019035,0.02007463,0.00011572,0.01081320
CP01-R0941,941,942,380,AGE,0.11422207,0.11430688,-0.00008481,-0.01562713
CP01-R0669,669,670,381,INTERCEPT,-23.33121358,-23.14992846,-0.18128512,-0.00681895
CP01-R0669,669,670,381,CEMENT,0.11980433,0.11967238,0.00013196,0.01554471
CP01-R0669,669,670,381,SLAG,0.10386581,0.10379701,0.00006880,0.00678766
CP01-R0669,669,670,381,FLY_ASH,0.08793432,0.08774169,0.00019263,0.01530848
CP01-R0669,669,670,381,WATER,-0.14991842,-0.15008854,0.00017012,0.00423423
CP01-R0669,669,670,381,SUPERPLASTICIZER,0.29222460,0.29047396,0.00175063,0.01873857
CP01-R0669,669,670,381,COARSE_AGGREGATE,0.01808621,0.01791712,0.00016910,0.01800390
CP01-R0669,669,670,381,FINE_AGGREGATE,0.02019035,0.02030539,-0.00011503,-0.01074917
CP01-R0669,669,670,381,AGE,0.11422207,0.11413343,0.00008864,0.01633327
CP01-R0688,688,689,382,INTERCEPT,-23.33121358,-23.92071857,0.58950498,0.02217393
CP01-R0688,688,689,382,CEMENT,0.11980433,0.11995644,-0.00015210,-0.01791733
CP01-R0688,688,689,382,SLAG,0.10386581,0.10387939,-0.00001358,-0.00133982
CP01-R0688,688,689,382,FLY_ASH,0.08793432,0.08813584,-0.00020152,-0.01601446
CP01-R0688,688,689,382,WATER,-0.14991842,-0.14883779,-0.00108063,-0.02689663
CP01-R0688,688,689,382,SUPERPLASTICIZER,0.29222460,0.29565609,-0.00343149,-0.03673028
CP01-R0688,688,689,382,COARSE_AGGREGATE,0.01808621,0.01827042,-0.00018421,-0.01961301
CP01-R0688,688,689,382,FINE_AGGREGATE,0.02019035,0.02036080,-0.00017045,-0.01592710
CP01-R0688,688,689,382,AGE,0.11422207,0.11409581,0.00012626,0.02326489
CP01-R0189,189,190,383,INTERCEPT,-23.33121358,-22.13856695,-1.19264663,-0.04486079
CP01-R0189,189,190,383,CEMENT,0.11980433,0.11951520,0.00028913,0.03405950
CP01-R0189,189,190,383,SLAG,0.10386581,0.10354625,0.00031956,0.03152774
CP01-R0189,189,190,383,FLY_ASH,0.08793432,0.08741409,0.00052023,0.04134275
CP01-R0189,189,190,383,WATER,-0.14991842,-0.15158579,0.00166737,0.04150053
CP01-R0189,189,190,383,SUPERPLASTICIZER,0.29222460,0.29170987,0.00051472,0.00550954
CP01-R0189,189,190,383,COARSE_AGGREGATE,0.01808621,0.01775104,0.00033517,0.03568637
CP01-R0189,189,190,383,FINE_AGGREGATE,0.02019035,0.01963470,0.00055565,0.05192158
CP01-R0189,189,190,383,AGE,0.11422207,0.11407017,0.00015189,0.02798772
CP01-R0763,763,764,384,INTERCEPT,-23.33121358,-23.28705002,-0.04416356,-0.00166119
CP01-R0763,763,764,384,CEMENT,0.11980433,0.11979317,0.00001116,0.00131494
CP01-R0763,763,764,384,SLAG,0.10386581,0.10374336,0.00012245,0.01208108
CP01-R0763,763,764,384,FLY_ASH,0.08793432,0.08781571,0.00011861,0.00942593
CP01-R0763,763,764,384,WATER,-0.14991842,-0.14986132,-0.00005710,-0.00142120
CP01-R0763,763,764,384,SUPERPLASTICIZER,0.29222460,0.29171889,0.00050570,0.00541300
CP01-R0763,763,764,384,COARSE_AGGREGATE,0.01808621,0.01804159,0.00004463,0.00475128
CP01-R0763,763,764,384,FINE_AGGREGATE,0.02019035,0.02019999,-0.00000964,-0.00090080
CP01-R0763,763,764,384,AGE,0.11422207,0.11449019,-0.00026812,-0.04940369
CP01-R0919,919,920,385,INTERCEPT,-23.33121358,-23.37052695,0.03931336,0.00147875
CP01-R0919,919,920,385,CEMENT,0.11980433,0.11976078,0.00004356,0.00513095
CP01-R0919,919,920,385,SLAG,0.10386581,0.10379614,0.00006967,0.00687396
CP01-R0919,919,920,385,FLY_ASH,0.08793432,0.08810707,-0.00017275,-0.01372847
CP01-R0919,919,920,385,WATER,-0.14991842,-0.14929591,-0.00062251,-0.01549427
CP01-R0919,919,920,385,SUPERPLASTICIZER,0.29222460,0.29260820,-0.00038361,-0.00410609
CP01-R0919,919,920,385,COARSE_AGGREGATE,0.01808621,0.01794786,0.00013836,0.01473093
CP01-R0919,919,920,385,FINE_AGGREGATE,0.02019035,0.02028722,-0.00009687,-0.00905146
CP01-R0919,919,920,385,AGE,0.11422207,0.11418781,0.00003426,0.00631257
CP01-R0982,982,983,386,INTERCEPT,-23.33121358,-23.33880105,0.00758746,0.00028540
CP01-R0982,982,983,386,CEMENT,0.11980433,0.11975561,0.00004872,0.00573962
CP01-R0982,982,983,386,SLAG,0.10386581,0.10378989,0.00007592,0.00749066
CP01-R0982,982,983,386,FLY_ASH,0.08793432,0.08810266,-0.00016834,-0.01337764
CP01-R0982,982,983,386,WATER,-0.14991842,-0.14935412,-0.00056430,-0.01404523
CP01-R0982,982,983,386,SUPERPLASTICIZER,0.29222460,0.29245483,-0.00023023,-0.00246436
CP01-R0982,982,983,386,COARSE_AGGREGATE,0.01808621,0.01793684,0.00014937,0.01590393
CP01-R0982,982,983,386,FINE_AGGREGATE,0.02019035,0.02027775,-0.00008740,-0.00816650
CP01-R0982,982,983,386,AGE,0.11422207,0.11418811,0.00003396,0.00625710
CP01-R1005,1005,1006,387,INTERCEPT,-23.33121358,-24.04771365,0.71650006,0.02695078
CP01-R1005,1005,1006,387,CEMENT,0.11980433,0.11984666,-0.00004232,-0.00498564
CP01-R1005,1005,1006,387,SLAG,0.10386581,0.10388503,-0.00001922,-0.00189674
CP01-R1005,1005,1006,387,FLY_ASH,0.08793432,0.08785237,0.00008195,0.00651254
CP01-R1005,1005,1006,387,WATER,-0.14991842,-0.14875301,-0.00116541,-0.02900687
CP01-R1005,1005,1006,387,SUPERPLASTICIZER,0.29222460,0.29528349,-0.00305889,-0.03274203
CP01-R1005,1005,1006,387,COARSE_AGGREGATE,0.01808621,0.01846145,-0.00037524,-0.03995190
CP01-R1005,1005,1006,387,FINE_AGGREGATE,0.02019035,0.02032378,-0.00013343,-0.01246785
CP01-R1005,1005,1006,387,AGE,0.11422207,0.11421838,0.00000369,0.00067966
CP01-R0831,831,832,388,INTERCEPT,-23.33121358,-23.02348318,-0.30773041,-0.01157512
CP01-R0831,831,832,388,CEMENT,0.11980433,0.11964735,0.00015699,0.01849282
CP01-R0831,831,832,388,SLAG,0.10386581,0.10381440,0.00005141,0.00507210
CP01-R0831,831,832,388,FLY_ASH,0.08793432,0.08788016,0.00005417,0.00430458
CP01-R0831,831,832,388,WATER,-0.14991842,-0.14984900,-0.00006942,-0.00172786
CP01-R0831,831,832,388,SUPERPLASTICIZER,0.29222460,0.29532661,-0.00310201,-0.03320358
CP01-R0831,831,832,388,COARSE_AGGREGATE,0.01808621,0.01792743,0.00015879,0.01690613
CP01-R0831,831,832,388,FINE_AGGREGATE,0.02019035,0.02002611,0.00016424,0.01534749
CP01-R0831,831,832,388,AGE,0.11422207,0.11421778,0.00000429,0.00079072
CP01-R0020,20,21,389,INTERCEPT,-23.33121358,-22.74516942,-0.58604417,-0.02204375
CP01-R0020,20,21,389,CEMENT,0.11980433,0.11969793,0.00010640,0.01253383
CP01-R0020,20,21,389,SLAG,0.10386581,0.10357553,0.00029028,0.02863915
CP01-R0020,20,21,389,FLY_ASH,0.08793432,0.08767777,0.00025655,0.02038818
CP01-R0020,20,21,389,WATER,-0.14991842,-0.15019080,0.00027238,0.00677955
CP01-R0020,20,21,389,SUPERPLASTICIZER,0.29222460,0.29239228,-0.00016768,-0.00179486
CP01-R0020,20,21,389,COARSE_AGGREGATE,0.01808621,0.01786478,0.00022143,0.02357602
CP01-R0020,20,21,389,FINE_AGGREGATE,0.02019035,0.01985877,0.00033158,0.03098379
CP01-R0020,20,21,389,AGE,0.11422207,0.11434627,-0.00012420,-0.02288488
CP01-R0289,289,290,390,INTERCEPT,-23.33121358,-23.05282162,-0.27839196,-0.01047157
CP01-R0289,289,290,390,CEMENT,0.11980433,0.11976128,0.00004305,0.00507148
CP01-R0289,289,290,390,SLAG,0.10386581,0.10378576,0.00008005,0.00789732
CP01-R0289,289,290,390,FLY_ASH,0.08793432,0.08758322,0.00035110,0.02790206
CP01-R0289,289,290,390,WATER,-0.14991842,-0.14998100,0.00006258,0.00155766
CP01-R0289,289,290,390,SUPERPLASTICIZER,0.29222460,0.29255273,-0.00032813,-0.00351227
CP01-R0289,289,290,390,COARSE_AGGREGATE,0.01808621,0.01791511,0.00017110,0.01821758
CP01-R0289,289,290,390,FINE_AGGREGATE,0.02019035,0.02010471,0.00008564,0.00800216
CP01-R0289,289,290,390,AGE,0.11422207,0.11403891,0.00018316,0.03374865
CP01-R0651,651,652,391,INTERCEPT,-23.33121358,-23.29142280,-0.03979079,-0.00149671
CP01-R0651,651,652,391,CEMENT,0.11980433,0.11994538,-0.00014104,-0.01661496
CP01-R0651,651,652,391,SLAG,0.10386581,0.10379544,0.00007037,0.00694262
CP01-R0651,651,652,391,FLY_ASH,0.08793432,0.08807918,-0.00014486,-0.01151200
CP01-R0651,651,652,391,WATER,-0.14991842,-0.15014009,0.00022167,0.00551724
CP01-R0651,651,652,391,SUPERPLASTICIZER,0.29222460,0.29259135,-0.00036675,-0.00392565
CP01-R0651,651,652,391,COARSE_AGGREGATE,0.01808621,0.01809170,-0.00000549,-0.00058448
CP01-R0651,651,652,391,FINE_AGGREGATE,0.02019035,0.02011976,0.00007059,0.00659629
CP01-R0651,651,652,391,AGE,0.11422207,0.11413190,0.00009017,0.01661496
CP01-R0878,878,879,392,INTERCEPT,-23.33121358,-22.94202383,-0.38918976,-0.01463917
CP01-R0878,878,879,392,CEMENT,0.11980433,0.11976849,0.00003584,0.00422249
CP01-R0878,878,879,392,SLAG,0.10386581,0.10392599,-0.00006018,-0.00593743
CP01-R0878,878,879,392,FLY_ASH,0.08793432,0.08788242,0.00005191,0.00412500
CP01-R0878,878,879,392,WATER,-0.14991842,-0.15145381,0.00153539,0.03821563
CP01-R0878,878,879,392,SUPERPLASTICIZER,0.29222460,0.28850385,0.00372075,0.03982641
CP01-R0878,878,879,392,COARSE_AGGREGATE,0.01808621,0.01807987,0.00000635,0.00067605
CP01-R0878,878,879,392,FINE_AGGREGATE,0.02019035,0.02008378,0.00010658,0.00995881
CP01-R0878,878,879,392,AGE,0.11422207,0.11430414,-0.00008208,-0.01512319
CP01-R0647,647,648,393,INTERCEPT,-23.33121358,-23.60856410,0.27735051,0.01043240
CP01-R0647,647,648,393,CEMENT,0.11980433,0.11989241,-0.00008808,-0.01037518
CP01-R0647,647,648,393,SLAG,0.10386581,0.10382027,0.00004554,0.00449286
CP01-R0647,647,648,393,FLY_ASH,0.08793432,0.08806686,-0.00013254,-0.01053320
CP01-R0647,647,648,393,WATER,-0.14991842,-0.14965859,-0.00025983,-0.00646704
CP01-R0647,647,648,393,SUPERPLASTICIZER,0.29222460,0.29384104,-0.00161644,-0.01730220
CP01-R0647,647,648,393,COARSE_AGGREGATE,0.01808621,0.01815113,-0.00006492,-0.00691192
CP01-R0647,647,648,393,FINE_AGGREGATE,0.02019035,0.02034623,-0.00015588,-0.01456621
CP01-R0647,647,648,393,AGE,0.11422207,0.11413126,0.00009081,0.01673231
CP01-R0407,407,408,394,INTERCEPT,-23.33121358,-23.48927474,0.15806116,0.00594539
CP01-R0407,407,408,394,CEMENT,0.11980433,0.11992512,-0.00012078,-0.01422820
CP01-R0407,407,408,394,SLAG,0.10386581,0.10402581,-0.00016000,-0.01578595
CP01-R0407,407,408,394,FLY_ASH,0.08793432,0.08833257,-0.00039825,-0.03164893
CP01-R0407,407,408,394,WATER,-0.14991842,-0.15033771,0.00041929,0.01043601
CP01-R0407,407,408,394,SUPERPLASTICIZER,0.29222460,0.28758068,0.00464391,0.04970788
CP01-R0407,407,408,394,COARSE_AGGREGATE,0.01808621,0.01811880,-0.00003259,-0.00346939
CP01-R0407,407,408,394,FINE_AGGREGATE,0.02019035,0.02041197,-0.00022162,-0.02070908
CP01-R0407,407,408,394,AGE,0.11422207,0.11420461,0.00001746,0.00321752
CP01-R0988,988,989,395,INTERCEPT,-23.33121358,-23.01142459,-0.31978899,-0.01202870
CP01-R0988,988,989,395,CEMENT,0.11980433,0.11964769,0.00015664,0.01845239
CP01-R0988,988,989,395,SLAG,0.10386581,0.10381501,0.00005080,0.00501216
CP01-R0988,988,989,395,FLY_ASH,0.08793432,0.08788305,0.00005127,0.00407428
CP01-R0988,988,989,395,WATER,-0.14991842,-0.14988160,-0.00003682,-0.00091638
CP01-R0988,988,989,395,SUPERPLASTICIZER,0.29222460,0.29518945,-0.00296485,-0.03173541
CP01-R0988,988,989,395,COARSE_AGGREGATE,0.01808621,0.01792307,0.00016315,0.01737051
CP01-R0988,988,989,395,FINE_AGGREGATE,0.02019035,0.02002433,0.00016602,0.01551333
CP01-R0988,988,989,395,AGE,0.11422207,0.11421842,0.00000365,0.00067293
CP01-R0029,29,30,396,INTERCEPT,-23.33121358,-23.92710904,0.59589545,0.02241430
CP01-R0029,29,30,396,CEMENT,0.11980433,0.11993382,-0.00012949,-0.01525376
CP01-R0029,29,30,396,SLAG,0.10386581,0.10416200,-0.00029619,-0.02922239
CP01-R0029,29,30,396,FLY_ASH,0.08793432,0.08824140,-0.00030708,-0.02440397
CP01-R0029,29,30,396,WATER,-0.14991842,-0.14985019,-0.00006823,-0.00169813
CP01-R0029,29,30,396,SUPERPLASTICIZER,0.29222460,0.29187059,0.00035401,0.00378926
CP01-R0029,29,30,396,COARSE_AGGREGATE,0.01808621,0.01830934,-0.00022312,-0.02375599
CP01-R0029,29,30,396,FINE_AGGREGATE,0.02019035,0.02055331,-0.00036296,-0.03391571
CP01-R0029,29,30,396,AGE,0.11422207,0.11435969,-0.00013762,-0.02535845
CP01-R0989,989,990,397,INTERCEPT,-23.33121358,-23.60485786,0.27364427,0.01029299
CP01-R0989,989,990,397,CEMENT,0.11980433,0.11972918,0.00007515,0.00885282
CP01-R0989,989,990,397,SLAG,0.10386581,0.10385890,0.00000691,0.00068204
CP01-R0989,989,990,397,FLY_ASH,0.08793432,0.08793381,0.00000051,0.00004065
CP01-R0989,989,990,397,WATER,-0.14991842,-0.14859423,-0.00132418,-0.03295875
CP01-R0989,989,990,397,SUPERPLASTICIZER,0.29222460,0.29642139,-0.00419679,-0.04492198
CP01-R0989,989,990,397,COARSE_AGGREGATE,0.01808621,0.01816318,-0.00007697,-0.00819496
CP01-R0989,989,990,397,FINE_AGGREGATE,0.02019035,0.02014364,0.00004671,0.00436513
CP01-R0989,989,990,397,AGE,0.11422207,0.11414643,0.00007564,0.01393747
CP01-R1016,1016,1017,398,INTERCEPT,-23.33121358,-23.94214893,0.61093535,0.02298002
CP01-R1016,1016,1017,398,CEMENT,0.11980433,0.12000647,-0.00020213,-0.02381107
CP01-R1016,1016,1017,398,SLAG,0.10386581,0.10405972,-0.00019391,-0.01913099
CP01-R1016,1016,1017,398,FLY_ASH,0.08793432,0.08841252,-0.00047820,-0.03800249
CP01-R1016,1016,1017,398,WATER,-0.14991842,-0.14948559,-0.00043283,-0.01077302
CP01-R1016,1016,1017,398,SUPERPLASTICIZER,0.29222460,0.28987162,0.00235298,0.02518598
CP01-R1016,1016,1017,398,COARSE_AGGREGATE,0.01808621,0.01826105,-0.00017483,-0.01861477
CP01-R1016,1016,1017,398,FINE_AGGREGATE,0.02019035,0.02053075,-0.00034039,-0.03180758
CP01-R1016,1016,1017,398,AGE,0.11422207,0.11431902,-0.00009696,-0.01786506
CP01-R0677,677,678,399,INTERCEPT,-23.33121358,-23.25809495,-0.07311864,-0.00275032
CP01-R0677,677,678,399,CEMENT,0.11980433,0.11973247,0.00007186,0.00846524
CP01-R0677,677,678,399,SLAG,0.10386581,0.10401218,-0.00014637,-0.01444092
CP01-R0677,677,678,399,FLY_ASH,0.08793432,0.08787021,0.00006411,0.00509522
CP01-R0677,677,678,399,WATER,-0.14991842,-0.14986922,-0.00004920,-0.00122464
CP01-R0677,677,678,399,SUPERPLASTICIZER,0.29222460,0.29112202,0.00110258,0.01180188
CP01-R0677,677,678,399,COARSE_AGGREGATE,0.01808621,0.01809187,-0.00000566,-0.00060223
CP01-R0677,677,678,399,FINE_AGGREGATE,0.02019035,0.02012048,0.00006987,0.00652916
CP01-R0677,677,678,399,AGE,0.11422207,0.11410855,0.00011352,0.02091705
CP01-R0653,653,654,400,INTERCEPT,-23.33121358,-23.24804758,-0.08316600,-0.00312825
CP01-R0653,653,654,400,CEMENT,0.11980433,0.11968869,0.00011564,0.01362230
CP01-R0653,653,654,400,SLAG,0.10386581,0.10387687,-0.00001106,-0.00109108
CP01-R0653,653,654,400,FLY_ASH,0.08793432,0.08779904,0.00013528,0.01075083
CP01-R0653,653,654,400,WATER,-0.14991842,-0.15000216,0.00008374,0.00208438
CP01-R0653,653,654,400,SUPERPLASTICIZER,0.29222460,0.29059849,0.00162610,0.01740563
CP01-R0653,653,654,400,COARSE_AGGREGATE,0.01808621,0.01796457,0.00012165,0.01295200
CP01-R0653,653,654,400,FINE_AGGREGATE,0.02019035,0.02033184,-0.00014149,-0.01322146
CP01-R0653,653,654,400,AGE,0.11422207,0.11415124,0.00007082,0.01305008
CP01-R0859,859,860,401,INTERCEPT,-23.33121358,-23.99355320,0.66233961,0.02491356
CP01-R0859,859,860,401,CEMENT,0.11980433,0.12000964,-0.00020531,-0.02418500
CP01-R0859,859,860,401,SLAG,0.10386581,0.10406199,-0.00019618,-0.01935484
CP01-R0859,859,860,401,FLY_ASH,0.08793432,0.08841088,-0.00047656,-0.03787261
CP01-R0859,859,860,401,WATER,-0.14991842,-0.14937980,-0.00053862,-0.01340605
CP01-R0859,859,860,401,SUPERPLASTICIZER,0.29222460,0.29030553,0.00191907,0.02054146
CP01-R0859,859,860,401,COARSE_AGGREGATE,0.01808621,0.01827952,-0.00019331,-0.02058158
CP01-R0859,859,860,401,FINE_AGGREGATE,0.02019035,0.02054410,-0.00035375,-0.03305516
CP01-R0859,859,860,401,AGE,0.11422207,0.11432000,-0.00009793,-0.01804486
CP01-R0659,659,660,402,INTERCEPT,-23.33121358,-23.03316886,-0.29804472,-0.01121080
CP01-R0659,659,660,402,CEMENT,0.11980433,0.11981240,-0.00000806,-0.00094976
CP01-R0659,659,660,402,SLAG,0.10386581,0.10395573,-0.00008992,-0.00887118
CP01-R0659,659,660,402,FLY_ASH,0.08793432,0.08791091,0.00002341,0.00186068
CP01-R0659,659,660,402,WATER,-0.14991842,-0.15021332,0.00029490,0.00734000
CP01-R0659,659,660,402,SUPERPLASTICIZER,0.29222460,0.29006741,0.00215718,0.02309022
CP01-R0659,659,660,402,COARSE_AGGREGATE,0.01808621,0.01800986,0.00007636,0.00813001
CP01-R0659,659,660,402,FINE_AGGREGATE,0.02019035,0.01999705,0.00019330,0.01806274
CP01-R0659,659,660,402,AGE,0.11422207,0.11408736,0.00013471,0.02482080
CP01-R0375,375,376,403,INTERCEPT,-23.33121358,-24.55380011,1.22258652,0.04598696
CP01-R0375,375,376,403,CEMENT,0.11980433,0.12013013,-0.00032579,-0.03837802
CP01-R0375,375,376,403,SLAG,0.10386581,0.10411579,-0.00024998,-0.02466274
CP01-R0375,375,376,403,FLY_ASH,0.08793432,0.08822506,-0.00029073,-0.02310479
CP01-R0375,375,376,403,WATER,-0.14991842,-0.14773760,-0.00218082,-0.05428030
CP01-R0375,375,376,403,SUPERPLASTICIZER,0.29222460,0.29406344,-0.00183884,-0.01968274
CP01-R0375,375,376,403,COARSE_AGGREGATE,0.01808621,0.01847455,-0.00038834,-0.04134668
CP01-R0375,375,376,403,FINE_AGGREGATE,0.02019035,0.02061074,-0.00042039,-0.03928216
CP01-R0375,375,376,403,AGE,0.11422207,0.11407698,0.00014509,0.02673464
CP01-R0058,58,59,404,INTERCEPT,-23.33121358,-23.65079314,0.31957955,0.01202082
CP01-R0058,58,59,404,CEMENT,0.11980433,0.11982085,-0.00001651,-0.00194531
CP01-R0058,58,59,404,SLAG,0.10386581,0.10402061,-0.00015480,-0.01527237
CP01-R0058,58,59,404,FLY_ASH,0.08793432,0.08792045,0.00001387,0.00110244
CP01-R0058,58,59,404,WATER,-0.14991842,-0.14949359,-0.00042482,-0.01057383
CP01-R0058,58,59,404,SUPERPLASTICIZER,0.29222460,0.29068131,0.00154328,0.01651908
CP01-R0058,58,59,404,COARSE_AGGREGATE,0.01808621,0.01817600,-0.00008978,-0.00955934
CP01-R0058,58,59,404,FINE_AGGREGATE,0.02019035,0.02040524,-0.00021489,-0.02008019
CP01-R0058,58,59,404,AGE,0.11422207,0.11408707,0.00013500,0.02487523
CP01-R0832,832,833,405,INTERCEPT,-23.33121358,-23.58898916,0.25777558,0.00969610
CP01-R0832,832,833,405,CEMENT,0.11980433,0.11972667,0.00007766,0.00914869
CP01-R0832,832,833,405,SLAG,0.10386581,0.10385539,0.00001041,0.00102744
CP01-R0832,832,833,405,FLY_ASH,0.08793432,0.08793046,0.00000387,0.00030719
CP01-R0832,832,833,405,WATER,-0.14991842,-0.14862446,-0.00129396,-0.03220647
CP01-R0832,832,833,405,SUPERPLASTICIZER,0.29222460,0.29634524,-0.00412064,-0.04410686
CP01-R0832,832,833,405,COARSE_AGGREGATE,0.01808621,0.01815771,-0.00007150,-0.00761214
CP01-R0832,832,833,405,FINE_AGGREGATE,0.02019035,0.02013916,0.00005119,0.00478332
CP01-R0832,832,833,405,AGE,0.11422207,0.11414664,0.00007542,0.01389749
CP01-R0195,195,196,406,INTERCEPT,-23.33121358,-23.97707230,0.64585872,0.02429364
CP01-R0195,195,196,406,CEMENT,0.11980433,0.11989385,-0.00008952,-0.01054502
CP01-R0195,195,196,406,SLAG,0.10386581,0.10397539,-0.00010958,-0.01081098
CP01-R0195,195,196,406,FLY_ASH,0.08793432,0.08815876,-0.00022444,-0.01783635
CP01-R0195,195,196,406,WATER,-0.14991842,-0.14924269,-0.00067572,-0.01681868
CP01-R0195,195,196,406,SUPERPLASTICIZER,0.29222460,0.29259614,-0.00037155,-0.00397698
CP01-R0195,195,196,406,COARSE_AGGREGATE,0.01808621,0.01830084,-0.00021462,-0.02285114
CP01-R0195,195,196,406,FINE_AGGREGATE,0.02019035,0.02055220,-0.00036185,-0.03381244
CP01-R0195,195,196,406,AGE,0.11422207,0.11415700,0.00006506,0.01198875
CP01-R0095,95,96,407,INTERCEPT,-23.33121358,-23.68161578,0.35040219,0.01318020
CP01-R0095,95,96,407,CEMENT,0.11980433,0.11993811,-0.00013378,-0.01575915
CP01-R0095,95,96,407,SLAG,0.10386581,0.10415485,-0.00028905,-0.02851734
CP01-R0095,95,96,407,FLY_ASH,0.08793432,0.08804072,-0.00010639,-0.00845516
CP01-R0095,95,96,407,WATER,-0.14991842,-0.14959263,-0.00032579,-0.00810887
CP01-R0095,95,96,407,SUPERPLASTICIZER,0.29222460,0.29329924,-0.00107464,-0.01150286
CP01-R0095,95,96,407,COARSE_AGGREGATE,0.01808621,0.01831978,-0.00023357,-0.02486800
CP01-R0095,95,96,407,FINE_AGGREGATE,0.02019035,0.02019310,-0.00000274,-0.00025645
CP01-R0095,95,96,407,AGE,0.11422207,0.11416250,0.00005957,0.01097652
CP01-R0063,63,64,408,INTERCEPT,-23.33121358,-23.26191669,-0.06929690,-0.00260657
CP01-R0063,63,64,408,CEMENT,0.11980433,0.11976192,0.00004242,0.00499654
CP01-R0063,63,64,408,SLAG,0.10386581,0.10369616,0.00016965,0.01673753
CP01-R0063,63,64,408,FLY_ASH,0.08793432,0.08772107,0.00021325,0.01694708
CP01-R0063,63,64,408,WATER,-0.14991842,-0.14984217,-0.00007625,-0.00189791
CP01-R0063,63,64,408,SUPERPLASTICIZER,0.29222460,0.29090750,0.00131709,0.01409802
CP01-R0063,63,64,408,COARSE_AGGREGATE,0.01808621,0.01801050,0.00007571,0.00806129
CP01-R0063,63,64,408,FINE_AGGREGATE,0.02019035,0.02025774,-0.00006739,-0.00629722
CP01-R0063,63,64,408,AGE,0.11422207,0.11405926,0.00016281,0.02999946
CP01-R0525,525,526,409,INTERCEPT,-23.33121358,-23.17080621,-0.16040737,-0.00603364
CP01-R0525,525,526,409,CEMENT,0.11980433,0.11954235,0.00026198,0.03086153
CP01-R0525,525,526,409,SLAG,0.10386581,0.10366177,0.00020404,0.02013098
CP01-R0525,525,526,409,FLY_ASH,0.08793432,0.08744027,0.00049405,0.03926222
CP01-R0525,525,526,409,WATER,-0.14991842,-0.14955272,-0.00036569,-0.00910208
CP01-R0525,525,526,409,SUPERPLASTICIZER,0.29222460,0.29479960,-0.00257501,-0.02756257
CP01-R0525,525,526,409,COARSE_AGGREGATE,0.01808621,0.01806730,0.00001892,0.00201435
CP01-R0525,525,526,409,FINE_AGGREGATE,0.02019035,0.02004026,0.00015009,0.01402527
CP01-R0525,525,526,409,AGE,0.11422207,0.11418948,0.00003259,0.00600460
CP01-R0922,922,923,410,INTERCEPT,-23.33121358,-23.13101770,-0.20019589,-0.00753026
CP01-R0922,922,923,410,CEMENT,0.11980433,0.11962710,0.00017723,0.02087773
CP01-R0922,922,923,410,SLAG,0.10386581,0.10364508,0.00022073,0.02177725
CP01-R0922,922,923,410,FLY_ASH,0.08793432,0.08787134,0.00006298,0.00500487
CP01-R0922,922,923,410,WATER,-0.14991842,-0.14958560,-0.00033281,-0.00828370
CP01-R0922,922,923,410,SUPERPLASTICIZER,0.29222460,0.29364748,-0.00142289,-0.01523039
CP01-R0922,922,923,410,COARSE_AGGREGATE,0.01808621,0.01790314,0.00018307,0.01949166
CP01-R0922,922,923,410,FINE_AGGREGATE,0.02019035,0.02017537,0.00001498,0.00139948
CP01-R0922,922,923,410,AGE,0.11422207,0.11417774,0.00004433,0.00816805
CP01-R0565,565,566,411,INTERCEPT,-23.33121358,-23.64503519,0.31382161,0.01180424
CP01-R0565,565,566,411,CEMENT,0.11980433,0.11985865,-0.00005432,-0.00639834
CP01-R0565,565,566,411,SLAG,0.10386581,0.10417509,-0.00030929,-0.03051420
CP01-R0565,565,566,411,FLY_ASH,0.08793432,0.08805145,-0.00011713,-0.00930852
CP01-R0565,565,566,411,WATER,-0.14991842,-0.14984382,-0.00007460,-0.00185681
CP01-R0565,565,566,411,SUPERPLASTICIZER,0.29222460,0.29046929,0.00175531,0.01878857
CP01-R0565,565,566,411,COARSE_AGGREGATE,0.01808621,0.01827429,-0.00018808,-0.02002503
CP01-R0565,565,566,411,FINE_AGGREGATE,0.02019035,0.02031039,-0.00012004,-0.01121707
CP01-R0565,565,566,411,AGE,0.11422207,0.11420092,0.00002114,0.00389584
CP01-R0083,83,84,412,INTERCEPT,-23.33121358,-23.29821053,-0.03300306,-0.00124139
CP01-R0083,83,84,412,CEMENT,0.11980433,0.11992844,-0.00012411,-0.01461991
CP01-R0083,83,84,412,SLAG,0.10386581,0.10396195,-0.00009614,-0.00948488
CP01-R0083,83,84,412,FLY_ASH,0.08793432,0.08788666,0.00004766,0.00378766
CP01-R0083,83,84,412,WATER,-0.14991842,-0.15057029,0.00065187,0.01622497
CP01-R0083,83,84,412,SUPERPLASTICIZER,0.29222460,0.29148454,0.00074005,0.00792143
CP01-R0083,83,84,412,COARSE_AGGREGATE,0.01808621,0.01806600,0.00002021,0.00215219
CP01-R0083,83,84,412,FINE_AGGREGATE,0.02019035,0.02029590,-0.00010555,-0.00986254
CP01-R0083,83,84,412,AGE,0.11422207,0.11417337,0.00004869,0.00897247
CP01-R0190,190,191,413,INTERCEPT,-23.33121358,-24.45370946,1.12249588,0.04222210
CP01-R0190,190,191,413,CEMENT,0.11980433,0.12005795,-0.00025362,-0.02987620
CP01-R0190,190,191,413,SLAG,0.10386581,0.10410239,-0.00023658,-0.02334143
CP01-R0190,190,191,413,FLY_ASH,0.08793432,0.08834868,-0.00041436,-0.03292899
CP01-R0190,190,191,413,WATER,-0.14991842,-0.14793103,-0.00198739,-0.04946574
CP01-R0190,190,191,413,SUPERPLASTICIZER,0.29222460,0.29362029,-0.00139570,-0.01493937
CP01-R0190,190,191,413,COARSE_AGGREGATE,0.01808621,0.01837964,-0.00029343,-0.03124178
CP01-R0190,190,191,413,FINE_AGGREGATE,0.02019035,0.02066897,-0.00047862,-0.04472343
CP01-R0190,190,191,413,AGE,0.11422207,0.11410779,0.00011428,0.02105632
CP01-R0985,985,986,414,INTERCEPT,-23.33121358,-23.15194994,-0.17926364,-0.00674291
CP01-R0985,985,986,414,CEMENT,0.11980433,0.11963057,0.00017376,0.02046934
CP01-R0985,985,986,414,SLAG,0.10386581,0.10364923,0.00021658,0.02136753
CP01-R0985,985,986,414,FLY_ASH,0.08793432,0.08787284,0.00006148,0.00488601
CP01-R0985,985,986,414,WATER,-0.14991842,-0.14954698,-0.00037144,-0.00924500
CP01-R0985,985,986,414,SUPERPLASTICIZER,0.29222460,0.29375405,-0.00152946,-0.01637115
CP01-R0985,985,986,414,COARSE_AGGREGATE,0.01808621,0.01791122,0.00017499,0.01863137
CP01-R0985,985,986,414,FINE_AGGREGATE,0.02019035,0.02018054,0.00000982,0.00091717
CP01-R0985,985,986,414,AGE,0.11422207,0.11417738,0.00004469,0.00823408
CP01-R0443,443,444,415,INTERCEPT,-23.33121358,-23.35858874,0.02737516,0.00102970
CP01-R0443,443,444,415,CEMENT,0.11980433,0.11983965,-0.00003532,-0.00416026
CP01-R0443,443,444,415,SLAG,0.10386581,0.10391612,-0.00005031,-0.00496328
CP01-R0443,443,444,415,FLY_ASH,0.08793432,0.08773235,0.00020197,0.01605096
CP01-R0443,443,444,415,WATER,-0.14991842,-0.14965874,-0.00025968,-0.00646332
CP01-R0443,443,444,415,SUPERPLASTICIZER,0.29222460,0.29156791,0.00065668,0.00702905
CP01-R0443,443,444,415,COARSE_AGGREGATE,0.01808621,0.01800478,0.00008144,0.00867091
CP01-R0443,443,444,415,FINE_AGGREGATE,0.02019035,0.02025737,-0.00006701,-0.00626209
CP01-R0443,443,444,415,AGE,0.11422207,0.11420804,0.00001403,0.00258476
CP01-R0550,550,551,416,INTERCEPT,-23.33121358,-23.98346260,0.65224901,0.02453401
CP01-R0550,550,551,416,CEMENT,0.11980433,0.11995274,-0.00014841,-0.01748255
CP01-R0550,550,551,416,SLAG,0.10386581,0.10416069,-0.00029488,-0.02909322
CP01-R0550,550,551,416,FLY_ASH,0.08793432,0.08825160,-0.00031728,-0.02521456
CP01-R0550,550,551,416,WATER,-0.14991842,-0.14902133,-0.00089709,-0.02232842
CP01-R0550,550,551,416,SUPERPLASTICIZER,0.29222460,0.29483773,-0.00261313,-0.02797065
CP01-R0550,550,551,416,COARSE_AGGREGATE,0.01808621,0.01838928,-0.00030307,-0.03226785
CP01-R0550,550,551,416,FINE_AGGREGATE,0.02019035,0.02030835,-0.00011800,-0.01102587
CP01-R0550,550,551,416,AGE,0.11422207,0.11415127,0.00007080,0.01304569
CP01-R0689,689,690,417,INTERCEPT,-23.33121358,-23.36847388,0.03726029,0.00140153
CP01-R0689,689,690,417,CEMENT,0.11980433,0.11965666,0.00014768,0.01739639
CP01-R0689,689,690,417,SLAG,0.10386581,0.10386599,-0.00000018,-0.00001777
CP01-R0689,689,690,417,FLY_ASH,0.08793432,0.08774263,0.00019170,0.01523413
CP01-R0689,689,690,417,WATER,-0.14991842,-0.14953982,-0.00037860,-0.00942335
CP01-R0689,689,690,417,SUPERPLASTICIZER,0.29222460,0.29211789,0.00010670,0.00114213
CP01-R0689,689,690,417,COARSE_AGGREGATE,0.01808621,0.01805025,0.00003596,0.00382911
CP01-R0689,689,690,417,FINE_AGGREGATE,0.02019035,0.02027989,-0.00008954,-0.00836709
CP01-R0689,689,690,417,AGE,0.11422207,0.11410714,0.00011493,0.02117600
CP01-R0387,387,388,418,INTERCEPT,-23.33121358,-23.80414300,0.47292942,0.01778900
CP01-R0387,387,388,418,CEMENT,0.11980433,0.11977643,0.00002790,0.00328676
CP01-R0387,387,388,418,SLAG,0.10386581,0.10408383,-0.00021802,-0.02150992
CP01-R0387,387,388,418,FLY_ASH,0.08793432,0.08814447,-0.00021015,-0.01670039
CP01-R0387,387,388,418,WATER,-0.14991842,-0.14946941,-0.00044901,-0.01117570
CP01-R0387,387,388,418,SUPERPLASTICIZER,0.29222460,0.29244221,-0.00021762,-0.00232935
CP01-R0387,387,388,418,COARSE_AGGREGATE,0.01808621,0.01828875,-0.00020254,-0.02156422
CP01-R0387,387,388,418,FINE_AGGREGATE,0.02019035,0.02039873,-0.00020838,-0.01947125
CP01-R0387,387,388,418,AGE,0.11422207,0.11431151,-0.00008944,-0.01648041
CP01-R0343,343,344,419,INTERCEPT,-23.33121358,-22.73822087,-0.59299271,-0.02230511
CP01-R0343,343,344,419,CEMENT,0.11980433,0.11963922,0.00016512,0.01945055
CP01-R0343,343,344,419,SLAG,0.10386581,0.10377643,0.00008938,0.00881848
CP01-R0343,343,344,419,FLY_ASH,0.08793432,0.08760008,0.00033424,0.02656249
CP01-R0343,343,344,419,WATER,-0.14991842,-0.15076658,0.00084816,0.02111059
CP01-R0343,343,344,419,SUPERPLASTICIZER,0.29222460,0.29013388,0.00209071,0.02237872
CP01-R0343,343,344,419,COARSE_AGGREGATE,0.01808621,0.01781886,0.00026736,0.02846574
CP01-R0343,343,344,419,FINE_AGGREGATE,0.02019035,0.02005506,0.00013529,0.01264237
CP01-R0343,343,344,419,AGE,0.11422207,0.11416846,0.00005360,0.00987689
CP01-R0927,927,928,420,INTERCEPT,-23.33121358,-23.30046554,-0.03074805,-0.00115657
CP01-R0927,927,928,420,CEMENT,0.11980433,0.11983813,-0.00003379,-0.00398073
CP01-R0927,927,928,420,SLAG,0.10386581,0.10402736,-0.00016155,-0.01593870
CP01-R0927,927,928,420,FLY_ASH,0.08793432,0.08823153,-0.00029720,-0.02361893
CP01-R0927,927,928,420,WATER,-0.14991842,-0.14960155,-0.00031687,-0.00788673
CP01-R0927,927,928,420,SUPERPLASTICIZER,0.29222460,0.29200972,0.00021487,0.00229997
CP01-R0927,927,928,420,COARSE_AGGREGATE,0.01808621,0.01798936,0.00009686,0.01031272
CP01-R0927,927,928,420,FINE_AGGREGATE,0.02019035,0.02016044,0.00002991,0.00279518
CP01-R0927,927,928,420,AGE,0.11422207,0.11420560,0.00001647,0.00303418
CP01-R0174,174,175,421,INTERCEPT,-23.33121358,-22.88792121,-0.44329237,-0.01667421
CP01-R0174,174,175,421,CEMENT,0.11980433,0.11961221,0.00019213,0.02263232
CP01-R0174,174,175,421,SLAG,0.10386581,0.10353954,0.00032627,0.03219022
CP01-R0174,174,175,421,FLY_ASH,0.08793432,0.08775936,0.00017496,0.01390449
CP01-R0174,174,175,421,WATER,-0.14991842,-0.15014795,0.00022953,0.00571302
CP01-R0174,174,175,421,SUPERPLASTICIZER,0.29222460,0.29175080,0.00047379,0.00507140
CP01-R0174,174,175,421,COARSE_AGGREGATE,0.01808621,0.01800869,0.00007753,0.00825441
CP01-R0174,174,175,421,FINE_AGGREGATE,0.02019035,0.01988569,0.00030467,0.02846895
CP01-R0174,174,175,421,AGE,0.11422207,0.11407793,0.00014414,0.02655917
CP01-R0517,517,518,422,INTERCEPT,-23.33121358,-24.23031959,0.89910600,0.03381941
CP01-R0517,517,518,422,CEMENT,0.11980433,0.12006143,-0.00025710,-0.03028593
CP01-R0517,517,518,422,SLAG,0.10386581,0.10413309,-0.00026728,-0.02636967
CP01-R0517,517,518,422,FLY_ASH,0.08793432,0.08848588,-0.00055156,-0.04383268
CP01-R0517,517,518,422,WATER,-0.14991842,-0.14835329,-0.00156513,-0.03895584
CP01-R0517,517,518,422,SUPERPLASTICIZER,0.29222460,0.29157675,0.00064784,0.00693441
CP01-R0517,517,518,422,COARSE_AGGREGATE,0.01808621,0.01830853,-0.00022232,-0.02367043
CP01-R0517,517,518,422,FINE_AGGREGATE,0.02019035,0.02056871,-0.00037836,-0.03535492
CP01-R0517,517,518,422,AGE,0.11422207,0.11412575,0.00009632,0.01774785
CP01-R0535,535,536,423,INTERCEPT,-23.33121358,-22.56794608,-0.76326750,-0.02870991
CP01-R0535,535,536,423,CEMENT,0.11980433,0.11968589,0.00011845,0.01395284
CP01-R0535,535,536,423,SLAG,0.10386581,0.10354910,0.00031671,0.03124641
CP01-R0535,535,536,423,FLY_ASH,0.08793432,0.08761531,0.00031901,0.02535178
CP01-R0535,535,536,423,WATER,-0.14991842,-0.15085553,0.00093711,0.02332450
CP01-R0535,535,536,423,SUPERPLASTICIZER,0.29222460,0.28946868,0.00275592,0.02949901
CP01-R0535,535,536,423,COARSE_AGGREGATE,0.01808621,0.01777271,0.00031350,0.03337892
CP01-R0535,535,536,423,FINE_AGGREGATE,0.02019035,0.01995627,0.00023408,0.02187317
CP01-R0535,535,536,423,AGE,0.11422207,0.11406534,0.00015672,0.02887779
CP01-R0250,250,251,424,INTERCEPT,-23.33121358,-24.43125859,1.10004501,0.04137762
CP01-R0250,250,251,424,CEMENT,0.11980433,0.12008661,-0.00028228,-0.03325230
CP01-R0250,250,251,424,SLAG,0.10386581,0.10412874,-0.00026293,-0.02594098
CP01-R0250,250,251,424,FLY_ASH,0.08793432,0.08838974,-0.00045542,-0.03619210
CP01-R0250,250,251,424,WATER,-0.14991842,-0.14818872,-0.00172969,-0.04305183
CP01-R0250,250,251,424,SUPERPLASTICIZER,0.29222460,0.29297019,-0.00074559,-0.00798071
CP01-R0250,250,251,424,COARSE_AGGREGATE,0.01808621,0.01838202,-0.00029581,-0.03149517
CP01-R0250,250,251,424,FINE_AGGREGATE,0.02019035,0.02068713,-0.00049677,-0.04642020
CP01-R0250,250,251,424,AGE,0.11422207,0.11411968,0.00010238,0.01886512
CP01-R0458,458,459,425,INTERCEPT,-23.33121358,-22.01465953,-1.31655405,-0.04952150
CP01-R0458,458,459,425,CEMENT,0.11980433,0.11948896,0.00031537,0.03715067
CP01-R0458,458,459,425,SLAG,0.10386581,0.10354242,0.00032339,0.03190563
CP01-R0458,458,459,425,FLY_ASH,0.08793432,0.08739038,0.00054394,0.04322708
CP01-R0458,458,459,425,WATER,-0.14991842,-0.15197270,0.00205428,0.05113079
CP01-R0458,458,459,425,SUPERPLASTICIZER,0.29222460,0.28997235,0.00225224,0.02410774
CP01-R0458,458,459,425,COARSE_AGGREGATE,0.01808621,0.01760586,0.00048036,0.05114387
CP01-R0458,458,459,425,FINE_AGGREGATE,0.02019035,0.01976639,0.00042396,0.03961652
CP01-R0458,458,459,425,AGE,0.11422207,0.11420387,0.00001820,0.00335336
CP01-R0307,307,308,426,INTERCEPT,-23.33121358,-22.78465623,-0.54655736,-0.02055847
CP01-R0307,307,308,426,CEMENT,0.11980433,0.11968391,0.00012043,0.01418606
CP01-R0307,307,308,426,SLAG,0.10386581,0.10379770,0.00006811,0.00672010
CP01-R0307,307,308,426,FLY_ASH,0.08793432,0.08774688,0.00018744,0.01489580
CP01-R0307,307,308,426,WATER,-0.14991842,-0.15050346,0.00058504,0.01456149
CP01-R0307,307,308,426,SUPERPLASTICIZER,0.29222460,0.29031701,0.00190758,0.02041854
CP01-R0307,307,308,426,COARSE_AGGREGATE,0.01808621,0.01792065,0.00016556,0.01762766
CP01-R0307,307,308,426,FINE_AGGREGATE,0.02019035,0.01989325,0.00029710,0.02776221
CP01-R0307,307,308,426,AGE,0.11422207,0.11421737,0.00000470,0.00086521
CP01-R0269,269,270,427,INTERCEPT,-23.33121358,-23.25987571,-0.07133787,-0.00268334
CP01-R0269,269,270,427,CEMENT,0.11980433,0.11982679,-0.00002246,-0.00264541
CP01-R0269,269,270,427,SLAG,0.10386581,0.10386861,-0.00000280,-0.00027622
CP01-R0269,269,270,427,FLY_ASH,0.08793432,0.08779271,0.00014161,0.01125377
CP01-R0269,269,270,427,WATER,-0.14991842,-0.14948772,-0.00043070,-0.01072007
CP01-R0269,269,270,427,SUPERPLASTICIZER,0.29222460,0.29257557,-0.00035098,-0.00375680
CP01-R0269,269,270,427,COARSE_AGGREGATE,0.01808621,0.01794742,0.00013879,0.01477740
CP01-R0269,269,270,427,FINE_AGGREGATE,0.02019035,0.02016967,0.00002068,0.00193209
CP01-R0269,269,270,427,AGE,0.11422207,0.11403670,0.00018536,0.03415509
CP01-R0293,293,294,428,INTERCEPT,-23.33121358,-22.85367681,-0.47753678,-0.01796230
CP01-R0293,293,294,428,CEMENT,0.11980433,0.11977679,0.00002755,0.00324490
CP01-R0293,293,294,428,SLAG,0.10386581,0.10374856,0.00011725,0.01156782
CP01-R0293,293,294,428,FLY_ASH,0.08793432,0.08768494,0.00024938,0.01981810
CP01-R0293,293,294,428,WATER,-0.14991842,-0.15036106,0.00044265,0.01101737
CP01-R0293,293,294,428,SUPERPLASTICIZER,0.29222460,0.29096486,0.00125973,0.01348400
CP01-R0293,293,294,428,COARSE_AGGREGATE,0.01808621,0.01781207,0.00027414,0.02918832
CP01-R0293,293,294,428,FINE_AGGREGATE,0.02019035,0.02006082,0.00012953,0.01210402
CP01-R0293,293,294,428,AGE,0.11422207,0.11414280,0.00007927,0.01460672
CP01-R0308,308,309,429,INTERCEPT,-23.33121358,-22.78398084,-0.54723274,-0.02058388
CP01-R0308,308,309,429,CEMENT,0.11980433,0.11967980,0.00012454,0.01467030
CP01-R0308,308,309,429,SLAG,0.10386581,0.10378173,0.00008407,0.00829484
CP01-R0308,308,309,429,FLY_ASH,0.08793432,0.08772950,0.00020482,0.01627725
CP01-R0308,308,309,429,WATER,-0.14991842,-0.15044427,0.00052585,0.01308832
CP01-R0308,308,309,429,SUPERPLASTICIZER,0.29222460,0.29043794,0.00178665,0.01912411
CP01-R0308,308,309,429,COARSE_AGGREGATE,0.01808621,0.01791940,0.00016682,0.01776132
CP01-R0308,308,309,429,FINE_AGGREGATE,0.02019035,0.01988909,0.00030127,0.02815120
CP01-R0308,308,309,429,AGE,0.11422207,0.11412914,0.00009293,0.01712303
CP01-R0924,924,925,430,INTERCEPT,-23.33121358,-23.17888182,-0.15233176,-0.00572988
CP01-R0924,924,925,430,CEMENT,0.11980433,0.11975207,0.00005226,0.00615638
CP01-R0924,924,925,430,SLAG,0.10386581,0.10371037,0.00015543,0.01533520
CP01-R0924,924,925,430,FLY_ASH,0.08793432,0.08764290,0.00029142,0.02315940
CP01-R0924,924,925,430,WATER,-0.14991842,-0.15068618,0.00076776,0.01910933
CP01-R0924,924,925,430,SUPERPLASTICIZER,0.29222460,0.29132490,0.00089970,0.00963027
CP01-R0924,924,925,430,COARSE_AGGREGATE,0.01808621,0.01811059,-0.00002438,-0.00259539
CP01-R0924,924,925,430,FINE_AGGREGATE,0.02019035,0.02019526,-0.00000491,-0.00045913
CP01-R0924,924,925,430,AGE,0.11422207,0.11425560,-0.00003353,-0.00617804
CP01-R0249,249,250,431,INTERCEPT,-23.33121358,-22.80302311,-0.52819047,-0.01986761
CP01-R0249,249,250,431,CEMENT,0.11980433,0.11973464,0.00006969,0.00820944
CP01-R0249,249,250,431,SLAG,0.10386581,0.10382743,0.00003838,0.00378632
CP01-R0249,249,250,431,FLY_ASH,0.08793432,0.08773721,0.00019711,0.01566461
CP01-R0249,249,250,431,WATER,-0.14991842,-0.15086682,0.00094840,0.02360555
CP01-R0249,249,250,431,SUPERPLASTICIZER,0.29222460,0.29078927,0.00143532,0.01536354
CP01-R0249,249,250,431,COARSE_AGGREGATE,0.01808621,0.01797616,0.00011006,0.01171798
CP01-R0249,249,250,431,FINE_AGGREGATE,0.02019035,0.01991852,0.00027183,0.02540068
CP01-R0249,249,250,431,AGE,0.11422207,0.11405984,0.00016223,0.02989148
CP01-R0917,917,918,432,INTERCEPT,-23.33121358,-23.47306501,0.14185142,0.00533567
CP01-R0917,917,918,432,CEMENT,0.11980433,0.11990813,-0.00010380,-0.01222719
CP01-R0917,917,918,432,SLAG,0.10386581,0.10393757,-0.00007176,-0.00708024
CP01-R0917,917,918,432,FLY_ASH,0.08793432,0.08825156,-0.00031724,-0.02521118
CP01-R0917,917,918,432,WATER,-0.14991842,-0.15030903,0.00039061,0.00972215
CP01-R0917,917,918,432,SUPERPLASTICIZER,0.29222460,0.29022951,0.00199509,0.02135517
CP01-R0917,917,918,432,COARSE_AGGREGATE,0.01808621,0.01818523,-0.00009901,-0.01054175
CP01-R0917,917,918,432,FINE_AGGREGATE,0.02019035,0.02026673,-0.00007638,-0.00713699
CP01-R0917,917,918,432,AGE,0.11422207,0.11433493,-0.00011286,-0.02079538
CP01-R0652,652,653,433,INTERCEPT,-23.33121358,-23.13589641,-0.19531718,-0.00734675
CP01-R0652,652,653,433,CEMENT,0.11980433,0.11961489,0.00018945,0.02231681
CP01-R0652,652,653,433,SLAG,0.10386581,0.10374875,0.00011706,0.01154919
CP01-R0652,652,653,433,FLY_ASH,0.08793432,0.08763324,0.00030108,0.02392698
CP01-R0652,652,653,433,WATER,-0.14991842,-0.14976202,-0.00015640,-0.00389271
CP01-R0652,652,653,433,SUPERPLASTICIZER,0.29222460,0.29199516,0.00022944,0.00245586
CP01-R0652,652,653,433,COARSE_AGGREGATE,0.01808621,0.01799155,0.00009466,0.01007890
CP01-R0652,652,653,433,FINE_AGGREGATE,0.02019035,0.02014506,0.00004529,0.00423185
CP01-R0652,652,653,433,AGE,0.11422207,0.11406234,0.00015973,0.02943109
CP01-R0684,684,685,434,INTERCEPT,-23.33121358,-23.46775058,0.13653699,0.00513577
CP01-R0684,684,685,434,CEMENT,0.11980433,0.11989684,-0.00009250,-0.01089681
CP01-R0684,684,685,434,SLAG,0.10386581,0.10376225,0.00010356,0.01021722
CP01-R0684,684,685,434,FLY_ASH,0.08793432,0.08799923,-0.00006491,-0.00515820
CP01-R0684,684,685,434,WATER,-0.14991842,-0.14953747,-0.00038095,-0.00948182
CP01-R0684,684,685,434,SUPERPLASTICIZER,0.29222460,0.29446572,-0.00224113,-0.02398873
CP01-R0684,684,685,434,COARSE_AGGREGATE,0.01808621,0.01817709,-0.00009087,-0.00967535
CP01-R0684,684,685,434,FINE_AGGREGATE,0.02019035,0.02011301,0.00007734,0.00722689
CP01-R0684,684,685,434,AGE,0.11422207,0.11411646,0.00010561,0.01945996
CP01-R0418,418,419,435,INTERCEPT,-23.33121358,-24.06821704,0.73700345,0.02772200
CP01-R0418,418,419,435,CEMENT,0.11980433,0.11991267,-0.00010834,-0.01276208
CP01-R0418,418,419,435,SLAG,0.10386581,0.10399172,-0.00012592,-0.01242287
CP01-R0418,418,419,435,FLY_ASH,0.08793432,0.08817374,-0.00023942,-0.01902704
CP01-R0418,418,419,435,WATER,-0.14991842,-0.14897049,-0.00094793,-0.02359375
CP01-R0418,418,419,435,SUPERPLASTICIZER,0.29222460,0.29311448,-0.00088988,-0.00952522
CP01-R0418,418,419,435,COARSE_AGGREGATE,0.01808621,0.01831916,-0.00023295,-0.02480192
CP01-R0418,418,419,435,FINE_AGGREGATE,0.02019035,0.02056896,-0.00037861,-0.03537842
CP01-R0418,418,419,435,AGE,0.11422207,0.11415190,0.00007017,0.01292986
CP01-R0473,473,474,436,INTERCEPT,-23.33121358,-22.84209030,-0.48912328,-0.01839812
CP01-R0473,473,474,436,CEMENT,0.11980433,0.11984890,-0.00004456,-0.00524953
CP01-R0473,473,474,436,SLAG,0.10386581,0.10374426,0.00012155,0.01199188
CP01-R0473,473,474,436,FLY_ASH,0.08793432,0.08792419,0.00001013,0.00080480
CP01-R0473,473,474,436,WATER,-0.14991842,-0.15080554,0.00088712,0.02208022
CP01-R0473,473,474,436,SUPERPLASTICIZER,0.29222460,0.29172328,0.00050132,0.00536606
CP01-R0473,473,474,436,COARSE_AGGREGATE,0.01808621,0.01794735,0.00013886,0.01478506
CP01-R0473,473,474,436,FINE_AGGREGATE,0.02019035,0.01995446,0.00023589,0.02204199
CP01-R0473,473,474,436,AGE,0.11422207,0.11419379,0.00002828,0.00521012
CP01-R0258,258,259,437,INTERCEPT,-23.33121358,-22.87037948,-0.46083410,-0.01733404
CP01-R0258,258,259,437,CEMENT,0.11980433,0.11973535,0.00006898,0.00812583
CP01-R0258,258,259,437,SLAG,0.10386581,0.10377625,0.00008956,0.00883568
CP01-R0258,258,259,437,FLY_ASH,0.08793432,0.08773797,0.00019635,0.01560387
CP01-R0258,258,259,437,WATER,-0.14991842,-0.15013265,0.00021423,0.00533209
CP01-R0258,258,259,437,SUPERPLASTICIZER,0.29222460,0.29212485,0.00009975,0.00106769
CP01-R0258,258,259,437,COARSE_AGGREGATE,0.01808621,0.01792177,0.00016445,0.01750883
CP01-R0258,258,259,437,FINE_AGGREGATE,0.02019035,0.01989275,0.00029761,0.02780922
CP01-R0258,258,259,437,AGE,0.11422207,0.11412855,0.00009352,0.01723132
CP01-R0021,21,22,438,INTERCEPT,-23.33121358,-22.84320794,-0.48800565,-0.01835608
CP01-R0021,21,22,438,CEMENT,0.11980433,0.11971013,0.00009420,0.01109683
CP01-R0021,21,22,438,SLAG,0.10386581,0.10364746,0.00021834,0.02154189
CP01-R0021,21,22,438,FLY_ASH,0.08793432,0.08772290,0.00021142,0.01680184
CP01-R0021,21,22,438,WATER,-0.14991842,-0.15009285,0.00017443,0.00434146
CP01-R0021,21,22,438,SUPERPLASTICIZER,0.29222460,0.29239848,-0.00017388,-0.00186119
CP01-R0021,21,22,438,COARSE_AGGREGATE,0.01808621,0.01790226,0.00018395,0.01958569
CP01-R0021,21,22,438,FINE_AGGREGATE,0.02019035,0.01990032,0.00029003,0.02710114
CP01-R0021,21,22,438,AGE,0.11422207,0.11435559,-0.00013352,-0.02460165
CP01-R0980,980,981,439,INTERCEPT,-23.33121358,-23.54121996,0.21000637,0.00789928
CP01-R0980,980,981,439,CEMENT,0.11980433,0.11991401,-0.00010968,-0.01291987
CP01-R0980,980,981,439,SLAG,0.10386581,0.10394425,-0.00007844,-0.00773870
CP01-R0980,980,981,439,FLY_ASH,0.08793432,0.08825232,-0.00031800,-0.02527144
CP01-R0980,980,981,439,WATER,-0.14991842,-0.15016832,0.00024990,0.00622000
CP01-R0980,980,981,439,SUPERPLASTICIZER,0.29222460,0.29076684,0.00145776,0.01560367
CP01-R0980,980,981,439,COARSE_AGGREGATE,0.01808621,0.01821030,-0.00012409,-0.01321150
CP01-R0980,980,981,439,FINE_AGGREGATE,0.02019035,0.02028290,-0.00009255,-0.00864845
CP01-R0980,980,981,439,AGE,0.11422207,0.11433526,-0.00011319,-0.02085587
CP01-R0051,51,52,440,INTERCEPT,-23.33121358,-23.01593799,-0.31527560,-0.01185893
CP01-R0051,51,52,440,CEMENT,0.11980433,0.11972885,0.00007548,0.00889200
CP01-R0051,51,52,440,SLAG,0.10386581,0.10378579,0.00008002,0.00789460
CP01-R0051,51,52,440,FLY_ASH,0.08793432,0.08780350,0.00013082,0.01039620
CP01-R0051,51,52,440,WATER,-0.14991842,-0.14989430,-0.00002412,-0.00060032
CP01-R0051,51,52,440,SUPERPLASTICIZER,0.29222460,0.29242637,-0.00020177,-0.00215972
CP01-R0051,51,52,440,COARSE_AGGREGATE,0.01808621,0.01796851,0.00011771,0.01253232
CP01-R0051,51,52,440,FINE_AGGREGATE,0.02019035,0.01996663,0.00022372,0.02090498
CP01-R0051,51,52,440,AGE,0.11422207,0.11438691,-0.00016485,-0.03037439
CP01-R0640,640,641,441,INTERCEPT,-23.33121358,-23.66400906,0.33279548,0.01251793
CP01-R0640,640,641,441,CEMENT,0.11980433,0.11980178,0.00000256,0.00030100
CP01-R0640,640,641,441,SLAG,0.10386581,0.10404601,-0.00018020,-0.01777835
CP01-R0640,640,641,441,FLY_ASH,0.08793432,0.08811565,-0.00018133,-0.01441032
CP01-R0640,640,641,441,WATER,-0.14991842,-0.14935663,-0.00056179,-0.01398277
CP01-R0640,640,641,441,SUPERPLASTICIZER,0.29222460,0.29449245,-0.00226786,-0.02427488
CP01-R0640,640,641,441,COARSE_AGGREGATE,0.01808621,0.01815781,-0.00007160,-0.00762280
CP01-R0640,640,641,441,FINE_AGGREGATE,0.02019035,0.02033242,-0.00014207,-0.01327554
CP01-R0640,640,641,441,AGE,0.11422207,0.11432347,-0.00010140,-0.01868401
CP01-R0200,200,201,442,INTERCEPT,-23.33121358,-23.46723570,0.13602211,0.00511640
CP01-R0200,200,201,442,CEMENT,0.11980433,0.11974653,0.00005780,0.00680879
CP01-R0200,200,201,442,SLAG,0.10386581,0.10381401,0.00005180,0.00511083
CP01-R0200,200,201,442,FLY_ASH,0.08793432,0.08800683,-0.00007251,-0.00576200
CP01-R0200,200,201,442,WATER,-0.14991842,-0.14998895,0.00007054,0.00175561
CP01-R0200,200,201,442,SUPERPLASTICIZER,0.29222460,0.29273132,-0.00050673,-0.00542395
CP01-R0200,200,201,442,COARSE_AGGREGATE,0.01808621,0.01825571,-0.00016949,-0.01804601
CP01-R0200,200,201,442,FINE_AGGREGATE,0.02019035,0.02020267,-0.00001232,-0.00115084
CP01-R0200,200,201,442,AGE,0.11422207,0.11415502,0.00006705,0.01235398
CP01-R0048,48,49,443,INTERCEPT,-23.33121358,-22.92237199,-0.40884160,-0.01537837
CP01-R0048,48,49,443,CEMENT,0.11980433,0.11971834,0.00008600,0.01013016
CP01-R0048,48,49,443,SLAG,0.10386581,0.10371241,0.00015340,0.01513400
CP01-R0048,48,49,443,FLY_ASH,0.08793432,0.08775999,0.00017433,0.01385440
CP01-R0048,48,49,443,WATER,-0.14991842,-0.14999837,0.00007995,0.00198997
CP01-R0048,48,49,443,SUPERPLASTICIZER,0.29222460,0.29241353,-0.00018894,-0.00202236
CP01-R0048,48,49,443,COARSE_AGGREGATE,0.01808621,0.01793265,0.00015356,0.01634998
CP01-R0048,48,49,443,FINE_AGGREGATE,0.02019035,0.01992979,0.00026056,0.02434776
CP01-R0048,48,49,443,AGE,0.11422207,0.11437194,-0.00014987,-0.02761568
CP01-R0356,356,357,444,INTERCEPT,-23.33121358,-22.99053096,-0.34068263,-0.01281460
CP01-R0356,356,357,444,CEMENT,0.11980433,0.11981397,-0.00000963,-0.00113463
CP01-R0356,356,357,444,SLAG,0.10386581,0.10381818,0.00004763,0.00469890
CP01-R0356,356,357,444,FLY_ASH,0.08793432,0.08808690,-0.00015258,-0.01212575
CP01-R0356,356,357,444,WATER,-0.14991842,-0.15024292,0.00032450,0.00807686
CP01-R0356,356,357,444,SUPERPLASTICIZER,0.29222460,0.28895378,0.00327081,0.03501038
CP01-R0356,356,357,444,COARSE_AGGREGATE,0.01808621,0.01784115,0.00024507,0.02609278
CP01-R0356,356,357,444,FINE_AGGREGATE,0.02019035,0.02013545,0.00005490,0.00513003
CP01-R0356,356,357,444,AGE,0.11422207,0.11427627,-0.00005420,-0.00998755
CP01-R0540,540,541,445,INTERCEPT,-23.33121358,-24.17100170,0.83978812,0.03158820
CP01-R0540,540,541,445,CEMENT,0.11980433,0.11986565,-0.00006132,-0.00722327
CP01-R0540,540,541,445,SLAG,0.10386581,0.10412362,-0.00025781,-0.02543577
CP01-R0540,540,541,445,FLY_ASH,0.08793432,0.08814420,-0.00020988,-0.01667950
CP01-R0540,540,541,445,WATER,-0.14991842,-0.14867180,-0.00124662,-0.03102821
CP01-R0540,540,541,445,SUPERPLASTICIZER,0.29222460,0.29542944,-0.00320484,-0.03430425
CP01-R0540,540,541,445,COARSE_AGGREGATE,0.01808621,0.01840458,-0.00031837,-0.03389685
CP01-R0540,540,541,445,FINE_AGGREGATE,0.02019035,0.02048858,-0.00029823,-0.02786734
CP01-R0540,540,541,445,AGE,0.11422207,0.11418391,0.00003815,0.00703015
CP01-R0649,649,650,446,INTERCEPT,-23.33121358,-23.36914281,0.03792923,0.00142669
CP01-R0649,649,650,446,CEMENT,0.11980433,0.11992477,-0.00012043,-0.01418663
CP01-R0649,649,650,446,SLAG,0.10386581,0.10378662,0.00007919,0.00781294
CP01-R0649,649,650,446,FLY_ASH,0.08793432,0.08806873,-0.00013441,-0.01068146
CP01-R0649,649,650,446,WATER,-0.14991842,-0.15007313,0.00015471,0.00385080
CP01-R0649,649,650,446,SUPERPLASTICIZER,0.29222460,0.29277566,-0.00055106,-0.00589852
CP01-R0649,649,650,446,COARSE_AGGREGATE,0.01808621,0.01808852,-0.00000231,-0.00024582
CP01-R0649,649,650,446,FINE_AGGREGATE,0.02019035,0.02020760,-0.00001725,-0.00161192
CP01-R0649,649,650,446,AGE,0.11422207,0.11428845,-0.00006638,-0.01223113
CP01-R0340,340,341,447,INTERCEPT,-23.33121358,-23.82300932,0.49179574,0.01849864
CP01-R0340,340,341,447,CEMENT,0.11980433,0.11993614,-0.00013180,-0.01552606
CP01-R0340,340,341,447,SLAG,0.10386581,0.10391147,-0.00004566,-0.00450530
CP01-R0340,340,341,447,FLY_ASH,0.08793432,0.08818811,-0.00025379,-0.02016868
CP01-R0340,340,341,447,WATER,-0.14991842,-0.14909013,-0.00082829,-0.02061598
CP01-R0340,340,341,447,SUPERPLASTICIZER,0.29222460,0.29418862,-0.00196403,-0.02102272
CP01-R0340,340,341,447,COARSE_AGGREGATE,0.01808621,0.01831163,-0.00022542,-0.02400043
CP01-R0340,340,341,447,FINE_AGGREGATE,0.02019035,0.02028350,-0.00009315,-0.00870387
CP01-R0340,340,341,447,AGE,0.11422207,0.11410594,0.00011613,0.02139770
CP01-R0459,459,460,448,INTERCEPT,-23.33121358,-23.16485656,-0.16635702,-0.00625743
CP01-R0459,459,460,448,CEMENT,0.11980433,0.11968956,0.00011478,0.01352066
CP01-R0459,459,460,448,SLAG,0.10386581,0.10370143,0.00016437,0.01621725
CP01-R0459,459,460,448,FLY_ASH,0.08793432,0.08756237,0.00037195,0.02955934
CP01-R0459,459,460,448,WATER,-0.14991842,-0.14950546,-0.00041296,-0.01027842
CP01-R0459,459,460,448,SUPERPLASTICIZER,0.29222460,0.29616693,-0.00394233,-0.04219822
CP01-R0459,459,460,448,COARSE_AGGREGATE,0.01808621,0.01804671,0.00003950,0.00420571
CP01-R0459,459,460,448,FINE_AGGREGATE,0.02019035,0.01998080,0.00020955,0.01958099
CP01-R0459,459,460,448,AGE,0.11422207,0.11408507,0.00013700,0.02524347
CP01-R0556,556,557,449,INTERCEPT,-23.33121358,-23.62384195,0.29262836,0.01100706
CP01-R0556,556,557,449,CEMENT,0.11980433,0.11991466,-0.00011033,-0.01299634
CP01-R0556,556,557,449,SLAG,0.10386581,0.10420884,-0.00034303,-0.03384305
CP01-R0556,556,557,449,FLY_ASH,0.08793432,0.08813285,-0.00019852,-0.01577681
CP01-R0556,556,557,449,WATER,-0.14991842,-0.14989402,-0.00002440,-0.00060740
CP01-R0556,556,557,449,SUPERPLASTICIZER,0.29222460,0.29002588,0.00219871,0.02353477
CP01-R0556,556,557,449,COARSE_AGGREGATE,0.01808621,0.01823586,-0.00014964,-0.01593276
CP01-R0556,556,557,449,FINE_AGGREGATE,0.02019035,0.02031498,-0.00012462,-0.01164536
CP01-R0556,556,557,449,AGE,0.11422207,0.11421161,0.00001045,0.00192627
CP01-R0185,185,186,450,INTERCEPT,-23.33121358,-24.35758939,1.02637581,0.03860660
CP01-R0185,185,186,450,CEMENT,0.11980433,0.12004411,-0.00023978,-0.02824533
CP01-R0185,185,186,450,SLAG,0.10386581,0.10410746,-0.00024165,-0.02384134
CP01-R0185,185,186,450,FLY_ASH,0.08793432,0.08834273,-0.00040841,-0.03245620
CP01-R0185,185,186,450,WATER,-0.14991842,-0.14831165,-0.00160677,-0.03999229
CP01-R0185,185,186,450,SUPERPLASTICIZER,0.29222460,0.29282355,-0.00059896,-0.00641115
CP01-R0185,185,186,450,COARSE_AGGREGATE,0.01808621,0.01837079,-0.00028458,-0.03029928
CP01-R0185,185,186,450,FINE_AGGREGATE,0.02019035,0.02065463,-0.00046428,-0.04338386
CP01-R0185,185,186,450,AGE,0.11422207,0.11413154,0.00009053,0.01668105
CP01-R0008,8,9,451,INTERCEPT,-23.33121358,-23.80269832,0.47148473,0.01773465
CP01-R0008,8,9,451,CEMENT,0.11980433,0.11991637,-0.00011203,-0.01319732
CP01-R0008,8,9,451,SLAG,0.10386581,0.10407583,-0.00021002,-0.02072062
CP01-R0008,8,9,451,FLY_ASH,0.08793432,0.08818301,-0.00024869,-0.01976353
CP01-R0008,8,9,451,WATER,-0.14991842,-0.14995568,0.00003726,0.00092730
CP01-R0008,8,9,451,SUPERPLASTICIZER,0.29222460,0.29187667,0.00034793,0.00372415
CP01-R0008,8,9,451,COARSE_AGGREGATE,0.01808621,0.01826194,-0.00017573,-0.01871002
CP01-R0008,8,9,451,FINE_AGGREGATE,0.02019035,0.02049661,-0.00030626,-0.02861796
CP01-R0008,8,9,451,AGE,0.11422207,0.11434530,-0.00012323,-0.02270597
CP01-R0409,409,410,452,INTERCEPT,-23.33121358,-23.85302644,0.52181286,0.01962772
CP01-R0409,409,410,452,CEMENT,0.11980433,0.12000272,-0.00019839,-0.02336979
CP01-R0409,409,410,452,SLAG,0.10386581,0.10422312,-0.00035731,-0.03525192
CP01-R0409,409,410,452,FLY_ASH,0.08793432,0.08844538,-0.00051106,-0.04061371
CP01-R0409,409,410,452,WATER,-0.14991842,-0.14952090,-0.00039752,-0.00989420
CP01-R0409,409,410,452,SUPERPLASTICIZER,0.29222460,0.28987899,0.00234561,0.02510708
CP01-R0409,409,410,452,COARSE_AGGREGATE,0.01808621,0.01829262,-0.00020640,-0.02197606
CP01-R0409,409,410,452,FINE_AGGREGATE,0.02019035,0.02040328,-0.00021293,-0.01989640
CP01-R0409,409,410,452,AGE,0.11422207,0.11416665,0.00005542,0.01021214
CP01-R0378,378,379,453,INTERCEPT,-23.33121358,-22.14356890,-1.18764468,-0.04467264
CP01-R0378,378,379,453,CEMENT,0.11980433,0.11948447,0.00031987,0.03768026
CP01-R0378,378,379,453,SLAG,0.10386581,0.10360698,0.00025883,0.02553655
CP01-R0378,378,379,453,FLY_ASH,0.08793432,0.08763019,0.00030413,0.02416916
CP01-R0378,378,379,453,WATER,-0.14991842,-0.15195312,0.00203470,0.05064334
CP01-R0378,378,379,453,SUPERPLASTICIZER,0.29222460,0.29053104,0.00169356,0.01812765
CP01-R0378,378,379,453,COARSE_AGGREGATE,0.01808621,0.01770813,0.00037808,0.04025456
CP01-R0378,378,379,453,FINE_AGGREGATE,0.02019035,0.01977311,0.00041725,0.03898879
CP01-R0378,378,379,453,AGE,0.11422207,0.11426092,-0.00003885,-0.00715890
CP01-R0690,690,691,454,INTERCEPT,-23.33121358,-23.10860098,-0.22261261,-0.00837346
CP01-R0690,690,691,454,CEMENT,0.11980433,0.11973048,0.00007385,0.00870004
CP01-R0690,690,691,454,SLAG,0.10386581,0.10398332,-0.00011751,-0.01159330
CP01-R0690,690,691,454,FLY_ASH,0.08793432,0.08787701,0.00005731,0.00455424
CP01-R0690,690,691,454,WATER,-0.14991842,-0.15035386,0.00043544,0.01083812
CP01-R0690,690,691,454,SUPERPLASTICIZER,0.29222460,0.28969206,0.00253253,0.02710791
CP01-R0690,690,691,454,COARSE_AGGREGATE,0.01808621,0.01798906,0.00009715,0.01034370
CP01-R0690,690,691,454,FINE_AGGREGATE,0.02019035,0.02018111,0.00000924,0.00086322
CP01-R0690,690,691,454,AGE,0.11422207,0.11414871,0.00007336,0.01351680
CP01-R0879,879,880,455,INTERCEPT,-23.33121358,-23.35477838,0.02356480,0.00088638
CP01-R0879,879,880,455,CEMENT,0.11980433,0.11994801,-0.00014368,-0.01692531
CP01-R0879,879,880,455,SLAG,0.10386581,0.10381037,0.00005544,0.00546956
CP01-R0879,879,880,455,FLY_ASH,0.08793432,0.08812456,-0.00019024,-0.01511848
CP01-R0879,879,880,455,WATER,-0.14991842,-0.15009781,0.00017939,0.00446507
CP01-R0879,879,880,455,SUPERPLASTICIZER,0.29222460,0.29182821,0.00039638,0.00424283
CP01-R0879,879,880,455,COARSE_AGGREGATE,0.01808621,0.01810425,-0.00001804,-0.00192042
CP01-R0879,879,880,455,FINE_AGGREGATE,0.02019035,0.02016921,0.00002114,0.00197557
CP01-R0879,879,880,455,AGE,0.11422207,0.11427216,-0.00005009,-0.00923036
CP01-R0324,324,325,456,INTERCEPT,-23.33121358,-22.88698588,-0.44422770,-0.01670940
CP01-R0324,324,325,456,CEMENT,0.11980433,0.11974733,0.00005700,0.00671472
CP01-R0324,324,325,456,SLAG,0.10386581,0.10381093,0.00005488,0.00541471
CP01-R0324,324,325,456,FLY_ASH,0.08793432,0.08781518,0.00011914,0.00946787
CP01-R0324,324,325,456,WATER,-0.14991842,-0.15031452,0.00039610,0.00985895
CP01-R0324,324,325,456,SUPERPLASTICIZER,0.29222460,0.29017181,0.00205278,0.02197273
CP01-R0324,324,325,456,COARSE_AGGREGATE,0.01808621,0.01793288,0.00015334,0.01632619
CP01-R0324,324,325,456,FINE_AGGREGATE,0.02019035,0.01995227,0.00023808,0.02224678
CP01-R0324,324,325,456,AGE,0.11422207,0.11404559,0.00017648,0.03251732
CP01-R0205,205,206,457,INTERCEPT,-23.33121358,-23.94157039,0.61035681,0.02295826
CP01-R0205,205,206,457,CEMENT,0.11980433,0.11989548,-0.00009115,-0.01073705
CP01-R0205,205,206,457,SLAG,0.10386581,0.10394977,-0.00008396,-0.00828354
CP01-R0205,205,206,457,FLY_ASH,0.08793432,0.08820899,-0.00027467,-0.02182800
CP01-R0205,205,206,457,WATER,-0.14991842,-0.14899589,-0.00092253,-0.02296169
CP01-R0205,205,206,457,SUPERPLASTICIZER,0.29222460,0.29317407,-0.00094947,-0.01016302
CP01-R0205,205,206,457,COARSE_AGGREGATE,0.01808621,0.01836427,-0.00027806,-0.02960497
CP01-R0205,205,206,457,FINE_AGGREGATE,0.02019035,0.02036404,-0.00017368,-0.01622962
CP01-R0205,205,206,457,AGE,0.11422207,0.11411808,0.00010399,0.01916050
CP01-R0939,939,940,458,INTERCEPT,-23.33121358,-23.17237120,-0.15884239,-0.00597477
CP01-R0939,939,940,458,CEMENT,0.11980433,0.11956275,0.00024159,0.02845880
CP01-R0939,939,940,458,SLAG,0.10386581,0.10371350,0.00015231,0.01502671
CP01-R0939,939,940,458,FLY_ASH,0.08793432,0.08753520,0.00039912,0.03171832
CP01-R0939,939,940,458,WATER,-0.14991842,-0.14968362,-0.00023480,-0.00584404
CP01-R0939,939,940,458,SUPERPLASTICIZER,0.29222460,0.29593249,-0.00370789,-0.03968883
CP01-R0939,939,940,458,COARSE_AGGREGATE,0.01808621,0.01812214,-0.00003593,-0.00382534
CP01-R0939,939,940,458,FINE_AGGREGATE,0.02019035,0.01999612,0.00019423,0.01814935
CP01-R0939,939,940,458,AGE,0.11422207,0.11416486,0.00005721,0.01054205
CP01-R0673,673,674,459,INTERCEPT,-23.33121358,-22.95798404,-0.37322954,-0.01403884
CP01-R0673,673,674,459,CEMENT,0.11980433,0.11961033,0.00019401,0.02285411
CP01-R0673,673,674,459,SLAG,0.10386581,0.10373907,0.00012674,0.01250389
CP01-R0673,673,674,459,FLY_ASH,0.08793432,0.08764744,0.00028688,0.02279882
CP01-R0673,673,674,459,WATER,-0.14991842,-0.15034919,0.00043077,0.01072175
CP01-R0673,673,674,459,SUPERPLASTICIZER,0.29222460,0.29062480,0.00159979,0.01712399
CP01-R0673,673,674,459,COARSE_AGGREGATE,0.01808621,0.01791819,0.00016802,0.01788954
CP01-R0673,673,674,459,FINE_AGGREGATE,0.02019035,0.02015316,0.00003719,0.00347556
CP01-R0673,673,674,459,AGE,0.11422207,0.11411044,0.00011163,0.02056854
CP01-R0270,270,271,460,INTERCEPT,-23.33121358,-23.77911322,0.44789964,0.01684751
CP01-R0270,270,271,460,CEMENT,0.11980433,0.11987860,-0.00007427,-0.00874872
CP01-R0270,270,271,460,SLAG,0.10386581,0.10391627,-0.00005046,-0.00497817
CP01-R0270,270,271,460,FLY_ASH,0.08793432,0.08818076,-0.00024644,-0.01958447
CP01-R0270,270,271,460,WATER,-0.14991842,-0.14935180,-0.00056662,-0.01410306
CP01-R0270,270,271,460,SUPERPLASTICIZER,0.29222460,0.29281901,-0.00059441,-0.00636253
CP01-R0270,270,271,460,COARSE_AGGREGATE,0.01808621,0.01832121,-0.00023500,-0.02502047
CP01-R0270,270,271,460,FINE_AGGREGATE,0.02019035,0.02030631,-0.00011596,-0.01083596
CP01-R0270,270,271,460,AGE,0.11422207,0.11412318,0.00009889,0.01822127
CP01-R0466,466,467,461,INTERCEPT,-23.33121358,-22.88033260,-0.45088099,-0.01695966
CP01-R0466,466,467,461,CEMENT,0.11980433,0.11968091,0.00012342,0.01453927
CP01-R0466,466,467,461,SLAG,0.10386581,0.10361708,0.00024873,0.02453957
CP01-R0466,466,467,461,FLY_ASH,0.08793432,0.08750305,0.00043128,0.03427358
CP01-R0466,466,467,461,WATER,-0.14991842,-0.15030083,0.00038241,0.00951821
CP01-R0466,466,467,461,SUPERPLASTICIZER,0.29222460,0.29209145,0.00013315,0.00142518
CP01-R0466,466,467,461,COARSE_AGGREGATE,0.01808621,0.01789218,0.00019403,0.02065882
CP01-R0466,466,467,461,FINE_AGGREGATE,0.02019035,0.02004108,0.00014927,0.01394856
CP01-R0466,466,467,461,AGE,0.11422207,0.11405330,0.00016877,0.03109775
CP01-R0335,335,336,462,INTERCEPT,-23.33121358,-23.37496568,0.04375209,0.00164571
CP01-R0335,335,336,462,CEMENT,0.11980433,0.11981794,-0.00001361,-0.00160325
CP01-R0335,335,336,462,SLAG,0.10386581,0.10381934,0.00004647,0.00458505
CP01-R0335,335,336,462,FLY_ASH,0.08793432,0.08805125,-0.00011693,-0.00929271
CP01-R0335,335,336,462,WATER,-0.14991842,-0.15013968,0.00022127,0.00550725
CP01-R0335,335,336,462,SUPERPLASTICIZER,0.29222460,0.29266434,-0.00043974,-0.00470697
CP01-R0335,335,336,462,COARSE_AGGREGATE,0.01808621,0.01820376,-0.00011754,-0.01251491
CP01-R0335,335,336,462,FINE_AGGREGATE,0.02019035,0.02015649,0.00003386,0.00316379
CP01-R0335,335,336,462,AGE,0.11422207,0.11414787,0.00007420,0.01367187
CP01-R0248,248,249,463,INTERCEPT,-23.33121358,-22.82017333,-0.51104025,-0.01922252
CP01-R0248,248,249,463,CEMENT,0.11980433,0.11974585,0.00005848,0.00688889
CP01-R0248,248,249,463,SLAG,0.10386581,0.10385492,0.00001089,0.00107425
CP01-R0248,248,249,463,FLY_ASH,0.08793432,0.08776921,0.00016511,0.01312133
CP01-R0248,248,249,463,WATER,-0.14991842,-0.15095188,0.00103346,0.02572258
CP01-R0248,248,249,463,SUPERPLASTICIZER,0.29222460,0.29066950,0.00155509,0.01664554
CP01-R0248,248,249,463,COARSE_AGGREGATE,0.01808621,0.01798436,0.00010185,0.01084407
CP01-R0248,248,249,463,FINE_AGGREGATE,0.02019035,0.01993415,0.00025620,0.02394058
CP01-R0248,248,249,463,AGE,0.11422207,0.11419226,0.00002981,0.00549184
CP01-R0876,876,877,464,INTERCEPT,-23.33121358,-23.14779818,-0.18341541,-0.00689908
CP01-R0876,876,877,464,CEMENT,0.11980433,0.11955753,0.00024680,0.02907304
CP01-R0876,876,877,464,SLAG,0.10386581,0.10370720,0.00015861,0.01564810
CP01-R0876,876,877,464,FLY_ASH,0.08793432,0.08752898,0.00040534,0.03221287
CP01-R0876,876,877,464,WATER,-0.14991842,-0.14972540,-0.00019302,-0.00480425
CP01-R0876,876,877,464,SUPERPLASTICIZER,0.29222460,0.29585134,-0.00362674,-0.03882021
CP01-R0876,876,877,464,COARSE_AGGREGATE,0.01808621,0.01811383,-0.00002761,-0.00293972
CP01-R0876,876,877,464,FINE_AGGREGATE,0.02019035,0.01998821,0.00020215,0.01888918
CP01-R0876,876,877,464,AGE,0.11422207,0.11416502,0.00005704,0.01051089
CP01-R0348,348,349,465,INTERCEPT,-23.33121358,-23.47831713,0.14710355,0.00553322
CP01-R0348,348,349,465,CEMENT,0.11980433,0.11983056,-0.00002622,-0.00308899
CP01-R0348,348,349,465,SLAG,0.10386581,0.10389335,-0.00002754,-0.00271737
CP01-R0348,348,349,465,FLY_ASH,0.08793432,0.08773396,0.00020036,0.01592260
CP01-R0348,348,349,465,WATER,-0.14991842,-0.14928221,-0.00063620,-0.01583502
CP01-R0348,348,349,465,SUPERPLASTICIZER,0.29222460,0.29308683,-0.00086223,-0.00922924
CP01-R0348,348,349,465,COARSE_AGGREGATE,0.01808621,0.01805379,0.00003242,0.00345225
CP01-R0348,348,349,465,FINE_AGGREGATE,0.02019035,0.02026163,-0.00007128,-0.00666020
CP01-R0348,348,349,465,AGE,0.11422207,0.11413831,0.00008376,0.01543398
CP01-R0244,244,245,466,INTERCEPT,-23.33121358,-22.40175019,-0.92946340,-0.03496129
CP01-R0244,244,245,466,CEMENT,0.11980433,0.11962751,0.00017683,0.02083002
CP01-R0244,244,245,466,SLAG,0.10386581,0.10368382,0.00018199,0.01795499
CP01-R0244,244,245,466,FLY_ASH,0.08793432,0.08756581,0.00036852,0.02928610
CP01-R0244,244,245,466,WATER,-0.14991842,-0.15148372,0.00156530,0.03896010
CP01-R0244,244,245,466,SUPERPLASTICIZER,0.29222460,0.28990828,0.00231631,0.02479354
CP01-R0244,244,245,466,COARSE_AGGREGATE,0.01808621,0.01774614,0.00034008,0.03620810
CP01-R0244,244,245,466,FINE_AGGREGATE,0.02019035,0.01990582,0.00028453,0.02658753
CP01-R0244,244,245,466,AGE,0.11422207,0.11411201,0.00011005,0.02027835
CP01-R0680,680,681,467,INTERCEPT,-23.33121358,-23.55303232,0.22181874,0.00834360
CP01-R0680,680,681,467,CEMENT,0.11980433,0.11996052,-0.00015619,-0.01839891
CP01-R0680,680,681,467,SLAG,0.10386581,0.10392950,-0.00006369,-0.00628376
CP01-R0680,680,681,467,FLY_ASH,0.08793432,0.08818525,-0.00025093,-0.01994175
CP01-R0680,680,681,467,WATER,-0.14991842,-0.14995529,0.00003687,0.00091775
CP01-R0680,680,681,467,SUPERPLASTICIZER,0.29222460,0.29283502,-0.00061043,-0.00653396
CP01-R0680,680,681,467,COARSE_AGGREGATE,0.01808621,0.01815943,-0.00007321,-0.00779521
CP01-R0680,680,681,467,FINE_AGGREGATE,0.02019035,0.02028864,-0.00009829,-0.00918416
CP01-R0680,680,681,467,AGE,0.11422207,0.11432502,-0.00010295,-0.01896974
CP01-R0662,662,663,468,INTERCEPT,-23.33121358,-23.28523351,-0.04598008,-0.00172952
CP01-R0662,662,663,468,CEMENT,0.11980433,0.11968864,0.00011569,0.01362860
CP01-R0662,662,663,468,SLAG,0.10386581,0.10392905,-0.00006324,-0.00623965
CP01-R0662,662,663,468,FLY_ASH,0.08793432,0.08779733,0.00013699,0.01088642
CP01-R0662,662,663,468,WATER,-0.14991842,-0.14975535,-0.00016307,-0.00405878
CP01-R0662,662,663,468,SUPERPLASTICIZER,0.29222460,0.29174354,0.00048106,0.00514919
CP01-R0662,662,663,468,COARSE_AGGREGATE,0.01808621,0.01808020,0.00000602,0.00064051
CP01-R0662,662,663,468,FINE_AGGREGATE,0.02019035,0.02016644,0.00002391,0.00223459
CP01-R0662,662,663,468,AGE,0.11422207,0.11411356,0.00010850,0.01999281
CP01-R0959,959,960,469,INTERCEPT,-23.33121358,-24.49497516,1.16376158,0.04377429
CP01-R0959,959,960,469,CEMENT,0.11980433,0.12012874,-0.00032441,-0.03821498
CP01-R0959,959,960,469,SLAG,0.10386581,0.10420192,-0.00033611,-0.03316115
CP01-R0959,959,960,469,FLY_ASH,0.08793432,0.08831917,-0.00038485,-0.03058378
CP01-R0959,959,960,469,WATER,-0.14991842,-0.14834519,-0.00157323,-0.03915735
CP01-R0959,959,960,469,SUPERPLASTICIZER,0.29222460,0.29237740,-0.00015281,-0.00163566
CP01-R0959,959,960,469,COARSE_AGGREGATE,0.01808621,0.01847730,-0.00039109,-0.04163929
CP01-R0959,959,960,469,FINE_AGGREGATE,0.02019035,0.02063887,-0.00044852,-0.04191143
CP01-R0959,959,960,469,AGE,0.11422207,0.11425424,-0.00003217,-0.00592746
CP01-R0342,342,343,470,INTERCEPT,-23.33121358,-22.82205023,-0.50916336,-0.01915192
CP01-R0342,342,343,470,CEMENT,0.11980433,0.11966527,0.00013906,0.01638156
CP01-R0342,342,343,470,SLAG,0.10386581,0.10380408,0.00006173,0.00608998
CP01-R0342,342,343,470,FLY_ASH,0.08793432,0.08765968,0.00027464,0.02182554
CP01-R0342,342,343,470,WATER,-0.14991842,-0.15071257,0.00079415,0.01976628
CP01-R0342,342,343,470,SUPERPLASTICIZER,0.29222460,0.29030802,0.00191658,0.02051480
CP01-R0342,342,343,470,COARSE_AGGREGATE,0.01808621,0.01785471,0.00023151,0.02464875
CP01-R0342,342,343,470,FINE_AGGREGATE,0.02019035,0.02008424,0.00010611,0.00991536
CP01-R0342,342,343,470,AGE,0.11422207,0.11426078,-0.00003871,-0.00713283
CP01-R0537,537,538,471,INTERCEPT,-23.33121358,-24.04442869,0.71321510,0.02682722
CP01-R0537,537,538,471,CEMENT,0.11980433,0.11991150,-0.00010716,-0.01262387
CP01-R0537,537,538,471,SLAG,0.10386581,0.10415517,-0.00028936,-0.02854863
CP01-R0537,537,538,471,FLY_ASH,0.08793432,0.08822206,-0.00028774,-0.02286659
CP01-R0537,537,538,471,WATER,-0.14991842,-0.14900089,-0.00091753,-0.02283712
CP01-R0537,537,538,471,SUPERPLASTICIZER,0.29222460,0.29488319,-0.00265859,-0.02845724
CP01-R0537,537,538,471,COARSE_AGGREGATE,0.01808621,0.01837993,-0.00029372,-0.03127216
CP01-R0537,537,538,471,FINE_AGGREGATE,0.02019035,0.02040334,-0.00021299,-0.01990217
CP01-R0537,537,538,471,AGE,0.11422207,0.11431269,-0.00009062,-0.01669736
CP01-R0896,896,897,472,INTERCEPT,-23.33121358,-24.49204675,1.16083316,0.04366414
CP01-R0896,896,897,472,CEMENT,0.11980433,0.12011984,-0.00031550,-0.03716607
CP01-R0896,896,897,472,SLAG,0.10386581,0.10419062,-0.00032481,-0.03204576
CP01-R0896,896,897,472,FLY_ASH,0.08793432,0.08830144,-0.00036712,-0.02917505
CP01-R0896,896,897,472,WATER,-0.14991842,-0.14832382,-0.00159460,-0.03968939
CP01-R0896,896,897,472,SUPERPLASTICIZER,0.29222460,0.29265562,-0.00043103,-0.00461365
CP01-R0896,896,897,472,COARSE_AGGREGATE,0.01808621,0.01847813,-0.00039192,-0.04172781
CP01-R0896,896,897,472,FINE_AGGREGATE,0.02019035,0.02063216,-0.00044180,-0.04128367
CP01-R0896,896,897,472,AGE,0.11422207,0.11425437,-0.00003230,-0.00595206
CP01-R0838,838,839,473,INTERCEPT,-23.33121358,-23.80983365,0.47862007,0.01800305
CP01-R0838,838,839,473,CEMENT,0.11980433,0.12002004,-0.00021570,-0.02540939
CP01-R0838,838,839,473,SLAG,0.10386581,0.10424648,-0.00038067,-0.03755685
CP01-R0838,838,839,473,FLY_ASH,0.08793432,0.08843701,-0.00050268,-0.03994852
CP01-R0838,838,839,473,WATER,-0.14991842,-0.14975454,-0.00016388,-0.00407883
CP01-R0838,838,839,473,SUPERPLASTICIZER,0.29222460,0.28953900,0.00268560,0.02874629
CP01-R0838,838,839,473,COARSE_AGGREGATE,0.01808621,0.01819933,-0.00011312,-0.01204377
CP01-R0838,838,839,473,FINE_AGGREGATE,0.02019035,0.02048418,-0.00029382,-0.02745588
CP01-R0838,838,839,473,AGE,0.11422207,0.11432235,-0.00010028,-0.01847706
CP01-R0727,727,728,474,INTERCEPT,-23.33121358,-23.99187771,0.66066413,0.02485054
CP01-R0727,727,728,474,CEMENT,0.11980433,0.11997463,-0.00017029,-0.02006059
CP01-R0727,727,728,474,SLAG,0.10386581,0.10395896,-0.00009315,-0.00919030
CP01-R0727,727,728,474,FLY_ASH,0.08793432,0.08801773,-0.00008341,-0.00662876
CP01-R0727,727,728,474,WATER,-0.14991842,-0.14892357,-0.00099485,-0.02476174
CP01-R0727,727,728,474,SUPERPLASTICIZER,0.29222460,0.29209060,0.00013400,0.00143427
CP01-R0727,727,728,474,COARSE_AGGREGATE,0.01808621,0.01831254,-0.00022632,-0.02409682
CP01-R0727,727,728,474,FINE_AGGREGATE,0.02019035,0.02046960,-0.00027925,-0.02609369
CP01-R0727,727,728,474,AGE,0.11422207,0.11408726,0.00013480,0.02483900
CP01-R0743,743,744,475,INTERCEPT,-23.33121358,-23.99231580,0.66110221,0.02486702
CP01-R0743,743,744,475,CEMENT,0.11980433,0.11981910,-0.00001476,-0.00173902
CP01-R0743,743,744,475,SLAG,0.10386581,0.10406251,-0.00019670,-0.01940623
CP01-R0743,743,744,475,FLY_ASH,0.08793432,0.08807724,-0.00014292,-0.01135766
CP01-R0743,743,744,475,WATER,-0.14991842,-0.14890726,-0.00101116,-0.02516767
CP01-R0743,743,744,475,SUPERPLASTICIZER,0.29222460,0.29524531,-0.00302071,-0.03233334
CP01-R0743,743,744,475,COARSE_AGGREGATE,0.01808621,0.01834756,-0.00026134,-0.02782551
CP01-R0743,743,744,475,FINE_AGGREGATE,0.02019035,0.02041388,-0.00022353,-0.02088741
CP01-R0743,743,744,475,AGE,0.11422207,0.11418217,0.00003990,0.00735151
CP01-R0500,500,501,476,INTERCEPT,-23.33121358,-22.22359074,-1.10762285,-0.04166266
CP01-R0500,500,501,476,CEMENT,0.11980433,0.11934796,0.00045637,0.05376034
CP01-R0500,500,501,476,SLAG,0.10386581,0.10343058,0.00043523,0.04293945
CP01-R0500,500,501,476,FLY_ASH,0.08793432,0.08727776,0.00065657,0.05217743
CP01-R0500,500,501,476,WATER,-0.14991842,-0.15151234,0.00159392,0.03967235
CP01-R0500,500,501,476,SUPERPLASTICIZER,0.29222460,0.29264461,-0.00042002,-0.00449583
CP01-R0500,500,501,476,COARSE_AGGREGATE,0.01808621,0.01778092,0.00030530,0.03250529
CP01-R0500,500,501,476,FINE_AGGREGATE,0.02019035,0.01976083,0.00042953,0.04013626
CP01-R0500,500,501,476,AGE,0.11422207,0.11424201,-0.00001995,-0.00367516
CP01-R0995,995,996,477,INTERCEPT,-23.33121358,-23.80303866,0.47182507,0.01774746
CP01-R0995,995,996,477,CEMENT,0.11980433,0.12001411,-0.00020978,-0.02471164
CP01-R0995,995,996,477,SLAG,0.10386581,0.10424100,-0.00037519,-0.03701637
CP01-R0995,995,996,477,FLY_ASH,0.08793432,0.08842804,-0.00049372,-0.03923596
CP01-R0995,995,996,477,WATER,-0.14991842,-0.14975294,-0.00016548,-0.00411876
CP01-R0995,995,996,477,SUPERPLASTICIZER,0.29222460,0.28966473,0.00255987,0.02740051
CP01-R0995,995,996,477,COARSE_AGGREGATE,0.01808621,0.01819765,-0.00011144,-0.01186512
CP01-R0995,995,996,477,FINE_AGGREGATE,0.02019035,0.02047929,-0.00028894,-0.02699926
CP01-R0995,995,996,477,AGE,0.11422207,0.11432292,-0.00010085,-0.01858274
CP01-R0661,661,662,478,INTERCEPT,-23.33121358,-23.41700728,0.08579370,0.00322709
CP01-R0661,661,662,478,CEMENT,0.11980433,0.11989665,-0.00009232,-0.01087475
CP01-R0661,661,662,478,SLAG,0.10386581,0.10381148,0.00005432,0.00535971
CP01-R0661,661,662,478,FLY_ASH,0.08793432,0.08801469,-0.00008037,-0.00638715
CP01-R0661,661,662,478,WATER,-0.14991842,-0.14968517,-0.00023325,-0.00580560
CP01-R0661,661,662,478,SUPERPLASTICIZER,0.29222460,0.29390180,-0.00167720,-0.01795259
CP01-R0661,661,662,478,COARSE_AGGREGATE,0.01808621,0.01817612,-0.00008991,-0.00957263
CP01-R0661,661,662,478,FINE_AGGREGATE,0.02019035,0.02008283,0.00010752,0.01004681
CP01-R0661,661,662,478,AGE,0.11422207,0.11413540,0.00008666,0.01596852
CP01-R0658,658,659,479,INTERCEPT,-23.33121358,-23.28625718,-0.04495640,-0.00169101
CP01-R0658,658,659,479,CEMENT,0.11980433,0.11993175,-0.00012742,-0.01500987
CP01-R0658,658,659,479,SLAG,0.10386581,0.10385523,0.00001057,0.00104331
CP01-R0658,658,659,479,FLY_ASH,0.08793432,0.08809228,-0.00015795,-0.01255271
CP01-R0658,658,659,479,WATER,-0.14991842,-0.15023595,0.00031753,0.00790320
CP01-R0658,658,659,479,SUPERPLASTICIZER,0.29222460,0.29234928,-0.00012469,-0.00133465
CP01-R0658,658,659,479,COARSE_AGGREGATE,0.01808621,0.01811431,-0.00002809,-0.00299084
CP01-R0658,658,659,479,FINE_AGGREGATE,0.02019035,0.02010174,0.00008861,0.00828031
CP01-R0658,658,659,479,AGE,0.11422207,0.11427502,-0.00005295,-0.00975728
CP01-R0497,497,498,480,INTERCEPT,-23.33121358,-22.60881065,-0.72240293,-0.02717281
CP01-R0497,497,498,480,CEMENT,0.11980433,0.11945434,0.00035000,0.04122928
CP01-R0497,497,498,480,SLAG,0.10386581,0.10355241,0.00031340,0.03091977
CP01-R0497,497,498,480,FLY_ASH,0.08793432,0.08745277,0.00048156,0.03826933
CP01-R0497,497,498,480,WATER,-0.14991842,-0.15048626,0.00056784,0.01413343
CP01-R0497,497,498,480,SUPERPLASTICIZER,0.29222460,0.29271066,-0.00048606,-0.00520273
CP01-R0497,497,498,480,COARSE_AGGREGATE,0.01808621,0.01788921,0.00019701,0.02097543
CP01-R0497,497,498,480,FINE_AGGREGATE,0.02019035,0.01981932,0.00037103,0.03467051
CP01-R0497,497,498,480,AGE,0.11422207,0.11414339,0.00007868,0.01449783
CP01-R0599,599,600,481,INTERCEPT,-23.33121358,-22.60724412,-0.72396946,-0.02723174
CP01-R0599,599,600,481,CEMENT,0.11980433,0.11959460,0.00020973,0.02470609
CP01-R0599,599,600,481,SLAG,0.10386581,0.10349466,0.00037114,0.03661715
CP01-R0599,599,600,481,FLY_ASH,0.08793432,0.08751256,0.00042176,0.03351721
CP01-R0599,599,600,481,WATER,-0.14991842,-0.15061626,0.00069784,0.01736925
CP01-R0599,599,600,481,SUPERPLASTICIZER,0.29222460,0.29103472,0.00118988,0.01273629
CP01-R0599,599,600,481,COARSE_AGGREGATE,0.01808621,0.01781976,0.00026645,0.02836941
CP01-R0599,599,600,481,FINE_AGGREGATE,0.02019035,0.01992360,0.00026675,0.02492608
CP01-R0599,599,600,481,AGE,0.11422207,0.11406693,0.00015514,0.02858589
CP01-R0305,305,306,482,INTERCEPT,-23.33121358,-23.78452357,0.45330999,0.01705102
CP01-R0305,305,306,482,CEMENT,0.11980433,0.11990106,-0.00009673,-0.01139422
CP01-R0305,305,306,482,SLAG,0.10386581,0.10390966,-0.00004385,-0.00432647
CP01-R0305,305,306,482,FLY_ASH,0.08793432,0.08807613,-0.00014180,-0.01126925
CP01-R0305,305,306,482,WATER,-0.14991842,-0.14938550,-0.00053292,-0.01326437
CP01-R0305,305,306,482,SUPERPLASTICIZER,0.29222460,0.29390489,-0.00168029,-0.01798563
CP01-R0305,305,306,482,COARSE_AGGREGATE,0.01808621,0.01822269,-0.00013648,-0.01453115
CP01-R0305,305,306,482,FINE_AGGREGATE,0.02019035,0.02043374,-0.00024339,-0.02274336
CP01-R0305,305,306,482,AGE,0.11422207,0.11415572,0.00006635,0.01222539
CP01-R0699,699,700,483,INTERCEPT,-23.33121358,-23.36054218,0.02932860,0.00110318
CP01-R0699,699,700,483,CEMENT,0.11980433,0.11978108,0.00002326,0.00273976
CP01-R0699,699,700,483,SLAG,0.10386581,0.10365953,0.00020627,0.02035104
CP01-R0699,699,700,483,FLY_ASH,0.08793432,0.08786059,0.00007373,0.00585943
CP01-R0699,699,700,483,WATER,-0.14991842,-0.14985408,-0.00006434,-0.00160140
CP01-R0699,699,700,483,SUPERPLASTICIZER,0.29222460,0.29374375,-0.00151916,-0.01626088
CP01-R0699,699,700,483,COARSE_AGGREGATE,0.01808621,0.01807079,0.00001543,0.00164256
CP01-R0699,699,700,483,FINE_AGGREGATE,0.02019035,0.02024375,-0.00005340,-0.00499007
CP01-R0699,699,700,483,AGE,0.11422207,0.11425985,-0.00003778,-0.00696172
CP01-R0532,532,533,484,INTERCEPT,-23.33121358,-22.49648238,-0.83473121,-0.03139798
CP01-R0532,532,533,484,CEMENT,0.11980433,0.11963260,0.00017173,0.02023001
CP01-R0532,532,533,484,SLAG,0.10386581,0.10351781,0.00034799,0.03433323
CP01-R0532,532,533,484,FLY_ASH,0.08793432,0.08759777,0.00033655,0.02674555
CP01-R0532,532,533,484,WATER,-0.14991842,-0.15059580,0.00067738,0.01685990
CP01-R0532,532,533,484,SUPERPLASTICIZER,0.29222460,0.29105728,0.00116732,0.01249483
CP01-R0532,532,533,484,COARSE_AGGREGATE,0.01808621,0.01771716,0.00036905,0.03929351
CP01-R0532,532,533,484,FINE_AGGREGATE,0.02019035,0.01987534,0.00031501,0.02943595
CP01-R0532,532,533,484,AGE,0.11422207,0.11412725,0.00009482,0.01747170
CP01-R0273,273,274,485,INTERCEPT,-23.33121358,-22.85887651,-0.47233708,-0.01776672
CP01-R0273,273,274,485,CEMENT,0.11980433,0.11971729,0.00008704,0.01025348
CP01-R0273,273,274,485,SLAG,0.10386581,0.10378492,0.00008088,0.00798005
CP01-R0273,273,274,485,FLY_ASH,0.08793432,0.08765230,0.00028202,0.02241205
CP01-R0273,273,274,485,WATER,-0.14991842,-0.15040626,0.00048784,0.01214233
CP01-R0273,273,274,485,SUPERPLASTICIZER,0.29222460,0.29173313,0.00049146,0.00526057
CP01-R0273,273,274,485,COARSE_AGGREGATE,0.01808621,0.01784441,0.00024181,0.02574554
CP01-R0273,273,274,485,FINE_AGGREGATE,0.02019035,0.02005151,0.00013884,0.01297350
CP01-R0273,273,274,485,AGE,0.11422207,0.11416683,0.00005524,0.01017756
CP01-R0240,240,241,486,INTERCEPT,-23.33121358,-24.15939845,0.82818486,0.03115175
CP01-R0240,240,241,486,CEMENT,0.11980433,0.11995091,-0.00014658,-0.01726699
CP01-R0240,240,241,486,SLAG,0.10386581,0.10399341,-0.00012760,-0.01258910
CP01-R0240,240,241,486,FLY_ASH,0.08793432,0.08822420,-0.00028988,-0.02303685
CP01-R0240,240,241,486,WATER,-0.14991842,-0.14834985,-0.00156857,-0.03904133
CP01-R0240,240,241,486,SUPERPLASTICIZER,0.29222460,0.29453494,-0.00231034,-0.02472961
CP01-R0240,240,241,486,COARSE_AGGREGATE,0.01808621,0.01838981,-0.00030360,-0.03232447
CP01-R0240,240,241,486,FINE_AGGREGATE,0.02019035,0.02042309,-0.00023274,-0.02174796
CP01-R0240,240,241,486,AGE,0.11422207,0.11411403,0.00010804,0.01990652
CP01-R0253,253,254,487,INTERCEPT,-23.33121358,-22.32317852,-1.00803507,-0.03791672
CP01-R0253,253,254,487,CEMENT,0.11980433,0.11954108,0.00026326,0.03101157
CP01-R0253,253,254,487,SLAG,0.10386581,0.10360557,0.00026024,0.02567497
CP01-R0253,253,254,487,FLY_ASH,0.08793432,0.08749461,0.00043971,0.03494375
CP01-R0253,253,254,487,WATER,-0.14991842,-0.15140328,0.00148486,0.03695802
CP01-R0253,253,254,487,SUPERPLASTICIZER,0.29222460,0.29163485,0.00058974,0.00631253
CP01-R0253,253,254,487,COARSE_AGGREGATE,0.01808621,0.01781265,0.00027356,0.02912650
CP01-R0253,253,254,487,FINE_AGGREGATE,0.02019035,0.01972702,0.00046333,0.04329519
CP01-R0253,253,254,487,AGE,0.11422207,0.11418707,0.00003500,0.00644952
CP01-R0789,789,790,488,INTERCEPT,-23.33121358,-24.24036330,0.90914972,0.03419720
CP01-R0789,789,790,488,CEMENT,0.11980433,0.12005902,-0.00025469,-0.03000213
CP01-R0789,789,790,488,SLAG,0.10386581,0.10406489,-0.00019908,-0.01964169
CP01-R0789,789,790,488,FLY_ASH,0.08793432,0.08814413,-0.00020980,-0.01667323
CP01-R0789,789,790,488,WATER,-0.14991842,-0.14863453,-0.00128389,-0.03195585
CP01-R0789,789,790,488,SUPERPLASTICIZER,0.29222460,0.29242501,-0.00020041,-0.00214518
CP01-R0789,789,790,488,COARSE_AGGREGATE,0.01808621,0.01841187,-0.00032566,-0.03467311
CP01-R0789,789,790,488,FINE_AGGREGATE,0.02019035,0.02054270,-0.00035235,-0.03292432
CP01-R0789,789,790,488,AGE,0.11422207,0.11411476,0.00010731,0.01977285
CP01-R0420,420,421,489,INTERCEPT,-23.33121358,-23.46488937,0.13367579,0.00502815
CP01-R0420,420,421,489,CEMENT,0.11980433,0.11990510,-0.00010076,-0.01186999
CP01-R0420,420,421,489,SLAG,0.10386581,0.10400068,-0.00013487,-0.01330598
CP01-R0420,420,421,489,FLY_ASH,0.08793432,0.08826584,-0.00033151,-0.02634553
CP01-R0420,420,421,489,WATER,-0.14991842,-0.15026984,0.00035142,0.00874685
CP01-R0420,420,421,489,SUPERPLASTICIZER,0.29222460,0.28840316,0.00382144,0.04090419
CP01-R0420,420,421,489,COARSE_AGGREGATE,0.01808621,0.01811436,-0.00002814,-0.00299630
CP01-R0420,420,421,489,FINE_AGGREGATE,0.02019035,0.02037512,-0.00018477,-0.01726569
CP01-R0420,420,421,489,AGE,0.11422207,0.11422473,-0.00000266,-0.00048988
CP01-R0693,693,694,490,INTERCEPT,-23.33121358,-23.50409835,0.17288476,0.00650297
CP01-R0693,693,694,490,CEMENT,0.11980433,0.11993801,-0.00013368,-0.01574743
CP01-R0693,693,694,490,SLAG,0.10386581,0.10389036,-0.00002455,-0.00242235
CP01-R0693,693,694,490,FLY_ASH,0.08793432,0.08812797,-0.00019365,-0.01538909
CP01-R0693,693,694,490,WATER,-0.14991842,-0.14987810,-0.00004032,-0.00100354
CP01-R0693,693,694,490,SUPERPLASTICIZER,0.29222460,0.29291669,-0.00069209,-0.00740807
CP01-R0693,693,694,490,COARSE_AGGREGATE,0.01808621,0.01814229,-0.00005608,-0.00597045
CP01-R0693,693,694,490,FINE_AGGREGATE,0.02019035,0.02025523,-0.00006488,-0.00606276
CP01-R0693,693,694,490,AGE,0.11422207,0.11414451,0.00007756,0.01429047
CP01-R0960,960,961,491,INTERCEPT,-23.33121358,-23.93293283,0.60171925,0.02263336
CP01-R0960,960,961,491,CEMENT,0.11980433,0.11997138,-0.00016705,-0.01967833
CP01-R0960,960,961,491,SLAG,0.10386581,0.10400017,-0.00013436,-0.01325563
CP01-R0960,960,961,491,FLY_ASH,0.08793432,0.08831945,-0.00038513,-0.03060659
CP01-R0960,960,961,491,WATER,-0.14991842,-0.14922862,-0.00068980,-0.01716907
CP01-R0960,960,961,491,SUPERPLASTICIZER,0.29222460,0.29114883,0.00107576,0.01151483
CP01-R0960,960,961,491,COARSE_AGGREGATE,0.01808621,0.01830554,-0.00021932,-0.02335146
CP01-R0960,960,961,491,FINE_AGGREGATE,0.02019035,0.02042242,-0.00023206,-0.02168488
CP01-R0960,960,961,491,AGE,0.11422207,0.11427483,-0.00005276,-0.00972182
CP01-R0236,236,237,492,INTERCEPT,-23.33121358,-24.10358735,0.77237377,0.02905244
CP01-R0236,236,237,492,CEMENT,0.11980433,0.11986994,-0.00006560,-0.00772814
CP01-R0236,236,237,492,SLAG,0.10386581,0.10402338,-0.00015757,-0.01554574
CP01-R0236,236,237,492,FLY_ASH,0.08793432,0.08795426,-0.00001994,-0.00158471
CP01-R0236,236,237,492,WATER,-0.14991842,-0.14870783,-0.00121059,-0.03013143
CP01-R0236,236,237,492,SUPERPLASTICIZER,0.29222460,0.29527788,-0.00305328,-0.03268199
CP01-R0236,236,237,492,COARSE_AGGREGATE,0.01808621,0.01843421,-0.00034800,-0.03705153
CP01-R0236,236,237,492,FINE_AGGREGATE,0.02019035,0.02041685,-0.00022650,-0.02116493
CP01-R0236,236,237,492,AGE,0.11422207,0.11415010,0.00007197,0.01326131
CP01-R0313,313,314,493,INTERCEPT,-23.33121358,-22.59572469,-0.73548890,-0.02766503
CP01-R0313,313,314,493,CEMENT,0.11980433,0.11956668,0.00023766,0.02799607
CP01-R0313,313,314,493,SLAG,0.10386581,0.10367109,0.00019472,0.01921123
CP01-R0313,313,314,493,FLY_ASH,0.08793432,0.08756001,0.00037432,0.02974704
CP01-R0313,313,314,493,WATER,-0.14991842,-0.15079372,0.00087530,0.02178616
CP01-R0313,313,314,493,SUPERPLASTICIZER,0.29222460,0.29175234,0.00047226,0.00505500
CP01-R0313,313,314,493,COARSE_AGGREGATE,0.01808621,0.01789347,0.00019274,0.02052163
CP01-R0313,313,314,493,FINE_AGGREGATE,0.02019035,0.01981334,0.00037701,0.03522872
CP01-R0313,313,314,493,AGE,0.11422207,0.11415606,0.00006601,0.01216242
CP01-R0897,897,898,494,INTERCEPT,-23.33121358,-23.84782939,0.51661580,0.01943224
CP01-R0897,897,898,494,CEMENT,0.11980433,0.11995698,-0.00015264,-0.01798099
CP01-R0897,897,898,494,SLAG,0.10386581,0.10398365,-0.00011784,-0.01162599
CP01-R0897,897,898,494,FLY_ASH,0.08793432,0.08830407,-0.00036975,-0.02938427
CP01-R0897,897,898,494,WATER,-0.14991842,-0.14938406,-0.00053436,-0.01330010
CP01-R0897,897,898,494,SUPERPLASTICIZER,0.29222460,0.29075158,0.00147301,0.01576693
CP01-R0897,897,898,494,COARSE_AGGREGATE,0.01808621,0.01827579,-0.00018957,-0.02018417
CP01-R0897,897,898,494,FINE_AGGREGATE,0.02019035,0.02039752,-0.00020717,-0.01935876
CP01-R0897,897,898,494,AGE,0.11422207,0.11427514,-0.00005307,-0.00977815
CP01-R0031,31,32,495,INTERCEPT,-23.33121358,-23.18406273,-0.14715085,-0.00553500
CP01-R0031,31,32,495,CEMENT,0.11980433,0.11973929,0.00006505,0.00766257
CP01-R0031,31,32,495,SLAG,0.10386581,0.10379484,0.00007097,0.00700146
CP01-R0031,31,32,495,FLY_ASH,0.08793432,0.08784621,0.00008811,0.00700247
CP01-R0031,31,32,495,WATER,-0.14991842,-0.14994598,0.00002756,0.00068594
CP01-R0031,31,32,495,SUPERPLASTICIZER,0.29222460,0.29261054,-0.00038595,-0.00413115
CP01-R0031,31,32,495,COARSE_AGGREGATE,0.01808621,0.01802151,0.00006471,0.00688971
CP01-R0031,31,32,495,FINE_AGGREGATE,0.02019035,0.02011001,0.00008034,0.00750715
CP01-R0031,31,32,495,AGE,0.11422207,0.11449543,-0.00027336,-0.05036934
CP01-R0411,411,412,496,INTERCEPT,-23.33121358,-23.29489231,-0.03632128,-0.00136621
CP01-R0411,411,412,496,CEMENT,0.11980433,0.11986701,-0.00006267,-0.00738284
CP01-R0411,411,412,496,SLAG,0.10386581,0.10396110,-0.00009529,-0.00940156
CP01-R0411,411,412,496,FLY_ASH,0.08793432,0.08825315,-0.00031883,-0.02533763
CP01-R0411,411,412,496,WATER,-0.14991842,-0.15051478,0.00059636,0.01484335
CP01-R0411,411,412,496,SUPERPLASTICIZER,0.29222460,0.28870054,0.00352405,0.03772105
CP01-R0411,411,412,496,COARSE_AGGREGATE,0.01808621,0.01807569,0.00001053,0.00112064
CP01-R0411,411,412,496,FINE_AGGREGATE,0.02019035,0.02027890,-0.00008855,-0.00827403
CP01-R0411,411,412,496,AGE,0.11422207,0.11421412,0.00000795,0.00146425
CP01-R0655,655,656,497,INTERCEPT,-23.33121358,-23.32928453,-0.00192906,-0.00007256
CP01-R0655,655,656,497,CEMENT,0.11980433,0.11993079,-0.00012646,-0.01489669
CP01-R0655,655,656,497,SLAG,0.10386581,0.10383608,0.00002972,0.00293257
CP01-R0655,655,656,497,FLY_ASH,0.08793432,0.08808698,-0.00015266,-0.01213193
CP01-R0655,655,656,497,WATER,-0.14991842,-0.15015336,0.00023494,0.00584769
CP01-R0655,655,656,497,SUPERPLASTICIZER,0.29222460,0.29244495,-0.00022036,-0.00235867
CP01-R0655,655,656,497,COARSE_AGGREGATE,0.01808621,0.01810135,-0.00001514,-0.00161170
CP01-R0655,655,656,497,FINE_AGGREGATE,0.02019035,0.02015533,0.00003502,0.00327274
CP01-R0655,655,656,497,AGE,0.11422207,0.11427933,-0.00005726,-0.01055094
CP01-R0772,772,773,498,INTERCEPT,-23.33121358,-23.18214895,-0.14906463,-0.00560699
CP01-R0772,772,773,498,CEMENT,0.11980433,0.11976435,0.00003998,0.00470988
CP01-R0772,772,773,498,SLAG,0.10386581,0.10370144,0.00016437,0.01621704
CP01-R0772,772,773,498,FLY_ASH,0.08793432,0.08773995,0.00019437,0.01544682
CP01-R0772,772,773,498,WATER,-0.14991842,-0.14998778,0.00006936,0.00172643
CP01-R0772,772,773,498,SUPERPLASTICIZER,0.29222460,0.29096355,0.00126104,0.01349804
CP01-R0772,772,773,498,COARSE_AGGREGATE,0.01808621,0.01800446,0.00008176,0.00870489
CP01-R0772,772,773,498,FINE_AGGREGATE,0.02019035,0.02019013,0.00000022,0.00002091
CP01-R0772,772,773,498,AGE,0.11422207,0.11407943,0.00014264,0.02628211
CP01-R0839,839,840,499,INTERCEPT,-23.33121358,-22.77165455,-0.55955903,-0.02104752
CP01-R0839,839,840,499,CEMENT,0.11980433,0.11953552,0.00026882,0.03166661
CP01-R0839,839,840,499,SLAG,0.10386581,0.10366568,0.00020013,0.01974497
CP01-R0839,839,840,499,FLY_ASH,0.08793432,0.08767012,0.00026420,0.02099585
CP01-R0839,839,840,499,WATER,-0.14991842,-0.15036440,0.00044598,0.01110046
CP01-R0839,839,840,499,SUPERPLASTICIZER,0.29222460,0.29479295,-0.00256836,-0.02749137
CP01-R0839,839,840,499,COARSE_AGGREGATE,0.01808621,0.01793385,0.00015236,0.01622228
CP01-R0839,839,840,499,FINE_AGGREGATE,0.02019035,0.01988778,0.00030257,0.02827347
CP01-R0839,839,840,499,AGE,0.11422207,0.11420363,0.00001844,0.00339826
CP01-R0300,300,301,500,INTERCEPT,-23.33121358,-23.94662265,0.61540906,0.02314829
CP01-R0300,300,301,500,CEMENT,0.11980433,0.11999532,-0.00019098,-0.02249761
CP01-R0300,300,301,500,SLAG,0.10386581,0.10400151,-0.00013570,-0.01338792
CP01-R0300,300,301,500,FLY_ASH,0.08793432,0.08822306,-0.00028874,-0.02294592
CP01-R0300,300,301,500,WATER,-0.14991842,-0.14915168,-0.00076674,-0.01908398
CP01-R0300,300,301,500,SUPERPLASTICIZER,0.29222460,0.29280476,-0.00058017,-0.00621007
CP01-R0300,300,301,500,COARSE_AGGREGATE,0.01808621,0.01824926,-0.00016305,-0.01735958
CP01-R0300,300,301,500,FINE_AGGREGATE,0.02019035,0.02051087,-0.00032052,-0.02995019
CP01-R0300,300,301,500,AGE,0.11422207,0.11414636,0.00007571,0.01395059
CP01-R0552,552,553,501,INTERCEPT,-23.33121358,-23.04566000,-0.28555358,-0.01074095
CP01-R0552,552,553,501,CEMENT,0.11980433,0.11969223,0.00011211,0.01320638
CP01-R0552,552,553,501,SLAG,0.10386581,0.10368605,0.00017976,0.01773529
CP01-R0552,552,553,501,FLY_ASH,0.08793432,0.08771450,0.00021982,0.01746941
CP01-R0552,552,553,501,WATER,-0.14991842,-0.15017927,0.00026085,0.00649254
CP01-R0552,552,553,501,SUPERPLASTICIZER,0.29222460,0.29091161,0.00131298,0.01405398
CP01-R0552,552,553,501,COARSE_AGGREGATE,0.01808621,0.01789810,0.00018812,0.02002914
CP01-R0552,552,553,501,FINE_AGGREGATE,0.02019035,0.02021524,-0.00002489,-0.00232537
CP01-R0552,552,553,501,AGE,0.11422207,0.11413641,0.00008565,0.01578244
CP01-R0722,722,723,502,INTERCEPT,-23.33121358,-23.60400699,0.27279340,0.01026098
CP01-R0722,722,723,502,CEMENT,0.11980433,0.11984344,-0.00003910,-0.00460622
CP01-R0722,722,723,502,SLAG,0.10386581,0.10381803,0.00004778,0.00471391
CP01-R0722,722,723,502,FLY_ASH,0.08793432,0.08785021,0.00008411,0.00668412
CP01-R0722,722,723,502,WATER,-0.14991842,-0.14941097,-0.00050745,-0.01263038
CP01-R0722,722,723,502,SUPERPLASTICIZER,0.29222460,0.29187259,0.00035201,0.00376785
CP01-R0722,722,723,502,COARSE_AGGREGATE,0.01808621,0.01817417,-0.00008795,-0.00936458
CP01-R0722,722,723,502,FINE_AGGREGATE,0.02019035,0.02033122,-0.00014087,-0.01316328
CP01-R0722,722,723,502,AGE,0.11422207,0.11408536,0.00013670,0.02518903
CP01-R0468,468,469,503,INTERCEPT,-23.33121358,-22.36469981,-0.96651377,-0.03635492
CP01-R0468,468,469,503,CEMENT,0.11980433,0.11955297,0.00025136,0.02961049
CP01-R0468,468,469,503,SLAG,0.10386581,0.10360791,0.00025790,0.02544456
CP01-R0468,468,469,503,FLY_ASH,0.08793432,0.08751056,0.00042376,0.03367638
CP01-R0468,468,469,503,WATER,-0.14991842,-0.15134942,0.00143100,0.03561735
CP01-R0468,468,469,503,SUPERPLASTICIZER,0.29222460,0.29150395,0.00072065,0.00771373
CP01-R0468,468,469,503,COARSE_AGGREGATE,0.01808621,0.01782621,0.00026000,0.02768247
CP01-R0468,468,469,503,FINE_AGGREGATE,0.02019035,0.01975257,0.00043778,0.04090729
CP01-R0468,468,469,503,AGE,0.11422207,0.11410867,0.00011340,0.02089463
CP01-R0996,996,997,504,INTERCEPT,-23.33121358,-22.77686478,-0.55434880,-0.02085154
CP01-R0996,996,997,504,CEMENT,0.11980433,0.11953733,0.00026701,0.03145320
CP01-R0996,996,997,504,SLAG,0.10386581,0.10366667,0.00019914,0.01964742
CP01-R0996,996,997,504,FLY_ASH,0.08793432,0.08767143,0.00026289,0.02089214
CP01-R0996,996,997,504,WATER,-0.14991842,-0.15035790,0.00043949,0.01093873
CP01-R0996,996,997,504,SUPERPLASTICIZER,0.29222460,0.29478035,-0.00255575,-0.02735648
CP01-R0996,996,997,504,COARSE_AGGREGATE,0.01808621,0.01793550,0.00015072,0.01604696
CP01-R0996,996,997,504,FINE_AGGREGATE,0.02019035,0.01989008,0.00030027,0.02805809
CP01-R0996,996,997,504,AGE,0.11422207,0.11420359,0.00001848,0.00340546
CP01-R0035,35,36,505,INTERCEPT,-23.33121358,-23.32482706,-0.00638652,-0.00024023
CP01-R0035,35,36,505,CEMENT,0.11980433,0.11975995,0.00004438,0.00522820
CP01-R0035,35,36,505,SLAG,0.10386581,0.10389543,-0.00002963,-0.00292290
CP01-R0035,35,36,505,FLY_ASH,0.08793432,0.08791233,0.00002199,0.00174795
CP01-R0035,35,36,505,WATER,-0.14991842,-0.14981379,-0.00010463,-0.00260420
CP01-R0035,35,36,505,SUPERPLASTICIZER,0.29222460,0.29259294,-0.00036834,-0.00394271
CP01-R0035,35,36,505,COARSE_AGGREGATE,0.01808621,0.01807587,0.00001034,0.00110131
CP01-R0035,35,36,505,FINE_AGGREGATE,0.02019035,0.02017101,0.00001934,0.00180754
CP01-R0035,35,36,505,AGE,0.11422207,0.11448949,-0.00026742,-0.04927390
CP01-R0064,64,65,506,INTERCEPT,-23.33121358,-23.36676961,0.03555602,0.00133742
CP01-R0064,64,65,506,CEMENT,0.11980433,0.11987349,-0.00006916,-0.00814646
CP01-R0064,64,65,506,SLAG,0.10386581,0.10385160,0.00001421,0.00140185
CP01-R0064,64,65,506,FLY_ASH,0.08793432,0.08799509,-0.00006077,-0.00482962
CP01-R0064,64,65,506,WATER,-0.14991842,-0.15010522,0.00018680,0.00464936
CP01-R0064,64,65,506,SUPERPLASTICIZER,0.29222460,0.29167558,0.00054901,0.00587656
CP01-R0064,64,65,506,COARSE_AGGREGATE,0.01808621,0.01810935,-0.00002314,-0.00246321
CP01-R0064,64,65,506,FINE_AGGREGATE,0.02019035,0.02023542,-0.00004507,-0.00421131
CP01-R0064,64,65,506,AGE,0.11422207,0.11399039,0.00023168,0.04268915
CP01-R0254,254,255,507,INTERCEPT,-23.33121358,-22.41752216,-0.91369142,-0.03436803
CP01-R0254,254,255,507,CEMENT,0.11980433,0.11956244,0.00024189,0.02849480
CP01-R0254,254,255,507,SLAG,0.10386581,0.10361616,0.00024965,0.02463018
CP01-R0254,254,255,507,FLY_ASH,0.08793432,0.08751980,0.00041452,0.03294235
CP01-R0254,254,255,507,WATER,-0.14991842,-0.15119286,0.00127444,0.03172061
CP01-R0254,254,255,507,SUPERPLASTICIZER,0.29222460,0.29175674,0.00046785,0.00500784
CP01-R0254,254,255,507,COARSE_AGGREGATE,0.01808621,0.01783648,0.00024974,0.02659002
CP01-R0254,254,255,507,FINE_AGGREGATE,0.02019035,0.01976460,0.00042575,0.03978366
CP01-R0254,254,255,507,AGE,0.11422207,0.11409844,0.00012363,0.02278013
CP01-R0314,314,315,508,INTERCEPT,-23.33121358,-22.69266868,-0.63854491,-0.02401854
CP01-R0314,314,315,508,CEMENT,0.11980433,0.11959583,0.00020850,0.02456149
CP01-R0314,314,315,508,SLAG,0.10386581,0.10368152,0.00018429,0.01818203
CP01-R0314,314,315,508,FLY_ASH,0.08793432,0.08759324,0.00034108,0.02710603
CP01-R0314,314,315,508,WATER,-0.14991842,-0.15060526,0.00068684,0.01709540
CP01-R0314,314,315,508,SUPERPLASTICIZER,0.29222460,0.29189053,0.00033406,0.00357576
CP01-R0314,314,315,508,COARSE_AGGREGATE,0.01808621,0.01791666,0.00016955,0.01805248
CP01-R0314,314,315,508,FINE_AGGREGATE,0.02019035,0.01985784,0.00033251,0.03107060
CP01-R0314,314,315,508,AGE,0.11422207,0.11406332,0.00015875,0.02925055
CP01-R0964,964,965,509,INTERCEPT,-23.33121358,-23.71902038,0.38780679,0.01458715
CP01-R0964,964,965,509,CEMENT,0.11980433,0.12004999,-0.00024566,-0.02893839
CP01-R0964,964,965,509,SLAG,0.10386581,0.10401259,-0.00014678,-0.01448134
CP01-R0964,964,965,509,FLY_ASH,0.08793432,0.08831698,-0.00038266,-0.03041026
CP01-R0964,964,965,509,WATER,-0.14991842,-0.14953372,-0.00038469,-0.00957499
CP01-R0964,964,965,509,SUPERPLASTICIZER,0.29222460,0.28974982,0.00247478,0.02648972
CP01-R0964,964,965,509,COARSE_AGGREGATE,0.01808621,0.01811517,-0.00002895,-0.00308262
CP01-R0964,964,965,509,FINE_AGGREGATE,0.02019035,0.02044732,-0.00025697,-0.02401180
CP01-R0964,964,965,509,AGE,0.11422207,0.11424745,-0.00002538,-0.00467641
CP01-R0901,901,902,510,INTERCEPT,-23.33121358,-23.70417396,0.37296038,0.01402871
CP01-R0901,901,902,510,CEMENT,0.11980433,0.12004638,-0.00024204,-0.02851239
CP01-R0901,901,902,510,SLAG,0.10386581,0.10400887,-0.00014306,-0.01411450
CP01-R0901,901,902,510,FLY_ASH,0.08793432,0.08831258,-0.00037825,-0.03005996
CP01-R0901,901,902,510,WATER,-0.14991842,-0.14955911,-0.00035931,-0.00894327
CP01-R0901,901,902,510,SUPERPLASTICIZER,0.29222460,0.28970749,0.00251711,0.02694283
CP01-R0901,901,902,510,COARSE_AGGREGATE,0.01808621,0.01811081,-0.00002460,-0.00261875
CP01-R0901,901,902,510,FINE_AGGREGATE,0.02019035,0.02044190,-0.00025155,-0.02350582
CP01-R0901,901,902,510,AGE,0.11422207,0.11424747,-0.00002540,-0.00467959
CP01-R0349,349,350,511,INTERCEPT,-23.33121358,-23.43141800,0.10020441,0.00376914
CP01-R0349,349,350,511,CEMENT,0.11980433,0.11981790,-0.00001356,-0.00159758
CP01-R0349,349,350,511,SLAG,0.10386581,0.10387157,-0.00000576,-0.00056818
CP01-R0349,349,350,511,FLY_ASH,0.08793432,0.08775136,0.00018296,0.01454004
CP01-R0349,349,350,511,WATER,-0.14991842,-0.14937211,-0.00054631,-0.01359749
CP01-R0349,349,350,511,SUPERPLASTICIZER,0.29222460,0.29296519,-0.00074059,-0.00792719
CP01-R0349,349,350,511,COARSE_AGGREGATE,0.01808621,0.01805362,0.00003260,0.00347086
CP01-R0349,349,350,511,FINE_AGGREGATE,0.02019035,0.02023444,-0.00004409,-0.00411977
CP01-R0349,349,350,511,AGE,0.11422207,0.11407581,0.00014625,0.02694873
CP01-R0906,906,907,512,INTERCEPT,-23.33121358,-22.72251811,-0.60869548,-0.02289577
CP01-R0906,906,907,512,CEMENT,0.11980433,0.11952258,0.00028175,0.03319020
CP01-R0906,906,907,512,SLAG,0.10386581,0.10354933,0.00031648,0.03122424
CP01-R0906,906,907,512,FLY_ASH,0.08793432,0.08774009,0.00019423,0.01543557
CP01-R0906,906,907,512,WATER,-0.14991842,-0.15044377,0.00052535,0.01307593
CP01-R0906,906,907,512,SUPERPLASTICIZER,0.29222460,0.29311411,-0.00088951,-0.00952126
CP01-R0906,906,907,512,COARSE_AGGREGATE,0.01808621,0.01787598,0.00021024,0.02238418
CP01-R0906,906,907,512,FINE_AGGREGATE,0.02019035,0.01994060,0.00024975,0.02333717
CP01-R0906,906,907,512,AGE,0.11422207,0.11419605,0.00002602,0.00479486
CP01-R0656,656,657,513,INTERCEPT,-23.33121358,-23.37987220,0.04865861,0.00183027
CP01-R0656,656,657,513,CEMENT,0.11980433,0.11985748,-0.00005315,-0.00626084
CP01-R0656,656,657,513,SLAG,0.10386581,0.10374128,0.00012452,0.01228562
CP01-R0656,656,657,513,FLY_ASH,0.08793432,0.08797417,-0.00003985,-0.00316674
CP01-R0656,656,657,513,WATER,-0.14991842,-0.14994018,0.00002176,0.00054159
CP01-R0656,656,657,513,SUPERPLASTICIZER,0.29222460,0.29312288,-0.00089828,-0.00961508
CP01-R0656,656,657,513,COARSE_AGGREGATE,0.01808621,0.01807842,0.00000780,0.00083039
CP01-R0656,656,657,513,FINE_AGGREGATE,0.02019035,0.02023897,-0.00004862,-0.00454352
CP01-R0656,656,657,513,AGE,0.11422207,0.11427187,-0.00004980,-0.00917584
CP01-R0274,274,275,514,INTERCEPT,-23.33121358,-22.91951117,-0.41170242,-0.01548597
CP01-R0274,274,275,514,CEMENT,0.11980433,0.11972297,0.00008137,0.00958508
CP01-R0274,274,275,514,SLAG,0.10386581,0.10377786,0.00008795,0.00867724
CP01-R0274,274,275,514,FLY_ASH,0.08793432,0.08767455,0.00025977,0.02064417
CP01-R0274,274,275,514,WATER,-0.14991842,-0.15027447,0.00035605,0.00886203
CP01-R0274,274,275,514,SUPERPLASTICIZER,0.29222460,0.29188159,0.00034301,0.00367151
CP01-R0274,274,275,514,COARSE_AGGREGATE,0.01808621,0.01787924,0.00020698,0.02203695
CP01-R0274,274,275,514,FINE_AGGREGATE,0.02019035,0.02005890,0.00013145,0.01228312
CP01-R0274,274,275,514,AGE,0.11422207,0.11407334,0.00014873,0.02740518
CP01-R0969,969,970,515,INTERCEPT,-23.33121358,-22.73284230,-0.59837129,-0.02250743
CP01-R0969,969,970,515,CEMENT,0.11980433,0.11952581,0.00027852,0.03281002
CP01-R0969,969,970,515,SLAG,0.10386581,0.10355298,0.00031283,0.03086345
CP01-R0969,969,970,515,FLY_ASH,0.08793432,0.08774122,0.00019310,0.01534578
CP01-R0969,969,970,515,WATER,-0.14991842,-0.15042883,0.00051041,0.01270409
CP01-R0969,969,970,515,SUPERPLASTICIZER,0.29222460,0.29312877,-0.00090418,-0.00967822
CP01-R0969,969,970,515,COARSE_AGGREGATE,0.01808621,0.01787950,0.00020671,0.02200909
CP01-R0969,969,970,515,FINE_AGGREGATE,0.02019035,0.01994418,0.00024617,0.02300327
CP01-R0969,969,970,515,AGE,0.11422207,0.11419600,0.00002607,0.00480326
CP01-R0888,888,889,516,INTERCEPT,-23.33121358,-23.39894110,0.06772752,0.00254754
CP01-R0888,888,889,516,CEMENT,0.11980433,0.11978306,0.00002128,0.00250656
CP01-R0888,888,889,516,SLAG,0.10386581,0.10394435,-0.00007854,-0.00774917
CP01-R0888,888,889,516,FLY_ASH,0.08793432,0.08783894,0.00009539,0.00758035
CP01-R0888,888,889,516,WATER,-0.14991842,-0.15032443,0.00040602,0.01010566
CP01-R0888,888,889,516,SUPERPLASTICIZER,0.29222460,0.29147024,0.00075435,0.00807451
CP01-R0888,888,889,516,COARSE_AGGREGATE,0.01808621,0.01823261,-0.00014639,-0.01558643
CP01-R0888,888,889,516,FINE_AGGREGATE,0.02019035,0.02019220,-0.00000185,-0.00017306
CP01-R0888,888,889,516,AGE,0.11422207,0.11426508,-0.00004302,-0.00792609
CP01-R0377,377,378,517,INTERCEPT,-23.33121358,-22.35035439,-0.98085919,-0.03689451
CP01-R0377,377,378,517,CEMENT,0.11980433,0.11954162,0.00026271,0.03094708
CP01-R0377,377,378,517,SLAG,0.10386581,0.10365896,0.00020685,0.02040786
CP01-R0377,377,378,517,FLY_ASH,0.08793432,0.08769253,0.00024179,0.01921542
CP01-R0377,377,378,517,WATER,-0.14991842,-0.15163507,0.00171665,0.04272719
CP01-R0377,377,378,517,SUPERPLASTICIZER,0.29222460,0.29078582,0.00143877,0.01540043
CP01-R0377,377,378,517,COARSE_AGGREGATE,0.01808621,0.01777433,0.00031189,0.03320696
CP01-R0377,377,378,517,FINE_AGGREGATE,0.02019035,0.01984959,0.00034076,0.03184180
CP01-R0377,377,378,517,AGE,0.11422207,0.11429829,-0.00007622,-0.01404428
CP01-R0018,18,19,518,INTERCEPT,-23.33121358,-23.15192594,-0.17928765,-0.00674381
CP01-R0018,18,19,518,CEMENT,0.11980433,0.11973880,0.00006554,0.00772045
CP01-R0018,18,19,518,SLAG,0.10386581,0.10376855,0.00009726,0.00959538
CP01-R0018,18,19,518,FLY_ASH,0.08793432,0.08783296,0.00010136,0.00805523
CP01-R0018,18,19,518,WATER,-0.14991842,-0.14998692,0.00006850,0.00170497
CP01-R0018,18,19,518,SUPERPLASTICIZER,0.29222460,0.29257881,-0.00035421,-0.00379143
CP01-R0018,18,19,518,COARSE_AGGREGATE,0.01808621,0.01800986,0.00007636,0.00812962
CP01-R0018,18,19,518,FINE_AGGREGATE,0.02019035,0.02009770,0.00009265,0.00865769
CP01-R0018,18,19,518,AGE,0.11422207,0.11447080,-0.00024873,-0.04583053
CP01-R0439,439,440,519,INTERCEPT,-23.33121358,-23.42567502,0.09446143,0.00355312
CP01-R0439,439,440,519,CEMENT,0.11980433,0.11979798,0.00000636,0.00074908
CP01-R0439,439,440,519,SLAG,0.10386581,0.10378072,0.00008509,0.00839494
CP01-R0439,439,440,519,FLY_ASH,0.08793432,0.08766190,0.00027242,0.02164956
CP01-R0439,439,440,519,WATER,-0.14991842,-0.14942052,-0.00049790,-0.01239257
CP01-R0439,439,440,519,SUPERPLASTICIZER,0.29222460,0.29408828,-0.00186368,-0.01994862
CP01-R0439,439,440,519,COARSE_AGGREGATE,0.01808621,0.01808075,0.00000546,0.00058161
CP01-R0439,439,440,519,FINE_AGGREGATE,0.02019035,0.02020892,-0.00001857,-0.00173522
CP01-R0439,439,440,519,AGE,0.11422207,0.11419865,0.00002341,0.00431433
CP01-R0146,146,147,520,INTERCEPT,-23.33121358,-23.35526451,0.02405093,0.00090466
CP01-R0146,146,147,520,CEMENT,0.11980433,0.11977960,0.00002473,0.00291360
CP01-R0146,146,147,520,SLAG,0.10386581,0.10380937,0.00005644,0.00556811
CP01-R0146,146,147,520,FLY_ASH,0.08793432,0.08773918,0.00019514,0.01550783
CP01-R0146,146,147,520,WATER,-0.14991842,-0.14971247,-0.00020594,-0.00512593
CP01-R0146,146,147,520,SUPERPLASTICIZER,0.29222460,0.29603188,-0.00380729,-0.04075272
CP01-R0146,146,147,520,COARSE_AGGREGATE,0.01808621,0.01808367,0.00000254,0.00027045
CP01-R0146,146,147,520,FINE_AGGREGATE,0.02019035,0.02017654,0.00001381,0.00129089
CP01-R0146,146,147,520,AGE,0.11422207,0.11424725,-0.00002518,-0.00463931
CP01-R0310,310,311,521,INTERCEPT,-23.33121358,-23.97055376,0.63934018,0.02404845
CP01-R0310,310,311,521,CEMENT,0.11980433,0.12000807,-0.00020374,-0.02400008
CP01-R0310,310,311,521,SLAG,0.10386581,0.10401504,-0.00014923,-0.01472286
CP01-R0310,310,311,521,FLY_ASH,0.08793432,0.08823852,-0.00030420,-0.02417479
CP01-R0310,310,311,521,WATER,-0.14991842,-0.14906141,-0.00085701,-0.02133086
CP01-R0310,310,311,521,SUPERPLASTICIZER,0.29222460,0.29273501,-0.00051042,-0.00546344
CP01-R0310,310,311,521,COARSE_AGGREGATE,0.01808621,0.01825085,-0.00016463,-0.01752875
CP01-R0310,310,311,521,FINE_AGGREGATE,0.02019035,0.02051124,-0.00032089,-0.02998498
CP01-R0310,310,311,521,AGE,0.11422207,0.11414602,0.00007605,0.01401242
CP01-R0050,50,51,522,INTERCEPT,-23.33121358,-23.72114320,0.38992961,0.01466700
CP01-R0050,50,51,522,CEMENT,0.11980433,0.11989824,-0.00009390,-0.01106162
CP01-R0050,50,51,522,SLAG,0.10386581,0.10404272,-0.00017691,-0.01745377
CP01-R0050,50,51,522,FLY_ASH,0.08793432,0.08814462,-0.00021030,-0.01671258
CP01-R0050,50,51,522,WATER,-0.14991842,-0.14996180,0.00004338,0.00107977
CP01-R0050,50,51,522,SUPERPLASTICIZER,0.29222460,0.29192423,0.00030037,0.00321512
CP01-R0050,50,51,522,COARSE_AGGREGATE,0.01808621,0.01823141,-0.00014520,-0.01545956
CP01-R0050,50,51,522,FINE_AGGREGATE,0.02019035,0.02044420,-0.00025385,-0.02372016
CP01-R0050,50,51,522,AGE,0.11422207,0.11435273,-0.00013066,-0.02407548
CP01-R0284,284,285,523,INTERCEPT,-23.33121358,-22.58836294,-0.74285064,-0.02794194
CP01-R0284,284,285,523,CEMENT,0.11980433,0.11963570,0.00016864,0.01986539
CP01-R0284,284,285,523,SLAG,0.10386581,0.10370228,0.00016353,0.01613350
CP01-R0284,284,285,523,FLY_ASH,0.08793432,0.08758518,0.00034914,0.02774631
CP01-R0284,284,285,523,WATER,-0.14991842,-0.15105104,0.00113262,0.02819085
CP01-R0284,284,285,523,SUPERPLASTICIZER,0.29222460,0.29079115,0.00143344,0.01534338
CP01-R0284,284,285,523,COARSE_AGGREGATE,0.01808621,0.01780557,0.00028065,0.02988061
CP01-R0284,284,285,523,FINE_AGGREGATE,0.02019035,0.01995839,0.00023196,0.02167500
CP01-R0284,284,285,523,AGE,0.11422207,0.11410606,0.00011601,0.02137635
CP01-R0602,602,603,524,INTERCEPT,-23.33121358,-24.01287440,0.68166081,0.02564032
CP01-R0602,602,603,524,CEMENT,0.11980433,0.12000027,-0.00019594,-0.02308135
CP01-R0602,602,603,524,SLAG,0.10386581,0.10421048,-0.00034467,-0.03400496
CP01-R0602,602,603,524,FLY_ASH,0.08793432,0.08832403,-0.00038971,-0.03097017
CP01-R0602,602,603,524,WATER,-0.14991842,-0.14922642,-0.00069200,-0.01722372
CP01-R0602,602,603,524,SUPERPLASTICIZER,0.29222460,0.29339660,-0.00117201,-0.01254504
CP01-R0602,602,603,524,COARSE_AGGREGATE,0.01808621,0.01833727,-0.00025105,-0.02672996
CP01-R0602,602,603,524,FINE_AGGREGATE,0.02019035,0.02043704,-0.00024669,-0.02305137
CP01-R0602,602,603,524,AGE,0.11422207,0.11431730,-0.00009523,-0.01754749
CP01-R0265,265,266,525,INTERCEPT,-23.33121358,-23.34436753,0.01315394,0.00049478
CP01-R0265,265,266,525,CEMENT,0.11980433,0.11976392,0.00004041,0.00476024
CP01-R0265,265,266,525,SLAG,0.10386581,0.10381861,0.00004720,0.00465650
CP01-R0265,265,266,525,FLY_ASH,0.08793432,0.08800062,-0.00006630,-0.00526899
CP01-R0265,265,266,525,WATER,-0.14991842,-0.15020656,0.00028815,0.00717189
CP01-R0265,265,266,525,SUPERPLASTICIZER,0.29222460,0.29204004,0.00018456,0.00197546
CP01-R0265,265,266,525,COARSE_AGGREGATE,0.01808621,0.01819108,-0.00010487,-0.01116558
CP01-R0265,265,266,525,FINE_AGGREGATE,0.02019035,0.02017231,0.00001804,0.00168536
CP01-R0265,265,266,525,AGE,0.11422207,0.11417121,0.00005085,0.00937047
CP01-R0657,657,658,526,INTERCEPT,-23.33121358,-22.96679238,-0.36442121,-0.01370752
CP01-R0657,657,658,526,CEMENT,0.11980433,0.11964941,0.00015492,0.01824999
CP01-R0657,657,658,526,SLAG,0.10386581,0.10378076,0.00008504,0.00839047
CP01-R0657,657,658,526,FLY_ASH,0.08793432,0.08769861,0.00023571,0.01873232
CP01-R0657,657,658,526,WATER,-0.14991842,-0.15038706,0.00046864,0.01166446
CP01-R0657,657,658,526,SUPERPLASTICIZER,0.29222460,0.29050894,0.00171566,0.01836421
CP01-R0657,657,658,526,COARSE_AGGREGATE,0.01808621,0.01795118,0.00013504,0.01437772
CP01-R0657,657,658,526,FINE_AGGREGATE,0.02019035,0.02011089,0.00007947,0.00742555
CP01-R0657,657,658,526,AGE,0.11422207,0.11411060,0.00011146,0.02053836
CP01-R0904,904,905,527,INTERCEPT,-23.33121358,-22.92205850,-0.40915508,-0.01539016
CP01-R0904,904,905,527,CEMENT,0.11980433,0.11955548,0.00024885,0.02931488
CP01-R0904,904,905,527,SLAG,0.10386581,0.10357599,0.00028982,0.02859373
CP01-R0904,904,905,527,FLY_ASH,0.08793432,0.08769160,0.00024273,0.01928951
CP01-R0904,904,905,527,WATER,-0.14991842,-0.15003164,0.00011322,0.00281815
CP01-R0904,904,905,527,SUPERPLASTICIZER,0.29222460,0.29437575,-0.00215115,-0.02302568
CP01-R0904,904,905,527,COARSE_AGGREGATE,0.01808621,0.01800709,0.00007913,0.00842483
CP01-R0904,904,905,527,FINE_AGGREGATE,0.02019035,0.01991501,0.00027534,0.02572849
CP01-R0904,904,905,527,AGE,0.11422207,0.11417246,0.00004961,0.00914078
CP01-R0663,663,664,528,INTERCEPT,-23.33121358,-23.50960259,0.17838900,0.00671001
CP01-R0663,663,664,528,CEMENT,0.11980433,0.11986280,-0.00005847,-0.00688737
CP01-R0663,663,664,528,SLAG,0.10386581,0.10375912,0.00010668,0.01052555
CP01-R0663,663,664,528,FLY_ASH,0.08793432,0.08797216,-0.00003784,-0.00300683
CP01-R0663,663,664,528,WATER,-0.14991842,-0.14953608,-0.00038234,-0.00951644
CP01-R0663,663,664,528,SUPERPLASTICIZER,0.29222460,0.29437601,-0.00215142,-0.02302852
CP01-R0663,663,664,528,COARSE_AGGREGATE,0.01808621,0.01816479,-0.00007857,-0.00836581
CP01-R0663,663,664,528,FINE_AGGREGATE,0.02019035,0.02019172,-0.00000137,-0.00012799
CP01-R0663,663,664,528,AGE,0.11422207,0.11424594,-0.00002387,-0.00439766
CP01-R0967,967,968,529,INTERCEPT,-23.33121358,-22.94094127,-0.39027231,-0.01467989
CP01-R0967,967,968,529,CEMENT,0.11980433,0.11956010,0.00024424,0.02877080
CP01-R0967,967,968,529,SLAG,0.10386581,0.10358141,0.00028440,0.02805885
CP01-R0967,967,968,529,FLY_ASH,0.08793432,0.08769561,0.00023871,0.01897014
CP01-R0967,967,968,529,WATER,-0.14991842,-0.15000167,0.00008325,0.00207202
CP01-R0967,967,968,529,SUPERPLASTICIZER,0.29222460,0.29442942,-0.00220483,-0.02360021
CP01-R0967,967,968,529,COARSE_AGGREGATE,0.01808621,0.01801304,0.00007317,0.00779051
CP01-R0967,967,968,529,FINE_AGGREGATE,0.02019035,0.01992191,0.00026844,0.02508424
CP01-R0967,967,968,529,AGE,0.11422207,0.11417258,0.00004948,0.00911792
CP01-R0062,62,63,530,INTERCEPT,-23.33121358,-23.47575105,0.14453747,0.00543670
CP01-R0062,62,63,530,CEMENT,0.11980433,0.11988494,-0.00008061,-0.00949537
CP01-R0062,62,63,530,SLAG,0.10386581,0.10393270,-0.00006689,-0.00659965
CP01-R0062,62,63,530,FLY_ASH,0.08793432,0.08804376,-0.00010944,-0.00869697
CP01-R0062,62,63,530,WATER,-0.14991842,-0.14998938,0.00007096,0.00176616
CP01-R0062,62,63,530,SUPERPLASTICIZER,0.29222460,0.29170056,0.00052404,0.00560926
CP01-R0062,62,63,530,COARSE_AGGREGATE,0.01808621,0.01815069,-0.00006447,-0.00686463
CP01-R0062,62,63,530,FINE_AGGREGATE,0.02019035,0.02028073,-0.00009038,-0.00844543
CP01-R0062,62,63,530,AGE,0.11422207,0.11400832,0.00021375,0.03938539
CP01-R0026,26,27,531,INTERCEPT,-23.33121358,-23.62381386,0.29260028,0.01100601
CP01-R0026,26,27,531,CEMENT,0.11980433,0.11989996,-0.00009563,-0.01126464
CP01-R0026,26,27,531,SLAG,0.10386581,0.10404322,-0.00017741,-0.01750354
CP01-R0026,26,27,531,FLY_ASH,0.08793432,0.08810950,-0.00017518,-0.01392182
CP01-R0026,26,27,531,WATER,-0.14991842,-0.14983015,-0.00008827,-0.00219693
CP01-R0026,26,27,531,SUPERPLASTICIZER,0.29222460,0.29173906,0.00048553,0.00519706
CP01-R0026,26,27,531,COARSE_AGGREGATE,0.01808621,0.01820677,-0.00012056,-0.01283598
CP01-R0026,26,27,531,FINE_AGGREGATE,0.02019035,0.02034204,-0.00015169,-0.01417466
CP01-R0026,26,27,531,AGE,0.11422207,0.11403463,0.00018744,0.03453699
CP01-R0267,267,268,532,INTERCEPT,-23.33121358,-23.30533557,-0.02587802,-0.00097339
CP01-R0267,267,268,532,CEMENT,0.11980433,0.11983928,-0.00003495,-0.00411695
CP01-R0267,267,268,532,SLAG,0.10386581,0.10390132,-0.00003551,-0.00350369
CP01-R0267,267,268,532,FLY_ASH,0.08793432,0.08785325,0.00008107,0.00644262
CP01-R0267,267,268,532,WATER,-0.14991842,-0.14960793,-0.00031049,-0.00772798
CP01-R0267,267,268,532,SUPERPLASTICIZER,0.29222460,0.29244047,-0.00021588,-0.00231073
CP01-R0267,267,268,532,COARSE_AGGREGATE,0.01808621,0.01797728,0.00010893,0.01159824
CP01-R0267,267,268,532,FINE_AGGREGATE,0.02019035,0.02019900,-0.00000865,-0.00080787
CP01-R0267,267,268,532,AGE,0.11422207,0.11421767,0.00000440,0.00081106
CP01-R0820,820,821,533,INTERCEPT,-23.33121358,-22.83943343,-0.49178016,-0.01849806
CP01-R0820,820,821,533,CEMENT,0.11980433,0.11956557,0.00023876,0.02812573
CP01-R0820,820,821,533,SLAG,0.10386581,0.10369961,0.00016620,0.01639723
CP01-R0820,820,821,533,FLY_ASH,0.08793432,0.08771136,0.00022296,0.01771883
CP01-R0820,820,821,533,WATER,-0.14991842,-0.15042434,0.00050592,0.01259238
CP01-R0820,820,821,533,SUPERPLASTICIZER,0.29222460,0.29263783,-0.00041323,-0.00442318
CP01-R0820,820,821,533,COARSE_AGGREGATE,0.01808621,0.01784773,0.00023848,0.02539146
CP01-R0820,820,821,533,FINE_AGGREGATE,0.02019035,0.02008421,0.00010614,0.00991794
CP01-R0820,820,821,533,AGE,0.11422207,0.11419284,0.00002923,0.00538525
CP01-R0547,547,548,534,INTERCEPT,-23.33121358,-23.83617040,0.50495682,0.01899369
CP01-R0547,547,548,534,CEMENT,0.11980433,0.11992446,-0.00012013,-0.01415079
CP01-R0547,547,548,534,SLAG,0.10386581,0.10410665,-0.00024084,-0.02376177
CP01-R0547,547,548,534,FLY_ASH,0.08793432,0.08819944,-0.00026511,-0.02106875
CP01-R0547,547,548,534,WATER,-0.14991842,-0.14931466,-0.00060376,-0.01502739
CP01-R0547,547,548,534,SUPERPLASTICIZER,0.29222460,0.29406401,-0.00183941,-0.01968884
CP01-R0547,547,548,534,COARSE_AGGREGATE,0.01808621,0.01831773,-0.00023151,-0.02464960
CP01-R0547,547,548,534,FINE_AGGREGATE,0.02019035,0.02029712,-0.00010677,-0.00997676
CP01-R0547,547,548,534,AGE,0.11422207,0.11429155,-0.00006949,-0.01280327
CP01-R0162,162,163,535,INTERCEPT,-23.33121358,-22.72842940,-0.60278418,-0.02267342
CP01-R0162,162,163,535,CEMENT,0.11980433,0.11957754,0.00022680,0.02671678
CP01-R0162,162,163,535,SLAG,0.10386581,0.10352840,0.00033741,0.03328889
CP01-R0162,162,163,535,FLY_ASH,0.08793432,0.08773173,0.00020260,0.01610035
CP01-R0162,162,163,535,WATER,-0.14991842,-0.15058461,0.00066619,0.01658148
CP01-R0162,162,163,535,SUPERPLASTICIZER,0.29222460,0.29127419,0.00095041,0.01017304
CP01-R0162,162,163,535,COARSE_AGGREGATE,0.01808621,0.01788365,0.00020257,0.02156755
CP01-R0162,162,163,535,FINE_AGGREGATE,0.02019035,0.01995149,0.00023886,0.02232000
CP01-R0162,162,163,535,AGE,0.11422207,0.11417811,0.00004396,0.00810022
CP01-R0117,117,118,536,INTERCEPT,-23.33121358,-22.86606227,-0.46515131,-0.01749643
CP01-R0117,117,118,536,CEMENT,0.11980433,0.11957184,0.00023250,0.02738796
CP01-R0117,117,118,536,SLAG,0.10386581,0.10355286,0.00031294,0.03087520
CP01-R0117,117,118,536,FLY_ASH,0.08793432,0.08773355,0.00020077,0.01595528
CP01-R0117,117,118,536,WATER,-0.14991842,-0.15034163,0.00042322,0.01053377
CP01-R0117,117,118,536,SUPERPLASTICIZER,0.29222460,0.29195684,0.00026775,0.00286597
CP01-R0117,117,118,536,COARSE_AGGREGATE,0.01808621,0.01794325,0.00014296,0.01522132
CP01-R0117,117,118,536,FINE_AGGREGATE,0.02019035,0.01998918,0.00020117,0.01879819
CP01-R0117,117,118,536,AGE,0.11422207,0.11422924,-0.00000718,-0.00132225
CP01-R0711,711,712,537,INTERCEPT,-23.33121358,-23.55959206,0.22837847,0.00859034
CP01-R0711,711,712,537,CEMENT,0.11980433,0.11988010,-0.00007577,-0.00892537
CP01-R0711,711,712,537,SLAG,0.10386581,0.10386430,0.00000151,0.00014872
CP01-R0711,711,712,537,FLY_ASH,0.08793432,0.08806719,-0.00013287,-0.01055949
CP01-R0711,711,712,537,WATER,-0.14991842,-0.14979882,-0.00011960,-0.00297684
CP01-R0711,711,712,537,SUPERPLASTICIZER,0.29222460,0.29327292,-0.00104832,-0.01122112
CP01-R0711,711,712,537,COARSE_AGGREGATE,0.01808621,0.01814374,-0.00005752,-0.00612455
CP01-R0711,711,712,537,FINE_AGGREGATE,0.02019035,0.02032435,-0.00013400,-0.01252116
CP01-R0711,711,712,537,AGE,0.11422207,0.11430429,-0.00008222,-0.01515017
CP01-R0578,578,579,538,INTERCEPT,-23.33121358,-23.70131302,0.37009943,0.01392110
CP01-R0578,578,579,538,CEMENT,0.11980433,0.11983419,-0.00002985,-0.00351650
CP01-R0578,578,579,538,SLAG,0.10386581,0.10407085,-0.00020504,-0.02022913
CP01-R0578,578,579,538,FLY_ASH,0.08793432,0.08799417,-0.00005984,-0.00475586
CP01-R0578,578,579,538,WATER,-0.14991842,-0.14960810,-0.00031032,-0.00772382
CP01-R0578,578,579,538,SUPERPLASTICIZER,0.29222460,0.29177510,0.00044949,0.00481129
CP01-R0578,578,579,538,COARSE_AGGREGATE,0.01808621,0.01828680,-0.00020059,-0.02135699
CP01-R0578,578,579,538,FINE_AGGREGATE,0.02019035,0.02032137,-0.00013102,-0.01224287
CP01-R0578,578,579,538,AGE,0.11422207,0.11420307,0.00001899,0.00349978
CP01-R0664,664,665,539,INTERCEPT,-23.33121358,-23.46486919,0.13365561,0.00502739
CP01-R0664,664,665,539,CEMENT,0.11980433,0.11988824,-0.00008391,-0.00988453
CP01-R0664,664,665,539,SLAG,0.10386581,0.10380607,0.00005974,0.00589398
CP01-R0664,664,665,539,FLY_ASH,0.08793432,0.08801553,-0.00008121,-0.00645340
CP01-R0664,664,665,539,WATER,-0.14991842,-0.14966207,-0.00025634,-0.00638037
CP01-R0664,664,665,539,SUPERPLASTICIZER,0.29222460,0.29394264,-0.00171804,-0.01838974
CP01-R0664,664,665,539,COARSE_AGGREGATE,0.01808621,0.01816734,-0.00008113,-0.00863761
CP01-R0664,664,665,539,FINE_AGGREGATE,0.02019035,0.02014719,0.00004316,0.00403293
CP01-R0664,664,665,539,AGE,0.11422207,0.11424635,-0.00002428,-0.00447425
CP01-R0011,11,12,540,INTERCEPT,-23.33121358,-23.05475147,-0.27646211,-0.01039898
CP01-R0011,11,12,540,CEMENT,0.11980433,0.11977406,0.00003028,0.00356641
CP01-R0011,11,12,540,SLAG,0.10386581,0.10371361,0.00015220,0.01501563
CP01-R0011,11,12,540,FLY_ASH,0.08793432,0.08789230,0.00004202,0.00333918
CP01-R0011,11,12,540,WATER,-0.14991842,-0.15014546,0.00022705,0.00565113
CP01-R0011,11,12,540,SUPERPLASTICIZER,0.29222460,0.29345730,-0.00123270,-0.01319470
CP01-R0011,11,12,540,COARSE_AGGREGATE,0.01808621,0.01800531,0.00008090,0.00861400
CP01-R0011,11,12,540,FINE_AGGREGATE,0.02019035,0.02000198,0.00018838,0.01760246
CP01-R0011,11,12,540,AGE,0.11422207,0.11412980,0.00009227,0.01700080
CP01-R0381,381,382,541,INTERCEPT,-23.33121358,-24.13852500,0.80731142,0.03036660
CP01-R0381,381,382,541,CEMENT,0.11980433,0.11990761,-0.00010327,-0.01216538
CP01-R0381,381,382,541,SLAG,0.10386581,0.10405339,-0.00018758,-0.01850653
CP01-R0381,381,382,541,FLY_ASH,0.08793432,0.08808092,-0.00014660,-0.01164997
CP01-R0381,381,382,541,WATER,-0.14991842,-0.14834645,-0.00157197,-0.03912611
CP01-R0381,381,382,541,SUPERPLASTICIZER,0.29222460,0.29520328,-0.00297868,-0.03188344
CP01-R0381,381,382,541,COARSE_AGGREGATE,0.01808621,0.01829395,-0.00020774,-0.02211812
CP01-R0381,381,382,541,FINE_AGGREGATE,0.02019035,0.02050968,-0.00031933,-0.02983916
CP01-R0381,381,382,541,AGE,0.11422207,0.11422727,-0.00000520,-0.00095757
CP01-R1023,1023,1024,542,INTERCEPT,-23.33121358,-23.44816548,0.11695190,0.00439909
CP01-R1023,1023,1024,542,CEMENT,0.11980433,0.11976456,0.00003977,0.00468489
CP01-R1023,1023,1024,542,SLAG,0.10386581,0.10381207,0.00005374,0.00530212
CP01-R1023,1023,1024,542,FLY_ASH,0.08793432,0.08778556,0.00014876,0.01182211
CP01-R1023,1023,1024,542,WATER,-0.14991842,-0.14997220,0.00005378,0.00133863
CP01-R1023,1023,1024,542,SUPERPLASTICIZER,0.29222460,0.29359802,-0.00137342,-0.01470096
CP01-R1023,1023,1024,542,COARSE_AGGREGATE,0.01808621,0.01824958,-0.00016336,-0.01739327
CP01-R1023,1023,1024,542,FINE_AGGREGATE,0.02019035,0.02015628,0.00003407,0.00318402
CP01-R1023,1023,1024,542,AGE,0.11422207,0.11425695,-0.00003488,-0.00642705
CP01-R0893,893,894,543,INTERCEPT,-23.33121358,-23.41734761,0.08613403,0.00323989
CP01-R0893,893,894,543,CEMENT,0.11980433,0.11993095,-0.00012662,-0.01491545
CP01-R0893,893,894,543,SLAG,0.10386581,0.10408177,-0.00021596,-0.02130679
CP01-R0893,893,894,543,FLY_ASH,0.08793432,0.08812382,-0.00018950,-0.01505927
CP01-R0893,893,894,543,WATER,-0.14991842,-0.15047497,0.00055655,0.01385246
CP01-R0893,893,894,543,SUPERPLASTICIZER,0.29222460,0.28901737,0.00320723,0.03432978
CP01-R0893,893,894,543,COARSE_AGGREGATE,0.01808621,0.01814234,-0.00005612,-0.00597550
CP01-R0893,893,894,543,FINE_AGGREGATE,0.02019035,0.02029581,-0.00010546,-0.00985409
CP01-R0893,893,894,543,AGE,0.11422207,0.11428912,-0.00006705,-0.01235476
CP01-R0218,218,219,544,INTERCEPT,-23.33121358,-23.16701741,-0.16419618,-0.00617615
CP01-R0218,218,219,544,CEMENT,0.11980433,0.11985731,-0.00005298,-0.00624063
CP01-R0218,218,219,544,SLAG,0.10386581,0.10390631,-0.00004051,-0.00399623
CP01-R0218,218,219,544,FLY_ASH,0.08793432,0.08790162,0.00003270,0.00259869
CP01-R0218,218,219,544,WATER,-0.14991842,-0.14999601,0.00007759,0.00193125
CP01-R0218,218,219,544,SUPERPLASTICIZER,0.29222460,0.29076795,0.00145664,0.01559171
CP01-R0218,218,219,544,COARSE_AGGREGATE,0.01808621,0.01793543,0.00015078,0.01605416
CP01-R0218,218,219,544,FINE_AGGREGATE,0.02019035,0.02017079,0.00001956,0.00182807
CP01-R0218,218,219,544,AGE,0.11422207,0.11417034,0.00005173,0.00953085
CP01-R0412,412,413,545,INTERCEPT,-23.33121358,-23.40691876,0.07570518,0.00284761
CP01-R0412,412,413,545,CEMENT,0.11980433,0.11987181,-0.00006748,-0.00794897
CP01-R0412,412,413,545,SLAG,0.10386581,0.10398732,-0.00012151,-0.01198863
CP01-R0412,412,413,545,FLY_ASH,0.08793432,0.08826366,-0.00032934,-0.02617246
CP01-R0412,412,413,545,WATER,-0.14991842,-0.15015748,0.00023906,0.00595015
CP01-R0412,412,413,545,SUPERPLASTICIZER,0.29222460,0.29010456,0.00212003,0.02269255
CP01-R0412,412,413,545,COARSE_AGGREGATE,0.01808621,0.01812957,-0.00004335,-0.00461589
CP01-R0412,412,413,545,FINE_AGGREGATE,0.02019035,0.02025722,-0.00006687,-0.00624873
CP01-R0412,412,413,545,AGE,0.11422207,0.11420007,0.00002200,0.00405395
CP01-R0956,956,957,546,INTERCEPT,-23.33121358,-23.45969518,0.12848160,0.00483277
CP01-R0956,956,957,546,CEMENT,0.11980433,0.11994040,-0.00013606,-0.01602803
CP01-R0956,956,957,546,SLAG,0.10386581,0.10409419,-0.00022838,-0.02253179
CP01-R0956,956,957,546,FLY_ASH,0.08793432,0.08813390,-0.00019958,-0.01586090
CP01-R0956,956,957,546,WATER,-0.14991842,-0.15041038,0.00049196,0.01224480
CP01-R0956,956,957,546,SUPERPLASTICIZER,0.29222460,0.28916699,0.00305761,0.03272825
CP01-R0956,956,957,546,COARSE_AGGREGATE,0.01808621,0.01815732,-0.00007110,-0.00757023
CP01-R0956,956,957,546,FINE_AGGREGATE,0.02019035,0.02030976,-0.00011941,-0.01115810
CP01-R0956,956,957,546,AGE,0.11422207,0.11429031,-0.00006825,-0.01257498
CP01-R0230,230,231,547,INTERCEPT,-23.33121358,-23.97477071,0.64355712,0.02420707
CP01-R0230,230,231,547,CEMENT,0.11980433,0.11985537,-0.00005103,-0.00601186
CP01-R0230,230,231,547,SLAG,0.10386581,0.10399089,-0.00012508,-0.01234005
CP01-R0230,230,231,547,FLY_ASH,0.08793432,0.08794113,-0.00000680,-0.00054069
CP01-R0230,230,231,547,WATER,-0.14991842,-0.14888300,-0.00103542,-0.02577153
CP01-R0230,230,231,547,SUPERPLASTICIZER,0.29222460,0.29488780,-0.00266320,-0.02850661
CP01-R0230,230,231,547,COARSE_AGGREGATE,0.01808621,0.01837644,-0.00029022,-0.03090043
CP01-R0230,230,231,547,FINE_AGGREGATE,0.02019035,0.02037535,-0.00018500,-0.01728707
CP01-R0230,230,231,547,AGE,0.11422207,0.11414109,0.00008098,0.01492090
CP01-R0262,262,263,548,INTERCEPT,-23.33121358,-22.94704802,-0.38416556,-0.01445019
CP01-R0262,262,263,548,CEMENT,0.11980433,0.11977076,0.00003357,0.00395476
CP01-R0262,262,263,548,SLAG,0.10386581,0.10382630,0.00003951,0.00389835
CP01-R0262,262,263,548,FLY_ASH,0.08793432,0.08783690,0.00009743,0.00774245
CP01-R0262,262,263,548,WATER,-0.14991842,-0.15027775,0.00035933,0.00894372
CP01-R0262,262,263,548,SUPERPLASTICIZER,0.29222460,0.29112619,0.00109840,0.01175719
CP01-R0262,262,263,548,COARSE_AGGREGATE,0.01808621,0.01794920,0.00013701,0.01458789
CP01-R0262,262,263,548,FINE_AGGREGATE,0.02019035,0.01997289,0.00021746,0.02032003
CP01-R0262,262,263,548,AGE,0.11422207,0.11421234,0.00000973,0.00179312
CP01-R1008,1008,1009,549,INTERCEPT,-23.33121358,-23.60416438,0.27295079,0.01026690
CP01-R1008,1008,1009,549,CEMENT,0.11980433,0.12000341,-0.00019908,-0.02345106
CP01-R1008,1008,1009,549,SLAG,0.10386581,0.10395447,-0.00008866,-0.00874718
CP01-R1008,1008,1009,549,FLY_ASH,0.08793432,0.08824673,-0.00031241,-0.02482744
CP01-R1008,1008,1009,549,WATER,-0.14991842,-0.14972190,-0.00019652,-0.00489128
CP01-R1008,1008,1009,549,SUPERPLASTICIZER,0.29222460,0.28999938,0.00222521,0.02381843
CP01-R1008,1008,1009,549,COARSE_AGGREGATE,0.01808621,0.01810614,-0.00001993,-0.00212177
CP01-R1008,1008,1009,549,FINE_AGGREGATE,0.02019035,0.02037934,-0.00018898,-0.01765930
CP01-R1008,1008,1009,549,AGE,0.11422207,0.11424910,-0.00002703,-0.00498143
CP01-R0963,963,964,550,INTERCEPT,-23.33121358,-22.87398370,-0.45722988,-0.01719847
CP01-R0963,963,964,550,CEMENT,0.11980433,0.11953282,0.00027152,0.03198455
CP01-R0963,963,964,550,SLAG,0.10386581,0.10355817,0.00030764,0.03035165
CP01-R0963,963,964,550,FLY_ASH,0.08793432,0.08765891,0.00027541,0.02188692
CP01-R0963,963,964,550,WATER,-0.14991842,-0.15016772,0.00024930,0.00620502
CP01-R0963,963,964,550,SUPERPLASTICIZER,0.29222460,0.29426346,-0.00203887,-0.02182380
CP01-R0963,963,964,550,COARSE_AGGREGATE,0.01808621,0.01794350,0.00014272,0.01519538
CP01-R0963,963,964,550,FINE_AGGREGATE,0.02019035,0.01997785,0.00021250,0.01985698
CP01-R0963,963,964,550,AGE,0.11422207,0.11418913,0.00003294,0.00606985
CP01-R0279,279,280,551,INTERCEPT,-23.33121358,-22.66568651,-0.66552708,-0.02503346
CP01-R0279,279,280,551,CEMENT,0.11980433,0.11964553,0.00015881,0.01870740
CP01-R0279,279,280,551,SLAG,0.10386581,0.10371192,0.00015389,0.01518300
CP01-R0279,279,280,551,FLY_ASH,0.08793432,0.08759878,0.00033554,0.02666554
CP01-R0279,279,280,551,WATER,-0.14991842,-0.15090281,0.00098439,0.02450130
CP01-R0279,279,280,551,SUPERPLASTICIZER,0.29222460,0.29124340,0.00098119,0.01050258
CP01-R0279,279,280,551,COARSE_AGGREGATE,0.01808621,0.01783458,0.00025164,0.02679204
CP01-R0279,279,280,551,FINE_AGGREGATE,0.02019035,0.01997823,0.00021212,0.01982122
CP01-R0279,279,280,551,AGE,0.11422207,0.11411186,0.00011020,0.02030598
CP01-R0534,534,535,552,INTERCEPT,-23.33121358,-22.98116210,-0.35005149,-0.01316701
CP01-R0534,534,535,552,CEMENT,0.11980433,0.11969315,0.00011119,0.01309796
CP01-R0534,534,535,552,SLAG,0.10386581,0.10367132,0.00019449,0.01918854
CP01-R0534,534,535,552,FLY_ASH,0.08793432,0.08770579,0.00022853,0.01816124
CP01-R0534,534,535,552,WATER,-0.14991842,-0.15027808,0.00035966,0.00895197
CP01-R0534,534,535,552,SUPERPLASTICIZER,0.29222460,0.29088449,0.00134011,0.01434436
CP01-R0534,534,535,552,COARSE_AGGREGATE,0.01808621,0.01789879,0.00018743,0.01995576
CP01-R0534,534,535,552,FINE_AGGREGATE,0.02019035,0.02015645,0.00003390,0.00316814
CP01-R0534,534,535,552,AGE,0.11422207,0.11413089,0.00009118,0.01680086
CP01-R0866,866,867,553,INTERCEPT,-23.33121358,-23.47693126,0.14571767,0.00548109
CP01-R0866,866,867,553,CEMENT,0.11980433,0.11977447,0.00002986,0.00351770
CP01-R0866,866,867,553,SLAG,0.10386581,0.10382384,0.00004197,0.00414031
CP01-R0866,866,867,553,FLY_ASH,0.08793432,0.08780235,0.00013197,0.01048808
CP01-R0866,866,867,553,WATER,-0.14991842,-0.14992660,0.00000818,0.00020354
CP01-R0866,866,867,553,SUPERPLASTICIZER,0.29222460,0.29357467,-0.00135007,-0.01445102
CP01-R0866,866,867,553,COARSE_AGGREGATE,0.01808621,0.01825589,-0.00016968,-0.01806568
CP01-R0866,866,867,553,FINE_AGGREGATE,0.02019035,0.02016929,0.00002106,0.00196813
CP01-R0866,866,867,553,AGE,0.11422207,0.11425632,-0.00003425,-0.00631124
CP01-R0557,557,558,554,INTERCEPT,-23.33121358,-23.55374670,0.22253311,0.00837047
CP01-R0557,557,558,554,CEMENT,0.11980433,0.11990746,-0.00010313,-0.01214806
CP01-R0557,557,558,554,SLAG,0.10386581,0.10414400,-0.00027819,-0.02744610
CP01-R0557,557,558,554,FLY_ASH,0.08793432,0.08811401,-0.00017969,-0.01427997
CP01-R0557,557,558,554,WATER,-0.14991842,-0.14991399,-0.00000443,-0.00011025
CP01-R0557,557,558,554,SUPERPLASTICIZER,0.29222460,0.29037407,0.00185052,0.01980777
CP01-R0557,557,558,554,COARSE_AGGREGATE,0.01808621,0.01819162,-0.00010540,-0.01122250
CP01-R0557,557,558,554,FINE_AGGREGATE,0.02019035,0.02028924,-0.00009889,-0.00924048
CP01-R0557,557,558,554,AGE,0.11422207,0.11421713,0.00000494,0.00090990
CP01-R0096,96,97,555,INTERCEPT,-23.33121358,-23.53737968,0.20616609,0.00775483
CP01-R0096,96,97,555,CEMENT,0.11980433,0.11992146,-0.00011713,-0.01379778
CP01-R0096,96,97,555,SLAG,0.10386581,0.10396131,-0.00009550,-0.00942235
CP01-R0096,96,97,555,FLY_ASH,0.08793432,0.08793697,-0.00000265,-0.00021021
CP01-R0096,96,97,555,WATER,-0.14991842,-0.14971602,-0.00020240,-0.00503765
CP01-R0096,96,97,555,SUPERPLASTICIZER,0.29222460,0.29345598,-0.00123139,-0.01318060
CP01-R0096,96,97,555,COARSE_AGGREGATE,0.01808621,0.01809273,-0.00000651,-0.00069316
CP01-R0096,96,97,555,FINE_AGGREGATE,0.02019035,0.02034773,-0.00015738,-0.01470594
CP01-R0096,96,97,555,AGE,0.11422207,0.11419611,0.00002596,0.00478356
CP01-R0101,101,102,556,INTERCEPT,-23.33121358,-23.53737968,0.20616609,0.00775483
CP01-R0101,101,102,556,CEMENT,0.11980433,0.11992146,-0.00011713,-0.01379778
CP01-R0101,101,102,556,SLAG,0.10386581,0.10396131,-0.00009550,-0.00942235
CP01-R0101,101,102,556,FLY_ASH,0.08793432,0.08793697,-0.00000265,-0.00021021
CP01-R0101,101,102,556,WATER,-0.14991842,-0.14971602,-0.00020240,-0.00503765
CP01-R0101,101,102,556,SUPERPLASTICIZER,0.29222460,0.29345598,-0.00123139,-0.01318060
CP01-R0101,101,102,556,COARSE_AGGREGATE,0.01808621,0.01809273,-0.00000651,-0.00069316
CP01-R0101,101,102,556,FINE_AGGREGATE,0.02019035,0.02034773,-0.00015738,-0.01470594
CP01-R0101,101,102,556,AGE,0.11422207,0.11419611,0.00002596,0.00478356
CP01-R0104,104,105,557,INTERCEPT,-23.33121358,-23.53737968,0.20616609,0.00775483
CP01-R0104,104,105,557,CEMENT,0.11980433,0.11992146,-0.00011713,-0.01379778
CP01-R0104,104,105,557,SLAG,0.10386581,0.10396131,-0.00009550,-0.00942235
CP01-R0104,104,105,557,FLY_ASH,0.08793432,0.08793697,-0.00000265,-0.00021021
CP01-R0104,104,105,557,WATER,-0.14991842,-0.14971602,-0.00020240,-0.00503765
CP01-R0104,104,105,557,SUPERPLASTICIZER,0.29222460,0.29345598,-0.00123139,-0.01318060
CP01-R0104,104,105,557,COARSE_AGGREGATE,0.01808621,0.01809273,-0.00000651,-0.00069316
CP01-R0104,104,105,557,FINE_AGGREGATE,0.02019035,0.02034773,-0.00015738,-0.01470594
CP01-R0104,104,105,557,AGE,0.11422207,0.11419611,0.00002596,0.00478356
CP01-R0496,496,497,558,INTERCEPT,-23.33121358,-24.03228974,0.70107615,0.02637062
CP01-R0496,496,497,558,CEMENT,0.11980433,0.12009015,-0.00028581,-0.03366844
CP01-R0496,496,497,558,SLAG,0.10386581,0.10412214,-0.00025633,-0.02528920
CP01-R0496,496,497,558,FLY_ASH,0.08793432,0.08830670,-0.00037238,-0.02959297
CP01-R0496,496,497,558,WATER,-0.14991842,-0.14918670,-0.00073172,-0.01821245
CP01-R0496,496,497,558,SUPERPLASTICIZER,0.29222460,0.29301627,-0.00079168,-0.00847404
CP01-R0496,496,497,558,COARSE_AGGREGATE,0.01808621,0.01828866,-0.00020244,-0.02155422
CP01-R0496,496,497,558,FINE_AGGREGATE,0.02019035,0.02051386,-0.00032351,-0.03022953
CP01-R0496,496,497,558,AGE,0.11422207,0.11428375,-0.00006168,-0.01136543
CP01-R0326,326,327,559,INTERCEPT,-23.33121358,-23.64612096,0.31490737,0.01184508
CP01-R0326,326,327,559,CEMENT,0.11980433,0.11994388,-0.00013954,-0.01643808
CP01-R0326,326,327,559,SLAG,0.10386581,0.10405236,-0.00018655,-0.01840524
CP01-R0326,326,327,559,FLY_ASH,0.08793432,0.08811748,-0.00018316,-0.01455575
CP01-R0326,326,327,559,WATER,-0.14991842,-0.14929632,-0.00062210,-0.01548403
CP01-R0326,326,327,559,SUPERPLASTICIZER,0.29222460,0.29116994,0.00105466,0.01128892
CP01-R0326,326,327,559,COARSE_AGGREGATE,0.01808621,0.01817250,-0.00008628,-0.00918661
CP01-R0326,326,327,559,FINE_AGGREGATE,0.02019035,0.02026033,-0.00006997,-0.00653865
CP01-R0326,326,327,559,AGE,0.11422207,0.11423451,-0.00001244,-0.00229203
CP01-R0900,900,901,560,INTERCEPT,-23.33121358,-22.88919366,-0.44201993,-0.01662635
CP01-R0900,900,901,560,CEMENT,0.11980433,0.11953881,0.00026553,0.03127880
CP01-R0900,900,901,560,SLAG,0.10386581,0.10356501,0.00030080,0.02967701
CP01-R0900,900,901,560,FLY_ASH,0.08793432,0.08766845,0.00026587,0.02112878
CP01-R0900,900,901,560,WATER,-0.14991842,-0.15015007,0.00023165,0.00576566
CP01-R0900,900,901,560,SUPERPLASTICIZER,0.29222460,0.29422953,-0.00200493,-0.02146057
CP01-R0900,900,901,560,COARSE_AGGREGATE,0.01808621,0.01794762,0.00013859,0.01475633
CP01-R0900,900,901,560,FINE_AGGREGATE,0.02019035,0.01998494,0.00020541,0.01919433
CP01-R0900,900,901,560,AGE,0.11422207,0.11418936,0.00003270,0.00602602
CP01-R0933,933,934,561,INTERCEPT,-23.33121358,-23.50285147,0.17163789,0.00645607
CP01-R0933,933,934,561,CEMENT,0.11980433,0.11985330,-0.00004896,-0.00576797
CP01-R0933,933,934,561,SLAG,0.10386581,0.10397223,-0.00010642,-0.01049986
CP01-R0933,933,934,561,FLY_ASH,0.08793432,0.08816690,-0.00023258,-0.01848323
CP01-R0933,933,934,561,WATER,-0.14991842,-0.14923349,-0.00068492,-0.01704767
CP01-R0933,933,934,561,SUPERPLASTICIZER,0.29222460,0.29277538,-0.00055078,-0.00589553
CP01-R0933,933,934,561,COARSE_AGGREGATE,0.01808621,0.01809569,-0.00000948,-0.00100902
CP01-R0933,933,934,561,FINE_AGGREGATE,0.02019035,0.02019772,-0.00000737,-0.00068891
CP01-R0933,933,934,561,AGE,0.11422207,0.11418876,0.00003331,0.00613775
CP01-R0676,676,677,562,INTERCEPT,-23.33121358,-23.44267222,0.11145864,0.00419246
CP01-R0676,676,677,562,CEMENT,0.11980433,0.11993652,-0.00013218,-0.01557084
CP01-R0676,676,677,562,SLAG,0.10386581,0.10391970,-0.00005389,-0.00531697
CP01-R0676,676,677,562,FLY_ASH,0.08793432,0.08812184,-0.00018752,-0.01490233
CP01-R0676,676,677,562,WATER,-0.14991842,-0.14996241,0.00004399,0.00109493
CP01-R0676,676,677,562,SUPERPLASTICIZER,0.29222460,0.29251504,-0.00029045,-0.00310892
CP01-R0676,676,677,562,COARSE_AGGREGATE,0.01808621,0.01814588,-0.00005967,-0.00635273
CP01-R0676,676,677,562,FINE_AGGREGATE,0.02019035,0.02019472,-0.00000437,-0.00040836
CP01-R0676,676,677,562,AGE,0.11422207,0.11416240,0.00005967,0.01099453
CP01-R0851,851,852,563,INTERCEPT,-23.33121358,-23.59675629,0.26554270,0.00998825
CP01-R0851,851,852,563,CEMENT,0.11980433,0.12000047,-0.00019613,-0.02310416
CP01-R0851,851,852,563,SLAG,0.10386581,0.10395528,-0.00008947,-0.00882743
CP01-R0851,851,852,563,FLY_ASH,0.08793432,0.08824366,-0.00030934,-0.02458348
CP01-R0851,851,852,563,WATER,-0.14991842,-0.14973495,-0.00018347,-0.00456659
CP01-R0851,851,852,563,SUPERPLASTICIZER,0.29222460,0.28996795,0.00225664,0.02415483
CP01-R0851,851,852,563,COARSE_AGGREGATE,0.01808621,0.01810507,-0.00001885,-0.00200713
CP01-R0851,851,852,563,FINE_AGGREGATE,0.02019035,0.02037584,-0.00018549,-0.01733295
CP01-R0851,851,852,563,AGE,0.11422207,0.11424845,-0.00002638,-0.00486046
CP01-R0613,613,614,564,INTERCEPT,-23.33121358,-23.78673269,0.45551911,0.01713412
CP01-R0613,613,614,564,CEMENT,0.11980433,0.11997779,-0.00017346,-0.02043324
CP01-R0613,613,614,564,SLAG,0.10386581,0.10412710,-0.00026129,-0.02577910
CP01-R0613,613,614,564,FLY_ASH,0.08793432,0.08825675,-0.00032243,-0.02562377
CP01-R0613,613,614,564,WATER,-0.14991842,-0.14940846,-0.00050995,-0.01269269
CP01-R0613,613,614,564,SUPERPLASTICIZER,0.29222460,0.29326725,-0.00104265,-0.01116040
CP01-R0613,613,614,564,COARSE_AGGREGATE,0.01808621,0.01826895,-0.00018273,-0.01945563
CP01-R0613,613,614,564,FINE_AGGREGATE,0.02019035,0.02029835,-0.00010800,-0.01009183
CP01-R0613,613,614,564,AGE,0.11422207,0.11428724,-0.00006517,-0.01200780
CP01-R0710,710,711,565,INTERCEPT,-23.33121358,-23.59023661,0.25902303,0.00974302
CP01-R0710,710,711,565,CEMENT,0.11980433,0.11994295,-0.00013862,-0.01632888
CP01-R0710,710,711,565,SLAG,0.10386581,0.10393294,-0.00006713,-0.00662337
CP01-R0710,710,711,565,FLY_ASH,0.08793432,0.08811814,-0.00018382,-0.01460841
CP01-R0710,710,711,565,WATER,-0.14991842,-0.14950752,-0.00041090,-0.01022731
CP01-R0710,710,711,565,SUPERPLASTICIZER,0.29222460,0.29358850,-0.00136391,-0.01459910
CP01-R0710,710,711,565,COARSE_AGGREGATE,0.01808621,0.01820641,-0.00012019,-0.01279700
CP01-R0710,710,711,565,FINE_AGGREGATE,0.02019035,0.02019271,-0.00000236,-0.00022060
CP01-R0710,710,711,565,AGE,0.11422207,0.11415011,0.00007196,0.01325855
CP01-R0542,542,543,566,INTERCEPT,-23.33121358,-22.87116058,-0.46005300,-0.01730466
CP01-R0542,542,543,566,CEMENT,0.11980433,0.11969312,0.00011122,0.01310146
CP01-R0542,542,543,566,SLAG,0.10386581,0.10364212,0.00022369,0.02206887
CP01-R0542,542,543,566,FLY_ASH,0.08793432,0.08768617,0.00024815,0.01972042
CP01-R0542,542,543,566,WATER,-0.14991842,-0.15043770,0.00051928,0.01292476
CP01-R0542,542,543,566,SUPERPLASTICIZER,0.29222460,0.29061105,0.00161355,0.01727121
CP01-R0542,542,543,566,COARSE_AGGREGATE,0.01808621,0.01787634,0.00020987,0.02234516
CP01-R0542,542,543,566,FINE_AGGREGATE,0.02019035,0.02008785,0.00010250,0.00957835
CP01-R0542,542,543,566,AGE,0.11422207,0.11411659,0.00010547,0.01943462
CP01-R0275,275,276,567,INTERCEPT,-23.33121358,-23.95051337,0.61929979,0.02329464
CP01-R0275,275,276,567,CEMENT,0.11980433,0.11994388,-0.00013954,-0.01643827
CP01-R0275,275,276,567,SLAG,0.10386581,0.10397759,-0.00011178,-0.01102873
CP01-R0275,275,276,567,FLY_ASH,0.08793432,0.08821479,-0.00028047,-0.02228867
CP01-R0275,275,276,567,WATER,-0.14991842,-0.14884563,-0.00107279,-0.02670148
CP01-R0275,275,276,567,SUPERPLASTICIZER,0.29222460,0.29332561,-0.00110102,-0.01178514
CP01-R0275,275,276,567,COARSE_AGGREGATE,0.01808621,0.01832150,-0.00023529,-0.02505153
CP01-R0275,275,276,567,FINE_AGGREGATE,0.02019035,0.02036843,-0.00017808,-0.01664008
CP01-R0275,275,276,567,AGE,0.11422207,0.11412951,0.00009256,0.01705477
CP01-R0931,931,932,568,INTERCEPT,-23.33121358,-23.20691455,-0.12429903,-0.00467544
CP01-R0931,931,932,568,CEMENT,0.11980433,0.11981710,-0.00001276,-0.00150370
CP01-R0931,931,932,568,SLAG,0.10386581,0.10396958,-0.00010377,-0.01023787
CP01-R0931,931,932,568,FLY_ASH,0.08793432,0.08814558,-0.00021126,-0.01678878
CP01-R0931,931,932,568,WATER,-0.14991842,-0.14994047,0.00002205,0.00054877
CP01-R0931,931,932,568,SUPERPLASTICIZER,0.29222460,0.29115996,0.00106464,0.01139575
CP01-R0931,931,932,568,COARSE_AGGREGATE,0.01808621,0.01799489,0.00009132,0.00972345
CP01-R0931,931,932,568,FINE_AGGREGATE,0.02019035,0.02013547,0.00005488,0.00512816
CP01-R0931,931,932,568,AGE,0.11422207,0.11421083,0.00001124,0.00207071
CP01-R0620,620,621,569,INTERCEPT,-23.33121358,-23.23434236,-0.09687122,-0.00364376
CP01-R0620,620,621,569,CEMENT,0.11980433,0.11971766,0.00008667,0.01021001
CP01-R0620,620,621,569,SLAG,0.10386581,0.10374762,0.00011819,0.01166056
CP01-R0620,620,621,569,FLY_ASH,0.08793432,0.08777980,0.00015452,0.01227986
CP01-R0620,620,621,569,WATER,-0.14991842,-0.15000845,0.00009003,0.00224086
CP01-R0620,620,621,569,SUPERPLASTICIZER,0.29222460,0.29200896,0.00021564,0.00230815
CP01-R0620,620,621,569,COARSE_AGGREGATE,0.01808621,0.01802653,0.00005968,0.00635423
CP01-R0620,620,621,569,FINE_AGGREGATE,0.02019035,0.02021369,-0.00002334,-0.00218085
CP01-R0620,620,621,569,AGE,0.11422207,0.11438567,-0.00016360,-0.03014533
CP01-R0750,750,751,570,INTERCEPT,-23.33121358,-23.96165113,0.63043754,0.02371358
CP01-R0750,750,751,570,CEMENT,0.11980433,0.12003656,-0.00023222,-0.02735591
CP01-R0750,750,751,570,SLAG,0.10386581,0.10403559,-0.00016978,-0.01675024
CP01-R0750,750,751,570,FLY_ASH,0.08793432,0.08814705,-0.00021273,-0.01690580
CP01-R0750,750,751,570,WATER,-0.14991842,-0.14900141,-0.00091701,-0.02282421
CP01-R0750,750,751,570,SUPERPLASTICIZER,0.29222460,0.29271828,-0.00049369,-0.00528437
CP01-R0750,750,751,570,COARSE_AGGREGATE,0.01808621,0.01835733,-0.00027111,-0.02886556
CP01-R0750,750,751,570,FINE_AGGREGATE,0.02019035,0.02033857,-0.00014822,-0.01384975
CP01-R0750,750,751,570,AGE,0.11422207,0.11415632,0.00006575,0.01211520
CP01-R0702,702,703,571,INTERCEPT,-23.33121358,-23.62978469,0.29857111,0.01123060
CP01-R0702,702,703,571,CEMENT,0.11980433,0.11979586,0.00000847,0.00099771
CP01-R0702,702,703,571,SLAG,0.10386581,0.10377612,0.00008969,0.00884901
CP01-R0702,702,703,571,FLY_ASH,0.08793432,0.08791332,0.00002101,0.00166939
CP01-R0702,702,703,571,WATER,-0.14991842,-0.14926222,-0.00065620,-0.01633272
CP01-R0702,702,703,571,SUPERPLASTICIZER,0.29222460,0.29508626,-0.00286167,-0.03063095
CP01-R0702,702,703,571,COARSE_AGGREGATE,0.01808621,0.01820404,-0.00011783,-0.01254528
CP01-R0702,702,703,571,FINE_AGGREGATE,0.02019035,0.02026034,-0.00006999,-0.00654043
CP01-R0702,702,703,571,AGE,0.11422207,0.11414801,0.00007406,0.01364544
CP01-R0155,155,156,572,INTERCEPT,-23.33121358,-23.21998488,-0.11122871,-0.00418381
CP01-R0155,155,156,572,CEMENT,0.11980433,0.11974390,0.00006044,0.00711940
CP01-R0155,155,156,572,SLAG,0.10386581,0.10381518,0.00005063,0.00499508
CP01-R0155,155,156,572,FLY_ASH,0.08793432,0.08775151,0.00018281,0.01452796
CP01-R0155,155,156,572,WATER,-0.14991842,-0.15012324,0.00020482,0.00509790
CP01-R0155,155,156,572,SUPERPLASTICIZER,0.29222460,0.29435286,-0.00212827,-0.02278073
CP01-R0155,155,156,572,COARSE_AGGREGATE,0.01808621,0.01815963,-0.00007341,-0.00781641
CP01-R0155,155,156,572,FINE_AGGREGATE,0.02019035,0.02002878,0.00016157,0.01509728
CP01-R0155,155,156,572,AGE,0.11422207,0.11423422,-0.00001215,-0.00223884
CP01-R0624,624,625,573,INTERCEPT,-23.33121358,-22.67116056,-0.66005303,-0.02482755
CP01-R0624,624,625,573,CEMENT,0.11980433,0.11959495,0.00020938,0.02466490
CP01-R0624,624,625,573,SLAG,0.10386581,0.10354391,0.00032190,0.03175824
CP01-R0624,624,625,573,FLY_ASH,0.08793432,0.08755571,0.00037861,0.03008841
CP01-R0624,624,625,573,WATER,-0.14991842,-0.15064820,0.00072978,0.01816406
CP01-R0624,624,625,573,SUPERPLASTICIZER,0.29222460,0.29112774,0.00109686,0.01174063
CP01-R0624,624,625,573,COARSE_AGGREGATE,0.01808621,0.01784571,0.00024051,0.02560706
CP01-R0624,624,625,573,FINE_AGGREGATE,0.02019035,0.01996750,0.00022285,0.02082347
CP01-R0624,624,625,573,AGE,0.11422207,0.11411021,0.00011186,0.02061158
CP01-R0494,494,495,574,INTERCEPT,-23.33121358,-23.90169169,0.57047811,0.02145824
CP01-R0494,494,495,574,CEMENT,0.11980433,0.12008214,-0.00027781,-0.03272557
CP01-R0494,494,495,574,SLAG,0.10386581,0.10410406,-0.00023825,-0.02350562
CP01-R0494,494,495,574,FLY_ASH,0.08793432,0.08830442,-0.00037009,-0.02941148
CP01-R0494,494,495,574,WATER,-0.14991842,-0.14941757,-0.00050085,-0.01246617
CP01-R0494,494,495,574,SUPERPLASTICIZER,0.29222460,0.29187742,0.00034718,0.00371613
CP01-R0494,494,495,574,COARSE_AGGREGATE,0.01808621,0.01824017,-0.00015395,-0.01639166
CP01-R0494,494,495,574,FINE_AGGREGATE,0.02019035,0.02047908,-0.00028873,-0.02697942
CP01-R0494,494,495,574,AGE,0.11422207,0.11420064,0.00002142,0.00394748
CP01-R0930,930,931,575,INTERCEPT,-23.33121358,-22.95698935,-0.37422424,-0.01407625
CP01-R0930,930,931,575,CEMENT,0.11980433,0.11969773,0.00010660,0.01255746
CP01-R0930,930,931,575,SLAG,0.10386581,0.10379556,0.00007025,0.00693073
CP01-R0930,930,931,575,FLY_ASH,0.08793432,0.08800690,-0.00007258,-0.00576762
CP01-R0930,930,931,575,WATER,-0.14991842,-0.15026782,0.00034940,0.00869642
CP01-R0930,930,931,575,SUPERPLASTICIZER,0.29222460,0.29147267,0.00075192,0.00804846
CP01-R0930,930,931,575,COARSE_AGGREGATE,0.01808621,0.01797224,0.00011398,0.01213510
CP01-R0930,930,931,575,FINE_AGGREGATE,0.02019035,0.01998571,0.00020464,0.01912245
CP01-R0930,930,931,575,AGE,0.11422207,0.11420082,0.00002124,0.00391445
CP01-R0435,435,436,576,INTERCEPT,-23.33121358,-22.92885826,-0.40235532,-0.01513439
CP01-R0435,435,436,576,CEMENT,0.11980433,0.11965101,0.00015332,0.01806121
CP01-R0435,435,436,576,SLAG,0.10386581,0.10358804,0.00027777,0.02740509
CP01-R0435,435,436,576,FLY_ASH,0.08793432,0.08753815,0.00039617,0.03148396
CP01-R0435,435,436,576,WATER,-0.14991842,-0.15019722,0.00027880,0.00693940
CP01-R0435,435,436,576,SUPERPLASTICIZER,0.29222460,0.29401219,-0.00178759,-0.01913416
CP01-R0435,435,436,576,COARSE_AGGREGATE,0.01808621,0.01792750,0.00015871,0.01689824
CP01-R0435,435,436,576,FINE_AGGREGATE,0.02019035,0.02002277,0.00016758,0.01565954
CP01-R0435,435,436,576,AGE,0.11422207,0.11421795,0.00000412,0.00075941
CP01-R0942,942,943,577,INTERCEPT,-23.33121358,-23.34696696,0.01575338,0.00059256
CP01-R0942,942,943,577,CEMENT,0.11980433,0.11991159,-0.00010725,-0.01263404
CP01-R0942,942,943,577,SLAG,0.10386581,0.10382416,0.00004165,0.00410947
CP01-R0942,942,943,577,FLY_ASH,0.08793432,0.08807700,-0.00014268,-0.01133888
CP01-R0942,942,943,577,WATER,-0.14991842,-0.15005356,0.00013514,0.00336355
CP01-R0942,942,943,577,SUPERPLASTICIZER,0.29222460,0.29190147,0.00032313,0.00345872
CP01-R0942,942,943,577,COARSE_AGGREGATE,0.01808621,0.01809848,-0.00001227,-0.00130640
CP01-R0942,942,943,577,FINE_AGGREGATE,0.02019035,0.02017421,0.00001614,0.00150856
CP01-R0942,942,943,577,AGE,0.11422207,0.11425908,-0.00003702,-0.00682053
CP01-R0704,704,705,578,INTERCEPT,-23.33121358,-23.66176412,0.33055054,0.01243349
CP01-R0704,704,705,578,CEMENT,0.11980433,0.11994501,-0.00014067,-0.01657114
CP01-R0704,704,705,578,SLAG,0.10386581,0.10393467,-0.00006886,-0.00679406
CP01-R0704,704,705,578,FLY_ASH,0.08793432,0.08814151,-0.00020719,-0.01646523
CP01-R0704,704,705,578,WATER,-0.14991842,-0.14945431,-0.00046411,-0.01155170
CP01-R0704,704,705,578,SUPERPLASTICIZER,0.29222460,0.29387075,-0.00164615,-0.01762023
CP01-R0704,704,705,578,COARSE_AGGREGATE,0.01808621,0.01820891,-0.00012269,-0.01306323
CP01-R0704,704,705,578,FINE_AGGREGATE,0.02019035,0.02025607,-0.00006572,-0.00614136
CP01-R0704,704,705,578,AGE,0.11422207,0.11427336,-0.00005129,-0.00945031
CP01-R0445,445,446,579,INTERCEPT,-23.33121358,-22.44428375,-0.88692983,-0.03336141
CP01-R0445,445,446,579,CEMENT,0.11980433,0.11959374,0.00021060,0.02480845
CP01-R0445,445,446,579,SLAG,0.10386581,0.10365493,0.00021088,0.02080535
CP01-R0445,445,446,579,FLY_ASH,0.08793432,0.08757607,0.00035825,0.02847029
CP01-R0445,445,446,579,WATER,-0.14991842,-0.15133881,0.00142039,0.03535327
CP01-R0445,445,446,579,SUPERPLASTICIZER,0.29222460,0.29066210,0.00156250,0.01672477
CP01-R0445,445,446,579,COARSE_AGGREGATE,0.01808621,0.01776250,0.00032372,0.03446662
CP01-R0445,445,446,579,FINE_AGGREGATE,0.02019035,0.01990909,0.00028126,0.02628223
CP01-R0445,445,446,579,AGE,0.11422207,0.11425574,-0.00003367,-0.00620390
CP01-R0400,400,401,580,INTERCEPT,-23.33121358,-23.27589378,-0.05531980,-0.00208083
CP01-R0400,400,401,580,CEMENT,0.11980433,0.11988771,-0.00008338,-0.00982206
CP01-R0400,400,401,580,SLAG,0.10386581,0.10385560,0.00001021,0.00100766
CP01-R0400,400,401,580,FLY_ASH,0.08793432,0.08813634,-0.00020202,-0.01605425
CP01-R0400,400,401,580,WATER,-0.14991842,-0.15022683,0.00030841,0.00767634
CP01-R0400,400,401,580,SUPERPLASTICIZER,0.29222460,0.29053264,0.00169196,0.01811048
CP01-R0400,400,401,580,COARSE_AGGREGATE,0.01808621,0.01803867,0.00004754,0.00506163
CP01-R0400,400,401,580,FINE_AGGREGATE,0.02019035,0.02020668,-0.00001633,-0.00152577
CP01-R0400,400,401,580,AGE,0.11422207,0.11428053,-0.00005846,-0.01077253
CP01-R0671,671,672,581,INTERCEPT,-23.33121358,-23.52558678,0.19437320,0.00731125
CP01-R0671,671,672,581,CEMENT,0.11980433,0.11979548,0.00000885,0.00104298
CP01-R0671,671,672,581,SLAG,0.10386581,0.10379737,0.00006844,0.00675188
CP01-R0671,671,672,581,FLY_ASH,0.08793432,0.08794061,-0.00000629,-0.00049980
CP01-R0671,671,672,581,WATER,-0.14991842,-0.14970293,-0.00021549,-0.00536344
CP01-R0671,671,672,581,SUPERPLASTICIZER,0.29222460,0.29371106,-0.00148647,-0.01591096
CP01-R0671,671,672,581,COARSE_AGGREGATE,0.01808621,0.01813521,-0.00004900,-0.00521696
CP01-R0671,671,672,581,FINE_AGGREGATE,0.02019035,0.02031576,-0.00012541,-0.01171886
CP01-R0671,671,672,581,AGE,0.11422207,0.11427845,-0.00005638,-0.01038893
CP01-R0766,766,767,582,INTERCEPT,-23.33121358,-22.50060066,-0.83061293,-0.03124308
CP01-R0766,766,767,582,CEMENT,0.11980433,0.11962383,0.00018051,0.02126336
CP01-R0766,766,767,582,SLAG,0.10386581,0.10355508,0.00031073,0.03065675
CP01-R0766,766,767,582,FLY_ASH,0.08793432,0.08759858,0.00033574,0.02668128
CP01-R0766,766,767,582,WATER,-0.14991842,-0.15106002,0.00114160,0.02841435
CP01-R0766,766,767,582,SUPERPLASTICIZER,0.29222460,0.29018860,0.00203599,0.02179301
CP01-R0766,766,767,582,COARSE_AGGREGATE,0.01808621,0.01779922,0.00028699,0.03055634
CP01-R0766,766,767,582,FINE_AGGREGATE,0.02019035,0.01989262,0.00029773,0.02782070
CP01-R0766,766,767,582,AGE,0.11422207,0.11413431,0.00008775,0.01616960
CP01-R0436,436,437,583,INTERCEPT,-23.33121358,-22.93200934,-0.39920424,-0.01501586
CP01-R0436,436,437,583,CEMENT,0.11980433,0.11970019,0.00010414,0.01226779
CP01-R0436,436,437,583,SLAG,0.10386581,0.10362999,0.00023581,0.02326552
CP01-R0436,436,437,583,FLY_ASH,0.08793432,0.08760501,0.00032931,0.02617055
CP01-R0436,436,437,583,WATER,-0.14991842,-0.15031752,0.00039910,0.00993347
CP01-R0436,436,437,583,SUPERPLASTICIZER,0.29222460,0.29240616,-0.00018156,-0.00194342
CP01-R0436,436,437,583,COARSE_AGGREGATE,0.01808621,0.01791418,0.00017203,0.01831624
CP01-R0436,436,437,583,FINE_AGGREGATE,0.02019035,0.02005759,0.00013276,0.01240542
CP01-R0436,436,437,583,AGE,0.11422207,0.11421551,0.00000656,0.00120795
CP01-R0140,140,141,584,INTERCEPT,-23.33121358,-22.91129893,-0.41991465,-0.01579487
CP01-R0140,140,141,584,CEMENT,0.11980433,0.11959543,0.00020890,0.02460825
CP01-R0140,140,141,584,SLAG,0.10386581,0.10358073,0.00028508,0.02812565
CP01-R0140,140,141,584,FLY_ASH,0.08793432,0.08774457,0.00018976,0.01507990
CP01-R0140,140,141,584,WATER,-0.14991842,-0.15026905,0.00035063,0.00872716
CP01-R0140,140,141,584,SUPERPLASTICIZER,0.29222460,0.29201810,0.00020649,0.00221029
CP01-R0140,140,141,584,COARSE_AGGREGATE,0.01808621,0.01795662,0.00012959,0.01379776
CP01-R0140,140,141,584,FINE_AGGREGATE,0.02019035,0.02000537,0.00018498,0.01728525
CP01-R0140,140,141,584,AGE,0.11422207,0.11417930,0.00004277,0.00788083
CP01-R0374,374,375,585,INTERCEPT,-23.33121358,-23.24257723,-0.08863635,-0.00333401
CP01-R0374,374,375,585,CEMENT,0.11980433,0.11984280,-0.00003846,-0.00453069
CP01-R0374,374,375,585,SLAG,0.10386581,0.10389996,-0.00003415,-0.00336886
CP01-R0374,374,375,585,FLY_ASH,0.08793432,0.08790634,0.00002798,0.00222335
CP01-R0374,374,375,585,WATER,-0.14991842,-0.14985453,-0.00006389,-0.00159024
CP01-R0374,374,375,585,SUPERPLASTICIZER,0.29222460,0.29097351,0.00125109,0.01339147
CP01-R0374,374,375,585,COARSE_AGGREGATE,0.01808621,0.01797869,0.00010752,0.01144786
CP01-R0374,374,375,585,FINE_AGGREGATE,0.02019035,0.02019011,0.00000024,0.00002239
CP01-R0374,374,375,585,AGE,0.11422207,0.11410669,0.00011538,0.02125934
CP01-R0498,498,499,586,INTERCEPT,-23.33121358,-23.74511894,0.41390536,0.01556884
CP01-R0498,498,499,586,CEMENT,0.11980433,0.12000598,-0.00020165,-0.02375396
CP01-R0498,498,499,586,SLAG,0.10386581,0.10404791,-0.00018211,-0.01796656
CP01-R0498,498,499,586,FLY_ASH,0.08793432,0.08821110,-0.00027678,-0.02199578
CP01-R0498,498,499,586,WATER,-0.14991842,-0.14976454,-0.00015388,-0.00383009
CP01-R0498,498,499,586,SUPERPLASTICIZER,0.29222460,0.29197348,0.00025112,0.00268794
CP01-R0498,498,499,586,COARSE_AGGREGATE,0.01808621,0.01821548,-0.00012927,-0.01376303
CP01-R0498,498,499,586,FINE_AGGREGATE,0.02019035,0.02042458,-0.00023423,-0.02188674
CP01-R0498,498,499,586,AGE,0.11422207,0.11425077,-0.00002870,-0.00528820
CP01-R0717,717,718,587,INTERCEPT,-23.33121358,-23.24044313,-0.09077045,-0.00341428
CP01-R0717,717,718,587,CEMENT,0.11980433,0.11972395,0.00008038,0.00946929
CP01-R0717,717,718,587,SLAG,0.10386581,0.10388335,-0.00001754,-0.00173064
CP01-R0717,717,718,587,FLY_ASH,0.08793432,0.08784299,0.00009133,0.00725816
CP01-R0717,717,718,587,WATER,-0.14991842,-0.15004610,0.00012769,0.00317807
CP01-R0717,717,718,587,SUPERPLASTICIZER,0.29222460,0.29102558,0.00119901,0.01283411
CP01-R0717,717,718,587,COARSE_AGGREGATE,0.01808621,0.01800919,0.00007703,0.00820101
CP01-R0717,717,718,587,FINE_AGGREGATE,0.02019035,0.02025242,-0.00006207,-0.00579975
CP01-R0717,717,718,587,AGE,0.11422207,0.11417511,0.00004696,0.00865195
CP01-R0686,686,687,588,INTERCEPT,-23.33121358,-23.20945856,-0.12175503,-0.00457975
CP01-R0686,686,687,588,CEMENT,0.11980433,0.11972946,0.00007487,0.00882016
CP01-R0686,686,687,588,SLAG,0.10386581,0.10391042,-0.00004462,-0.00440175
CP01-R0686,686,687,588,FLY_ASH,0.08793432,0.08785619,0.00007814,0.00620948
CP01-R0686,686,687,588,WATER,-0.14991842,-0.15012448,0.00020607,0.00512895
CP01-R0686,686,687,588,SUPERPLASTICIZER,0.29222460,0.29077158,0.00145301,0.01555289
CP01-R0686,686,687,588,COARSE_AGGREGATE,0.01808621,0.01801416,0.00007206,0.00767221
CP01-R0686,686,687,588,FINE_AGGREGATE,0.02019035,0.02022200,-0.00003165,-0.00295752
CP01-R0686,686,687,588,AGE,0.11422207,0.11416988,0.00005219,0.00961613
CP01-R0586,586,587,589,INTERCEPT,-23.33121358,-23.40556790,0.07435431,0.00279680
CP01-R0586,586,587,589,CEMENT,0.11980433,0.11990557,-0.00010123,-0.01192526
CP01-R0586,586,587,589,SLAG,0.10386581,0.10406098,-0.00019517,-0.01925587
CP01-R0586,586,587,589,FLY_ASH,0.08793432,0.08806288,-0.00012855,-0.01021621
CP01-R0586,586,587,589,WATER,-0.14991842,-0.15010926,0.00019084,0.00475007
CP01-R0586,586,587,589,SUPERPLASTICIZER,0.29222460,0.28995406,0.00227054,0.02430354
CP01-R0586,586,587,589,COARSE_AGGREGATE,0.01808621,0.01813946,-0.00005325,-0.00566957
CP01-R0586,586,587,589,FINE_AGGREGATE,0.02019035,0.02022722,-0.00003687,-0.00344559
CP01-R0586,586,587,589,AGE,0.11422207,0.11419778,0.00002429,0.00447615
CP01-R0639,639,640,590,INTERCEPT,-23.33121358,-23.51654040,0.18532682,0.00697097
CP01-R0639,639,640,590,CEMENT,0.11980433,0.11981746,-0.00001312,-0.00154568
CP01-R0639,639,640,590,SLAG,0.10386581,0.10399093,-0.00012512,-0.01234439
CP01-R0639,639,640,590,FLY_ASH,0.08793432,0.08807529,-0.00014097,-0.01120286
CP01-R0639,639,640,590,WATER,-0.14991842,-0.14958843,-0.00032998,-0.00821325
CP01-R0639,639,640,590,SUPERPLASTICIZER,0.29222460,0.29354144,-0.00131684,-0.01409535
CP01-R0639,639,640,590,COARSE_AGGREGATE,0.01808621,0.01811124,-0.00002502,-0.00266403
CP01-R0639,639,640,590,FINE_AGGREGATE,0.02019035,0.02027072,-0.00008037,-0.00751013
CP01-R0639,639,640,590,AGE,0.11422207,0.11429014,-0.00006807,-0.01254331
CP01-R0696,696,697,591,INTERCEPT,-23.33121358,-23.41563347,0.08441988,0.00317541
CP01-R0696,696,697,591,CEMENT,0.11980433,0.11988222,-0.00007789,-0.00917503
CP01-R0696,696,697,591,SLAG,0.10386581,0.10384227,0.00002354,0.00232207
CP01-R0696,696,697,591,FLY_ASH,0.08793432,0.08801812,-0.00008380,-0.00665984
CP01-R0696,696,697,591,WATER,-0.14991842,-0.14977813,-0.00014029,-0.00349179
CP01-R0696,696,697,591,SUPERPLASTICIZER,0.29222460,0.29344379,-0.00121920,-0.01305016
CP01-R0696,696,697,591,COARSE_AGGREGATE,0.01808621,0.01816112,-0.00007491,-0.00797571
CP01-R0696,696,697,591,FINE_AGGREGATE,0.02019035,0.02012328,0.00006707,0.00626742
CP01-R0696,696,697,591,AGE,0.11422207,0.11424067,-0.00001860,-0.00342672
CP01-R0752,752,753,592,INTERCEPT,-23.33121358,-23.39187746,0.06066387,0.00228184
CP01-R0752,752,753,592,CEMENT,0.11980433,0.11971476,0.00008957,0.01055127
CP01-R0752,752,753,592,SLAG,0.10386581,0.10386149,0.00000432,0.00042615
CP01-R0752,752,753,592,FLY_ASH,0.08793432,0.08790077,0.00003355,0.00266630
CP01-R0752,752,753,592,WATER,-0.14991842,-0.14959844,-0.00031998,-0.00796435
CP01-R0752,752,753,592,SUPERPLASTICIZER,0.29222460,0.29359529,-0.00137070,-0.01467178
CP01-R0752,752,753,592,COARSE_AGGREGATE,0.01808621,0.01803924,0.00004698,0.00500177
CP01-R0752,752,753,592,FINE_AGGREGATE,0.02019035,0.02026934,-0.00007899,-0.00738065
CP01-R0752,752,753,592,AGE,0.11422207,0.11427413,-0.00005206,-0.00959217
CP01-R0654,654,655,593,INTERCEPT,-23.33121358,-23.35845298,0.02723940,0.00102460
CP01-R0654,654,655,593,CEMENT,0.11980433,0.11986465,-0.00006032,-0.00710547
CP01-R0654,654,655,593,SLAG,0.10386581,0.10383851,0.00002730,0.00269315
CP01-R0654,654,655,593,FLY_ASH,0.08793432,0.08798893,-0.00005461,-0.00433960
CP01-R0654,654,655,593,WATER,-0.14991842,-0.14982544,-0.00009298,-0.00231432
CP01-R0654,654,655,593,SUPERPLASTICIZER,0.29222460,0.29326400,-0.00103940,-0.01112563
CP01-R0654,654,655,593,COARSE_AGGREGATE,0.01808621,0.01815152,-0.00006530,-0.00695308
CP01-R0654,654,655,593,FINE_AGGREGATE,0.02019035,0.02008820,0.00010215,0.00954495
CP01-R0654,654,655,593,AGE,0.11422207,0.11416594,0.00005613,0.01034178
CP01-R0678,678,679,594,INTERCEPT,-23.33121358,-23.28142511,-0.04978848,-0.00187277
CP01-R0678,678,679,594,CEMENT,0.11980433,0.11973406,0.00007027,0.00827831
CP01-R0678,678,679,594,SLAG,0.10386581,0.10387353,-0.00000772,-0.00076198
CP01-R0678,678,679,594,FLY_ASH,0.08793432,0.08785285,0.00008147,0.00647425
CP01-R0678,678,679,594,WATER,-0.14991842,-0.14997161,0.00005319,0.00132384
CP01-R0678,678,679,594,SUPERPLASTICIZER,0.29222460,0.29122750,0.00099709,0.01067277
CP01-R0678,678,679,594,COARSE_AGGREGATE,0.01808621,0.01801220,0.00007401,0.00788015
CP01-R0678,678,679,594,FINE_AGGREGATE,0.02019035,0.02027766,-0.00008731,-0.00815807
CP01-R0678,678,679,594,AGE,0.11422207,0.11418336,0.00003871,0.00713188
CP01-R0549,549,550,595,INTERCEPT,-23.33121358,-23.64111760,0.30990401,0.01165688
CP01-R0549,549,550,595,CEMENT,0.11980433,0.11990197,-0.00009763,-0.01150112
CP01-R0549,549,550,595,SLAG,0.10386581,0.10403512,-0.00016931,-0.01670419
CP01-R0549,549,550,595,FLY_ASH,0.08793432,0.08813223,-0.00019791,-0.01572763
CP01-R0549,549,550,595,WATER,-0.14991842,-0.14957586,-0.00034256,-0.00852623
CP01-R0549,549,550,595,SUPERPLASTICIZER,0.29222460,0.29346428,-0.00123968,-0.01326940
CP01-R0549,549,550,595,COARSE_AGGREGATE,0.01808621,0.01825367,-0.00016746,-0.01782919
CP01-R0549,549,550,595,FINE_AGGREGATE,0.02019035,0.02021506,-0.00002471,-0.00230910
CP01-R0549,549,550,595,AGE,0.11422207,0.11426882,-0.00004675,-0.00861411
CP01-R0438,438,439,596,INTERCEPT,-23.33121358,-23.25699547,-0.07421812,-0.00279168
CP01-R0438,438,439,596,CEMENT,0.11980433,0.11974250,0.00006184,0.00728419
CP01-R0438,438,439,596,SLAG,0.10386581,0.10375307,0.00011274,0.01112291
CP01-R0438,438,439,596,FLY_ASH,0.08793432,0.08764010,0.00029422,0.02338153
CP01-R0438,438,439,596,WATER,-0.14991842,-0.14969589,-0.00022253,-0.00553867
CP01-R0438,438,439,596,SUPERPLASTICIZER,0.29222460,0.29407276,-0.00184816,-0.01978249
CP01-R0438,438,439,596,COARSE_AGGREGATE,0.01808621,0.01804569,0.00004053,0.00431503
CP01-R0438,438,439,596,FINE_AGGREGATE,0.02019035,0.02012619,0.00006416,0.00599527
CP01-R0438,438,439,596,AGE,0.11422207,0.11420213,0.00001994,0.00367472
CP01-R0604,604,605,597,INTERCEPT,-23.33121358,-22.93205231,-0.39916127,-0.01501425
CP01-R0604,604,605,597,CEMENT,0.11980433,0.11969586,0.00010847,0.01277813
CP01-R0604,604,605,597,SLAG,0.10386581,0.10368350,0.00018231,0.01798679
CP01-R0604,604,605,597,FLY_ASH,0.08793432,0.08773630,0.00019802,0.01573673
CP01-R0604,604,605,597,WATER,-0.14991842,-0.15046607,0.00054765,0.01363089
CP01-R0604,604,605,597,SUPERPLASTICIZER,0.29222460,0.29132764,0.00089695,0.00960085
CP01-R0604,604,605,597,COARSE_AGGREGATE,0.01808621,0.01793850,0.00014772,0.01572754
CP01-R0604,604,605,597,FINE_AGGREGATE,0.02019035,0.02006414,0.00012621,0.01179390
CP01-R0604,604,605,597,AGE,0.11422207,0.11437358,-0.00015152,-0.02791825
CP01-R0734,734,735,598,INTERCEPT,-23.33121358,-22.54554402,-0.78566957,-0.02955255
CP01-R0734,734,735,598,CEMENT,0.11980433,0.11958471,0.00021962,0.02587122
CP01-R0734,734,735,598,SLAG,0.10386581,0.10367326,0.00019255,0.01899710
CP01-R0734,734,735,598,FLY_ASH,0.08793432,0.08772761,0.00020671,0.01642706
CP01-R0734,734,735,598,WATER,-0.14991842,-0.15098964,0.00107123,0.02666263
CP01-R0734,734,735,598,SUPERPLASTICIZER,0.29222460,0.29194184,0.00028275,0.00302654
CP01-R0734,734,735,598,COARSE_AGGREGATE,0.01808621,0.01780508,0.00028113,0.02993242
CP01-R0734,734,735,598,FINE_AGGREGATE,0.02019035,0.01988550,0.00030486,0.02848665
CP01-R0734,734,735,598,AGE,0.11422207,0.11426471,-0.00004264,-0.00785651
CP01-R0735,735,736,599,INTERCEPT,-23.33121358,-22.52947938,-0.80173420,-0.03015682
CP01-R0735,735,736,599,CEMENT,0.11980433,0.11957745,0.00022689,0.02672711
CP01-R0735,735,736,599,SLAG,0.10386581,0.10365578,0.00021003,0.02072174
CP01-R0735,735,736,599,FLY_ASH,0.08793432,0.08770440,0.00022992,0.01827187
CP01-R0735,735,736,599,WATER,-0.14991842,-0.15094493,0.00102651,0.02554976
CP01-R0735,735,736,599,SUPERPLASTICIZER,0.29222460,0.29199569,0.00022890,0.00245015
CP01-R0735,735,736,599,COARSE_AGGREGATE,0.01808621,0.01779941,0.00028680,0.03053621
CP01-R0735,735,736,599,FINE_AGGREGATE,0.02019035,0.01987220,0.00031815,0.02972910
CP01-R0735,735,736,599,AGE,0.11422207,0.11417513,0.00004694,0.00864956
CP01-R0625,625,626,600,INTERCEPT,-23.33121358,-23.94915187,0.61793829,0.02324343
CP01-R0625,625,626,600,CEMENT,0.11980433,0.11999945,-0.00019512,-0.02298466
CP01-R0625,625,626,600,SLAG,0.10386581,0.10416331,-0.00029750,-0.02935111
CP01-R0625,625,626,600,FLY_ASH,0.08793432,0.08828309,-0.00034877,-0.02771647
CP01-R0625,625,626,600,WATER,-0.14991842,-0.14920742,-0.00071100,-0.01769670
CP01-R0625,625,626,600,SUPERPLASTICIZER,0.29222460,0.29329076,-0.00106617,-0.01141212
CP01-R0625,625,626,600,COARSE_AGGREGATE,0.01808621,0.01831147,-0.00022526,-0.02398350
CP01-R0625,625,626,600,FINE_AGGREGATE,0.02019035,0.02039530,-0.00020495,-0.01915119
CP01-R0625,625,626,600,AGE,0.11422207,0.11428788,-0.00006581,-0.01212548
CP01-R0428,428,429,601,INTERCEPT,-23.33121358,-23.54114108,0.20992749,0.00789631
CP01-R0428,428,429,601,CEMENT,0.11980433,0.11976755,0.00003679,0.00433365
CP01-R0428,428,429,601,SLAG,0.10386581,0.10383099,0.00003481,0.00343482
CP01-R0428,428,429,601,FLY_ASH,0.08793432,0.08796206,-0.00002774,-0.00220434
CP01-R0428,428,429,601,WATER,-0.14991842,-0.14961911,-0.00029931,-0.00744985
CP01-R0428,428,429,601,SUPERPLASTICIZER,0.29222460,0.29386897,-0.00164438,-0.01760120
CP01-R0428,428,429,601,COARSE_AGGREGATE,0.01808621,0.01823079,-0.00014458,-0.01539330
CP01-R0428,428,429,601,FINE_AGGREGATE,0.02019035,0.02022097,-0.00003061,-0.00286070
CP01-R0428,428,429,601,AGE,0.11422207,0.11418957,0.00003250,0.00598786
CP01-R0355,355,356,602,INTERCEPT,-23.33121358,-23.54607816,0.21486457,0.00808202
CP01-R0355,355,356,602,CEMENT,0.11980433,0.11979632,0.00000801,0.00094356
CP01-R0355,355,356,602,SLAG,0.10386581,0.10389252,-0.00002672,-0.00263576
CP01-R0355,355,356,602,FLY_ASH,0.08793432,0.08783096,0.00010336,0.00821394
CP01-R0355,355,356,602,WATER,-0.14991842,-0.14970149,-0.00021693,-0.00539940
CP01-R0355,355,356,602,SUPERPLASTICIZER,0.29222460,0.29434055,-0.00211596,-0.02264897
CP01-R0355,355,356,602,COARSE_AGGREGATE,0.01808621,0.01824238,-0.00015616,-0.01662685
CP01-R0355,355,356,602,FINE_AGGREGATE,0.02019035,0.02022249,-0.00003214,-0.00300313
CP01-R0355,355,356,602,AGE,0.11422207,0.11416832,0.00005375,0.00990433
CP01-R0584,584,585,603,INTERCEPT,-23.33121358,-23.51607235,0.18485877,0.00695337
CP01-R0584,584,585,603,CEMENT,0.11980433,0.11991144,-0.00010711,-0.01261725
CP01-R0584,584,585,603,SLAG,0.10386581,0.10411784,-0.00025203,-0.02486508
CP01-R0584,584,585,603,FLY_ASH,0.08793432,0.08811597,-0.00018165,-0.01443538
CP01-R0584,584,585,603,WATER,-0.14991842,-0.14993294,0.00001452,0.00036141
CP01-R0584,584,585,603,SUPERPLASTICIZER,0.29222460,0.29047237,0.00175222,0.01875557
CP01-R0584,584,585,603,COARSE_AGGREGATE,0.01808621,0.01816488,-0.00007866,-0.00837505
CP01-R0584,584,585,603,FINE_AGGREGATE,0.02019035,0.02027710,-0.00008675,-0.00810655
CP01-R0584,584,585,603,AGE,0.11422207,0.11422119,0.00000088,0.00016184
CP01-R0715,715,716,604,INTERCEPT,-23.33121358,-23.22704724,-0.10416635,-0.00391816
CP01-R0715,715,716,604,CEMENT,0.11980433,0.11972816,0.00007617,0.00897312
CP01-R0715,715,716,604,SLAG,0.10386581,0.10382685,0.00003896,0.00384342
CP01-R0715,715,716,604,FLY_ASH,0.08793432,0.08782376,0.00011056,0.00878604
CP01-R0715,715,716,604,WATER,-0.14991842,-0.15001926,0.00010084,0.00250994
CP01-R0715,715,716,604,SUPERPLASTICIZER,0.29222460,0.29120517,0.00101942,0.01091177
CP01-R0715,715,716,604,COARSE_AGGREGATE,0.01808621,0.01798841,0.00009781,0.01041342
CP01-R0715,715,716,604,FINE_AGGREGATE,0.02019035,0.02025796,-0.00006761,-0.00631783
CP01-R0715,715,716,604,AGE,0.11422207,0.11417537,0.00004670,0.00860459
CP01-R0682,682,683,605,INTERCEPT,-23.33121358,-23.58545550,0.25424192,0.00956318
CP01-R0682,682,683,605,CEMENT,0.11980433,0.11993751,-0.00013317,-0.01568781
CP01-R0682,682,683,605,SLAG,0.10386581,0.10394681,-0.00008101,-0.00799206
CP01-R0682,682,683,605,FLY_ASH,0.08793432,0.08812584,-0.00019152,-0.01521987
CP01-R0682,682,683,605,WATER,-0.14991842,-0.14959635,-0.00032207,-0.00801636
CP01-R0682,682,683,605,SUPERPLASTICIZER,0.29222460,0.29337925,-0.00115465,-0.01235927
CP01-R0682,682,683,605,COARSE_AGGREGATE,0.01808621,0.01820159,-0.00011537,-0.01228387
CP01-R0682,682,683,605,FINE_AGGREGATE,0.02019035,0.02020969,-0.00001934,-0.00180695
CP01-R0682,682,683,605,AGE,0.11422207,0.11425989,-0.00003782,-0.00696810
CP01-R0606,606,607,606,INTERCEPT,-23.33121358,-23.10721452,-0.22399906,-0.00842561
CP01-R0606,606,607,606,CEMENT,0.11980433,0.11967096,0.00013337,0.01571096
CP01-R0606,606,607,606,SLAG,0.10386581,0.10367938,0.00018642,0.01839268
CP01-R0606,606,607,606,FLY_ASH,0.08793432,0.08768799,0.00024633,0.01957619
CP01-R0606,606,607,606,WATER,-0.14991842,-0.15004915,0.00013074,0.00325398
CP01-R0606,606,607,606,SUPERPLASTICIZER,0.29222460,0.29194354,0.00028105,0.00300837
CP01-R0606,606,607,606,COARSE_AGGREGATE,0.01808621,0.01798334,0.00010287,0.01095269
CP01-R0606,606,607,606,FINE_AGGREGATE,0.02019035,0.02015811,0.00003224,0.00301280
CP01-R0606,606,607,606,AGE,0.11422207,0.11413727,0.00008480,0.01562436
CP01-R0499,499,500,607,INTERCEPT,-23.33121358,-22.98073597,-0.35047762,-0.01318303
CP01-R0499,499,500,607,CEMENT,0.11980433,0.11961694,0.00018740,0.02207527
CP01-R0499,499,500,607,SLAG,0.10386581,0.10369669,0.00016911,0.01668491
CP01-R0499,499,500,607,FLY_ASH,0.08793432,0.08767069,0.00026363,0.02095111
CP01-R0499,499,500,607,WATER,-0.14991842,-0.14997875,0.00006033,0.00150168
CP01-R0499,499,500,607,SUPERPLASTICIZER,0.29222460,0.29282336,-0.00059876,-0.00640908
CP01-R0499,499,500,607,COARSE_AGGREGATE,0.01808621,0.01797884,0.00010738,0.01143245
CP01-R0499,499,500,607,FINE_AGGREGATE,0.02019035,0.01997895,0.00021140,0.01975360
CP01-R0499,499,500,607,AGE,0.11422207,0.11419463,0.00002744,0.00505532
CP01-R0792,792,793,608,INTERCEPT,-23.33121358,-23.91173850,0.58052491,0.02183614
CP01-R0792,792,793,608,CEMENT,0.11980433,0.11997346,-0.00016913,-0.01992302
CP01-R0792,792,793,608,SLAG,0.10386581,0.10402607,-0.00016026,-0.01581116
CP01-R0792,792,793,608,FLY_ASH,0.08793432,0.08811454,-0.00018021,-0.01432171
CP01-R0792,792,793,608,WATER,-0.14991842,-0.14925771,-0.00066071,-0.01644507
CP01-R0792,792,793,608,SUPERPLASTICIZER,0.29222460,0.29221909,0.00000551,0.00005895
CP01-R0792,792,793,608,COARSE_AGGREGATE,0.01808621,0.01829396,-0.00020774,-0.02211871
CP01-R0792,792,793,608,FINE_AGGREGATE,0.02019035,0.02043198,-0.00024162,-0.02257815
CP01-R0792,792,793,608,AGE,0.11422207,0.11436946,-0.00014739,-0.02715759
CP01-R0331,331,332,609,INTERCEPT,-23.33121358,-23.53913918,0.20792560,0.00782101
CP01-R0331,331,332,609,CEMENT,0.11980433,0.11988224,-0.00007790,-0.00917715
CP01-R0331,331,332,609,SLAG,0.10386581,0.10396447,-0.00009866,-0.00973404
CP01-R0331,331,332,609,FLY_ASH,0.08793432,0.08798323,-0.00004891,-0.00388694
CP01-R0331,331,332,609,WATER,-0.14991842,-0.14931975,-0.00059867,-0.01490090
CP01-R0331,331,332,609,SUPERPLASTICIZER,0.29222460,0.29203107,0.00019352,0.00207145
CP01-R0331,331,332,609,COARSE_AGGREGATE,0.01808621,0.01807159,0.00001462,0.00155665
CP01-R0331,331,332,609,FINE_AGGREGATE,0.02019035,0.02029005,-0.00009970,-0.00931630
CP01-R0331,331,332,609,AGE,0.11422207,0.11422805,-0.00000598,-0.00110171
CP01-R0665,665,666,610,INTERCEPT,-23.33121358,-23.14703717,-0.18417642,-0.00692770
CP01-R0665,665,666,610,CEMENT,0.11980433,0.11974251,0.00006182,0.00728253
CP01-R0665,665,666,610,SLAG,0.10386581,0.10385905,0.00000676,0.00066654
CP01-R0665,665,666,610,FLY_ASH,0.08793432,0.08782191,0.00011241,0.00893349
CP01-R0665,665,666,610,WATER,-0.14991842,-0.14999397,0.00007556,0.00188055
CP01-R0665,665,666,610,SUPERPLASTICIZER,0.29222460,0.29144179,0.00078281,0.00837907
CP01-R0665,665,666,610,COARSE_AGGREGATE,0.01808621,0.01803892,0.00004729,0.00503508
CP01-R0665,665,666,610,FINE_AGGREGATE,0.02019035,0.02008104,0.00010931,0.01021443
CP01-R0665,665,666,610,AGE,0.11422207,0.11412099,0.00010108,0.01862516
CP01-R0728,728,729,611,INTERCEPT,-23.33121358,-23.79005722,0.45884363,0.01725917
CP01-R0728,728,729,611,CEMENT,0.11980433,0.11992285,-0.00011851,-0.01396049
CP01-R0728,728,729,611,SLAG,0.10386581,0.10393166,-0.00006585,-0.00649708
CP01-R0728,728,729,611,FLY_ASH,0.08793432,0.08799386,-0.00005954,-0.00473170
CP01-R0728,728,729,611,WATER,-0.14991842,-0.14923260,-0.00068581,-0.01706981
CP01-R0728,728,729,611,SUPERPLASTICIZER,0.29222460,0.29212800,0.00009660,0.00103398
CP01-R0728,728,729,611,COARSE_AGGREGATE,0.01808621,0.01824342,-0.00015720,-0.01673757
CP01-R0728,728,729,611,FINE_AGGREGATE,0.02019035,0.02038476,-0.00019441,-0.01816627
CP01-R0728,728,729,611,AGE,0.11422207,0.11413534,0.00008673,0.01597994
CP01-R0786,786,787,612,INTERCEPT,-23.33121358,-23.22288009,-0.10833349,-0.00407491
CP01-R0786,786,787,612,CEMENT,0.11980433,0.11977551,0.00002882,0.00339502
CP01-R0786,786,787,612,SLAG,0.10386581,0.10374602,0.00011979,0.01181883
CP01-R0786,786,787,612,FLY_ASH,0.08793432,0.08779286,0.00014147,0.01124237
CP01-R0786,786,787,612,WATER,-0.14991842,-0.14997261,0.00005419,0.00134871
CP01-R0786,786,787,612,SUPERPLASTICIZER,0.29222460,0.29129020,0.00093439,0.01000162
CP01-R0786,786,787,612,COARSE_AGGREGATE,0.01808621,0.01802648,0.00005974,0.00636013
CP01-R0786,786,787,612,FINE_AGGREGATE,0.02019035,0.02019138,-0.00000102,-0.00009575
CP01-R0786,786,787,612,AGE,0.11422207,0.11412388,0.00009819,0.01809290
CP01-R0132,132,133,613,INTERCEPT,-23.33121358,-23.22953666,-0.10167692,-0.00382452
CP01-R0132,132,133,613,CEMENT,0.11980433,0.11974983,0.00005451,0.00642114
CP01-R0132,132,133,613,SLAG,0.10386581,0.10381702,0.00004879,0.00481378
CP01-R0132,132,133,613,FLY_ASH,0.08793432,0.08776985,0.00016447,0.01307069
CP01-R0132,132,133,613,WATER,-0.14991842,-0.15008473,0.00016631,0.00413950
CP01-R0132,132,133,613,SUPERPLASTICIZER,0.29222460,0.29407586,-0.00185126,-0.01981566
CP01-R0132,132,133,613,COARSE_AGGREGATE,0.01808621,0.01814757,-0.00006136,-0.00653291
CP01-R0132,132,133,613,FINE_AGGREGATE,0.02019035,0.02004677,0.00014359,0.01341712
CP01-R0132,132,133,613,AGE,0.11422207,0.11420814,0.00001393,0.00256603
CP01-R0632,632,633,614,INTERCEPT,-23.33121358,-23.21244758,-0.11876601,-0.00446732
CP01-R0632,632,633,614,CEMENT,0.11980433,0.11975509,0.00004924,0.00580039
CP01-R0632,632,633,614,SLAG,0.10386581,0.10373961,0.00012620,0.01245058
CP01-R0632,632,633,614,FLY_ASH,0.08793432,0.08776444,0.00016988,0.01350068
CP01-R0632,632,633,614,WATER,-0.14991842,-0.15012262,0.00020420,0.00508253
CP01-R0632,632,633,614,SUPERPLASTICIZER,0.29222460,0.29152657,0.00069803,0.00747160
CP01-R0632,632,633,614,COARSE_AGGREGATE,0.01808621,0.01809476,-0.00000854,-0.00090947
CP01-R0632,632,633,614,FINE_AGGREGATE,0.02019035,0.02013484,0.00005551,0.00518723
CP01-R0632,632,633,614,AGE,0.11422207,0.11413029,0.00009178,0.01691142
CP01-R0544,544,545,615,INTERCEPT,-23.33121358,-23.12437834,-0.20683524,-0.00778000
CP01-R0544,544,545,615,CEMENT,0.11980433,0.11972315,0.00008118,0.00956318
CP01-R0544,544,545,615,SLAG,0.10386581,0.10373589,0.00012992,0.01281786
CP01-R0544,544,545,615,FLY_ASH,0.08793432,0.08777553,0.00015879,0.01261887
CP01-R0544,544,545,615,WATER,-0.14991842,-0.15011032,0.00019190,0.00477634
CP01-R0544,544,545,615,SUPERPLASTICIZER,0.29222460,0.29126595,0.00095865,0.01026126
CP01-R0544,544,545,615,COARSE_AGGREGATE,0.01808621,0.01794963,0.00013659,0.01454247
CP01-R0544,544,545,615,FINE_AGGREGATE,0.02019035,0.02020925,-0.00001890,-0.00176595
CP01-R0544,544,545,615,AGE,0.11422207,0.11416432,0.00005775,0.01064130
CP01-R0306,306,307,616,INTERCEPT,-23.33121358,-23.00949678,-0.32171681,-0.01210121
CP01-R0306,306,307,616,CEMENT,0.11980433,0.11973468,0.00006965,0.00820488
CP01-R0306,306,307,616,SLAG,0.10386581,0.10383066,0.00003515,0.00346770
CP01-R0306,306,307,616,FLY_ASH,0.08793432,0.08782933,0.00010499,0.00834347
CP01-R0306,306,307,616,WATER,-0.14991842,-0.15028145,0.00036303,0.00903570
CP01-R0306,306,307,616,SUPERPLASTICIZER,0.29222460,0.29106334,0.00116125,0.01242989
CP01-R0306,306,307,616,COARSE_AGGREGATE,0.01808621,0.01798909,0.00009713,0.01034122
CP01-R0306,306,307,616,FINE_AGGREGATE,0.02019035,0.02001665,0.00017370,0.01623103
CP01-R0306,306,307,616,AGE,0.11422207,0.11424679,-0.00002472,-0.00455437
CP01-R0039,39,40,617,INTERCEPT,-23.33121358,-23.70335019,0.37213660,0.01399773
CP01-R0039,39,40,617,CEMENT,0.11980433,0.11987685,-0.00007252,-0.00854276
CP01-R0039,39,40,617,SLAG,0.10386581,0.10405875,-0.00019294,-0.01903515
CP01-R0039,39,40,617,FLY_ASH,0.08793432,0.08811307,-0.00017875,-0.01420498
CP01-R0039,39,40,617,WATER,-0.14991842,-0.14979491,-0.00012351,-0.00307424
CP01-R0039,39,40,617,SUPERPLASTICIZER,0.29222460,0.29207047,0.00015413,0.00164978
CP01-R0039,39,40,617,COARSE_AGGREGATE,0.01808621,0.01822632,-0.00014010,-0.01491665
CP01-R0039,39,40,617,FINE_AGGREGATE,0.02019035,0.02040438,-0.00021403,-0.01999968
CP01-R0039,39,40,617,AGE,0.11422207,0.11423981,-0.00001774,-0.00326962
CP01-R0683,683,684,618,INTERCEPT,-23.33121358,-23.44807252,0.11685894,0.00439559
CP01-R0683,683,684,618,CEMENT,0.11980433,0.11992336,-0.00011903,-0.01402150
CP01-R0683,683,684,618,SLAG,0.10386581,0.10393280,-0.00006699,-0.00660931
CP01-R0683,683,684,618,FLY_ASH,0.08793432,0.08811817,-0.00018384,-0.01461022
CP01-R0683,683,684,618,WATER,-0.14991842,-0.15000131,0.00008289,0.00206315
CP01-R0683,683,684,618,SUPERPLASTICIZER,0.29222460,0.29239952,-0.00017492,-0.00187235
CP01-R0683,683,684,618,COARSE_AGGREGATE,0.01808621,0.01814418,-0.00005797,-0.00617213
CP01-R0683,683,684,618,FINE_AGGREGATE,0.02019035,0.02021238,-0.00002203,-0.00205834
CP01-R0683,683,684,618,AGE,0.11422207,0.11428204,-0.00005997,-0.01104980
CP01-R0707,707,708,619,INTERCEPT,-23.33121358,-23.40840736,0.07719378,0.00290360
CP01-R0707,707,708,619,CEMENT,0.11980433,0.11986775,-0.00006342,-0.00747038
CP01-R0707,707,708,619,SLAG,0.10386581,0.10388320,-0.00001739,-0.00171571
CP01-R0707,707,708,619,FLY_ASH,0.08793432,0.08801369,-0.00007937,-0.00630745
CP01-R0707,707,708,619,WATER,-0.14991842,-0.14978200,-0.00013642,-0.00339546
CP01-R0707,707,708,619,SUPERPLASTICIZER,0.29222460,0.29324957,-0.00102498,-0.01097125
CP01-R0707,707,708,619,COARSE_AGGREGATE,0.01808621,0.01817151,-0.00008529,-0.00908137
CP01-R0707,707,708,619,FINE_AGGREGATE,0.02019035,0.02011006,0.00008029,0.00750232
CP01-R0707,707,708,619,AGE,0.11422207,0.11417216,0.00004991,0.00919605
CP01-R0123,123,124,620,INTERCEPT,-23.33121358,-23.34488326,0.01366967,0.00051418
CP01-R0123,123,124,620,CEMENT,0.11980433,0.11978381,0.00002053,0.00241784
CP01-R0123,123,124,620,SLAG,0.10386581,0.10381918,0.00004663,0.00460068
CP01-R0123,123,124,620,FLY_ASH,0.08793432,0.08778173,0.00015259,0.01212670
CP01-R0123,123,124,620,WATER,-0.14991842,-0.14975467,-0.00016375,-0.00407576
CP01-R0123,123,124,620,SUPERPLASTICIZER,0.29222460,0.29510994,-0.00288535,-0.03088439
CP01-R0123,123,124,620,COARSE_AGGREGATE,0.01808621,0.01808271,0.00000351,0.00037329
CP01-R0123,123,124,620,FINE_AGGREGATE,0.02019035,0.02017665,0.00001370,0.00127983
CP01-R0123,123,124,620,AGE,0.11422207,0.11422176,0.00000031,0.00005669
CP01-R0850,850,851,621,INTERCEPT,-23.33121358,-22.93956165,-0.39165194,-0.01473179
CP01-R0850,850,851,621,CEMENT,0.11980433,0.11959462,0.00020971,0.02470374
CP01-R0850,850,851,621,SLAG,0.10386581,0.10362045,0.00024536,0.02420699
CP01-R0850,850,851,621,FLY_ASH,0.08793432,0.08772295,0.00021137,0.01679738
CP01-R0850,850,851,621,WATER,-0.14991842,-0.15015094,0.00023252,0.00578741
CP01-R0850,850,851,621,SUPERPLASTICIZER,0.29222460,0.29400081,-0.00177621,-0.01901234
CP01-R0850,850,851,621,COARSE_AGGREGATE,0.01808621,0.01799347,0.00009275,0.00987502
CP01-R0850,850,851,621,FINE_AGGREGATE,0.02019035,0.01996260,0.00022775,0.02128176
CP01-R0850,850,851,621,AGE,0.11422207,0.11419293,0.00002914,0.00536913
CP01-R0830,830,831,622,INTERCEPT,-23.33121358,-23.26229210,-0.06892149,-0.00259245
CP01-R0830,830,831,622,CEMENT,0.11980433,0.11982226,-0.00001792,-0.00211150
CP01-R0830,830,831,622,SLAG,0.10386581,0.10389205,-0.00002624,-0.00258851
CP01-R0830,830,831,622,FLY_ASH,0.08793432,0.08794175,-0.00000743,-0.00059031
CP01-R0830,830,831,622,WATER,-0.14991842,-0.15056311,0.00064469,0.01604616
CP01-R0830,830,831,622,SUPERPLASTICIZER,0.29222460,0.29021396,0.00201064,0.02152163
CP01-R0830,830,831,622,COARSE_AGGREGATE,0.01808621,0.01809201,-0.00000580,-0.00061713
CP01-R0830,830,831,622,FINE_AGGREGATE,0.02019035,0.02024186,-0.00005151,-0.00481291
CP01-R0830,830,831,622,AGE,0.11422207,0.11427922,-0.00005715,-0.01053032
CP01-R0259,259,260,623,INTERCEPT,-23.33121358,-23.06803768,-0.26317591,-0.00989923
CP01-R0259,259,260,623,CEMENT,0.11980433,0.11976095,0.00004339,0.00511106
CP01-R0259,259,260,623,SLAG,0.10386581,0.10380400,0.00006180,0.00609765
CP01-R0259,259,260,623,FLY_ASH,0.08793432,0.08781079,0.00012353,0.00981690
CP01-R0259,259,260,623,WATER,-0.14991842,-0.15000573,0.00008731,0.00217307
CP01-R0259,259,260,623,SUPERPLASTICIZER,0.29222460,0.29220901,0.00001559,0.00016686
CP01-R0259,259,260,623,COARSE_AGGREGATE,0.01808621,0.01799234,0.00009387,0.00999461
CP01-R0259,259,260,623,FINE_AGGREGATE,0.02019035,0.02001914,0.00017121,0.01599847
CP01-R0259,259,260,623,AGE,0.11422207,0.11410650,0.00011557,0.02129452
CP01-R0865,865,866,624,INTERCEPT,-23.33121358,-23.26347215,-0.06774143,-0.00254806
CP01-R0865,865,866,624,CEMENT,0.11980433,0.11983339,-0.00002906,-0.00342296
CP01-R0865,865,866,624,SLAG,0.10386581,0.10396381,-0.00009800,-0.00966908
CP01-R0865,865,866,624,FLY_ASH,0.08793432,0.08797080,-0.00003648,-0.00289923
CP01-R0865,865,866,624,WATER,-0.14991842,-0.15057893,0.00066051,0.01644001
CP01-R0865,865,866,624,SUPERPLASTICIZER,0.29222460,0.28998021,0.00224438,0.02402362
CP01-R0865,865,866,624,COARSE_AGGREGATE,0.01808621,0.01811090,-0.00002469,-0.00262845
CP01-R0865,865,866,624,FINE_AGGREGATE,0.02019035,0.02021387,-0.00002352,-0.00219768
CP01-R0865,865,866,624,AGE,0.11422207,0.11427394,-0.00005188,-0.00955848
CP01-R0987,987,988,625,INTERCEPT,-23.33121358,-23.28399549,-0.04721809,-0.00177608
CP01-R0987,987,988,625,CEMENT,0.11980433,0.11982814,-0.00002380,-0.00280390
CP01-R0987,987,988,625,SLAG,0.10386581,0.10389873,-0.00003292,-0.00324815
CP01-R0987,987,988,625,FLY_ASH,0.08793432,0.08794978,-0.00001546,-0.00122875
CP01-R0987,987,988,625,WATER,-0.14991842,-0.15052935,0.00061093,0.01520599
CP01-R0987,987,988,625,SUPERPLASTICIZER,0.29222460,0.29024705,0.00197754,0.02116740
CP01-R0987,987,988,625,COARSE_AGGREGATE,0.01808621,0.01809880,-0.00001258,-0.00133974
CP01-R0987,987,988,625,FINE_AGGREGATE,0.02019035,0.02024987,-0.00005952,-0.00556153
CP01-R0987,987,988,625,AGE,0.11422207,0.11427909,-0.00005703,-0.01050750
CP01-R0622,622,623,626,INTERCEPT,-23.33121358,-22.90467283,-0.42654076,-0.01604411
CP01-R0622,622,623,626,CEMENT,0.11980433,0.11967390,0.00013044,0.01536548
CP01-R0622,622,623,626,SLAG,0.10386581,0.10367858,0.00018723,0.01847203
CP01-R0622,622,623,626,FLY_ASH,0.08793432,0.08772030,0.00021403,0.01700866
CP01-R0622,622,623,626,WATER,-0.14991842,-0.15053967,0.00062125,0.01546275
CP01-R0622,622,623,626,SUPERPLASTICIZER,0.29222460,0.29130415,0.00092044,0.00985228
CP01-R0622,622,623,626,COARSE_AGGREGATE,0.01808621,0.01793027,0.00015594,0.01660331
CP01-R0622,622,623,626,FINE_AGGREGATE,0.02019035,0.02006615,0.00012420,0.01160584
CP01-R0622,622,623,626,AGE,0.11422207,0.11435938,-0.00013731,-0.02530105
CP01-R0882,882,883,627,INTERCEPT,-23.33121358,-22.77126918,-0.55994440,-0.02106202
CP01-R0882,882,883,627,CEMENT,0.11980433,0.11960867,0.00019567,0.02304948
CP01-R0882,882,883,627,SLAG,0.10386581,0.10372896,0.00013685,0.01350133
CP01-R0882,882,883,627,FLY_ASH,0.08793432,0.08778838,0.00014595,0.01159832
CP01-R0882,882,883,627,WATER,-0.14991842,-0.15066492,0.00074650,0.01858032
CP01-R0882,882,883,627,SUPERPLASTICIZER,0.29222460,0.29201603,0.00020857,0.00223247
CP01-R0882,882,883,627,COARSE_AGGREGATE,0.01808621,0.01794686,0.00013936,0.01483726
CP01-R0882,882,883,627,FINE_AGGREGATE,0.02019035,0.01992070,0.00026965,0.02519713
CP01-R0882,882,883,627,AGE,0.11422207,0.11420679,0.00001528,0.00281518
CP01-R0566,566,567,628,INTERCEPT,-23.33121358,-23.17585167,-0.15536192,-0.00584386
CP01-R0566,566,567,628,CEMENT,0.11980433,0.11971012,0.00009422,0.01109880
CP01-R0566,566,567,628,SLAG,0.10386581,0.10371015,0.00015566,0.01535779
CP01-R0566,566,567,628,FLY_ASH,0.08793432,0.08771822,0.00021610,0.01717388
CP01-R0566,566,567,628,WATER,-0.14991842,-0.15010739,0.00018898,0.00470357
CP01-R0566,566,567,628,SUPERPLASTICIZER,0.29222460,0.29211592,0.00010867,0.00116322
CP01-R0566,566,567,628,COARSE_AGGREGATE,0.01808621,0.01809771,-0.00001149,-0.00122387
CP01-R0566,566,567,628,FINE_AGGREGATE,0.02019035,0.02009651,0.00009384,0.00876848
CP01-R0566,566,567,628,AGE,0.11422207,0.11413677,0.00008530,0.01571690
CP01-R0885,885,886,629,INTERCEPT,-23.33121358,-23.40484063,0.07362704,0.00276944
CP01-R0885,885,886,629,CEMENT,0.11980433,0.11979365,0.00001069,0.00125888
CP01-R0885,885,886,629,SLAG,0.10386581,0.10378680,0.00007901,0.00779549
CP01-R0885,885,886,629,FLY_ASH,0.08793432,0.08794351,-0.00000919,-0.00073030
CP01-R0885,885,886,629,WATER,-0.14991842,-0.14927075,-0.00064767,-0.01612043
CP01-R0885,885,886,629,SUPERPLASTICIZER,0.29222460,0.29408980,-0.00186520,-0.01996489
CP01-R0885,885,886,629,COARSE_AGGREGATE,0.01808621,0.01806108,0.00002514,0.00267656
CP01-R0885,885,886,629,FINE_AGGREGATE,0.02019035,0.02016936,0.00002099,0.00196153
CP01-R0885,885,886,629,AGE,0.11422207,0.11417073,0.00005134,0.00946018
CP01-R1007,1007,1008,630,INTERCEPT,-23.33121358,-22.92065594,-0.41055764,-0.01544291
CP01-R1007,1007,1008,630,CEMENT,0.11980433,0.11959341,0.00021093,0.02484683
CP01-R1007,1007,1008,630,SLAG,0.10386581,0.10361926,0.00024655,0.02432447
CP01-R1007,1007,1008,630,FLY_ASH,0.08793432,0.08772319,0.00021113,0.01677864
CP01-R1007,1007,1008,630,WATER,-0.14991842,-0.15019410,0.00027568,0.00686171
CP01-R1007,1007,1008,630,SUPERPLASTICIZER,0.29222460,0.29385178,-0.00162719,-0.01741719
CP01-R1007,1007,1008,630,COARSE_AGGREGATE,0.01808621,0.01798681,0.00009940,0.01058321
CP01-R1007,1007,1008,630,FINE_AGGREGATE,0.02019035,0.01995830,0.00023205,0.02168371
CP01-R1007,1007,1008,630,AGE,0.11422207,0.11419368,0.00002839,0.00523054
CP01-R0979,979,980,631,INTERCEPT,-23.33121358,-23.15718276,-0.17403083,-0.00654608
CP01-R0979,979,980,631,CEMENT,0.11980433,0.11975832,0.00004602,0.00542059
CP01-R0979,979,980,631,SLAG,0.10386581,0.10389820,-0.00003239,-0.00319532
CP01-R0979,979,980,631,FLY_ASH,0.08793432,0.08802630,-0.00009198,-0.00730931
CP01-R0979,979,980,631,WATER,-0.14991842,-0.14996971,0.00005129,0.00127652
CP01-R0979,979,980,631,SUPERPLASTICIZER,0.29222460,0.29210132,0.00012327,0.00131952
CP01-R0979,979,980,631,COARSE_AGGREGATE,0.01808621,0.01799686,0.00008935,0.00951350
CP01-R0979,979,980,631,FINE_AGGREGATE,0.02019035,0.02010482,0.00008553,0.00799201
CP01-R0979,979,980,631,AGE,0.11422207,0.11420909,0.00001297,0.00239054
CP01-R1022,1022,1023,632,INTERCEPT,-23.33121358,-23.27303224,-0.05818134,-0.00218846
CP01-R1022,1022,1023,632,CEMENT,0.11980433,0.11983536,-0.00003103,-0.00365496
CP01-R1022,1022,1023,632,SLAG,0.10386581,0.10396486,-0.00009905,-0.00977242
CP01-R1022,1022,1023,632,FLY_ASH,0.08793432,0.08797397,-0.00003965,-0.00315067
CP01-R1022,1022,1023,632,WATER,-0.14991842,-0.15055434,0.00063592,0.01582799
CP01-R1022,1022,1023,632,SUPERPLASTICIZER,0.29222460,0.29001809,0.00220650,0.02361813
CP01-R1022,1022,1023,632,COARSE_AGGREGATE,0.01808621,0.01811304,-0.00002683,-0.00285613
CP01-R1022,1022,1023,632,FINE_AGGREGATE,0.02019035,0.02021660,-0.00002625,-0.00245292
CP01-R1022,1022,1023,632,AGE,0.11422207,0.11427280,-0.00005073,-0.00934733
CP01-R0948,948,949,633,INTERCEPT,-23.33121358,-23.37616762,0.04495404,0.00169092
CP01-R0948,948,949,633,CEMENT,0.11980433,0.11978682,0.00001752,0.00206374
CP01-R0948,948,949,633,SLAG,0.10386581,0.10377897,0.00008684,0.00856738
CP01-R0948,948,949,633,FLY_ASH,0.08793432,0.08793488,-0.00000056,-0.00004432
CP01-R0948,948,949,633,WATER,-0.14991842,-0.14931811,-0.00060030,-0.01494148
CP01-R0948,948,949,633,SUPERPLASTICIZER,0.29222460,0.29401650,-0.00179191,-0.01918039
CP01-R0948,948,949,633,COARSE_AGGREGATE,0.01808621,0.01805197,0.00003425,0.00364631
CP01-R0948,948,949,633,FINE_AGGREGATE,0.02019035,0.02015928,0.00003107,0.00290364
CP01-R0948,948,949,633,AGE,0.11422207,0.11417091,0.00005115,0.00942567
CP01-R0432,432,433,634,INTERCEPT,-23.33121358,-24.05691265,0.72569907,0.02729680
CP01-R0432,432,433,634,CEMENT,0.11980433,0.11997588,-0.00017154,-0.02020739
CP01-R0432,432,433,634,SLAG,0.10386581,0.10403545,-0.00016964,-0.01673637
CP01-R0432,432,433,634,FLY_ASH,0.08793432,0.08822404,-0.00028972,-0.02302374
CP01-R0432,432,433,634,WATER,-0.14991842,-0.14874104,-0.00117738,-0.02930469
CP01-R0432,432,433,634,SUPERPLASTICIZER,0.29222460,0.29352189,-0.00129729,-0.01388606
CP01-R0432,432,433,634,COARSE_AGGREGATE,0.01808621,0.01835113,-0.00026492,-0.02820621
CP01-R0432,432,433,634,FINE_AGGREGATE,0.02019035,0.02041867,-0.00022832,-0.02133520
CP01-R0432,432,433,634,AGE,0.11422207,0.11417539,0.00004668,0.00860143
CP01-R0209,209,210,635,INTERCEPT,-23.33121358,-22.93838085,-0.39283274,-0.01477620
CP01-R0209,209,210,635,CEMENT,0.11980433,0.11973604,0.00006830,0.00804511
CP01-R0209,209,210,635,SLAG,0.10386581,0.10378403,0.00008178,0.00806857
CP01-R0209,209,210,635,FLY_ASH,0.08793432,0.08773097,0.00020335,0.01616059
CP01-R0209,209,210,635,WATER,-0.14991842,-0.15038961,0.00047119,0.01172783
CP01-R0209,209,210,635,SUPERPLASTICIZER,0.29222460,0.29176201,0.00046258,0.00495143
CP01-R0209,209,210,635,COARSE_AGGREGATE,0.01808621,0.01791096,0.00017526,0.01865988
CP01-R0209,209,210,635,FINE_AGGREGATE,0.02019035,0.02006237,0.00012798,0.01195911
CP01-R0209,209,210,635,AGE,0.11422207,0.11412567,0.00009640,0.01776191
CP01-R0945,945,946,636,INTERCEPT,-23.33121358,-22.79856234,-0.53265124,-0.02003540
CP01-R0945,945,946,636,CEMENT,0.11980433,0.11961606,0.00018827,0.02217820
CP01-R0945,945,946,636,SLAG,0.10386581,0.10373617,0.00012964,0.01279013
CP01-R0945,945,946,636,FLY_ASH,0.08793432,0.08779647,0.00013786,0.01095544
CP01-R0945,945,946,636,WATER,-0.14991842,-0.15062090,0.00070248,0.01748463
CP01-R0945,945,946,636,SUPERPLASTICIZER,0.29222460,0.29206344,0.00016115,0.00172498
CP01-R0945,945,946,636,COARSE_AGGREGATE,0.01808621,0.01795495,0.00013127,0.01397632
CP01-R0945,945,946,636,FINE_AGGREGATE,0.02019035,0.01993107,0.00025928,0.02422760
CP01-R0945,945,946,636,AGE,0.11422207,0.11420662,0.00001545,0.00284734
CP01-R0779,779,780,637,INTERCEPT,-23.33121358,-22.88916438,-0.44204921,-0.01662745
CP01-R0779,779,780,637,CEMENT,0.11980433,0.11963798,0.00016636,0.01959699
CP01-R0779,779,780,637,SLAG,0.10386581,0.10362579,0.00024002,0.02368057
CP01-R0779,779,780,637,FLY_ASH,0.08793432,0.08762890,0.00030543,0.02427228
CP01-R0779,779,780,637,WATER,-0.14991842,-0.15049490,0.00057648,0.01434850
CP01-R0779,779,780,637,SUPERPLASTICIZER,0.29222460,0.29172237,0.00050222,0.00537571
CP01-R0779,779,780,637,COARSE_AGGREGATE,0.01808621,0.01798858,0.00009764,0.01039570
CP01-R0779,779,780,637,FINE_AGGREGATE,0.02019035,0.01999717,0.00019318,0.01805137
CP01-R0779,779,780,637,AGE,0.11422207,0.11413999,0.00008207,0.01512285
CP01-R0787,787,788,638,INTERCEPT,-23.33121358,-23.43002231,0.09880872,0.00371664
CP01-R0787,787,788,638,CEMENT,0.11980433,0.11982937,-0.00002504,-0.00294920
CP01-R0787,787,788,638,SLAG,0.10386581,0.10397684,-0.00011103,-0.01095393
CP01-R0787,787,788,638,FLY_ASH,0.08793432,0.08806443,-0.00013011,-0.01034005
CP01-R0787,787,788,638,WATER,-0.14991842,-0.14984906,-0.00006936,-0.00172638
CP01-R0787,787,788,638,SUPERPLASTICIZER,0.29222460,0.29317144,-0.00094685,-0.01013496
CP01-R0787,787,788,638,COARSE_AGGREGATE,0.01808621,0.01814237,-0.00005616,-0.00597937
CP01-R0787,787,788,638,FINE_AGGREGATE,0.02019035,0.02018315,0.00000720,0.00067296
CP01-R0787,787,788,638,AGE,0.11422207,0.11428276,-0.00006069,-0.01118282
CP01-R0636,636,637,639,INTERCEPT,-23.33121358,-23.28553640,-0.04567719,-0.00171812
CP01-R0636,636,637,639,CEMENT,0.11980433,0.11975306,0.00005127,0.00604006
CP01-R0636,636,637,639,SLAG,0.10386581,0.10375711,0.00010870,0.01072471
CP01-R0636,636,637,639,FLY_ASH,0.08793432,0.08777486,0.00015947,0.01267283
CP01-R0636,636,637,639,WATER,-0.14991842,-0.15000417,0.00008575,0.00213425
CP01-R0636,636,637,639,SUPERPLASTICIZER,0.29222460,0.29187990,0.00034470,0.00368961
CP01-R0636,636,637,639,COARSE_AGGREGATE,0.01808621,0.01812112,-0.00003490,-0.00371600
CP01-R0636,636,637,639,FINE_AGGREGATE,0.02019035,0.02016260,0.00002775,0.00259336
CP01-R0636,636,637,639,AGE,0.11422207,0.11413960,0.00008247,0.01519590
CP01-R0729,729,730,640,INTERCEPT,-23.33121358,-22.87437526,-0.45683833,-0.01718374
CP01-R0729,729,730,640,CEMENT,0.11980433,0.11968512,0.00011921,0.01404298
CP01-R0729,729,730,640,SLAG,0.10386581,0.10379432,0.00007149,0.00705360
CP01-R0729,729,730,640,FLY_ASH,0.08793432,0.08786680,0.00006752,0.00536590
CP01-R0729,729,730,640,WATER,-0.14991842,-0.15057497,0.00065655,0.01634146
CP01-R0729,729,730,640,SUPERPLASTICIZER,0.29222460,0.29233888,-0.00011428,-0.00122326
CP01-R0729,729,730,640,COARSE_AGGREGATE,0.01808621,0.01792961,0.00015661,0.01667403
CP01-R0729,729,730,640,FINE_AGGREGATE,0.02019035,0.01999440,0.00019596,0.01831069
CP01-R0729,729,730,640,AGE,0.11422207,0.11427309,-0.00005102,-0.00940146
CP01-R0298,298,299,641,INTERCEPT,-23.33121358,-23.25037181,-0.08084177,-0.00304082
CP01-R0298,298,299,641,CEMENT,0.11980433,0.11985535,-0.00005102,-0.00600976
CP01-R0298,298,299,641,SLAG,0.10386581,0.10387301,-0.00000720,-0.00071031
CP01-R0298,298,299,641,FLY_ASH,0.08793432,0.08791045,0.00002387,0.00189725
CP01-R0298,298,299,641,WATER,-0.14991842,-0.14986087,-0.00005755,-0.00143245
CP01-R0298,298,299,641,SUPERPLASTICIZER,0.29222460,0.29122246,0.00100214,0.01072675
CP01-R0298,298,299,641,COARSE_AGGREGATE,0.01808621,0.01798220,0.00010402,0.01107475
CP01-R0298,298,299,641,FINE_AGGREGATE,0.02019035,0.02018956,0.00000079,0.00007358
CP01-R0298,298,299,641,AGE,0.11422207,0.11417375,0.00004832,0.00890298
CP01-R0391,391,392,642,INTERCEPT,-23.33121358,-23.97192579,0.64071221,0.02410006
CP01-R0391,391,392,642,CEMENT,0.11980433,0.12000053,-0.00019620,-0.02311192
CP01-R0391,391,392,642,SLAG,0.10386581,0.10404572,-0.00017991,-0.01774979
CP01-R0391,391,392,642,FLY_ASH,0.08793432,0.08812130,-0.00018698,-0.01485933
CP01-R0391,391,392,642,WATER,-0.14991842,-0.14895077,-0.00096765,-0.02408470
CP01-R0391,391,392,642,SUPERPLASTICIZER,0.29222460,0.29340638,-0.00118178,-0.01264966
CP01-R0391,391,392,642,COARSE_AGGREGATE,0.01808621,0.01835455,-0.00026833,-0.02856964
CP01-R0391,391,392,642,FINE_AGGREGATE,0.02019035,0.02034923,-0.00015888,-0.01484598
CP01-R0391,391,392,642,AGE,0.11422207,0.11418473,0.00003733,0.00687925
CP01-R0916,916,917,643,INTERCEPT,-23.33121358,-23.16920662,-0.16200696,-0.00609381
CP01-R0916,916,917,643,CEMENT,0.11980433,0.11976301,0.00004132,0.00486743
CP01-R0916,916,917,643,SLAG,0.10386581,0.10390202,-0.00003621,-0.00357270
CP01-R0916,916,917,643,FLY_ASH,0.08793432,0.08803036,-0.00009604,-0.00763235
CP01-R0916,916,917,643,WATER,-0.14991842,-0.14996245,0.00004403,0.00109591
CP01-R0916,916,917,643,SUPERPLASTICIZER,0.29222460,0.29205493,0.00016967,0.00181609
CP01-R0916,916,917,643,COARSE_AGGREGATE,0.01808621,0.01800121,0.00008501,0.00905085
CP01-R0916,916,917,643,FINE_AGGREGATE,0.02019035,0.02011106,0.00007929,0.00740919
CP01-R0916,916,917,643,AGE,0.11422207,0.11420949,0.00001257,0.00231694
CP01-R0935,935,936,644,INTERCEPT,-23.33121358,-23.24224744,-0.08896615,-0.00334642
CP01-R0935,935,936,644,CEMENT,0.11980433,0.11978151,0.00002283,0.00268924
CP01-R0935,935,936,644,SLAG,0.10386581,0.10385016,0.00001565,0.00154409
CP01-R0935,935,936,644,FLY_ASH,0.08793432,0.08805203,-0.00011771,-0.00935433
CP01-R0935,935,936,644,WATER,-0.14991842,-0.14973346,-0.00018496,-0.00460367
CP01-R0935,935,936,644,SUPERPLASTICIZER,0.29222460,0.29227372,-0.00004913,-0.00052585
CP01-R0935,935,936,644,COARSE_AGGREGATE,0.01808621,0.01804153,0.00004469,0.00475789
CP01-R0935,935,936,644,FINE_AGGREGATE,0.02019035,0.02009583,0.00009452,0.00883208
CP01-R0935,935,936,644,AGE,0.11422207,0.11419111,0.00003096,0.00570517
CP01-R0616,616,617,645,INTERCEPT,-23.33121358,-23.08569393,-0.24551965,-0.00923509
CP01-R0616,616,617,645,CEMENT,0.11980433,0.11971218,0.00009215,0.01085577
CP01-R0616,616,617,645,SLAG,0.10386581,0.10373832,0.00012749,0.01257825
CP01-R0616,616,617,645,FLY_ASH,0.08793432,0.08777989,0.00015443,0.01227256
CP01-R0616,616,617,645,WATER,-0.14991842,-0.15031536,0.00039694,0.00987987
CP01-R0616,616,617,645,SUPERPLASTICIZER,0.29222460,0.29146497,0.00075962,0.00813091
CP01-R0616,616,617,645,COARSE_AGGREGATE,0.01808621,0.01798579,0.00010043,0.01069252
CP01-R0616,616,617,645,FINE_AGGREGATE,0.02019035,0.02015236,0.00003799,0.00355005
CP01-R0616,616,617,645,AGE,0.11422207,0.11435822,-0.00013616,-0.02508785
CP01-R0574,574,575,646,INTERCEPT,-23.33121358,-23.38831949,0.05710590,0.00214801
CP01-R0574,574,575,646,CEMENT,0.11980433,0.11991203,-0.00010770,-0.01268680
CP01-R0574,574,575,646,SLAG,0.10386581,0.10404732,-0.00018152,-0.01790836
CP01-R0574,574,575,646,FLY_ASH,0.08793432,0.08807620,-0.00014188,-0.01127527
CP01-R0574,574,575,646,WATER,-0.14991842,-0.15009912,0.00018070,0.00449750
CP01-R0574,574,575,646,SUPERPLASTICIZER,0.29222460,0.29011743,0.00210716,0.02255480
CP01-R0574,574,575,646,COARSE_AGGREGATE,0.01808621,0.01811762,-0.00003140,-0.00334348
CP01-R0574,574,575,646,FINE_AGGREGATE,0.02019035,0.02022443,-0.00003408,-0.00318449
CP01-R0574,574,575,646,AGE,0.11422207,0.11420582,0.00001625,0.00299451
CP01-R0756,756,757,647,INTERCEPT,-23.33121358,-23.34715158,0.01593800,0.00059950
CP01-R0756,756,757,647,CEMENT,0.11980433,0.11971948,0.00008485,0.00999567
CP01-R0756,756,757,647,SLAG,0.10386581,0.10383323,0.00003258,0.00321431
CP01-R0756,756,757,647,FLY_ASH,0.08793432,0.08786933,0.00006499,0.00516508
CP01-R0756,756,757,647,WATER,-0.14991842,-0.14960325,-0.00031517,-0.00784450
CP01-R0756,756,757,647,SUPERPLASTICIZER,0.29222460,0.29339947,-0.00117488,-0.01257574
CP01-R0756,756,757,647,COARSE_AGGREGATE,0.01808621,0.01803725,0.00004896,0.00521286
CP01-R0756,756,757,647,FINE_AGGREGATE,0.02019035,0.02022971,-0.00003936,-0.00367822
CP01-R0756,756,757,647,AGE,0.11422207,0.11412389,0.00009818,0.01809112
CP01-R0142,142,143,648,INTERCEPT,-23.33121358,-23.15867818,-0.17253540,-0.00648983
CP01-R0142,142,143,648,CEMENT,0.11980433,0.11970832,0.00009601,0.01131039
CP01-R0142,142,143,648,SLAG,0.10386581,0.10378025,0.00008556,0.00844163
CP01-R0142,142,143,648,FLY_ASH,0.08793432,0.08791699,0.00001733,0.00137745
CP01-R0142,142,143,648,WATER,-0.14991842,-0.15005110,0.00013268,0.00330239
CP01-R0142,142,143,648,SUPERPLASTICIZER,0.29222460,0.29130418,0.00092041,0.00985200
CP01-R0142,142,143,648,COARSE_AGGREGATE,0.01808621,0.01807658,0.00000963,0.00102557
CP01-R0142,142,143,648,FINE_AGGREGATE,0.02019035,0.02005910,0.00013125,0.01226472
CP01-R0142,142,143,648,AGE,0.11422207,0.11418631,0.00003576,0.00658953
CP01-R0147,147,148,649,INTERCEPT,-23.33121358,-23.15867818,-0.17253540,-0.00648983
CP01-R0147,147,148,649,CEMENT,0.11980433,0.11970832,0.00009601,0.01131039
CP01-R0147,147,148,649,SLAG,0.10386581,0.10378025,0.00008556,0.00844163
CP01-R0147,147,148,649,FLY_ASH,0.08793432,0.08791699,0.00001733,0.00137745
CP01-R0147,147,148,649,WATER,-0.14991842,-0.15005110,0.00013268,0.00330239
CP01-R0147,147,148,649,SUPERPLASTICIZER,0.29222460,0.29130418,0.00092041,0.00985200
CP01-R0147,147,148,649,COARSE_AGGREGATE,0.01808621,0.01807658,0.00000963,0.00102557
CP01-R0147,147,148,649,FINE_AGGREGATE,0.02019035,0.02005910,0.00013125,0.01226472
CP01-R0147,147,148,649,AGE,0.11422207,0.11418631,0.00003576,0.00658953
CP01-R0150,150,151,650,INTERCEPT,-23.33121358,-23.15867818,-0.17253540,-0.00648983
CP01-R0150,150,151,650,CEMENT,0.11980433,0.11970832,0.00009601,0.01131039
CP01-R0150,150,151,650,SLAG,0.10386581,0.10378025,0.00008556,0.00844163
CP01-R0150,150,151,650,FLY_ASH,0.08793432,0.08791699,0.00001733,0.00137745
CP01-R0150,150,151,650,WATER,-0.14991842,-0.15005110,0.00013268,0.00330239
CP01-R0150,150,151,650,SUPERPLASTICIZER,0.29222460,0.29130418,0.00092041,0.00985200
CP01-R0150,150,151,650,COARSE_AGGREGATE,0.01808621,0.01807658,0.00000963,0.00102557
CP01-R0150,150,151,650,FINE_AGGREGATE,0.02019035,0.02005910,0.00013125,0.01226472
CP01-R0150,150,151,650,AGE,0.11422207,0.11418631,0.00003576,0.00658953
CP01-R0991,991,992,651,INTERCEPT,-23.33121358,-22.94443389,-0.38677969,-0.01454852
CP01-R0991,991,992,651,CEMENT,0.11980433,0.11964041,0.00016393,0.01931031
CP01-R0991,991,992,651,SLAG,0.10386581,0.10375123,0.00011458,0.01130422
CP01-R0991,991,992,651,FLY_ASH,0.08793432,0.08778570,0.00014862,0.01181095
CP01-R0991,991,992,651,WATER,-0.14991842,-0.15029468,0.00037626,0.00936496
CP01-R0991,991,992,651,SUPERPLASTICIZER,0.29222460,0.29377580,-0.00155120,-0.01660387
CP01-R0991,991,992,651,COARSE_AGGREGATE,0.01808621,0.01798197,0.00010425,0.01109938
CP01-R0991,991,992,651,FINE_AGGREGATE,0.02019035,0.01998314,0.00020721,0.01936232
CP01-R0991,991,992,651,AGE,0.11422207,0.11422002,0.00000205,0.00037714
CP01-R0533,533,534,652,INTERCEPT,-23.33121358,-23.58837193,0.25715834,0.00967288
CP01-R0533,533,534,652,CEMENT,0.11980433,0.11988353,-0.00007920,-0.00932918
CP01-R0533,533,534,652,SLAG,0.10386581,0.10399979,-0.00013398,-0.01321850
CP01-R0533,533,534,652,FLY_ASH,0.08793432,0.08808854,-0.00015422,-0.01225612
CP01-R0533,533,534,652,WATER,-0.14991842,-0.14957945,-0.00033897,-0.00843684
CP01-R0533,533,534,652,SUPERPLASTICIZER,0.29222460,0.29337399,-0.00114940,-0.01230300
CP01-R0533,533,534,652,COARSE_AGGREGATE,0.01808621,0.01822862,-0.00014241,-0.01516210
CP01-R0533,533,534,652,FINE_AGGREGATE,0.02019035,0.02019884,-0.00000849,-0.00079288
CP01-R0533,533,534,652,AGE,0.11422207,0.11418388,0.00003819,0.00703670
CP01-R0826,826,827,653,INTERCEPT,-23.33121358,-23.62117666,0.28996307,0.01090681
CP01-R0826,826,827,653,CEMENT,0.11980433,0.11983633,-0.00003200,-0.00376953
CP01-R0826,826,827,653,SLAG,0.10386581,0.10400202,-0.00013621,-0.01343818
CP01-R0826,826,827,653,FLY_ASH,0.08793432,0.08808015,-0.00014583,-0.01158881
CP01-R0826,826,827,653,WATER,-0.14991842,-0.14943899,-0.00047943,-0.01193294
CP01-R0826,826,827,653,SUPERPLASTICIZER,0.29222460,0.29354497,-0.00132038,-0.01413316
CP01-R0826,826,827,653,COARSE_AGGREGATE,0.01808621,0.01814746,-0.00006125,-0.00652093
CP01-R0826,826,827,653,FINE_AGGREGATE,0.02019035,0.02031957,-0.00012922,-0.01207486
CP01-R0826,826,827,653,AGE,0.11422207,0.11427859,-0.00005652,-0.01041444
CP01-R0976,976,977,654,INTERCEPT,-23.33121358,-23.75798805,0.42677446,0.01605290
CP01-R0976,976,977,654,CEMENT,0.11980433,0.11989238,-0.00008804,-0.01037131
CP01-R0976,976,977,654,SLAG,0.10386581,0.10395548,-0.00008967,-0.00884652
CP01-R0976,976,977,654,FLY_ASH,0.08793432,0.08798468,-0.00005036,-0.00400173
CP01-R0976,976,977,654,WATER,-0.14991842,-0.14951088,-0.00040754,-0.01014359
CP01-R0976,976,977,654,SUPERPLASTICIZER,0.29222460,0.29252376,-0.00029916,-0.00320222
CP01-R0976,976,977,654,COARSE_AGGREGATE,0.01808621,0.01822330,-0.00013708,-0.01459556
CP01-R0976,976,977,654,FINE_AGGREGATE,0.02019035,0.02041701,-0.00022666,-0.02118014
CP01-R0976,976,977,654,AGE,0.11422207,0.11426354,-0.00004147,-0.00764089
CP01-R0913,913,914,655,INTERCEPT,-23.33121358,-23.73462196,0.40340837,0.01517400
CP01-R0913,913,914,655,CEMENT,0.11980433,0.11988617,-0.00008183,-0.00963983
CP01-R0913,913,914,655,SLAG,0.10386581,0.10394816,-0.00008235,-0.00812491
CP01-R0913,913,914,655,FLY_ASH,0.08793432,0.08797611,-0.00004179,-0.00332116
CP01-R0913,913,914,655,WATER,-0.14991842,-0.14954962,-0.00036880,-0.00917946
CP01-R0913,913,914,655,SUPERPLASTICIZER,0.29222460,0.29248338,-0.00025878,-0.00277000
CP01-R0913,913,914,655,COARSE_AGGREGATE,0.01808621,0.01821632,-0.00013011,-0.01385278
CP01-R0913,913,914,655,FINE_AGGREGATE,0.02019035,0.02040849,-0.00021814,-0.02038404
CP01-R0913,913,914,655,AGE,0.11422207,0.11426391,-0.00004184,-0.00770994
CP01-R0471,471,472,656,INTERCEPT,-23.33121358,-22.62110983,-0.71010376,-0.02671019
CP01-R0471,471,472,656,CEMENT,0.11980433,0.11963196,0.00017237,0.02030508
CP01-R0471,471,472,656,SLAG,0.10386581,0.10368287,0.00018294,0.01804916
CP01-R0471,471,472,656,FLY_ASH,0.08793432,0.08763095,0.00030337,0.02410926
CP01-R0471,471,472,656,WATER,-0.14991842,-0.15098193,0.00106351,0.02647051
CP01-R0471,471,472,656,SUPERPLASTICIZER,0.29222460,0.29106499,0.00115961,0.01241229
CP01-R0471,471,472,656,COARSE_AGGREGATE,0.01808621,0.01782727,0.00025895,0.02757027
CP01-R0471,471,472,656,FINE_AGGREGATE,0.02019035,0.01995637,0.00023398,0.02186375
CP01-R0471,471,472,656,AGE,0.11422207,0.11415621,0.00006586,0.01213582
CP01-R0614,614,615,657,INTERCEPT,-23.33121358,-22.98664045,-0.34457313,-0.01296094
CP01-R0614,614,615,657,CEMENT,0.11980433,0.11967287,0.00013147,0.01548696
CP01-R0614,614,615,657,SLAG,0.10386581,0.10366558,0.00020023,0.01975460
CP01-R0614,614,615,657,FLY_ASH,0.08793432,0.08768668,0.00024764,0.01967997
CP01-R0614,614,615,657,WATER,-0.14991842,-0.15028059,0.00036217,0.00901440
CP01-R0614,614,615,657,SUPERPLASTICIZER,0.29222460,0.29147406,0.00075053,0.00803358
CP01-R0614,614,615,657,COARSE_AGGREGATE,0.01808621,0.01794836,0.00013785,0.01467721
CP01-R0614,614,615,657,FINE_AGGREGATE,0.02019035,0.02010475,0.00008560,0.00799877
CP01-R0614,614,615,657,AGE,0.11422207,0.11413969,0.00008238,0.01517853
CP01-R0056,56,57,658,INTERCEPT,-23.33121358,-23.50554699,0.17433341,0.00655746
CP01-R0056,56,57,658,CEMENT,0.11980433,0.11981389,-0.00000956,-0.00112562
CP01-R0056,56,57,658,SLAG,0.10386581,0.10395088,-0.00008507,-0.00839292
CP01-R0056,56,57,658,FLY_ASH,0.08793432,0.08792860,0.00000572,0.00045452
CP01-R0056,56,57,658,WATER,-0.14991842,-0.14969148,-0.00022694,-0.00564850
CP01-R0056,56,57,658,SUPERPLASTICIZER,0.29222460,0.29138622,0.00083837,0.00897382
CP01-R0056,56,57,658,COARSE_AGGREGATE,0.01808621,0.01813530,-0.00004909,-0.00522649
CP01-R0056,56,57,658,FINE_AGGREGATE,0.02019035,0.02030766,-0.00011731,-0.01096184
CP01-R0056,56,57,658,AGE,0.11422207,0.11415558,0.00006649,0.01225177
CP01-R0811,811,812,659,INTERCEPT,-23.33121358,-23.27467221,-0.05654138,-0.00212677
CP01-R0811,811,812,659,CEMENT,0.11980433,0.11977636,0.00002798,0.00329552
CP01-R0811,811,812,659,SLAG,0.10386581,0.10376848,0.00009733,0.00960283
CP01-R0811,811,812,659,FLY_ASH,0.08793432,0.08781307,0.00012126,0.00963622
CP01-R0811,811,812,659,WATER,-0.14991842,-0.14990640,-0.00001202,-0.00029914
CP01-R0811,811,812,659,SUPERPLASTICIZER,0.29222460,0.29148731,0.00073728,0.00789177
CP01-R0811,811,812,659,COARSE_AGGREGATE,0.01808621,0.01803862,0.00004760,0.00506779
CP01-R0811,811,812,659,FINE_AGGREGATE,0.02019035,0.02022002,-0.00002967,-0.00277266
CP01-R0811,811,812,659,AGE,0.11422207,0.11413973,0.00008234,0.01517101
CP01-R1024,1024,1025,660,INTERCEPT,-23.33121358,-23.64437030,0.31315671,0.01177923
CP01-R1024,1024,1025,660,CEMENT,0.11980433,0.11997234,-0.00016800,-0.01979083
CP01-R1024,1024,1025,660,SLAG,0.10386581,0.10395942,-0.00009361,-0.00923572
CP01-R1024,1024,1025,660,FLY_ASH,0.08793432,0.08819380,-0.00025948,-0.02062100
CP01-R1024,1024,1025,660,WATER,-0.14991842,-0.14953071,-0.00038771,-0.00965013
CP01-R1024,1024,1025,660,SUPERPLASTICIZER,0.29222460,0.29083054,0.00139406,0.01492183
CP01-R1024,1024,1025,660,COARSE_AGGREGATE,0.01808621,0.01812598,-0.00003977,-0.00423419
CP01-R1024,1024,1025,660,FINE_AGGREGATE,0.02019035,0.02037224,-0.00018189,-0.01699622
CP01-R1024,1024,1025,660,AGE,0.11422207,0.11423428,-0.00001221,-0.00224978
CP01-R0668,668,669,661,INTERCEPT,-23.33121358,-23.43880115,0.10758756,0.00404685
CP01-R0668,668,669,661,CEMENT,0.11980433,0.11979967,0.00000467,0.00054969
CP01-R0668,668,669,661,SLAG,0.10386581,0.10374202,0.00012379,0.01221332
CP01-R0668,668,669,661,FLY_ASH,0.08793432,0.08789409,0.00004023,0.00319688
CP01-R0668,668,669,661,WATER,-0.14991842,-0.14962361,-0.00029481,-0.00733777
CP01-R0668,668,669,661,SUPERPLASTICIZER,0.29222460,0.29398114,-0.00175654,-0.01880180
CP01-R0668,668,669,661,COARSE_AGGREGATE,0.01808621,0.01812777,-0.00004156,-0.00442486
CP01-R0668,668,669,661,FINE_AGGREGATE,0.02019035,0.02020440,-0.00001405,-0.00131251
CP01-R0668,668,669,661,AGE,0.11422207,0.11423378,-0.00001171,-0.00215804
CP01-R0774,774,775,662,INTERCEPT,-23.33121358,-23.56726587,0.23605228,0.00887898
CP01-R0774,774,775,662,CEMENT,0.11980433,0.11983752,-0.00003318,-0.00390910
CP01-R0774,774,775,662,SLAG,0.10386581,0.10399648,-0.00013067,-0.01289157
CP01-R0774,774,775,662,FLY_ASH,0.08793432,0.08808100,-0.00014668,-0.01165641
CP01-R0774,774,775,662,WATER,-0.14991842,-0.14953842,-0.00038000,-0.00945804
CP01-R0774,774,775,662,SUPERPLASTICIZER,0.29222460,0.29329481,-0.00107021,-0.01145540
CP01-R0774,774,775,662,COARSE_AGGREGATE,0.01808621,0.01812560,-0.00003939,-0.00419338
CP01-R0774,774,775,662,FINE_AGGREGATE,0.02019035,0.02030263,-0.00011228,-0.01049176
CP01-R0774,774,775,662,AGE,0.11422207,0.11427977,-0.00005770,-0.01063160
CP01-R0045,45,46,663,INTERCEPT,-23.33121358,-23.64911456,0.31790098,0.01195768
CP01-R0045,45,46,663,CEMENT,0.11980433,0.11987048,-0.00006615,-0.00779225
CP01-R0045,45,46,663,SLAG,0.10386581,0.10401783,-0.00015202,-0.01499810
CP01-R0045,45,46,663,FLY_ASH,0.08793432,0.08808823,-0.00015391,-0.01223098
CP01-R0045,45,46,663,WATER,-0.14991842,-0.14985267,-0.00006575,-0.00163643
CP01-R0045,45,46,663,SUPERPLASTICIZER,0.29222460,0.29206446,0.00016013,0.00171404
CP01-R0045,45,46,663,COARSE_AGGREGATE,0.01808621,0.01820555,-0.00011934,-0.01270584
CP01-R0045,45,46,663,FINE_AGGREGATE,0.02019035,0.02038220,-0.00019185,-0.01792666
CP01-R0045,45,46,663,AGE,0.11422207,0.11423453,-0.00001246,-0.00229671
CP01-R0569,569,570,664,INTERCEPT,-23.33121358,-23.09845662,-0.23275697,-0.00875503
CP01-R0569,569,570,664,CEMENT,0.11980433,0.11978290,0.00002143,0.00252448
CP01-R0569,569,570,664,SLAG,0.10386581,0.10374539,0.00012042,0.01188103
CP01-R0569,569,570,664,FLY_ASH,0.08793432,0.08780455,0.00012977,0.01031306
CP01-R0569,569,570,664,WATER,-0.14991842,-0.15028212,0.00036370,0.00905237
CP01-R0569,569,570,664,SUPERPLASTICIZER,0.29222460,0.29108982,0.00113477,0.01214648
CP01-R0569,569,570,664,COARSE_AGGREGATE,0.01808621,0.01804119,0.00004503,0.00479403
CP01-R0569,569,570,664,FINE_AGGREGATE,0.02019035,0.02008071,0.00010964,0.01024550
CP01-R0569,569,570,664,AGE,0.11422207,0.11413797,0.00008410,0.01549582
CP01-R0867,867,868,665,INTERCEPT,-23.33121358,-23.66158001,0.33036642,0.01242656
CP01-R0867,867,868,665,CEMENT,0.11980433,0.11997459,-0.00017026,-0.02005636
CP01-R0867,867,868,665,SLAG,0.10386581,0.10396291,-0.00009710,-0.00957979
CP01-R0867,867,868,665,FLY_ASH,0.08793432,0.08819551,-0.00026119,-0.02075664
CP01-R0867,867,868,665,WATER,-0.14991842,-0.14949839,-0.00042003,-0.01045451
CP01-R0867,867,868,665,SUPERPLASTICIZER,0.29222460,0.29092314,0.00130146,0.01393066
CP01-R0867,867,868,665,COARSE_AGGREGATE,0.01808621,0.01813230,-0.00004608,-0.00490658
CP01-R0867,867,868,665,FINE_AGGREGATE,0.02019035,0.02037700,-0.00018664,-0.01744069
CP01-R0867,867,868,665,AGE,0.11422207,0.11423396,-0.00001189,-0.00219047
CP01-R0094,94,95,666,INTERCEPT,-23.33121358,-23.65655160,0.32533801,0.01223742
CP01-R0094,94,95,666,CEMENT,0.11980433,0.11996755,-0.00016322,-0.01922669
CP01-R0094,94,95,666,SLAG,0.10386581,0.10408313,-0.00021732,-0.02144045
CP01-R0094,94,95,666,FLY_ASH,0.08793432,0.08806955,-0.00013523,-0.01074693
CP01-R0094,94,95,666,WATER,-0.14991842,-0.14960324,-0.00031518,-0.00784475
CP01-R0094,94,95,666,SUPERPLASTICIZER,0.29222460,0.29243335,-0.00020876,-0.00223450
CP01-R0094,94,95,666,COARSE_AGGREGATE,0.01808621,0.01818588,-0.00009967,-0.01061155
CP01-R0094,94,95,666,FINE_AGGREGATE,0.02019035,0.02032900,-0.00013865,-0.01295561
CP01-R0094,94,95,666,AGE,0.11422207,0.11418700,0.00003506,0.00646076
CP01-R0808,808,809,667,INTERCEPT,-23.33121358,-23.61275093,0.28153735,0.01058988
CP01-R0808,808,809,667,CEMENT,0.11980433,0.11984931,-0.00004497,-0.00529767
CP01-R0808,808,809,667,SLAG,0.10386581,0.10400764,-0.00014183,-0.01399295
CP01-R0808,808,809,667,FLY_ASH,0.08793432,0.08809367,-0.00015935,-0.01266337
CP01-R0808,808,809,667,WATER,-0.14991842,-0.14946319,-0.00045523,-0.01133053
CP01-R0808,808,809,667,SUPERPLASTICIZER,0.29222460,0.29337174,-0.00114715,-0.01227891
CP01-R0808,808,809,667,COARSE_AGGREGATE,0.01808621,0.01814090,-0.00005468,-0.00582220
CP01-R0808,808,809,667,FINE_AGGREGATE,0.02019035,0.02031799,-0.00012764,-0.01192700
CP01-R0808,808,809,667,AGE,0.11422207,0.11427762,-0.00005555,-0.01023646
CP01-R0296,296,297,668,INTERCEPT,-23.33121358,-23.39573203,0.06451844,0.00242683
CP01-R0296,296,297,668,CEMENT,0.11980433,0.11974869,0.00005565,0.00655544
CP01-R0296,296,297,668,SLAG,0.10386581,0.10384595,0.00001986,0.00195919
CP01-R0296,296,297,668,FLY_ASH,0.08793432,0.08794075,-0.00000643,-0.00051082
CP01-R0296,296,297,668,WATER,-0.14991842,-0.14994811,0.00002970,0.00073911
CP01-R0296,296,297,668,SUPERPLASTICIZER,0.29222460,0.29323759,-0.00101300,-0.01084298
CP01-R0296,296,297,668,COARSE_AGGREGATE,0.01808621,0.01818256,-0.00009635,-0.01025836
CP01-R0296,296,297,668,FINE_AGGREGATE,0.02019035,0.02018070,0.00000965,0.00090158
CP01-R0296,296,297,668,AGE,0.11422207,0.11420761,0.00001446,0.00266367
CP01-R0644,644,645,669,INTERCEPT,-23.33121358,-23.23798684,-0.09322674,-0.00350668
CP01-R0644,644,645,669,CEMENT,0.11980433,0.11978412,0.00002022,0.00238145
CP01-R0644,644,645,669,SLAG,0.10386581,0.10376493,0.00010088,0.00995278
CP01-R0644,644,645,669,FLY_ASH,0.08793432,0.08780751,0.00012681,0.01007787
CP01-R0644,644,645,669,WATER,-0.14991842,-0.15006755,0.00014913,0.00371188
CP01-R0644,644,645,669,SUPERPLASTICIZER,0.29222460,0.29148272,0.00074188,0.00794098
CP01-R0644,644,645,669,COARSE_AGGREGATE,0.01808621,0.01809076,-0.00000455,-0.00048441
CP01-R0644,644,645,669,FINE_AGGREGATE,0.02019035,0.02014333,0.00004703,0.00439418
CP01-R0644,644,645,669,AGE,0.11422207,0.11413546,0.00008661,0.01595833
CP01-R0807,807,808,670,INTERCEPT,-23.33121358,-23.05779055,-0.27342303,-0.01028467
CP01-R0807,807,808,670,CEMENT,0.11980433,0.11975885,0.00004549,0.00535861
CP01-R0807,807,808,670,SLAG,0.10386581,0.10372525,0.00014056,0.01386775
CP01-R0807,807,808,670,FLY_ASH,0.08793432,0.08777519,0.00015913,0.01264642
CP01-R0807,807,808,670,WATER,-0.14991842,-0.15033575,0.00041733,0.01038725
CP01-R0807,807,808,670,SUPERPLASTICIZER,0.29222460,0.29115764,0.00106696,0.01142059
CP01-R0807,807,808,670,COARSE_AGGREGATE,0.01808621,0.01803196,0.00005425,0.00577614
CP01-R0807,807,808,670,FINE_AGGREGATE,0.02019035,0.02006442,0.00012593,0.01176709
CP01-R0807,807,808,670,AGE,0.11422207,0.11413873,0.00008334,0.01535555
CP01-R0593,593,594,671,INTERCEPT,-23.33121358,-23.55909852,0.22788493,0.00857177
CP01-R0593,593,594,671,CEMENT,0.11980433,0.11983496,-0.00003062,-0.00360709
CP01-R0593,593,594,671,SLAG,0.10386581,0.10399177,-0.00012596,-0.01242747
CP01-R0593,593,594,671,FLY_ASH,0.08793432,0.08807565,-0.00014133,-0.01123142
CP01-R0593,593,594,671,WATER,-0.14991842,-0.14954465,-0.00037377,-0.00930316
CP01-R0593,593,594,671,SUPERPLASTICIZER,0.29222460,0.29329110,-0.00106650,-0.01141570
CP01-R0593,593,594,671,COARSE_AGGREGATE,0.01808621,0.01812310,-0.00003689,-0.00392739
CP01-R0593,593,594,671,FINE_AGGREGATE,0.02019035,0.02029868,-0.00010833,-0.01012283
CP01-R0593,593,594,671,AGE,0.11422207,0.11427826,-0.00005620,-0.01035460
CP01-R0022,22,23,672,INTERCEPT,-23.33121358,-22.65917625,-0.67203733,-0.02527834
CP01-R0022,22,23,672,CEMENT,0.11980433,0.11965302,0.00015131,0.01782453
CP01-R0022,22,23,672,SLAG,0.10386581,0.10359011,0.00027570,0.02720023
CP01-R0022,22,23,672,FLY_ASH,0.08793432,0.08771793,0.00021639,0.01719632
CP01-R0022,22,23,672,WATER,-0.14991842,-0.15075018,0.00083176,0.02070228
CP01-R0022,22,23,672,SUPERPLASTICIZER,0.29222460,0.29212506,0.00009953,0.00106541
CP01-R0022,22,23,672,COARSE_AGGREGATE,0.01808621,0.01784005,0.00024616,0.02620935
CP01-R0022,22,23,672,FINE_AGGREGATE,0.02019035,0.01991894,0.00027141,0.02536148
CP01-R0022,22,23,672,AGE,0.11422207,0.11422869,-0.00000662,-0.00121946
CP01-R0538,538,539,673,INTERCEPT,-23.33121358,-23.80969715,0.47848357,0.01799791
CP01-R0538,538,539,673,CEMENT,0.11980433,0.11984471,-0.00004038,-0.00475643
CP01-R0538,538,539,673,SLAG,0.10386581,0.10402215,-0.00015634,-0.01542446
CP01-R0538,538,539,673,FLY_ASH,0.08793432,0.08806875,-0.00013443,-0.01068292
CP01-R0538,538,539,673,WATER,-0.14991842,-0.14926140,-0.00065702,-0.01635303
CP01-R0538,538,539,673,SUPERPLASTICIZER,0.29222460,0.29394940,-0.00172480,-0.01846210
CP01-R0538,538,539,673,COARSE_AGGREGATE,0.01808621,0.01826721,-0.00018100,-0.01927074
CP01-R0538,538,539,673,FINE_AGGREGATE,0.02019035,0.02036624,-0.00017589,-0.01643561
CP01-R0538,538,539,673,AGE,0.11422207,0.11426989,-0.00004782,-0.00881156
CP01-R0889,889,890,674,INTERCEPT,-23.33121358,-23.09289798,-0.23831560,-0.00896412
CP01-R0889,889,890,674,CEMENT,0.11980433,0.11961982,0.00018452,0.02173618
CP01-R0889,889,890,674,SLAG,0.10386581,0.10373774,0.00012807,0.01263498
CP01-R0889,889,890,674,FLY_ASH,0.08793432,0.08763825,0.00029607,0.02352895
CP01-R0889,889,890,674,WATER,-0.14991842,-0.15012721,0.00020879,0.00519671
CP01-R0889,889,890,674,SUPERPLASTICIZER,0.29222460,0.29360963,-0.00138504,-0.01482526
CP01-R0889,889,890,674,COARSE_AGGREGATE,0.01808621,0.01803586,0.00005035,0.00536092
CP01-R0889,889,890,674,FINE_AGGREGATE,0.02019035,0.02009075,0.00009960,0.00930708
CP01-R0889,889,890,674,AGE,0.11422207,0.11419810,0.00002396,0.00441570
CP01-R0834,834,835,675,INTERCEPT,-23.33121358,-22.97139648,-0.35981711,-0.01353433
CP01-R0834,834,835,675,CEMENT,0.11980433,0.11965173,0.00015260,0.01797664
CP01-R0834,834,835,675,SLAG,0.10386581,0.10376191,0.00010390,0.01025039
CP01-R0834,834,835,675,FLY_ASH,0.08793432,0.08780036,0.00013396,0.01064624
CP01-R0834,834,835,675,WATER,-0.14991842,-0.15026724,0.00034882,0.00868208
CP01-R0834,834,835,675,SUPERPLASTICIZER,0.29222460,0.29367321,-0.00144861,-0.01550575
CP01-R0834,834,835,675,COARSE_AGGREGATE,0.01808621,0.01798943,0.00009678,0.01030468
CP01-R0834,834,835,675,FINE_AGGREGATE,0.02019035,0.01999667,0.00019368,0.01809797
CP01-R0834,834,835,675,AGE,0.11422207,0.11422019,0.00000187,0.00034543
CP01-R1015,1015,1016,676,INTERCEPT,-23.33121358,-23.04528923,-0.28592436,-0.01075490
CP01-R1015,1015,1016,676,CEMENT,0.11980433,0.11977948,0.00002486,0.00292834
CP01-R1015,1015,1016,676,SLAG,0.10386581,0.10391430,-0.00004849,-0.00478433
CP01-R1015,1015,1016,676,FLY_ASH,0.08793432,0.08805539,-0.00012107,-0.00962149
CP01-R1015,1015,1016,676,WATER,-0.14991842,-0.15045518,0.00053676,0.01335986
CP01-R1015,1015,1016,676,SUPERPLASTICIZER,0.29222460,0.29021903,0.00200557,0.02146736
CP01-R1015,1015,1016,676,COARSE_AGGREGATE,0.01808621,0.01796120,0.00012501,0.01331007
CP01-R1015,1015,1016,676,FINE_AGGREGATE,0.02019035,0.02011953,0.00007082,0.00661765
CP01-R1015,1015,1016,676,AGE,0.11422207,0.11423231,-0.00001024,-0.00188659
CP01-R0583,583,584,677,INTERCEPT,-23.33121358,-24.02720747,0.69599388,0.02617945
CP01-R0583,583,584,677,CEMENT,0.11980433,0.12004270,-0.00023836,-0.02807915
CP01-R0583,583,584,677,SLAG,0.10386581,0.10407425,-0.00020844,-0.02056504
CP01-R0583,583,584,677,FLY_ASH,0.08793432,0.08825780,-0.00032348,-0.02570694
CP01-R0583,583,584,677,WATER,-0.14991842,-0.14892517,-0.00099325,-0.02472192
CP01-R0583,583,584,677,SUPERPLASTICIZER,0.29222460,0.29330149,-0.00107689,-0.01152692
CP01-R0583,583,584,677,COARSE_AGGREGATE,0.01808621,0.01827847,-0.00019226,-0.02047003
CP01-R0583,583,584,677,FINE_AGGREGATE,0.02019035,0.02047046,-0.00028011,-0.02617409
CP01-R0583,583,584,677,AGE,0.11422207,0.11425274,-0.00003067,-0.00565206
CP01-R0858,858,859,678,INTERCEPT,-23.33121358,-23.05074916,-0.28046443,-0.01054952
CP01-R0858,858,859,678,CEMENT,0.11980433,0.11978324,0.00002110,0.00248550
CP01-R0858,858,859,678,SLAG,0.10386581,0.10391705,-0.00005124,-0.00505534
CP01-R0858,858,859,678,FLY_ASH,0.08793432,0.08805924,-0.00012492,-0.00992720
CP01-R0858,858,859,678,WATER,-0.14991842,-0.15045711,0.00053869,0.01340798
CP01-R0858,858,859,678,SUPERPLASTICIZER,0.29222460,0.29014431,0.00208028,0.02226708
CP01-R0858,858,859,678,COARSE_AGGREGATE,0.01808621,0.01796312,0.00012310,0.01310607
CP01-R0858,858,859,678,FINE_AGGREGATE,0.02019035,0.02012322,0.00006713,0.00627250
CP01-R0858,858,859,678,AGE,0.11422207,0.11423247,-0.00001040,-0.00191597
CP01-R0782,782,783,679,INTERCEPT,-23.33121358,-23.35473224,0.02351865,0.00088464
CP01-R0782,782,783,679,CEMENT,0.11980433,0.11975548,0.00004886,0.00575547
CP01-R0782,782,783,679,SLAG,0.10386581,0.10376428,0.00010153,0.01001711
CP01-R0782,782,783,679,FLY_ASH,0.08793432,0.08778409,0.00015023,0.01193862
CP01-R0782,782,783,679,WATER,-0.14991842,-0.14977616,-0.00014226,-0.00354087
CP01-R0782,782,783,679,SUPERPLASTICIZER,0.29222460,0.29258385,-0.00035925,-0.00384541
CP01-R0782,782,783,679,COARSE_AGGREGATE,0.01808621,0.01814526,-0.00005905,-0.00628672
CP01-R0782,782,783,679,FINE_AGGREGATE,0.02019035,0.02015944,0.00003091,0.00288815
CP01-R0782,782,783,679,AGE,0.11422207,0.11413886,0.00008321,0.01533241
CP01-R0628,628,629,680,INTERCEPT,-23.33121358,-23.36521093,0.03399734,0.00127879
CP01-R0628,628,629,680,CEMENT,0.11980433,0.11972461,0.00007973,0.00939171
CP01-R0628,628,629,680,SLAG,0.10386581,0.10377780,0.00008801,0.00868344
CP01-R0628,628,629,680,FLY_ASH,0.08793432,0.08777564,0.00015868,0.01261037
CP01-R0628,628,629,680,WATER,-0.14991842,-0.14989073,-0.00002769,-0.00068920
CP01-R0628,628,629,680,SUPERPLASTICIZER,0.29222460,0.29253470,-0.00031011,-0.00331936
CP01-R0628,628,629,680,COARSE_AGGREGATE,0.01808621,0.01815334,-0.00006713,-0.00714733
CP01-R0628,628,629,680,FINE_AGGREGATE,0.02019035,0.02019758,-0.00000723,-0.00067523
CP01-R0628,628,629,680,AGE,0.11422207,0.11416936,0.00005271,0.00971195
CP01-R0881,881,882,681,INTERCEPT,-23.33121358,-22.97919063,-0.35202296,-0.01324116
CP01-R0881,881,882,681,CEMENT,0.11980433,0.11959877,0.00020557,0.02421588
CP01-R0881,881,882,681,SLAG,0.10386581,0.10363176,0.00023405,0.02309148
CP01-R0881,881,882,681,FLY_ASH,0.08793432,0.08771825,0.00021607,0.01717149
CP01-R0881,881,882,681,WATER,-0.14991842,-0.15014805,0.00022963,0.00571554
CP01-R0881,881,882,681,SUPERPLASTICIZER,0.29222460,0.29329845,-0.00107386,-0.01149442
CP01-R0881,881,882,681,COARSE_AGGREGATE,0.01808621,0.01797782,0.00010840,0.01154106
CP01-R0881,881,882,681,FINE_AGGREGATE,0.02019035,0.02003715,0.00015320,0.01431547
CP01-R0881,881,882,681,AGE,0.11422207,0.11419110,0.00003097,0.00570698
CP01-R0864,864,865,682,INTERCEPT,-23.33121358,-23.71879583,0.38758224,0.01457871
CP01-R0864,864,865,682,CEMENT,0.11980433,0.11991559,-0.00011126,-0.01310607
CP01-R0864,864,865,682,SLAG,0.10386581,0.10397057,-0.00010476,-0.01033606
CP01-R0864,864,865,682,FLY_ASH,0.08793432,0.08816952,-0.00023519,-0.01869091
CP01-R0864,864,865,682,WATER,-0.14991842,-0.14938771,-0.00053071,-0.01320938
CP01-R0864,864,865,682,SUPERPLASTICIZER,0.29222460,0.29251877,-0.00029418,-0.00314885
CP01-R0864,864,865,682,COARSE_AGGREGATE,0.01808621,0.01825426,-0.00016804,-0.01789171
CP01-R0864,864,865,682,FINE_AGGREGATE,0.02019035,0.02027624,-0.00008589,-0.00802568
CP01-R0864,864,865,682,AGE,0.11422207,0.11425144,-0.00002937,-0.00541208
CP01-R0952,952,953,683,INTERCEPT,-23.33121358,-23.09525324,-0.23596034,-0.00887553
CP01-R0952,952,953,683,CEMENT,0.11980433,0.11962218,0.00018215,0.02145725
CP01-R0952,952,953,683,SLAG,0.10386581,0.10373880,0.00012701,0.01253038
CP01-R0952,952,953,683,FLY_ASH,0.08793432,0.08764223,0.00029209,0.02321277
CP01-R0952,952,953,683,WATER,-0.14991842,-0.15012412,0.00020570,0.00511989
CP01-R0952,952,953,683,SUPERPLASTICIZER,0.29222460,0.29358997,-0.00136537,-0.01461478
CP01-R0952,952,953,683,COARSE_AGGREGATE,0.01808621,0.01803594,0.00005028,0.00535319
CP01-R0952,952,953,683,FINE_AGGREGATE,0.02019035,0.02009177,0.00009858,0.00921140
CP01-R0952,952,953,683,AGE,0.11422207,0.11419839,0.00002368,0.00436384
CP01-R0278,278,279,684,INTERCEPT,-23.33121358,-22.82109172,-0.51012186,-0.01918797
CP01-R0278,278,279,684,CEMENT,0.11980433,0.11968556,0.00011877,0.01399123
CP01-R0278,278,279,684,SLAG,0.10386581,0.10375912,0.00010669,0.01052574
CP01-R0278,278,279,684,FLY_ASH,0.08793432,0.08768853,0.00024579,0.01953328
CP01-R0278,278,279,684,WATER,-0.14991842,-0.15072918,0.00081077,0.02017983
CP01-R0278,278,279,684,SUPERPLASTICIZER,0.29222460,0.29140509,0.00081951,0.00877193
CP01-R0278,278,279,684,COARSE_AGGREGATE,0.01808621,0.01789293,0.00019328,0.02057912
CP01-R0278,278,279,684,FINE_AGGREGATE,0.02019035,0.02003469,0.00015566,0.01454556
CP01-R0278,278,279,684,AGE,0.11422207,0.11420759,0.00001448,0.00266814
CP01-R0563,563,564,685,INTERCEPT,-23.33121358,-23.11411451,-0.21709907,-0.00816607
CP01-R0563,563,564,685,CEMENT,0.11980433,0.11977320,0.00003113,0.00366719
CP01-R0563,563,564,685,SLAG,0.10386581,0.10374338,0.00012243,0.01207848
CP01-R0563,563,564,685,FLY_ASH,0.08793432,0.08779576,0.00013856,0.01101142
CP01-R0563,563,564,685,WATER,-0.14991842,-0.15025000,0.00033158,0.00825301
CP01-R0563,563,564,685,SUPERPLASTICIZER,0.29222460,0.29125911,0.00096548,0.01033440
CP01-R0563,563,564,685,COARSE_AGGREGATE,0.01808621,0.01804972,0.00003649,0.00388529
CP01-R0563,563,564,685,FINE_AGGREGATE,0.02019035,0.02008537,0.00010498,0.00980984
CP01-R0563,563,564,685,AGE,0.11422207,0.11414002,0.00008205,0.01511860
CP01-R0347,347,348,686,INTERCEPT,-23.33121358,-23.42714151,0.09592792,0.00360828
CP01-R0347,347,348,686,CEMENT,0.11980433,0.11982345,-0.00001912,-0.00225198
CP01-R0347,347,348,686,SLAG,0.10386581,0.10388987,-0.00002406,-0.00237375
CP01-R0347,347,348,686,FLY_ASH,0.08793432,0.08782547,0.00010885,0.00865071
CP01-R0347,347,348,686,WATER,-0.14991842,-0.14955652,-0.00036190,-0.00900772
CP01-R0347,347,348,686,SUPERPLASTICIZER,0.29222460,0.29271498,-0.00049039,-0.00524907
CP01-R0347,347,348,686,COARSE_AGGREGATE,0.01808621,0.01807000,0.00001621,0.00172627
CP01-R0347,347,348,686,FINE_AGGREGATE,0.02019035,0.02023892,-0.00004857,-0.00453881
CP01-R0347,347,348,686,AGE,0.11422207,0.11420928,0.00001278,0.00235564
CP01-R0303,303,304,687,INTERCEPT,-23.33121358,-22.92384852,-0.40736507,-0.01532283
CP01-R0303,303,304,687,CEMENT,0.11980433,0.11967571,0.00012863,0.01515203
CP01-R0303,303,304,687,SLAG,0.10386581,0.10376147,0.00010434,0.01029422
CP01-R0303,303,304,687,FLY_ASH,0.08793432,0.08772800,0.00020632,0.01639651
CP01-R0303,303,304,687,WATER,-0.14991842,-0.15035966,0.00044125,0.01098253
CP01-R0303,303,304,687,SUPERPLASTICIZER,0.29222460,0.29191464,0.00030995,0.00331771
CP01-R0303,303,304,687,COARSE_AGGREGATE,0.01808621,0.01797638,0.00010984,0.01169447
CP01-R0303,303,304,687,FINE_AGGREGATE,0.02019035,0.01997374,0.00021661,0.02024107
CP01-R0303,303,304,687,AGE,0.11422207,0.11417728,0.00004479,0.00825277
CP01-R0120,120,121,688,INTERCEPT,-23.33121358,-23.27848453,-0.05272906,-0.00198338
CP01-R0120,120,121,688,CEMENT,0.11980433,0.11978094,0.00002340,0.00275596
CP01-R0120,120,121,688,SLAG,0.10386581,0.10386349,0.00000231,0.00022838
CP01-R0120,120,121,688,FLY_ASH,0.08793432,0.08803586,-0.00010154,-0.00806955
CP01-R0120,120,121,688,WATER,-0.14991842,-0.14998136,0.00006294,0.00156648
CP01-R0120,120,121,688,SUPERPLASTICIZER,0.29222460,0.29027652,0.00194808,0.02085197
CP01-R0120,120,121,688,COARSE_AGGREGATE,0.01808621,0.01806225,0.00002397,0.00255163
CP01-R0120,120,121,688,FINE_AGGREGATE,0.02019035,0.02017890,0.00001145,0.00107037
CP01-R0120,120,121,688,AGE,0.11422207,0.11422673,-0.00000467,-0.00085988
CP01-R1021,1021,1022,689,INTERCEPT,-23.33121358,-23.68439362,0.35318003,0.01328468
CP01-R1021,1021,1022,689,CEMENT,0.11980433,0.11990626,-0.00010193,-0.01200673
CP01-R1021,1021,1022,689,SLAG,0.10386581,0.10395988,-0.00009407,-0.00928079
CP01-R1021,1021,1022,689,FLY_ASH,0.08793432,0.08815743,-0.00022311,-0.01773087
CP01-R1021,1021,1022,689,WATER,-0.14991842,-0.14944023,-0.00047819,-0.01190213
CP01-R1021,1021,1022,689,SUPERPLASTICIZER,0.29222460,0.29246816,-0.00024357,-0.00260710
CP01-R1021,1021,1022,689,COARSE_AGGREGATE,0.01808621,0.01824359,-0.00015737,-0.01675574
CP01-R1021,1021,1022,689,FINE_AGGREGATE,0.02019035,0.02026315,-0.00007280,-0.00680290
CP01-R1021,1021,1022,689,AGE,0.11422207,0.11425160,-0.00002953,-0.00544177
CP01-R0060,60,61,690,INTERCEPT,-23.33121358,-23.54810135,0.21688776,0.00815812
CP01-R0060,60,61,690,CEMENT,0.11980433,0.11986276,-0.00005842,-0.00688232
CP01-R0060,60,61,690,SLAG,0.10386581,0.10394492,-0.00007911,-0.00780510
CP01-R0060,60,61,690,FLY_ASH,0.08793432,0.08805284,-0.00011851,-0.00941837
CP01-R0060,60,61,690,WATER,-0.14991842,-0.15000117,0.00008276,0.00205978
CP01-R0060,60,61,690,SUPERPLASTICIZER,0.29222460,0.29201576,0.00020883,0.00223529
CP01-R0060,60,61,690,COARSE_AGGREGATE,0.01808621,0.01816647,-0.00008025,-0.00854480
CP01-R0060,60,61,690,FINE_AGGREGATE,0.02019035,0.02034496,-0.00015461,-0.01444698
CP01-R0060,60,61,690,AGE,0.11422207,0.11428907,-0.00006700,-0.01234497
CP01-R0886,886,887,691,INTERCEPT,-23.33121358,-23.01214220,-0.31907138,-0.01200171
CP01-R0886,886,887,691,CEMENT,0.11980433,0.11972174,0.00008260,0.00973007
CP01-R0886,886,887,691,SLAG,0.10386581,0.10384721,0.00001860,0.00183527
CP01-R0886,886,887,691,FLY_ASH,0.08793432,0.08794573,-0.00001141,-0.00090663
CP01-R0886,886,887,691,WATER,-0.14991842,-0.15038330,0.00046488,0.01157069
CP01-R0886,886,887,691,SUPERPLASTICIZER,0.29222460,0.29109594,0.00112866,0.01208103
CP01-R0886,886,887,691,COARSE_AGGREGATE,0.01808621,0.01792700,0.00015921,0.01695151
CP01-R0886,886,887,691,FINE_AGGREGATE,0.02019035,0.02013342,0.00005693,0.00531978
CP01-R0886,886,887,691,AGE,0.11422207,0.11422377,-0.00000170,-0.00031362
CP01-R0773,773,774,692,INTERCEPT,-23.33121358,-23.11285272,-0.21836086,-0.00821353
CP01-R0773,773,774,692,CEMENT,0.11980433,0.11977174,0.00003259,0.00383943
CP01-R0773,773,774,692,SLAG,0.10386581,0.10374254,0.00012327,0.01216152
CP01-R0773,773,774,692,FLY_ASH,0.08793432,0.08779477,0.00013955,0.01109043
CP01-R0773,773,774,692,WATER,-0.14991842,-0.15024590,0.00032749,0.00815105
CP01-R0773,773,774,692,SUPERPLASTICIZER,0.29222460,0.29128359,0.00094101,0.01007244
CP01-R0773,773,774,692,COARSE_AGGREGATE,0.01808621,0.01804848,0.00003774,0.00401768
CP01-R0773,773,774,692,FINE_AGGREGATE,0.02019035,0.02008473,0.00010562,0.00986964
CP01-R0773,773,774,692,AGE,0.11422207,0.11414046,0.00008160,0.01503628
CP01-R0645,645,646,693,INTERCEPT,-23.33121358,-23.41768707,0.08647348,0.00325266
CP01-R0645,645,646,693,CEMENT,0.11980433,0.11982156,-0.00001722,-0.00202870
CP01-R0645,645,646,693,SLAG,0.10386581,0.10396082,-0.00009501,-0.00937338
CP01-R0645,645,646,693,FLY_ASH,0.08793432,0.08805337,-0.00011904,-0.00946049
CP01-R0645,645,646,693,WATER,-0.14991842,-0.14975324,-0.00016518,-0.00411122
CP01-R0645,645,646,693,SUPERPLASTICIZER,0.29222460,0.29299430,-0.00076970,-0.00823878
CP01-R0645,645,646,693,COARSE_AGGREGATE,0.01808621,0.01807886,0.00000736,0.00078343
CP01-R0645,645,646,693,FINE_AGGREGATE,0.02019035,0.02023222,-0.00004187,-0.00391283
CP01-R0645,645,646,693,AGE,0.11422207,0.11427610,-0.00005404,-0.00995671
CP01-R0615,615,616,694,INTERCEPT,-23.33121358,-23.64573500,0.31452142,0.01183056
CP01-R0615,615,616,694,CEMENT,0.11980433,0.11992347,-0.00011913,-0.01403363
CP01-R0615,615,616,694,SLAG,0.10386581,0.10403988,-0.00017407,-0.01717389
CP01-R0615,615,616,694,FLY_ASH,0.08793432,0.08814775,-0.00021343,-0.01696112
CP01-R0615,615,616,694,WATER,-0.14991842,-0.14950828,-0.00041014,-0.01020834
CP01-R0615,615,616,694,SUPERPLASTICIZER,0.29222460,0.29303846,-0.00081387,-0.00871156
CP01-R0615,615,616,694,COARSE_AGGREGATE,0.01808621,0.01821331,-0.00012709,-0.01353149
CP01-R0615,615,616,694,FINE_AGGREGATE,0.02019035,0.02025531,-0.00006496,-0.00606998
CP01-R0615,615,616,694,AGE,0.11422207,0.11418565,0.00003642,0.00671124
CP01-R0143,143,144,695,INTERCEPT,-23.33121358,-23.27262833,-0.05858526,-0.00220365
CP01-R0143,143,144,695,CEMENT,0.11980433,0.11977856,0.00002578,0.00303655
CP01-R0143,143,144,695,SLAG,0.10386581,0.10385716,0.00000865,0.00085339
CP01-R0143,143,144,695,FLY_ASH,0.08793432,0.08802505,-0.00009073,-0.00721014
CP01-R0143,143,144,695,WATER,-0.14991842,-0.14996670,0.00004828,0.00120177
CP01-R0143,143,144,695,SUPERPLASTICIZER,0.29222460,0.29034100,0.00188359,0.02016177
CP01-R0143,143,144,695,COARSE_AGGREGATE,0.01808621,0.01806030,0.00002591,0.00275894
CP01-R0143,143,144,695,FINE_AGGREGATE,0.02019035,0.02017399,0.00001637,0.00152922
CP01-R0143,143,144,695,AGE,0.11422207,0.11419598,0.00002609,0.00480686
CP01-R0204,204,205,696,INTERCEPT,-23.33121358,-23.23706039,-0.09415319,-0.00354152
CP01-R0204,204,205,696,CEMENT,0.11980433,0.11982012,-0.00001578,-0.00185911
CP01-R0204,204,205,696,SLAG,0.10386581,0.10386471,0.00000110,0.00010856
CP01-R0204,204,205,696,FLY_ASH,0.08793432,0.08786549,0.00006884,0.00547039
CP01-R0204,204,205,696,WATER,-0.14991842,-0.14983119,-0.00008723,-0.00217110
CP01-R0204,204,205,696,SUPERPLASTICIZER,0.29222460,0.29205418,0.00017042,0.00182410
CP01-R0204,204,205,696,COARSE_AGGREGATE,0.01808621,0.01799467,0.00009154,0.00974645
CP01-R0204,204,205,696,FINE_AGGREGATE,0.02019035,0.02016339,0.00002696,0.00251940
CP01-R0204,204,205,696,AGE,0.11422207,0.11412979,0.00009227,0.01700239
CP01-R0594,594,595,697,INTERCEPT,-23.33121358,-23.22188962,-0.10932396,-0.00411216
CP01-R0594,594,595,697,CEMENT,0.11980433,0.11970165,0.00010269,0.01209622
CP01-R0594,594,595,697,SLAG,0.10386581,0.10372714,0.00013867,0.01368148
CP01-R0594,594,595,697,FLY_ASH,0.08793432,0.08773029,0.00020403,0.01621430
CP01-R0594,594,595,697,WATER,-0.14991842,-0.15002496,0.00010654,0.00265173
CP01-R0594,594,595,697,SUPERPLASTICIZER,0.29222460,0.29247472,-0.00025012,-0.00267729
CP01-R0594,594,595,697,COARSE_AGGREGATE,0.01808621,0.01810934,-0.00002313,-0.00246227
CP01-R0594,594,595,697,FINE_AGGREGATE,0.02019035,0.02011727,0.00007309,0.00682939
CP01-R0594,594,595,697,AGE,0.11422207,0.11415471,0.00006736,0.01241108
CP01-R0951,951,952,698,INTERCEPT,-23.33121358,-23.37261860,0.04140502,0.00155743
CP01-R0951,951,952,698,CEMENT,0.11980433,0.11978821,0.00001613,0.00189972
CP01-R0951,951,952,698,SLAG,0.10386581,0.10391360,-0.00004779,-0.00471499
CP01-R0951,951,952,698,FLY_ASH,0.08793432,0.08786876,0.00006556,0.00521032
CP01-R0951,951,952,698,WATER,-0.14991842,-0.15017610,0.00025768,0.00641352
CP01-R0951,951,952,698,SUPERPLASTICIZER,0.29222460,0.29179519,0.00042940,0.00459628
CP01-R0951,951,952,698,COARSE_AGGREGATE,0.01808621,0.01818002,-0.00009381,-0.00998770
CP01-R0951,951,952,698,FINE_AGGREGATE,0.02019035,0.02018939,0.00000096,0.00009002
CP01-R0951,951,952,698,AGE,0.11422207,0.11424951,-0.00002744,-0.00505697
CP01-R0944,944,945,699,INTERCEPT,-23.33121358,-22.99765504,-0.33355855,-0.01254663
CP01-R0944,944,945,699,CEMENT,0.11980433,0.11960714,0.00019719,0.02322904
CP01-R0944,944,945,699,SLAG,0.10386581,0.10364140,0.00022441,0.02214062
CP01-R0944,944,945,699,FLY_ASH,0.08793432,0.08772809,0.00020623,0.01638929
CP01-R0944,944,945,699,WATER,-0.14991842,-0.15012847,0.00021005,0.00522820
CP01-R0944,944,945,699,SUPERPLASTICIZER,0.29222460,0.29326236,-0.00103777,-0.01110814
CP01-R0944,944,945,699,COARSE_AGGREGATE,0.01808621,0.01798337,0.00010284,0.01094981
CP01-R0944,944,945,699,FINE_AGGREGATE,0.02019035,0.02004485,0.00014550,0.01359627
CP01-R0944,944,945,699,AGE,0.11422207,0.11419177,0.00003030,0.00558222
CP01-R0949,949,950,700,INTERCEPT,-23.33121358,-23.04123054,-0.28998304,-0.01090756
CP01-R0949,949,950,700,CEMENT,0.11980433,0.11972907,0.00007527,0.00886626
CP01-R0949,949,950,700,SLAG,0.10386581,0.10385471,0.00001109,0.00109454
CP01-R0949,949,950,700,FLY_ASH,0.08793432,0.08795384,-0.00001951,-0.00155085
CP01-R0949,949,950,700,WATER,-0.14991842,-0.15033717,0.00041875,0.01042264
CP01-R0949,949,950,700,SUPERPLASTICIZER,0.29222460,0.29115742,0.00106718,0.01142296
CP01-R0949,949,950,700,COARSE_AGGREGATE,0.01808621,0.01793704,0.00014918,0.01588311
CP01-R0949,949,950,700,FINE_AGGREGATE,0.02019035,0.02014307,0.00004728,0.00441780
CP01-R0949,949,950,700,AGE,0.11422207,0.11422350,-0.00000143,-0.00026344
CP01-R0167,167,168,701,INTERCEPT,-23.33121358,-23.32544120,-0.00577239,-0.00021713
CP01-R0167,167,168,701,CEMENT,0.11980433,0.11980045,0.00000388,0.00045750
CP01-R0167,167,168,701,SLAG,0.10386581,0.10386089,0.00000492,0.00048560
CP01-R0167,167,168,701,FLY_ASH,0.08793432,0.08784864,0.00008569,0.00680944
CP01-R0167,167,168,701,WATER,-0.14991842,-0.15005407,0.00013565,0.00337633
CP01-R0167,167,168,701,SUPERPLASTICIZER,0.29222460,0.29333605,-0.00111146,-0.01189692
CP01-R0167,167,168,701,COARSE_AGGREGATE,0.01808621,0.01805950,0.00002671,0.00284393
CP01-R0167,167,168,701,FINE_AGGREGATE,0.02019035,0.02024703,-0.00005668,-0.00529621
CP01-R0167,167,168,701,AGE,0.11422207,0.11428166,-0.00005959,-0.01097988
CP01-R0790,790,791,702,INTERCEPT,-23.33121358,-22.77133304,-0.55988054,-0.02105962
CP01-R0790,790,791,702,CEMENT,0.11980433,0.11964667,0.00015767,0.01857295
CP01-R0790,790,791,702,SLAG,0.10386581,0.10373902,0.00012679,0.01250918
CP01-R0790,790,791,702,FLY_ASH,0.08793432,0.08779927,0.00013505,0.01073244
CP01-R0790,790,791,702,WATER,-0.14991842,-0.15068896,0.00077055,0.01917876
CP01-R0790,790,791,702,SUPERPLASTICIZER,0.29222460,0.29211805,0.00010655,0.00114046
CP01-R0790,790,791,702,COARSE_AGGREGATE,0.01808621,0.01788569,0.00020052,0.02135000
CP01-R0790,790,791,702,FINE_AGGREGATE,0.02019035,0.01997126,0.00021909,0.02047228
CP01-R0790,790,791,702,AGE,0.11422207,0.11426086,-0.00003879,-0.00714773
CP01-R0634,634,635,703,INTERCEPT,-23.33121358,-23.32398045,-0.00723314,-0.00027207
CP01-R0634,634,635,703,CEMENT,0.11980433,0.11975182,0.00005251,0.00618605
CP01-R0634,634,635,703,SLAG,0.10386581,0.10377565,0.00009016,0.00889525
CP01-R0634,634,635,703,FLY_ASH,0.08793432,0.08779197,0.00014235,0.01131290
CP01-R0634,634,635,703,WATER,-0.14991842,-0.14994915,0.00003074,0.00076500
CP01-R0634,634,635,703,SUPERPLASTICIZER,0.29222460,0.29211182,0.00011277,0.00120708
CP01-R0634,634,635,703,COARSE_AGGREGATE,0.01808621,0.01813169,-0.00004548,-0.00484196
CP01-R0634,634,635,703,FINE_AGGREGATE,0.02019035,0.02017957,0.00001078,0.00100773
CP01-R0634,634,635,703,AGE,0.11422207,0.11415516,0.00006691,0.01232913
CP01-R0809,809,810,704,INTERCEPT,-23.33121358,-23.22367515,-0.10753844,-0.00404500
CP01-R0809,809,810,704,CEMENT,0.11980433,0.11970333,0.00010101,0.01189883
CP01-R0809,809,810,704,SLAG,0.10386581,0.10372957,0.00013624,0.01344153
CP01-R0809,809,810,704,FLY_ASH,0.08793432,0.08773419,0.00020013,0.01590414
CP01-R0809,809,810,704,WATER,-0.14991842,-0.15001928,0.00010087,0.00251054
CP01-R0809,809,810,704,SUPERPLASTICIZER,0.29222460,0.29248235,-0.00025776,-0.00275901
CP01-R0809,809,810,704,COARSE_AGGREGATE,0.01808621,0.01810812,-0.00002190,-0.00233178
CP01-R0809,809,810,704,FINE_AGGREGATE,0.02019035,0.02011838,0.00007197,0.00672497
CP01-R0809,809,810,704,AGE,0.11422207,0.11415612,0.00006594,0.01215064
CP01-R0291,291,292,705,INTERCEPT,-23.33121358,-23.55851570,0.22730212,0.00854985
CP01-R0291,291,292,705,CEMENT,0.11980433,0.11981195,-0.00000761,-0.00089672
CP01-R0291,291,292,705,SLAG,0.10386581,0.10391153,-0.00004572,-0.00451086
CP01-R0291,291,292,705,FLY_ASH,0.08793432,0.08804288,-0.00010856,-0.00862693
CP01-R0291,291,292,705,WATER,-0.14991842,-0.14966482,-0.00025360,-0.00631199
CP01-R0291,291,292,705,SUPERPLASTICIZER,0.29222460,0.29290389,-0.00067929,-0.00727108
CP01-R0291,291,292,705,COARSE_AGGREGATE,0.01808621,0.01822011,-0.00013389,-0.01425552
CP01-R0291,291,292,705,FINE_AGGREGATE,0.02019035,0.02024494,-0.00005459,-0.00510071
CP01-R0291,291,292,705,AGE,0.11422207,0.11419579,0.00002628,0.00484268
CP01-R0068,68,69,706,INTERCEPT,-23.33121358,-23.53374499,0.20253141,0.00761811
CP01-R0068,68,69,706,CEMENT,0.11980433,0.11985957,-0.00005523,-0.00650658
CP01-R0068,68,69,706,SLAG,0.10386581,0.10394219,-0.00007638,-0.00753610
CP01-R0068,68,69,706,FLY_ASH,0.08793432,0.08804797,-0.00011364,-0.00903136
CP01-R0068,68,69,706,WATER,-0.14991842,-0.15000260,0.00008418,0.00209521
CP01-R0068,68,69,706,SUPERPLASTICIZER,0.29222460,0.29202228,0.00020231,0.00216552
CP01-R0068,68,69,706,COARSE_AGGREGATE,0.01808621,0.01816108,-0.00007487,-0.00797121
CP01-R0068,68,69,706,FINE_AGGREGATE,0.02019035,0.02033480,-0.00014445,-0.01349756
CP01-R0068,68,69,706,AGE,0.11422207,0.11430345,-0.00008138,-0.01499498
CP01-R0304,304,305,707,INTERCEPT,-23.33121358,-22.98146592,-0.34974766,-0.01315558
CP01-R0304,304,305,707,CEMENT,0.11980433,0.11969247,0.00011186,0.01317710
CP01-R0304,304,305,707,SLAG,0.10386581,0.10376683,0.00009897,0.00976486
CP01-R0304,304,305,707,FLY_ASH,0.08793432,0.08774735,0.00018697,0.01485876
CP01-R0304,304,305,707,WATER,-0.14991842,-0.15025436,0.00033595,0.00836162
CP01-R0304,304,305,707,SUPERPLASTICIZER,0.29222460,0.29200641,0.00021818,0.00233538
CP01-R0304,304,305,707,COARSE_AGGREGATE,0.01808621,0.01799068,0.00009554,0.01017204
CP01-R0304,304,305,707,FINE_AGGREGATE,0.02019035,0.02000150,0.00018885,0.01764721
CP01-R0304,304,305,707,AGE,0.11422207,0.11412221,0.00009986,0.01839995
CP01-R0283,283,284,708,INTERCEPT,-23.33121358,-22.83788526,-0.49332833,-0.01855629
CP01-R0283,283,284,708,CEMENT,0.11980433,0.11969523,0.00010911,0.01285258
CP01-R0283,283,284,708,SLAG,0.10386581,0.10376771,0.00009809,0.00967806
CP01-R0283,283,284,708,FLY_ASH,0.08793432,0.08771343,0.00022089,0.01755411
CP01-R0283,283,284,708,WATER,-0.14991842,-0.15072285,0.00080443,0.02002226
CP01-R0283,283,284,708,SUPERPLASTICIZER,0.29222460,0.29120378,0.00102082,0.01092671
CP01-R0283,283,284,708,COARSE_AGGREGATE,0.01808621,0.01789947,0.00018674,0.01988287
CP01-R0283,283,284,708,FINE_AGGREGATE,0.02019035,0.02004276,0.00014759,0.01379171
CP01-R0283,283,284,708,AGE,0.11422207,0.11420933,0.00001274,0.00234785
CP01-R0672,672,673,709,INTERCEPT,-23.33121358,-23.03579893,-0.29541466,-0.01111187
CP01-R0672,672,673,709,CEMENT,0.11980433,0.11972356,0.00008077,0.00951497
CP01-R0672,672,673,709,SLAG,0.10386581,0.10383336,0.00003245,0.00320149
CP01-R0672,672,673,709,FLY_ASH,0.08793432,0.08780882,0.00012550,0.00997371
CP01-R0672,672,673,709,WATER,-0.14991842,-0.15035206,0.00043364,0.01079323
CP01-R0672,672,673,709,SUPERPLASTICIZER,0.29222460,0.29074933,0.00147527,0.01579107
CP01-R0672,672,673,709,COARSE_AGGREGATE,0.01808621,0.01799268,0.00009353,0.00995841
CP01-R0672,672,673,709,FINE_AGGREGATE,0.02019035,0.02009206,0.00009829,0.00918478
CP01-R0672,672,673,709,AGE,0.11422207,0.11415285,0.00006921,0.01275327
CP01-R0591,591,592,710,INTERCEPT,-23.33121358,-23.23920036,-0.09201323,-0.00346103
CP01-R0591,591,592,710,CEMENT,0.11980433,0.11970248,0.00010185,0.01199784
CP01-R0591,591,592,710,SLAG,0.10386581,0.10373498,0.00013083,0.01290760
CP01-R0591,591,592,710,FLY_ASH,0.08793432,0.08773817,0.00019615,0.01558795
CP01-R0591,591,592,710,WATER,-0.14991842,-0.14999755,0.00007913,0.00196954
CP01-R0591,591,592,710,SUPERPLASTICIZER,0.29222460,0.29256276,-0.00033817,-0.00361972
CP01-R0591,591,592,710,COARSE_AGGREGATE,0.01808621,0.01811337,-0.00002716,-0.00289177
CP01-R0591,591,592,710,FINE_AGGREGATE,0.02019035,0.02012505,0.00006530,0.00610148
CP01-R0591,591,592,710,AGE,0.11422207,0.11416023,0.00006184,0.01139442
CP01-R0487,487,488,711,INTERCEPT,-23.33121358,-23.81362992,0.48241634,0.01814584
CP01-R0487,487,488,711,CEMENT,0.11980433,0.12000096,-0.00019663,-0.02316230
CP01-R0487,487,488,711,SLAG,0.10386581,0.10403797,-0.00017216,-0.01698567
CP01-R0487,487,488,711,FLY_ASH,0.08793432,0.08818543,-0.00025111,-0.01995573
CP01-R0487,487,488,711,WATER,-0.14991842,-0.14939201,-0.00052641,-0.01310225
CP01-R0487,487,488,711,SUPERPLASTICIZER,0.29222460,0.29279822,-0.00057363,-0.00614004
CP01-R0487,487,488,711,COARSE_AGGREGATE,0.01808621,0.01822500,-0.00013878,-0.01477652
CP01-R0487,487,488,711,FINE_AGGREGATE,0.02019035,0.02041084,-0.00022049,-0.02060352
CP01-R0487,487,488,711,AGE,0.11422207,0.11423110,-0.00000903,-0.00166373
CP01-R0742,742,743,712,INTERCEPT,-23.33121358,-23.70051316,0.36929957,0.01389101
CP01-R0742,742,743,712,CEMENT,0.11980433,0.11981848,-0.00001415,-0.00166644
CP01-R0742,742,743,712,SLAG,0.10386581,0.10398475,-0.00011894,-0.01173436
CP01-R0742,742,743,712,FLY_ASH,0.08793432,0.08802868,-0.00009435,-0.00749831
CP01-R0742,742,743,712,WATER,-0.14991842,-0.14940453,-0.00051389,-0.01279060
CP01-R0742,742,743,712,SUPERPLASTICIZER,0.29222460,0.29380511,-0.00158051,-0.01691761
CP01-R0742,742,743,712,COARSE_AGGREGATE,0.01808621,0.01823158,-0.00014537,-0.01547744
CP01-R0742,742,743,712,FINE_AGGREGATE,0.02019035,0.02032111,-0.00013076,-0.01221837
CP01-R0742,742,743,712,AGE,0.11422207,0.11426566,-0.00004360,-0.00803292
CP01-R0598,598,599,713,INTERCEPT,-23.33121358,-23.38917789,0.05796431,0.00218030
CP01-R0598,598,599,713,CEMENT,0.11980433,0.11986398,-0.00005964,-0.00702562
CP01-R0598,598,599,713,SLAG,0.10386581,0.10399975,-0.00013394,-0.01321483
CP01-R0598,598,599,713,FLY_ASH,0.08793432,0.08800636,-0.00007204,-0.00572492
CP01-R0598,598,599,713,WATER,-0.14991842,-0.15005019,0.00013177,0.00327980
CP01-R0598,598,599,713,SUPERPLASTICIZER,0.29222460,0.29065396,0.00157063,0.01681188
CP01-R0598,598,599,713,COARSE_AGGREGATE,0.01808621,0.01813521,-0.00004899,-0.00521653
CP01-R0598,598,599,713,FINE_AGGREGATE,0.02019035,0.02021518,-0.00002483,-0.00231978
CP01-R0598,598,599,713,AGE,0.11422207,0.11420077,0.00002130,0.00392515
CP01-R0725,725,726,714,INTERCEPT,-23.33121358,-23.12994183,-0.20127175,-0.00757073
CP01-R0725,725,726,714,CEMENT,0.11980433,0.11976743,0.00003690,0.00434674
CP01-R0725,725,726,714,SLAG,0.10386581,0.10386907,-0.00000326,-0.00032143
CP01-R0725,725,726,714,FLY_ASH,0.08793432,0.08795205,-0.00001773,-0.00140905
CP01-R0725,725,726,714,WATER,-0.14991842,-0.15018228,0.00026386,0.00656737
CP01-R0725,725,726,714,SUPERPLASTICIZER,0.29222460,0.29252080,-0.00029621,-0.00317058
CP01-R0725,725,726,714,COARSE_AGGREGATE,0.01808621,0.01802038,0.00006584,0.00700991
CP01-R0725,725,726,714,FINE_AGGREGATE,0.02019035,0.02008009,0.00011026,0.01030292
CP01-R0725,725,726,714,AGE,0.11422207,0.11417961,0.00004246,0.00782302
CP01-R0201,201,202,715,INTERCEPT,-23.33121358,-23.40440579,0.07319221,0.00275309
CP01-R0201,201,202,715,CEMENT,0.11980433,0.11977617,0.00002817,0.00331809
CP01-R0201,201,202,715,SLAG,0.10386581,0.10384241,0.00002340,0.00230846
CP01-R0201,201,202,715,FLY_ASH,0.08793432,0.08797559,-0.00004127,-0.00327997
CP01-R0201,201,202,715,WATER,-0.14991842,-0.14996103,0.00004261,0.00106045
CP01-R0201,201,202,715,SUPERPLASTICIZER,0.29222460,0.29247542,-0.00025082,-0.00268478
CP01-R0201,201,202,715,COARSE_AGGREGATE,0.01808621,0.01817429,-0.00008808,-0.00937794
CP01-R0201,201,202,715,FINE_AGGREGATE,0.02019035,0.02019921,-0.00000886,-0.00082792
CP01-R0201,201,202,715,AGE,0.11422207,0.11420279,0.00001928,0.00355250
CP01-R0818,818,819,716,INTERCEPT,-23.33121358,-23.03698446,-0.29422912,-0.01106728
CP01-R0818,818,819,716,CEMENT,0.11980433,0.11966048,0.00014385,0.01694558
CP01-R0818,818,819,716,SLAG,0.10386581,0.10377415,0.00009166,0.00904327
CP01-R0818,818,819,716,FLY_ASH,0.08793432,0.08781099,0.00012333,0.00980112
CP01-R0818,818,819,716,WATER,-0.14991842,-0.15026105,0.00034263,0.00852801
CP01-R0818,818,819,716,SUPERPLASTICIZER,0.29222460,0.29244858,-0.00022399,-0.00239755
CP01-R0818,818,819,716,COARSE_AGGREGATE,0.01808621,0.01794172,0.00014450,0.01538501
CP01-R0818,818,819,716,FINE_AGGREGATE,0.02019035,0.02013397,0.00005638,0.00526867
CP01-R0818,818,819,716,AGE,0.11422207,0.11426354,-0.00004148,-0.00764230
CP01-R0872,872,873,717,INTERCEPT,-23.33121358,-23.51962011,0.18840653,0.00708681
CP01-R0872,872,873,717,CEMENT,0.11980433,0.11995594,-0.00015161,-0.01785902
CP01-R0872,872,873,717,SLAG,0.10386581,0.10395622,-0.00009041,-0.00892022
CP01-R0872,872,873,717,FLY_ASH,0.08793432,0.08818314,-0.00024882,-0.01977353
CP01-R0872,872,873,717,WATER,-0.14991842,-0.14978935,-0.00012907,-0.00321244
CP01-R0872,872,873,717,SUPERPLASTICIZER,0.29222460,0.29058528,0.00163931,0.01754699
CP01-R0872,872,873,717,COARSE_AGGREGATE,0.01808621,0.01811957,-0.00003336,-0.00355144
CP01-R0872,872,873,717,FINE_AGGREGATE,0.02019035,0.02028784,-0.00009749,-0.00911010
CP01-R0872,872,873,717,AGE,0.11422207,0.11423964,-0.00001758,-0.00323835
CP01-R0796,796,797,718,INTERCEPT,-23.33121358,-23.62801671,0.29680312,0.01116410
CP01-R0796,796,797,718,CEMENT,0.11980433,0.11994735,-0.00014301,-0.01684674
CP01-R0796,796,797,718,SLAG,0.10386581,0.10397453,-0.00010873,-0.01072690
CP01-R0796,796,797,718,FLY_ASH,0.08793432,0.08807979,-0.00014546,-0.01156010
CP01-R0796,796,797,718,WATER,-0.14991842,-0.14965633,-0.00026209,-0.00652335
CP01-R0796,796,797,718,SUPERPLASTICIZER,0.29222460,0.29195003,0.00027457,0.00293895
CP01-R0796,796,797,718,COARSE_AGGREGATE,0.01808621,0.01822818,-0.00014196,-0.01511497
CP01-R0796,796,797,718,FINE_AGGREGATE,0.02019035,0.02026212,-0.00007177,-0.00670610
CP01-R0796,796,797,718,AGE,0.11422207,0.11430356,-0.00008149,-0.01501543
CP01-R0208,208,209,719,INTERCEPT,-23.33121358,-22.97968105,-0.35153253,-0.01322271
CP01-R0208,208,209,719,CEMENT,0.11980433,0.11974692,0.00005741,0.00676313
CP01-R0208,208,209,719,SLAG,0.10386581,0.10380329,0.00006252,0.00616809
CP01-R0208,208,209,719,FLY_ASH,0.08793432,0.08776256,0.00017176,0.01364975
CP01-R0208,208,209,719,WATER,-0.14991842,-0.15038718,0.00046877,0.01166750
CP01-R0208,208,209,719,SUPERPLASTICIZER,0.29222460,0.29175356,0.00047104,0.00504192
CP01-R0208,208,209,719,COARSE_AGGREGATE,0.01808621,0.01792796,0.00015826,0.01684963
CP01-R0208,208,209,719,FINE_AGGREGATE,0.02019035,0.02008205,0.00010830,0.01011998
CP01-R0208,208,209,719,AGE,0.11422207,0.11419859,0.00002348,0.00432615
CP01-R0198,198,199,720,INTERCEPT,-23.33121358,-23.01729412,-0.31391946,-0.01180792
CP01-R0198,198,199,720,CEMENT,0.11980433,0.11975631,0.00004802,0.00565685
CP01-R0198,198,199,720,SLAG,0.10386581,0.10380059,0.00006522,0.00643464
CP01-R0198,198,199,720,FLY_ASH,0.08793432,0.08781159,0.00012273,0.00975366
CP01-R0198,198,199,720,WATER,-0.14991842,-0.15019933,0.00028091,0.00699186
CP01-R0198,198,199,720,SUPERPLASTICIZER,0.29222460,0.29209475,0.00012985,0.00138988
CP01-R0198,198,199,720,COARSE_AGGREGATE,0.01808621,0.01798154,0.00010468,0.01114489
CP01-R0198,198,199,720,FINE_AGGREGATE,0.02019035,0.02001171,0.00017864,0.01669264
CP01-R0198,198,199,720,AGE,0.11422207,0.11418133,0.00004074,0.00750711
CP01-R0730,730,731,721,INTERCEPT,-23.33121358,-22.92552306,-0.40569053,-0.01525984
CP01-R0730,730,731,721,CEMENT,0.11980433,0.11969548,0.00010885,0.01282263
CP01-R0730,730,731,721,SLAG,0.10386581,0.10378778,0.00007803,0.00769820
CP01-R0730,730,731,721,FLY_ASH,0.08793432,0.08785415,0.00008017,0.00637099
CP01-R0730,730,731,721,WATER,-0.14991842,-0.15043705,0.00051864,0.01290875
CP01-R0730,730,731,721,SUPERPLASTICIZER,0.29222460,0.29237048,-0.00014588,-0.00156152
CP01-R0730,730,731,721,COARSE_AGGREGATE,0.01808621,0.01794692,0.00013929,0.01483078
CP01-R0730,730,731,721,FINE_AGGREGATE,0.02019035,0.02001046,0.00017989,0.01680943
CP01-R0730,730,731,721,AGE,0.11422207,0.11418076,0.00004131,0.00761146
CP01-R0745,745,746,722,INTERCEPT,-23.33121358,-23.27461567,-0.05659791,-0.00212890
CP01-R0745,745,746,722,CEMENT,0.11980433,0.11973607,0.00006827,0.00804161
CP01-R0745,745,746,722,SLAG,0.10386581,0.10375660,0.00010921,0.01077440
CP01-R0745,745,746,722,FLY_ASH,0.08793432,0.08777303,0.00016129,0.01281756
CP01-R0745,745,746,722,WATER,-0.14991842,-0.14996823,0.00004981,0.00123969
CP01-R0745,745,746,722,SUPERPLASTICIZER,0.29222460,0.29234618,-0.00012158,-0.00130142
CP01-R0745,745,746,722,COARSE_AGGREGATE,0.01808621,0.01812272,-0.00003651,-0.00388686
CP01-R0745,745,746,722,FINE_AGGREGATE,0.02019035,0.02013798,0.00005238,0.00489417
CP01-R0745,745,746,722,AGE,0.11422207,0.11415500,0.00006707,0.01235845
CP01-R0666,666,667,723,INTERCEPT,-23.33121358,-23.13479591,-0.19641767,-0.00738815
CP01-R0666,666,667,723,CEMENT,0.11980433,0.11970211,0.00010222,0.01204166
CP01-R0666,666,667,723,SLAG,0.10386581,0.10379975,0.00006606,0.00651739
CP01-R0666,666,667,723,FLY_ASH,0.08793432,0.08778381,0.00015051,0.01196101
CP01-R0666,666,667,723,WATER,-0.14991842,-0.15014855,0.00023013,0.00572789
CP01-R0666,666,667,723,SUPERPLASTICIZER,0.29222460,0.29137490,0.00084969,0.00909498
CP01-R0666,666,667,723,COARSE_AGGREGATE,0.01808621,0.01799768,0.00008853,0.00942634
CP01-R0666,666,667,723,FINE_AGGREGATE,0.02019035,0.02017150,0.00001886,0.00176189
CP01-R0666,666,667,723,AGE,0.11422207,0.11416790,0.00005417,0.00998051
CP01-R0726,726,727,724,INTERCEPT,-23.33121358,-23.13860508,-0.19260850,-0.00724487
CP01-R0726,726,727,724,CEMENT,0.11980433,0.11976687,0.00003746,0.00441322
CP01-R0726,726,727,724,SLAG,0.10386581,0.10386037,0.00000544,0.00053659
CP01-R0726,726,727,724,FLY_ASH,0.08793432,0.08793943,-0.00000511,-0.00040633
CP01-R0726,726,727,724,WATER,-0.14991842,-0.15014135,0.00022294,0.00554882
CP01-R0726,726,727,724,SUPERPLASTICIZER,0.29222460,0.29251781,-0.00029322,-0.00313857
CP01-R0726,726,727,724,COARSE_AGGREGATE,0.01808621,0.01802296,0.00006326,0.00673508
CP01-R0726,726,727,724,FINE_AGGREGATE,0.02019035,0.02008315,0.00010720,0.01001746
CP01-R0726,726,727,724,AGE,0.11422207,0.11414311,0.00007896,0.01454876
CP01-R1029,1029,1030,725,INTERCEPT,-23.33121358,-23.52484771,0.19363412,0.00728345
CP01-R1029,1029,1030,725,CEMENT,0.11980433,0.11995642,-0.00015208,-0.01791507
CP01-R1029,1029,1030,725,SLAG,0.10386581,0.10395941,-0.00009360,-0.00923483
CP01-R1029,1029,1030,725,FLY_ASH,0.08793432,0.08818398,-0.00024965,-0.01984006
CP01-R1029,1029,1030,725,WATER,-0.14991842,-0.14978394,-0.00013448,-0.00334715
CP01-R1029,1029,1030,725,SUPERPLASTICIZER,0.29222460,0.29057515,0.00164945,0.01765547
CP01-R1029,1029,1030,725,COARSE_AGGREGATE,0.01808621,0.01812171,-0.00003550,-0.00377936
CP01-R1029,1029,1030,725,FINE_AGGREGATE,0.02019035,0.02029034,-0.00009999,-0.00934376
CP01-R1029,1029,1030,725,AGE,0.11422207,0.11423924,-0.00001718,-0.00316485
CP01-R0194,194,195,726,INTERCEPT,-23.33121358,-22.78866718,-0.54254641,-0.02040760
CP01-R0194,194,195,726,CEMENT,0.11980433,0.11967697,0.00012737,0.01500364
CP01-R0194,194,195,726,SLAG,0.10386581,0.10373392,0.00013189,0.01301207
CP01-R0194,194,195,726,FLY_ASH,0.08793432,0.08771340,0.00022093,0.01755709
CP01-R0194,194,195,726,WATER,-0.14991842,-0.15078666,0.00086824,0.02161038
CP01-R0194,194,195,726,SUPERPLASTICIZER,0.29222460,0.29164591,0.00057869,0.00619420
CP01-R0194,194,195,726,COARSE_AGGREGATE,0.01808621,0.01794202,0.00014419,0.01535226
CP01-R0194,194,195,726,FINE_AGGREGATE,0.02019035,0.01995131,0.00023904,0.02233702
CP01-R0194,194,195,726,AGE,0.11422207,0.11416481,0.00005726,0.01054994
CP01-R0437,437,438,727,INTERCEPT,-23.33121358,-23.34599097,0.01477738,0.00055584
CP01-R0437,437,438,727,CEMENT,0.11980433,0.11976717,0.00003716,0.00437775
CP01-R0437,437,438,727,SLAG,0.10386581,0.10380783,0.00005797,0.00571976
CP01-R0437,437,438,727,FLY_ASH,0.08793432,0.08775031,0.00018401,0.01462371
CP01-R0437,437,438,727,WATER,-0.14991842,-0.14957617,-0.00034225,-0.00851850
CP01-R0437,437,438,727,SUPERPLASTICIZER,0.29222460,0.29420120,-0.00197661,-0.02115739
CP01-R0437,437,438,727,COARSE_AGGREGATE,0.01808621,0.01809015,-0.00000393,-0.00041859
CP01-R0437,437,438,727,FINE_AGGREGATE,0.02019035,0.02013706,0.00005329,0.00497985
CP01-R0437,437,438,727,AGE,0.11422207,0.11420301,0.00001905,0.00351081
CP01-R0812,812,813,728,INTERCEPT,-23.33121358,-23.37549000,0.04427642,0.00166543
CP01-R0812,812,813,728,CEMENT,0.11980433,0.11982678,-0.00002245,-0.00264462
CP01-R0812,812,813,728,SLAG,0.10386581,0.10394752,-0.00008171,-0.00806121
CP01-R0812,812,813,728,FLY_ASH,0.08793432,0.08803571,-0.00010139,-0.00805763
CP01-R0812,812,813,728,WATER,-0.14991842,-0.14991694,-0.00000148,-0.00003688
CP01-R0812,812,813,728,SUPERPLASTICIZER,0.29222460,0.29290559,-0.00068099,-0.00728925
CP01-R0812,812,813,728,COARSE_AGGREGATE,0.01808621,0.01812674,-0.00004052,-0.00431451
CP01-R0812,812,813,728,FINE_AGGREGATE,0.02019035,0.02015876,0.00003159,0.00295154
CP01-R0812,812,813,728,AGE,0.11422207,0.11426756,-0.00004549,-0.00838185
CP01-R0019,19,20,729,INTERCEPT,-23.33121358,-23.57348548,0.24227189,0.00911293
CP01-R0019,19,20,729,CEMENT,0.11980433,0.11985943,-0.00005510,-0.00649062
CP01-R0019,19,20,729,SLAG,0.10386581,0.10396737,-0.00010156,-0.01002002
CP01-R0019,19,20,729,FLY_ASH,0.08793432,0.08805297,-0.00011864,-0.00942868
CP01-R0019,19,20,729,WATER,-0.14991842,-0.14991271,-0.00000571,-0.00014200
CP01-R0019,19,20,729,SUPERPLASTICIZER,0.29222460,0.29207077,0.00015382,0.00164647
CP01-R0019,19,20,729,COARSE_AGGREGATE,0.01808621,0.01817677,-0.00009056,-0.00964198
CP01-R0019,19,20,729,FINE_AGGREGATE,0.02019035,0.02034661,-0.00015626,-0.01460173
CP01-R0019,19,20,729,AGE,0.11422207,0.11422856,-0.00000649,-0.00119607
CP01-R0286,286,287,730,INTERCEPT,-23.33121358,-23.44586308,0.11464950,0.00431248
CP01-R0286,286,287,730,CEMENT,0.11980433,0.11981545,-0.00001112,-0.00130939
CP01-R0286,286,287,730,SLAG,0.10386581,0.10388317,-0.00001736,-0.00171240
CP01-R0286,286,287,730,FLY_ASH,0.08793432,0.08808103,-0.00014671,-0.01165935
CP01-R0286,286,287,730,WATER,-0.14991842,-0.14983965,-0.00007876,-0.00196044
CP01-R0286,286,287,730,SUPERPLASTICIZER,0.29222460,0.29212362,0.00010098,0.00108087
CP01-R0286,286,287,730,COARSE_AGGREGATE,0.01808621,0.01816334,-0.00007713,-0.00821186
CP01-R0286,286,287,730,FINE_AGGREGATE,0.02019035,0.02021486,-0.00002451,-0.00228985
CP01-R0286,286,287,730,AGE,0.11422207,0.11420422,0.00001785,0.00328917
CP01-R0791,791,792,731,INTERCEPT,-23.33121358,-22.79215638,-0.53905720,-0.02027636
CP01-R0791,791,792,731,CEMENT,0.11980433,0.11965030,0.00015404,0.01814566
CP01-R0791,791,792,731,SLAG,0.10386581,0.10373233,0.00013348,0.01316910
CP01-R0791,791,792,731,FLY_ASH,0.08793432,0.08778838,0.00014594,0.01159818
CP01-R0791,791,792,731,WATER,-0.14991842,-0.15060555,0.00068713,0.01710259
CP01-R0791,791,792,731,SUPERPLASTICIZER,0.29222460,0.29216795,0.00005665,0.00060632
CP01-R0791,791,792,731,COARSE_AGGREGATE,0.01808621,0.01789322,0.00019300,0.02054860
CP01-R0791,791,792,731,FINE_AGGREGATE,0.02019035,0.01997368,0.00021667,0.02024598
CP01-R0791,791,792,731,AGE,0.11422207,0.11418511,0.00003696,0.00681026
CP01-R0984,984,985,732,INTERCEPT,-23.33121358,-22.91395698,-0.41725660,-0.01569489
CP01-R0984,984,985,732,CEMENT,0.11980433,0.11967118,0.00013315,0.01568531
CP01-R0984,984,985,732,SLAG,0.10386581,0.10379831,0.00006750,0.00665973
CP01-R0984,984,985,732,FLY_ASH,0.08793432,0.08787137,0.00006295,0.00500247
CP01-R0984,984,985,732,WATER,-0.14991842,-0.15051596,0.00059754,0.01487258
CP01-R0984,984,985,732,SUPERPLASTICIZER,0.29222460,0.29179831,0.00042628,0.00456288
CP01-R0984,984,985,732,COARSE_AGGREGATE,0.01808621,0.01794260,0.00014361,0.01529048
CP01-R0984,984,985,732,FINE_AGGREGATE,0.02019035,0.02003991,0.00015044,0.01405793
CP01-R0984,984,985,732,AGE,0.11422207,0.11422505,-0.00000298,-0.00054954
CP01-R0389,389,390,733,INTERCEPT,-23.33121358,-23.50793207,0.17671849,0.00664717
CP01-R0389,389,390,733,CEMENT,0.11980433,0.11983332,-0.00002898,-0.00341427
CP01-R0389,389,390,733,SLAG,0.10386581,0.10396317,-0.00009736,-0.00960564
CP01-R0389,389,390,733,FLY_ASH,0.08793432,0.08797642,-0.00004209,-0.00334530
CP01-R0389,389,390,733,WATER,-0.14991842,-0.14978500,-0.00013341,-0.00332068
CP01-R0389,389,390,733,SUPERPLASTICIZER,0.29222460,0.29088666,0.00133794,0.01432111
CP01-R0389,389,390,733,COARSE_AGGREGATE,0.01808621,0.01815821,-0.00007199,-0.00766533
CP01-R0389,389,390,733,FINE_AGGREGATE,0.02019035,0.02028001,-0.00008965,-0.00837759
CP01-R0389,389,390,733,AGE,0.11422207,0.11422737,-0.00000530,-0.00097692
CP01-R0596,596,597,734,INTERCEPT,-23.33121358,-23.38099207,0.04977849,0.00187239
CP01-R0596,596,597,734,CEMENT,0.11980433,0.11975812,0.00004621,0.00544389
CP01-R0596,596,597,734,SLAG,0.10386581,0.10388202,-0.00001621,-0.00159943
CP01-R0596,596,597,734,FLY_ASH,0.08793432,0.08785497,0.00007935,0.00630607
CP01-R0596,596,597,734,WATER,-0.14991842,-0.14993009,0.00001167,0.00029038
CP01-R0596,596,597,734,SUPERPLASTICIZER,0.29222460,0.29199199,0.00023261,0.00248982
CP01-R0596,596,597,734,COARSE_AGGREGATE,0.01808621,0.01816188,-0.00007567,-0.00805645
CP01-R0596,596,597,734,FINE_AGGREGATE,0.02019035,0.02019245,-0.00000210,-0.00019583
CP01-R0596,596,597,734,AGE,0.11422207,0.11419435,0.00002772,0.00510787
CP01-R0608,608,609,735,INTERCEPT,-23.33121358,-23.49964132,0.16842773,0.00633532
CP01-R0608,608,609,735,CEMENT,0.11980433,0.11990577,-0.00010144,-0.01194950
CP01-R0608,608,609,735,SLAG,0.10386581,0.10400557,-0.00013976,-0.01378859
CP01-R0608,608,609,735,FLY_ASH,0.08793432,0.08811904,-0.00018472,-0.01467994
CP01-R0608,608,609,735,WATER,-0.14991842,-0.14980468,-0.00011374,-0.00283091
CP01-R0608,608,609,735,SUPERPLASTICIZER,0.29222460,0.29245986,-0.00023526,-0.00251820
CP01-R0608,608,609,735,COARSE_AGGREGATE,0.01808621,0.01816423,-0.00007802,-0.00830655
CP01-R0608,608,609,735,FINE_AGGREGATE,0.02019035,0.02021088,-0.00002053,-0.00191854
CP01-R0608,608,609,735,AGE,0.11422207,0.11426089,-0.00003882,-0.00715363
CP01-R0288,288,289,736,INTERCEPT,-23.33121358,-23.20893269,-0.12228089,-0.00459953
CP01-R0288,288,289,736,CEMENT,0.11980433,0.11978868,0.00001566,0.00184418
CP01-R0288,288,289,736,SLAG,0.10386581,0.10383833,0.00002748,0.00271105
CP01-R0288,288,289,736,FLY_ASH,0.08793432,0.08777906,0.00015526,0.01233862
CP01-R0288,288,289,736,WATER,-0.14991842,-0.14997198,0.00005356,0.00133322
CP01-R0288,288,289,736,SUPERPLASTICIZER,0.29222460,0.29235192,-0.00012732,-0.00136284
CP01-R0288,288,289,736,COARSE_AGGREGATE,0.01808621,0.01800778,0.00007843,0.00835095
CP01-R0288,288,289,736,FINE_AGGREGATE,0.02019035,0.02015803,0.00003232,0.00302001
CP01-R0288,288,289,736,AGE,0.11422207,0.11418752,0.00003455,0.00636602
CP01-R0619,619,620,737,INTERCEPT,-23.33121358,-23.43482591,0.10361233,0.00389732
CP01-R0619,619,620,737,CEMENT,0.11980433,0.11988515,-0.00008081,-0.00951967
CP01-R0619,619,620,737,SLAG,0.10386581,0.10398426,-0.00011846,-0.01168680
CP01-R0619,619,620,737,FLY_ASH,0.08793432,0.08808930,-0.00015498,-0.01231611
CP01-R0619,619,620,737,WATER,-0.14991842,-0.14989071,-0.00002771,-0.00068970
CP01-R0619,619,620,737,SUPERPLASTICIZER,0.29222460,0.29233815,-0.00011356,-0.00121550
CP01-R0619,619,620,737,COARSE_AGGREGATE,0.01808621,0.01814358,-0.00005736,-0.00610743
CP01-R0619,619,620,737,FINE_AGGREGATE,0.02019035,0.02018933,0.00000102,0.00009521
CP01-R0619,619,620,737,AGE,0.11422207,0.11419514,0.00002693,0.00496132
CP01-R0601,601,602,738,INTERCEPT,-23.33121358,-23.72039895,0.38918537,0.01463901
CP01-R0601,601,602,738,CEMENT,0.11980433,0.11991670,-0.00011236,-0.01323630
CP01-R0601,601,602,738,SLAG,0.10386581,0.10406414,-0.00019833,-0.01956689
CP01-R0601,601,602,738,FLY_ASH,0.08793432,0.08815921,-0.00022488,-0.01787160
CP01-R0601,601,602,738,WATER,-0.14991842,-0.14953459,-0.00038383,-0.00955344
CP01-R0601,601,602,738,SUPERPLASTICIZER,0.29222460,0.29287709,-0.00065249,-0.00698420
CP01-R0601,601,602,738,COARSE_AGGREGATE,0.01808621,0.01822950,-0.00014328,-0.01525518
CP01-R0601,601,602,738,FINE_AGGREGATE,0.02019035,0.02033264,-0.00014229,-0.01329560
CP01-R0601,601,602,738,AGE,0.11422207,0.11429282,-0.00007076,-0.01303742
CP01-R0366,366,367,739,INTERCEPT,-23.33121358,-23.81933405,0.48812046,0.01836040
CP01-R0366,366,367,739,CEMENT,0.11980433,0.11994125,-0.00013691,-0.01612833
CP01-R0366,366,367,739,SLAG,0.10386581,0.10400520,-0.00013939,-0.01375267
CP01-R0366,366,367,739,FLY_ASH,0.08793432,0.08804031,-0.00010599,-0.00842271
CP01-R0366,366,367,739,WATER,-0.14991842,-0.14905243,-0.00086599,-0.02155438
CP01-R0366,366,367,739,SUPERPLASTICIZER,0.29222460,0.29299907,-0.00077448,-0.00828993
CP01-R0366,366,367,739,COARSE_AGGREGATE,0.01808621,0.01821299,-0.00012678,-0.01349801
CP01-R0366,366,367,739,FINE_AGGREGATE,0.02019035,0.02037525,-0.00018490,-0.01727736
CP01-R0366,366,367,739,AGE,0.11422207,0.11423483,-0.00001277,-0.00235229
CP01-R0681,681,682,740,INTERCEPT,-23.33121358,-23.36318267,0.03196908,0.00120250
CP01-R0681,681,682,740,CEMENT,0.11980433,0.11985351,-0.00004918,-0.00579338
CP01-R0681,681,682,740,SLAG,0.10386581,0.10385657,0.00000924,0.00091149
CP01-R0681,681,682,740,FLY_ASH,0.08793432,0.08798849,-0.00005417,-0.00430503
CP01-R0681,681,682,740,WATER,-0.14991842,-0.14987242,-0.00004600,-0.00114497
CP01-R0681,681,682,740,SUPERPLASTICIZER,0.29222460,0.29295644,-0.00073184,-0.00783356
CP01-R0681,681,682,740,COARSE_AGGREGATE,0.01808621,0.01813834,-0.00005213,-0.00554986
CP01-R0681,681,682,740,FINE_AGGREGATE,0.02019035,0.02012421,0.00006615,0.00618087
CP01-R0681,681,682,740,AGE,0.11422207,0.11423258,-0.00001051,-0.00193732
CP01-R0219,219,220,741,INTERCEPT,-23.33121358,-23.22881678,-0.10239681,-0.00385160
CP01-R0219,219,220,741,CEMENT,0.11980433,0.11982915,-0.00002482,-0.00292375
CP01-R0219,219,220,741,SLAG,0.10386581,0.10387829,-0.00001248,-0.00123119
CP01-R0219,219,220,741,FLY_ASH,0.08793432,0.08790300,0.00003133,0.00248949
CP01-R0219,219,220,741,WATER,-0.14991842,-0.14994090,0.00002248,0.00055959
CP01-R0219,219,220,741,SUPERPLASTICIZER,0.29222460,0.29144334,0.00078126,0.00836250
CP01-R0219,219,220,741,COARSE_AGGREGATE,0.01808621,0.01799848,0.00008773,0.00934095
CP01-R0219,219,220,741,FINE_AGGREGATE,0.02019035,0.02017135,0.00001900,0.00177580
CP01-R0219,219,220,741,AGE,0.11422207,0.11414525,0.00007682,0.01415421
CP01-R0921,921,922,742,INTERCEPT,-23.33121358,-22.93411856,-0.39709503,-0.01493652
CP01-R0921,921,922,742,CEMENT,0.11980433,0.11968044,0.00012389,0.01459464
CP01-R0921,921,922,742,SLAG,0.10386581,0.10380607,0.00005974,0.00589384
CP01-R0921,921,922,742,FLY_ASH,0.08793432,0.08788208,0.00005224,0.00415129
CP01-R0921,921,922,742,WATER,-0.14991842,-0.15049681,0.00057839,0.01439600
CP01-R0921,921,922,742,SUPERPLASTICIZER,0.29222460,0.29170897,0.00051562,0.00551914
CP01-R0921,921,922,742,COARSE_AGGREGATE,0.01808621,0.01794896,0.00013726,0.01461383
CP01-R0921,921,922,742,FINE_AGGREGATE,0.02019035,0.02004913,0.00014122,0.01319612
CP01-R0921,921,922,742,AGE,0.11422207,0.11422509,-0.00000302,-0.00055606
CP01-R0012,12,13,743,INTERCEPT,-23.33121358,-23.17722866,-0.15398493,-0.00579206
CP01-R0012,12,13,743,CEMENT,0.11980433,0.11979349,0.00001085,0.00127757
CP01-R0012,12,13,743,SLAG,0.10386581,0.10378792,0.00007789,0.00768462
CP01-R0012,12,13,743,FLY_ASH,0.08793432,0.08793125,0.00000307,0.00024428
CP01-R0012,12,13,743,WATER,-0.14991842,-0.15009774,0.00017932,0.00446331
CP01-R0012,12,13,743,SUPERPLASTICIZER,0.29222460,0.29294971,-0.00072512,-0.00776157
CP01-R0012,12,13,743,COARSE_AGGREGATE,0.01808621,0.01804237,0.00004385,0.00466825
CP01-R0012,12,13,743,FINE_AGGREGATE,0.02019035,0.02008636,0.00010399,0.00971717
CP01-R0012,12,13,743,AGE,0.11422207,0.11424935,-0.00002728,-0.00502746
CP01-R0231,231,232,744,INTERCEPT,-23.33121358,-22.92850251,-0.40271108,-0.01514777
CP01-R0231,231,232,744,CEMENT,0.11980433,0.11977140,0.00003293,0.00387944
CP01-R0231,231,232,744,SLAG,0.10386581,0.10378544,0.00008037,0.00792912
CP01-R0231,231,232,744,FLY_ASH,0.08793432,0.08792658,0.00000774,0.00061540
CP01-R0231,231,232,744,WATER,-0.14991842,-0.15055602,0.00063761,0.01586990
CP01-R0231,231,232,744,SUPERPLASTICIZER,0.29222460,0.29057794,0.00164666,0.01762564
CP01-R0231,231,232,744,COARSE_AGGREGATE,0.01808621,0.01790489,0.00018132,0.01930540
CP01-R0231,231,232,744,FINE_AGGREGATE,0.02019035,0.02007327,0.00011708,0.01094055
CP01-R0231,231,232,744,AGE,0.11422207,0.11425951,-0.00003744,-0.00689906
CP01-R0119,119,120,745,INTERCEPT,-23.33121358,-23.19846040,-0.13275319,-0.00499344
CP01-R0119,119,120,745,CEMENT,0.11980433,0.11972961,0.00007473,0.00880304
CP01-R0119,119,120,745,SLAG,0.10386581,0.10380237,0.00006344,0.00625886
CP01-R0119,119,120,745,FLY_ASH,0.08793432,0.08792741,0.00000691,0.00054936
CP01-R0119,119,120,745,WATER,-0.14991842,-0.15003610,0.00011768,0.00292906
CP01-R0119,119,120,745,SUPERPLASTICIZER,0.29222460,0.29146963,0.00075497,0.00808110
CP01-R0119,119,120,745,COARSE_AGGREGATE,0.01808621,0.01808058,0.00000563,0.00059983
CP01-R0119,119,120,745,FINE_AGGREGATE,0.02019035,0.02008917,0.00010118,0.00945478
CP01-R0119,119,120,745,AGE,0.11422207,0.11421898,0.00000309,0.00056963
CP01-R0124,124,125,746,INTERCEPT,-23.33121358,-23.19846040,-0.13275319,-0.00499344
CP01-R0124,124,125,746,CEMENT,0.11980433,0.11972961,0.00007473,0.00880304
CP01-R0124,124,125,746,SLAG,0.10386581,0.10380237,0.00006344,0.00625886
CP01-R0124,124,125,746,FLY_ASH,0.08793432,0.08792741,0.00000691,0.00054936
CP01-R0124,124,125,746,WATER,-0.14991842,-0.15003610,0.00011768,0.00292906
CP01-R0124,124,125,746,SUPERPLASTICIZER,0.29222460,0.29146963,0.00075497,0.00808110
CP01-R0124,124,125,746,COARSE_AGGREGATE,0.01808621,0.01808058,0.00000563,0.00059983
CP01-R0124,124,125,746,FINE_AGGREGATE,0.02019035,0.02008917,0.00010118,0.00945478
CP01-R0124,124,125,746,AGE,0.11422207,0.11421898,0.00000309,0.00056963
CP01-R0127,127,128,747,INTERCEPT,-23.33121358,-23.19846040,-0.13275319,-0.00499344
CP01-R0127,127,128,747,CEMENT,0.11980433,0.11972961,0.00007473,0.00880304
CP01-R0127,127,128,747,SLAG,0.10386581,0.10380237,0.00006344,0.00625886
CP01-R0127,127,128,747,FLY_ASH,0.08793432,0.08792741,0.00000691,0.00054936
CP01-R0127,127,128,747,WATER,-0.14991842,-0.15003610,0.00011768,0.00292906
CP01-R0127,127,128,747,SUPERPLASTICIZER,0.29222460,0.29146963,0.00075497,0.00808110
CP01-R0127,127,128,747,COARSE_AGGREGATE,0.01808621,0.01808058,0.00000563,0.00059983
CP01-R0127,127,128,747,FINE_AGGREGATE,0.02019035,0.02008917,0.00010118,0.00945478
CP01-R0127,127,128,747,AGE,0.11422207,0.11421898,0.00000309,0.00056963
CP01-R0788,788,789,748,INTERCEPT,-23.33121358,-23.38986355,0.05864997,0.00220609
CP01-R0788,788,789,748,CEMENT,0.11980433,0.11981601,-0.00001167,-0.00137483
CP01-R0788,788,789,748,SLAG,0.10386581,0.10393621,-0.00007041,-0.00694626
CP01-R0788,788,789,748,FLY_ASH,0.08793432,0.08801432,-0.00007999,-0.00635717
CP01-R0788,788,789,748,WATER,-0.14991842,-0.14982640,-0.00009202,-0.00229031
CP01-R0788,788,789,748,SUPERPLASTICIZER,0.29222460,0.29302790,-0.00080330,-0.00859844
CP01-R0788,788,789,748,COARSE_AGGREGATE,0.01808621,0.01812382,-0.00003761,-0.00400421
CP01-R0788,788,789,748,FINE_AGGREGATE,0.02019035,0.02017009,0.00002026,0.00189296
CP01-R0788,788,789,748,AGE,0.11422207,0.11418447,0.00003760,0.00692801
CP01-R0213,213,214,749,INTERCEPT,-23.33121358,-22.85652511,-0.47468848,-0.01785516
CP01-R0213,213,214,749,CEMENT,0.11980433,0.11970391,0.00010042,0.01182966
CP01-R0213,213,214,749,SLAG,0.10386581,0.10376694,0.00009887,0.00975449
CP01-R0213,213,214,749,FLY_ASH,0.08793432,0.08772725,0.00020708,0.01645634
CP01-R0213,213,214,749,WATER,-0.14991842,-0.15071460,0.00079618,0.01981670
CP01-R0213,213,214,749,SUPERPLASTICIZER,0.29222460,0.29145175,0.00077285,0.00827249
CP01-R0213,213,214,749,COARSE_AGGREGATE,0.01808621,0.01791403,0.00017219,0.01833314
CP01-R0213,213,214,749,FINE_AGGREGATE,0.02019035,0.02004141,0.00014894,0.01391766
CP01-R0213,213,214,749,AGE,0.11422207,0.11421630,0.00000576,0.00106211
CP01-R0107,107,108,750,INTERCEPT,-23.33121358,-23.13906942,-0.19214417,-0.00722740
CP01-R0107,107,108,750,CEMENT,0.11980433,0.11970812,0.00009622,0.01133458
CP01-R0107,107,108,750,SLAG,0.10386581,0.10372432,0.00014149,0.01395928
CP01-R0107,107,108,750,FLY_ASH,0.08793432,0.08788200,0.00005233,0.00415840
CP01-R0107,107,108,750,WATER,-0.14991842,-0.15006995,0.00015153,0.00377157
CP01-R0107,107,108,750,SUPERPLASTICIZER,0.29222460,0.29171443,0.00051016,0.00546073
CP01-R0107,107,108,750,COARSE_AGGREGATE,0.01808621,0.01801524,0.00007098,0.00755711
CP01-R0107,107,108,750,FINE_AGGREGATE,0.02019035,0.02011595,0.00007440,0.00695248
CP01-R0107,107,108,750,AGE,0.11422207,0.11424944,-0.00002737,-0.00504315
CP01-R0110,110,111,751,INTERCEPT,-23.33121358,-23.13906942,-0.19214417,-0.00722740
CP01-R0110,110,111,751,CEMENT,0.11980433,0.11970812,0.00009622,0.01133458
CP01-R0110,110,111,751,SLAG,0.10386581,0.10372432,0.00014149,0.01395928
CP01-R0110,110,111,751,FLY_ASH,0.08793432,0.08788200,0.00005233,0.00415840
CP01-R0110,110,111,751,WATER,-0.14991842,-0.15006995,0.00015153,0.00377157
CP01-R0110,110,111,751,SUPERPLASTICIZER,0.29222460,0.29171443,0.00051016,0.00546073
CP01-R0110,110,111,751,COARSE_AGGREGATE,0.01808621,0.01801524,0.00007098,0.00755711
CP01-R0110,110,111,751,FINE_AGGREGATE,0.02019035,0.02011595,0.00007440,0.00695248
CP01-R0110,110,111,751,AGE,0.11422207,0.11424944,-0.00002737,-0.00504315
CP01-R0112,112,113,752,INTERCEPT,-23.33121358,-23.13906942,-0.19214417,-0.00722740
CP01-R0112,112,113,752,CEMENT,0.11980433,0.11970812,0.00009622,0.01133458
CP01-R0112,112,113,752,SLAG,0.10386581,0.10372432,0.00014149,0.01395928
CP01-R0112,112,113,752,FLY_ASH,0.08793432,0.08788200,0.00005233,0.00415840
CP01-R0112,112,113,752,WATER,-0.14991842,-0.15006995,0.00015153,0.00377157
CP01-R0112,112,113,752,SUPERPLASTICIZER,0.29222460,0.29171443,0.00051016,0.00546073
CP01-R0112,112,113,752,COARSE_AGGREGATE,0.01808621,0.01801524,0.00007098,0.00755711
CP01-R0112,112,113,752,FINE_AGGREGATE,0.02019035,0.02011595,0.00007440,0.00695248
CP01-R0112,112,113,752,AGE,0.11422207,0.11424944,-0.00002737,-0.00504315
CP01-R0371,371,372,753,INTERCEPT,-23.33121358,-23.37366334,0.04244976,0.00159673
CP01-R0371,371,372,753,CEMENT,0.11980433,0.11976528,0.00003906,0.00460092
CP01-R0371,371,372,753,SLAG,0.10386581,0.10381820,0.00004761,0.00469708
CP01-R0371,371,372,753,FLY_ASH,0.08793432,0.08792671,0.00000761,0.00060508
CP01-R0371,371,372,753,WATER,-0.14991842,-0.14992158,0.00000316,0.00007861
CP01-R0371,371,372,753,SUPERPLASTICIZER,0.29222460,0.29322884,-0.00100424,-0.01074928
CP01-R0371,371,372,753,COARSE_AGGREGATE,0.01808621,0.01815863,-0.00007242,-0.00771038
CP01-R0371,371,372,753,FINE_AGGREGATE,0.02019035,0.02017279,0.00001756,0.00164122
CP01-R0371,371,372,753,AGE,0.11422207,0.11420416,0.00001791,0.00330051
CP01-R0203,203,204,754,INTERCEPT,-23.33121358,-23.25380000,-0.07741359,-0.00291187
CP01-R0203,203,204,754,CEMENT,0.11980433,0.11982459,-0.00002025,-0.00238555
CP01-R0203,203,204,754,SLAG,0.10386581,0.10387600,-0.00001019,-0.00100565
CP01-R0203,203,204,754,FLY_ASH,0.08793432,0.08788332,0.00005100,0.00405278
CP01-R0203,203,204,754,WATER,-0.14991842,-0.14985823,-0.00006019,-0.00149806
CP01-R0203,203,204,754,SUPERPLASTICIZER,0.29222460,0.29203033,0.00019427,0.00207944
CP01-R0203,203,204,754,COARSE_AGGREGATE,0.01808621,0.01800321,0.00008301,0.00883785
CP01-R0203,203,204,754,FINE_AGGREGATE,0.02019035,0.02017372,0.00001663,0.00155414
CP01-R0203,203,204,754,AGE,0.11422207,0.11418784,0.00003422,0.00630611
CP01-R0719,719,720,755,INTERCEPT,-23.33121358,-23.32699886,-0.00421472,-0.00015853
CP01-R0719,719,720,755,CEMENT,0.11980433,0.11973803,0.00006630,0.00781032
CP01-R0719,719,720,755,SLAG,0.10386581,0.10387623,-0.00001042,-0.00102773
CP01-R0719,719,720,755,FLY_ASH,0.08793432,0.08785075,0.00008357,0.00664113
CP01-R0719,719,720,755,WATER,-0.14991842,-0.14978963,-0.00012879,-0.00320548
CP01-R0719,719,720,755,SUPERPLASTICIZER,0.29222460,0.29212586,0.00009874,0.00105686
CP01-R0719,719,720,755,COARSE_AGGREGATE,0.01808621,0.01807670,0.00000952,0.00101346
CP01-R0719,719,720,755,FINE_AGGREGATE,0.02019035,0.02020434,-0.00001399,-0.00130684
CP01-R0719,719,720,755,AGE,0.11422207,0.11417066,0.00005141,0.00947275
CP01-R0590,590,591,756,INTERCEPT,-23.33121358,-23.49077705,0.15956346,0.00600190
CP01-R0590,590,591,756,CEMENT,0.11980433,0.11985643,-0.00005209,-0.00613632
CP01-R0590,590,591,756,SLAG,0.10386581,0.10398164,-0.00011583,-0.01142758
CP01-R0590,590,591,756,FLY_ASH,0.08793432,0.08808125,-0.00014693,-0.01167674
CP01-R0590,590,591,756,WATER,-0.14991842,-0.14967493,-0.00024349,-0.00606048
CP01-R0590,590,591,756,SUPERPLASTICIZER,0.29222460,0.29271976,-0.00049516,-0.00530013
CP01-R0590,590,591,756,COARSE_AGGREGATE,0.01808621,0.01809671,-0.00001050,-0.00111750
CP01-R0590,590,591,756,FINE_AGGREGATE,0.02019035,0.02027342,-0.00008307,-0.00776213
CP01-R0590,590,591,756,AGE,0.11422207,0.11426782,-0.00004576,-0.00843095
CP01-R0813,813,814,757,INTERCEPT,-23.33121358,-23.35422962,0.02301603,0.00086574
CP01-R0813,813,814,757,CEMENT,0.11980433,0.11981773,-0.00001340,-0.00157801
CP01-R0813,813,814,757,SLAG,0.10386581,0.10392572,-0.00005991,-0.00591084
CP01-R0813,813,814,757,FLY_ASH,0.08793432,0.08800749,-0.00007317,-0.00581449
CP01-R0813,813,814,757,WATER,-0.14991842,-0.14988304,-0.00003538,-0.00088069
CP01-R0813,813,814,757,SUPERPLASTICIZER,0.29222460,0.29290792,-0.00068332,-0.00731420
CP01-R0813,813,814,757,COARSE_AGGREGATE,0.01808621,0.01811761,-0.00003139,-0.00334229
CP01-R0813,813,814,757,FINE_AGGREGATE,0.02019035,0.02014740,0.00004295,0.00401380
CP01-R0813,813,814,757,AGE,0.11422207,0.11418539,0.00003668,0.00675878
CP01-R0828,828,829,758,INTERCEPT,-23.33121358,-23.15344826,-0.17776533,-0.00668655
CP01-R0828,828,829,758,CEMENT,0.11980433,0.11985292,-0.00004859,-0.00572392
CP01-R0828,828,829,758,SLAG,0.10386581,0.10387190,-0.00000609,-0.00060075
CP01-R0828,828,829,758,FLY_ASH,0.08793432,0.08797033,-0.00003601,-0.00286199
CP01-R0828,828,829,758,WATER,-0.14991842,-0.15046282,0.00054440,0.01355005
CP01-R0828,828,829,758,SUPERPLASTICIZER,0.29222460,0.29006316,0.00216143,0.02313569
CP01-R0828,828,829,758,COARSE_AGGREGATE,0.01808621,0.01800083,0.00008538,0.00909092
CP01-R0828,828,829,758,FINE_AGGREGATE,0.02019035,0.02019514,-0.00000479,-0.00044716
CP01-R0828,828,829,758,AGE,0.11422207,0.11421540,0.00000666,0.00122794
CP01-R0482,482,483,759,INTERCEPT,-23.33121358,-23.54313422,0.21192064,0.00797129
CP01-R0482,482,483,759,CEMENT,0.11980433,0.11978128,0.00002305,0.00271525
CP01-R0482,482,483,759,SLAG,0.10386581,0.10391365,-0.00004784,-0.00472039
CP01-R0482,482,483,759,FLY_ASH,0.08793432,0.08793012,0.00000420,0.00033377
CP01-R0482,482,483,759,WATER,-0.14991842,-0.14950690,-0.00041152,-0.01024263
CP01-R0482,482,483,759,SUPERPLASTICIZER,0.29222460,0.29246806,-0.00024346,-0.00260597
CP01-R0482,482,483,759,COARSE_AGGREGATE,0.01808621,0.01814586,-0.00005964,-0.00635042
CP01-R0482,482,483,759,FINE_AGGREGATE,0.02019035,0.02029073,-0.00010038,-0.00937939
CP01-R0482,482,483,759,AGE,0.11422207,0.11420281,0.00001926,0.00354904
CP01-R0803,803,804,760,INTERCEPT,-23.33121358,-23.61012634,0.27891275,0.01049116
CP01-R0803,803,804,760,CEMENT,0.11980433,0.11988720,-0.00008286,-0.00976132
CP01-R0803,803,804,760,SLAG,0.10386581,0.10401681,-0.00015100,-0.01489766
CP01-R0803,803,804,760,FLY_ASH,0.08793432,0.08811922,-0.00018489,-0.01469357
CP01-R0803,803,804,760,WATER,-0.14991842,-0.14951000,-0.00040842,-0.01016542
CP01-R0803,803,804,760,SUPERPLASTICIZER,0.29222460,0.29288271,-0.00065812,-0.00704441
CP01-R0803,803,804,760,COARSE_AGGREGATE,0.01808621,0.01814102,-0.00005480,-0.00583475
CP01-R0803,803,804,760,FINE_AGGREGATE,0.02019035,0.02031501,-0.00012466,-0.01164847
CP01-R0803,803,804,760,AGE,0.11422207,0.11426693,-0.00004486,-0.00826633
CP01-R0163,163,164,761,INTERCEPT,-23.33121358,-23.06632143,-0.26489215,-0.00996378
CP01-R0163,163,164,761,CEMENT,0.11980433,0.11967329,0.00013105,0.01543725
CP01-R0163,163,164,761,SLAG,0.10386581,0.10368407,0.00018174,0.01793012
CP01-R0163,163,164,761,FLY_ASH,0.08793432,0.08780831,0.00012602,0.01001454
CP01-R0163,163,164,761,WATER,-0.14991842,-0.15011629,0.00019787,0.00492496
CP01-R0163,163,164,761,SUPERPLASTICIZER,0.29222460,0.29212046,0.00010413,0.00111462
CP01-R0163,163,164,761,COARSE_AGGREGATE,0.01808621,0.01800407,0.00008214,0.00874605
CP01-R0163,163,164,761,FINE_AGGREGATE,0.02019035,0.02007116,0.00011919,0.01113782
CP01-R0163,163,164,761,AGE,0.11422207,0.11415855,0.00006352,0.01170425
CP01-R0323,323,324,762,INTERCEPT,-23.33121358,-23.10730313,-0.22391046,-0.00842228
CP01-R0323,323,324,762,CEMENT,0.11980433,0.11977925,0.00002508,0.00295451
CP01-R0323,323,324,762,SLAG,0.10386581,0.10384806,0.00001774,0.00175069
CP01-R0323,323,324,762,FLY_ASH,0.08793432,0.08788593,0.00004839,0.00384581
CP01-R0323,323,324,762,WATER,-0.14991842,-0.15015316,0.00023474,0.00584261
CP01-R0323,323,324,762,SUPERPLASTICIZER,0.29222460,0.29109850,0.00112609,0.01205354
CP01-R0323,323,324,762,COARSE_AGGREGATE,0.01808621,0.01800904,0.00007718,0.00821697
CP01-R0323,323,324,762,FINE_AGGREGATE,0.02019035,0.02007282,0.00011754,0.01098294
CP01-R0323,323,324,762,AGE,0.11422207,0.11418318,0.00003889,0.00716591
CP01-R0642,642,643,763,INTERCEPT,-23.33121358,-23.33214398,0.00093040,0.00003500
CP01-R0642,642,643,763,CEMENT,0.11980433,0.11974887,0.00005546,0.00653358
CP01-R0642,642,643,763,SLAG,0.10386581,0.10378705,0.00007875,0.00776997
CP01-R0642,642,643,763,FLY_ASH,0.08793432,0.08780462,0.00012970,0.01030761
CP01-R0642,642,643,763,WATER,-0.14991842,-0.14993399,0.00001557,0.00038760
CP01-R0642,642,643,763,SUPERPLASTICIZER,0.29222460,0.29225728,-0.00003269,-0.00034990
CP01-R0642,642,643,763,COARSE_AGGREGATE,0.01808621,0.01813013,-0.00004392,-0.00467598
CP01-R0642,642,643,763,FINE_AGGREGATE,0.02019035,0.02018448,0.00000587,0.00054873
CP01-R0642,642,643,763,AGE,0.11422207,0.11416906,0.00005301,0.00976706
CP01-R0626,626,627,764,INTERCEPT,-23.33121358,-23.75562185,0.42440827,0.01596390
CP01-R0626,626,627,764,CEMENT,0.11980433,0.11993672,-0.00013238,-0.01559480
CP01-R0626,626,627,764,SLAG,0.10386581,0.10406320,-0.00019739,-0.01947441
CP01-R0626,626,627,764,FLY_ASH,0.08793432,0.08816363,-0.00022931,-0.01822348
CP01-R0626,626,627,764,WATER,-0.14991842,-0.14938016,-0.00053826,-0.01339720
CP01-R0626,626,627,764,SUPERPLASTICIZER,0.29222460,0.29302747,-0.00080287,-0.00859386
CP01-R0626,626,627,764,COARSE_AGGREGATE,0.01808621,0.01824110,-0.00015488,-0.01649069
CP01-R0626,626,627,764,FINE_AGGREGATE,0.02019035,0.02032450,-0.00013415,-0.01253573
CP01-R0626,626,627,764,AGE,0.11422207,0.11419733,0.00002474,0.00455902
CP01-R0697,697,698,765,INTERCEPT,-23.33121358,-23.24455569,-0.08665790,-0.00325959
CP01-R0697,697,698,765,CEMENT,0.11980433,0.11971965,0.00008468,0.00997545
CP01-R0697,697,698,765,SLAG,0.10386581,0.10381421,0.00005160,0.00509089
CP01-R0697,697,698,765,FLY_ASH,0.08793432,0.08780033,0.00013399,0.01064844
CP01-R0697,697,698,765,WATER,-0.14991842,-0.14985021,-0.00006821,-0.00169772
CP01-R0697,697,698,765,SUPERPLASTICIZER,0.29222460,0.29211864,0.00010596,0.00113416
CP01-R0697,697,698,765,COARSE_AGGREGATE,0.01808621,0.01804407,0.00004215,0.00448747
CP01-R0697,697,698,765,FINE_AGGREGATE,0.02019035,0.02017082,0.00001953,0.00182523
CP01-R0697,697,698,765,AGE,0.11422207,0.11415514,0.00006693,0.01233290
CP01-R0778,778,779,766,INTERCEPT,-23.33121358,-23.52221846,0.19100487,0.00718455
CP01-R0778,778,779,766,CEMENT,0.11980433,0.11986416,-0.00005983,-0.00704795
CP01-R0778,778,779,766,SLAG,0.10386581,0.10398898,-0.00012318,-0.01215256
CP01-R0778,778,779,766,FLY_ASH,0.08793432,0.08808916,-0.00015484,-0.01230545
CP01-R0778,778,779,766,WATER,-0.14991842,-0.14962511,-0.00029331,-0.00730034
CP01-R0778,778,779,766,SUPERPLASTICIZER,0.29222460,0.29276906,-0.00054446,-0.00582783
CP01-R0778,778,779,766,COARSE_AGGREGATE,0.01808621,0.01810788,-0.00002166,-0.00230636
CP01-R0778,778,779,766,FINE_AGGREGATE,0.02019035,0.02028412,-0.00009377,-0.00876205
CP01-R0778,778,779,766,AGE,0.11422207,0.11426628,-0.00004421,-0.00814566
CP01-R0282,282,283,767,INTERCEPT,-23.33121358,-22.91587936,-0.41533423,-0.01562258
CP01-R0282,282,283,767,CEMENT,0.11980433,0.11971411,0.00009023,0.01062888
CP01-R0282,282,283,767,SLAG,0.10386581,0.10378914,0.00007666,0.00756370
CP01-R0282,282,283,767,FLY_ASH,0.08793432,0.08775454,0.00017978,0.01428701
CP01-R0282,282,283,767,WATER,-0.14991842,-0.15062514,0.00070672,0.01759018
CP01-R0282,282,283,767,SUPERPLASTICIZER,0.29222460,0.29132634,0.00089826,0.00961486
CP01-R0282,282,283,767,COARSE_AGGREGATE,0.01808621,0.01792879,0.00015743,0.01676148
CP01-R0282,282,283,767,FINE_AGGREGATE,0.02019035,0.02006973,0.00012062,0.01127144
CP01-R0282,282,283,767,AGE,0.11422207,0.11424760,-0.00002553,-0.00470405
CP01-R0926,926,927,768,INTERCEPT,-23.33121358,-23.16219107,-0.16902252,-0.00635769
CP01-R0926,926,927,768,CEMENT,0.11980433,0.11973410,0.00007023,0.00827300
CP01-R0926,926,927,768,SLAG,0.10386581,0.10384053,0.00002528,0.00249364
CP01-R0926,926,927,768,FLY_ASH,0.08793432,0.08793216,0.00000216,0.00017145
CP01-R0926,926,927,768,WATER,-0.14991842,-0.14996722,0.00004880,0.00121461
CP01-R0926,926,927,768,SUPERPLASTICIZER,0.29222460,0.29260135,-0.00037676,-0.00403279
CP01-R0926,926,927,768,COARSE_AGGREGATE,0.01808621,0.01804361,0.00004261,0.00453629
CP01-R0926,926,927,768,FINE_AGGREGATE,0.02019035,0.02006775,0.00012260,0.01145635
CP01-R0926,926,927,768,AGE,0.11422207,0.11420113,0.00002093,0.00385715
CP01-R0928,928,929,769,INTERCEPT,-23.33121358,-23.29868342,-0.03253017,-0.00122361
CP01-R0928,928,929,769,CEMENT,0.11980433,0.11981492,-0.00001058,-0.00124644
CP01-R0928,928,929,769,SLAG,0.10386581,0.10393498,-0.00006917,-0.00682441
CP01-R0928,928,929,769,FLY_ASH,0.08793432,0.08805629,-0.00012197,-0.00969312
CP01-R0928,928,929,769,WATER,-0.14991842,-0.14983521,-0.00008321,-0.00207117
CP01-R0928,928,929,769,SUPERPLASTICIZER,0.29222460,0.29192549,0.00029911,0.00320159
CP01-R0928,928,929,769,COARSE_AGGREGATE,0.01808621,0.01803455,0.00005167,0.00550112
CP01-R0928,928,929,769,FINE_AGGREGATE,0.02019035,0.02018118,0.00000917,0.00085706
CP01-R0928,928,929,769,AGE,0.11422207,0.11421604,0.00000603,0.00111104
CP01-R0674,674,675,770,INTERCEPT,-23.33121358,-23.22737988,-0.10383371,-0.00390565
CP01-R0674,674,675,770,CEMENT,0.11980433,0.11973307,0.00007127,0.00839535
CP01-R0674,674,675,770,SLAG,0.10386581,0.10383212,0.00003369,0.00332345
CP01-R0674,674,675,770,FLY_ASH,0.08793432,0.08781656,0.00011776,0.00935845
CP01-R0674,674,675,770,WATER,-0.14991842,-0.14989050,-0.00002792,-0.00069487
CP01-R0674,674,675,770,SUPERPLASTICIZER,0.29222460,0.29197224,0.00025236,0.00270119
CP01-R0674,674,675,770,COARSE_AGGREGATE,0.01808621,0.01805179,0.00003442,0.00366517
CP01-R0674,674,675,770,FINE_AGGREGATE,0.02019035,0.02014253,0.00004782,0.00446817
CP01-R0674,674,675,770,AGE,0.11422207,0.11414952,0.00007255,0.01336713
CP01-R0247,247,248,771,INTERCEPT,-23.33121358,-23.10596641,-0.22524717,-0.00847256
CP01-R0247,247,248,771,CEMENT,0.11980433,0.11978133,0.00002300,0.00270939
CP01-R0247,247,248,771,SLAG,0.10386581,0.10386915,-0.00000334,-0.00032972
CP01-R0247,247,248,771,FLY_ASH,0.08793432,0.08786949,0.00006483,0.00515218
CP01-R0247,247,248,771,WATER,-0.14991842,-0.15040987,0.00049145,0.01223207
CP01-R0247,247,248,771,SUPERPLASTICIZER,0.29222460,0.29148755,0.00073704,0.00788919
CP01-R0247,247,248,771,COARSE_AGGREGATE,0.01808621,0.01804276,0.00004345,0.00462658
CP01-R0247,247,248,771,FINE_AGGREGATE,0.02019035,0.02007954,0.00011082,0.01035500
CP01-R0247,247,248,771,AGE,0.11422207,0.11424838,-0.00002631,-0.00484768
CP01-R0769,769,770,772,INTERCEPT,-23.33121358,-23.31094304,-0.02027055,-0.00076247
CP01-R0769,769,770,772,CEMENT,0.11980433,0.11980454,-0.00000020,-0.00002373
CP01-R0769,769,770,772,SLAG,0.10386581,0.10383550,0.00003031,0.00299075
CP01-R0769,769,770,772,FLY_ASH,0.08793432,0.08790300,0.00003132,0.00248877
CP01-R0769,769,770,772,WATER,-0.14991842,-0.15001774,0.00009932,0.00247205
CP01-R0769,769,770,772,SUPERPLASTICIZER,0.29222460,0.29162658,0.00059801,0.00640106
CP01-R0769,769,770,772,COARSE_AGGREGATE,0.01808621,0.01806754,0.00001867,0.00198813
CP01-R0769,769,770,772,FINE_AGGREGATE,0.02019035,0.02021858,-0.00002822,-0.00263736
CP01-R0769,769,770,772,AGE,0.11422207,0.11433282,-0.00011075,-0.02040746
CP01-R0724,724,725,773,INTERCEPT,-23.33121358,-23.17948386,-0.15172972,-0.00570724
CP01-R0724,724,725,773,CEMENT,0.11980433,0.11978064,0.00002370,0.00279166
CP01-R0724,724,725,773,SLAG,0.10386581,0.10388464,-0.00001883,-0.00185741
CP01-R0724,724,725,773,FLY_ASH,0.08793432,0.08797037,-0.00003605,-0.00286460
CP01-R0724,724,725,773,WATER,-0.14991842,-0.15017389,0.00025547,0.00635870
CP01-R0724,724,725,773,SUPERPLASTICIZER,0.29222460,0.29242922,-0.00020463,-0.00219030
CP01-R0724,724,725,773,COARSE_AGGREGATE,0.01808621,0.01803707,0.00004915,0.00523300
CP01-R0724,724,725,773,FINE_AGGREGATE,0.02019035,0.02011047,0.00007988,0.00746461
CP01-R0724,724,725,773,AGE,0.11422207,0.11426339,-0.00004132,-0.00761447
CP01-R0488,488,489,774,INTERCEPT,-23.33121358,-23.67338043,0.34216685,0.01287043
CP01-R0488,488,489,774,CEMENT,0.11980433,0.11997059,-0.00016625,-0.01958468
CP01-R0488,488,489,774,SLAG,0.10386581,0.10401113,-0.00014532,-0.01433735
CP01-R0488,488,489,774,FLY_ASH,0.08793432,0.08815897,-0.00022465,-0.01785291
CP01-R0488,488,489,774,WATER,-0.14991842,-0.14963176,-0.00028666,-0.00713501
CP01-R0488,488,489,774,SUPERPLASTICIZER,0.29222460,0.29200675,0.00021784,0.00233176
CP01-R0488,488,489,774,COARSE_AGGREGATE,0.01808621,0.01817898,-0.00009276,-0.00987677
CP01-R0488,488,489,774,FINE_AGGREGATE,0.02019035,0.02036465,-0.00017430,-0.01628674
CP01-R0488,488,489,774,AGE,0.11422207,0.11423112,-0.00000905,-0.00166779
CP01-R0545,545,546,775,INTERCEPT,-23.33121358,-23.13267009,-0.19854350,-0.00746811
CP01-R0545,545,546,775,CEMENT,0.11980433,0.11974135,0.00006298,0.00741947
CP01-R0545,545,546,775,SLAG,0.10386581,0.10375578,0.00011002,0.01085500
CP01-R0545,545,546,775,FLY_ASH,0.08793432,0.08780515,0.00012918,0.01026561
CP01-R0545,545,546,775,WATER,-0.14991842,-0.15012483,0.00020642,0.00513764
CP01-R0545,545,546,775,SUPERPLASTICIZER,0.29222460,0.29145917,0.00076543,0.00819303
CP01-R0545,545,546,775,COARSE_AGGREGATE,0.01808621,0.01797976,0.00010646,0.01133483
CP01-R0545,545,546,775,FINE_AGGREGATE,0.02019035,0.02017165,0.00001870,0.00174724
CP01-R0545,545,546,775,AGE,0.11422207,0.11417376,0.00004831,0.00890179
CP01-R0318,318,319,776,INTERCEPT,-23.33121358,-23.28651749,-0.04469610,-0.00168122
CP01-R0318,318,319,776,CEMENT,0.11980433,0.11980532,-0.00000099,-0.00011645
CP01-R0318,318,319,776,SLAG,0.10386581,0.10387270,-0.00000689,-0.00067988
CP01-R0318,318,319,776,FLY_ASH,0.08793432,0.08791506,0.00001927,0.00153107
CP01-R0318,318,319,776,WATER,-0.14991842,-0.14975780,-0.00016062,-0.00399788
CP01-R0318,318,319,776,SUPERPLASTICIZER,0.29222460,0.29198432,0.00024027,0.00257182
CP01-R0318,318,319,776,COARSE_AGGREGATE,0.01808621,0.01805858,0.00002764,0.00294237
CP01-R0318,318,319,776,FINE_AGGREGATE,0.02019035,0.02012942,0.00006093,0.00569342
CP01-R0318,318,319,776,AGE,0.11422207,0.11417748,0.00004458,0.00821514
CP01-R0797,797,798,777,INTERCEPT,-23.33121358,-23.71893983,0.38772625,0.01458412
CP01-R0797,797,798,777,CEMENT,0.11980433,0.11994768,-0.00014334,-0.01688545
CP01-R0797,797,798,777,SLAG,0.10386581,0.10397750,-0.00011169,-0.01101922
CP01-R0797,797,798,777,FLY_ASH,0.08793432,0.08807488,-0.00014056,-0.01117051
CP01-R0797,797,798,777,WATER,-0.14991842,-0.14939266,-0.00052576,-0.01308612
CP01-R0797,797,798,777,SUPERPLASTICIZER,0.29222460,0.29249006,-0.00026547,-0.00284152
CP01-R0797,797,798,777,COARSE_AGGREGATE,0.01808621,0.01825207,-0.00016586,-0.01765908
CP01-R0797,797,798,777,FINE_AGGREGATE,0.02019035,0.02028721,-0.00009686,-0.00905123
CP01-R0797,797,798,777,AGE,0.11422207,0.11423266,-0.00001059,-0.00195170
CP01-R0758,758,759,778,INTERCEPT,-23.33121358,-23.26661803,-0.06459556,-0.00242973
CP01-R0758,758,759,778,CEMENT,0.11980433,0.11978077,0.00002357,0.00277614
CP01-R0758,758,759,778,SLAG,0.10386581,0.10377126,0.00009455,0.00932839
CP01-R0758,758,759,778,FLY_ASH,0.08793432,0.08782882,0.00010550,0.00838413
CP01-R0758,758,759,778,WATER,-0.14991842,-0.14980990,-0.00010852,-0.00270103
CP01-R0758,758,759,778,SUPERPLASTICIZER,0.29222460,0.29211473,0.00010987,0.00117599
CP01-R0758,758,759,778,COARSE_AGGREGATE,0.01808621,0.01805054,0.00003567,0.00379780
CP01-R0758,758,759,778,FINE_AGGREGATE,0.02019035,0.02016175,0.00002860,0.00267212
CP01-R0758,758,759,778,AGE,0.11422207,0.11414627,0.00007580,0.01396738
CP01-R0243,243,244,779,INTERCEPT,-23.33121358,-22.90653056,-0.42468303,-0.01597423
CP01-R0243,243,244,779,CEMENT,0.11980433,0.11972601,0.00007832,0.00922612
CP01-R0243,243,244,779,SLAG,0.10386581,0.10379044,0.00007537,0.00743574
CP01-R0243,243,244,779,FLY_ASH,0.08793432,0.08777461,0.00015971,0.01269221
CP01-R0243,243,244,779,WATER,-0.14991842,-0.15067279,0.00075437,0.01877605
CP01-R0243,243,244,779,SUPERPLASTICIZER,0.29222460,0.29111073,0.00111387,0.01192271
CP01-R0243,243,244,779,COARSE_AGGREGATE,0.01808621,0.01793070,0.00015552,0.01655783
CP01-R0243,243,244,779,FINE_AGGREGATE,0.02019035,0.02006503,0.00012532,0.01171055
CP01-R0243,243,244,779,AGE,0.11422207,0.11421821,0.00000385,0.00071003
CP01-R0539,539,540,780,INTERCEPT,-23.33121358,-22.97975938,-0.35145421,-0.01321977
CP01-R0539,539,540,780,CEMENT,0.11980433,0.11977338,0.00003095,0.00364606
CP01-R0539,539,540,780,SLAG,0.10386581,0.10374873,0.00011708,0.01155114
CP01-R0539,539,540,780,FLY_ASH,0.08793432,0.08783205,0.00010227,0.00812725
CP01-R0539,539,540,780,WATER,-0.14991842,-0.15038834,0.00046992,0.01169632
CP01-R0539,539,540,780,SUPERPLASTICIZER,0.29222460,0.29098176,0.00124283,0.01330312
CP01-R0539,539,540,780,COARSE_AGGREGATE,0.01808621,0.01795337,0.00013285,0.01414456
CP01-R0539,539,540,780,FINE_AGGREGATE,0.02019035,0.02005974,0.00013061,0.01220485
CP01-R0539,539,540,780,AGE,0.11422207,0.11417040,0.00005167,0.00951994
CP01-R0817,817,818,781,INTERCEPT,-23.33121358,-23.57160963,0.24039604,0.00904237
CP01-R0817,817,818,781,CEMENT,0.11980433,0.11992195,-0.00011761,-0.01385451
CP01-R0817,817,818,781,SLAG,0.10386581,0.10394008,-0.00007427,-0.00732797
CP01-R0817,817,818,781,FLY_ASH,0.08793432,0.08803429,-0.00009997,-0.00794456
CP01-R0817,817,818,781,WATER,-0.14991842,-0.14963532,-0.00028310,-0.00704638
CP01-R0817,817,818,781,SUPERPLASTICIZER,0.29222460,0.29204343,0.00018117,0.00193920
CP01-R0817,817,818,781,COARSE_AGGREGATE,0.01808621,0.01820442,-0.00011821,-0.01258543
CP01-R0817,817,818,781,FINE_AGGREGATE,0.02019035,0.02023586,-0.00004550,-0.00425205
CP01-R0817,817,818,781,AGE,0.11422207,0.11418351,0.00003855,0.00710394
CP01-R0694,694,695,782,INTERCEPT,-23.33121358,-23.39578302,0.06456943,0.00242875
CP01-R0694,694,695,782,CEMENT,0.11980433,0.11985277,-0.00004843,-0.00570546
CP01-R0694,694,695,782,SLAG,0.10386581,0.10388795,-0.00002214,-0.00218467
CP01-R0694,694,695,782,FLY_ASH,0.08793432,0.08800241,-0.00006808,-0.00541065
CP01-R0694,694,695,782,WATER,-0.14991842,-0.14984514,-0.00007328,-0.00182394
CP01-R0694,694,695,782,SUPERPLASTICIZER,0.29222460,0.29290356,-0.00067897,-0.00726760
CP01-R0694,694,695,782,COARSE_AGGREGATE,0.01808621,0.01814908,-0.00006286,-0.00669318
CP01-R0694,694,695,782,FINE_AGGREGATE,0.02019035,0.02014317,0.00004718,0.00440870
CP01-R0694,694,695,782,AGE,0.11422207,0.11423626,-0.00001419,-0.00261457
CP01-R0698,698,699,783,INTERCEPT,-23.33121358,-23.34666607,0.01545249,0.00058124
CP01-R0698,698,699,783,CEMENT,0.11980433,0.11974665,0.00005768,0.00679474
CP01-R0698,698,699,783,SLAG,0.10386581,0.10386661,-0.00000080,-0.00007912
CP01-R0698,698,699,783,FLY_ASH,0.08793432,0.08785997,0.00007435,0.00590867
CP01-R0698,698,699,783,WATER,-0.14991842,-0.14977118,-0.00014723,-0.00366464
CP01-R0698,698,699,783,SUPERPLASTICIZER,0.29222460,0.29218063,0.00004397,0.00047062
CP01-R0698,698,699,783,COARSE_AGGREGATE,0.01808621,0.01807237,0.00001384,0.00147361
CP01-R0698,698,699,783,FINE_AGGREGATE,0.02019035,0.02022612,-0.00003577,-0.00334255
CP01-R0698,698,699,783,AGE,0.11422207,0.11418042,0.00004164,0.00767324
CP01-R0612,612,613,784,INTERCEPT,-23.33121358,-23.58047678,0.24926319,0.00937591
CP01-R0612,612,613,784,CEMENT,0.11980433,0.11989936,-0.00009502,-0.01119366
CP01-R0612,612,613,784,SLAG,0.10386581,0.10400984,-0.00014404,-0.01421055
CP01-R0612,612,613,784,FLY_ASH,0.08793432,0.08811229,-0.00017797,-0.01414310
CP01-R0612,612,613,784,WATER,-0.14991842,-0.14964902,-0.00026940,-0.00670535
CP01-R0612,612,613,784,SUPERPLASTICIZER,0.29222460,0.29277952,-0.00055492,-0.00593983
CP01-R0612,612,613,784,COARSE_AGGREGATE,0.01808621,0.01818605,-0.00009984,-0.01062996
CP01-R0612,612,613,784,FINE_AGGREGATE,0.02019035,0.02025105,-0.00006070,-0.00567165
CP01-R0612,612,613,784,AGE,0.11422207,0.11427127,-0.00004920,-0.00906530
CP01-R0216,216,217,785,INTERCEPT,-23.33121358,-23.40918545,0.07797186,0.00293287
CP01-R0216,216,217,785,CEMENT,0.11980433,0.11977159,0.00003275,0.00385774
CP01-R0216,216,217,785,SLAG,0.10386581,0.10383477,0.00003104,0.00306251
CP01-R0216,216,217,785,FLY_ASH,0.08793432,0.08793975,-0.00000543,-0.00043141
CP01-R0216,216,217,785,WATER,-0.14991842,-0.14985764,-0.00006078,-0.00151271
CP01-R0216,216,217,785,SUPERPLASTICIZER,0.29222460,0.29303376,-0.00080916,-0.00866116
CP01-R0216,216,217,785,COARSE_AGGREGATE,0.01808621,0.01816364,-0.00007742,-0.00824332
CP01-R0216,216,217,785,FINE_AGGREGATE,0.02019035,0.02019336,-0.00000300,-0.00028079
CP01-R0216,216,217,785,AGE,0.11422207,0.11420547,0.00001660,0.00305859
CP01-R0633,633,634,786,INTERCEPT,-23.33121358,-23.40660900,0.07539541,0.00283596
CP01-R0633,633,634,786,CEMENT,0.11980433,0.11983560,-0.00003127,-0.00368311
CP01-R0633,633,634,786,SLAG,0.10386581,0.10394687,-0.00008106,-0.00799750
CP01-R0633,633,634,786,FLY_ASH,0.08793432,0.08804362,-0.00010930,-0.00868595
CP01-R0633,633,634,786,WATER,-0.14991842,-0.14976825,-0.00015017,-0.00373779
CP01-R0633,633,634,786,SUPERPLASTICIZER,0.29222460,0.29271605,-0.00049145,-0.00526047
CP01-R0633,633,634,786,COARSE_AGGREGATE,0.01808621,0.01807834,0.00000788,0.00083859
CP01-R0633,633,634,786,FINE_AGGREGATE,0.02019035,0.02022409,-0.00003374,-0.00315249
CP01-R0633,633,634,786,AGE,0.11422207,0.11425999,-0.00003792,-0.00698684
CP01-R0024,24,25,787,INTERCEPT,-23.33121358,-22.90732301,-0.42389057,-0.01594442
CP01-R0024,24,25,787,CEMENT,0.11980433,0.11970509,0.00009924,0.01169071
CP01-R0024,24,25,787,SLAG,0.10386581,0.10368206,0.00018375,0.01812877
CP01-R0024,24,25,787,FLY_ASH,0.08793432,0.08778053,0.00015379,0.01222166
CP01-R0024,24,25,787,WATER,-0.14991842,-0.15038072,0.00046230,0.01150652
CP01-R0024,24,25,787,SUPERPLASTICIZER,0.29222460,0.29221561,0.00000899,0.00009619
CP01-R0024,24,25,787,COARSE_AGGREGATE,0.01808621,0.01793119,0.00015502,0.01650542
CP01-R0024,24,25,787,FINE_AGGREGATE,0.02019035,0.02001260,0.00017775,0.01660972
CP01-R0024,24,25,787,AGE,0.11422207,0.11413905,0.00008302,0.01529742
CP01-R0618,618,619,788,INTERCEPT,-23.33121358,-23.23121607,-0.09999752,-0.00376135
CP01-R0618,618,619,788,CEMENT,0.11980433,0.11973321,0.00007113,0.00837863
CP01-R0618,618,619,788,SLAG,0.10386581,0.10375608,0.00010973,0.01082565
CP01-R0618,618,619,788,FLY_ASH,0.08793432,0.08779070,0.00014362,0.01141390
CP01-R0618,618,619,788,WATER,-0.14991842,-0.14990556,-0.00001286,-0.00032015
CP01-R0618,618,619,788,SUPERPLASTICIZER,0.29222460,0.29218261,0.00004198,0.00044939
CP01-R0618,618,619,788,COARSE_AGGREGATE,0.01808621,0.01803459,0.00005162,0.00549649
CP01-R0618,618,619,788,FINE_AGGREGATE,0.02019035,0.02017751,0.00001284,0.00120012
CP01-R0618,618,619,788,AGE,0.11422207,0.11416255,0.00005951,0.01096593
CP01-R0272,272,273,789,INTERCEPT,-23.33121358,-23.12751912,-0.20369447,-0.00766186
CP01-R0272,272,273,789,CEMENT,0.11980433,0.11976871,0.00003562,0.00419629
CP01-R0272,272,273,789,SLAG,0.10386581,0.10383700,0.00002881,0.00284214
CP01-R0272,272,273,789,FLY_ASH,0.08793432,0.08781756,0.00011676,0.00927908
CP01-R0272,272,273,789,WATER,-0.14991842,-0.15015288,0.00023446,0.00583558
CP01-R0272,272,273,789,SUPERPLASTICIZER,0.29222460,0.29198294,0.00024166,0.00258666
CP01-R0272,272,273,789,COARSE_AGGREGATE,0.01808621,0.01798062,0.00010560,0.01124319
CP01-R0272,272,273,789,FINE_AGGREGATE,0.02019035,0.02013411,0.00005624,0.00525541
CP01-R0272,272,273,789,AGE,0.11422207,0.11423326,-0.00001119,-0.00206216
CP01-R0312,312,313,790,INTERCEPT,-23.33121358,-23.00234360,-0.32886998,-0.01237027
CP01-R0312,312,313,790,CEMENT,0.11980433,0.11969882,0.00010551,0.01242903
CP01-R0312,312,313,790,SLAG,0.10386581,0.10378406,0.00008175,0.00806522
CP01-R0312,312,313,790,FLY_ASH,0.08793432,0.08777257,0.00016175,0.01285418
CP01-R0312,312,313,790,WATER,-0.14991842,-0.15033533,0.00041692,0.01037697
CP01-R0312,312,313,790,SUPERPLASTICIZER,0.29222460,0.29198690,0.00023770,0.00254426
CP01-R0312,312,313,790,COARSE_AGGREGATE,0.01808621,0.01800080,0.00008541,0.00909378
CP01-R0312,312,313,790,FINE_AGGREGATE,0.02019035,0.02002359,0.00016676,0.01558282
CP01-R0312,312,313,790,AGE,0.11422207,0.11422798,-0.00000592,-0.00109021
CP01-R0518,518,519,791,INTERCEPT,-23.33121358,-23.67677366,0.34556008,0.01299806
CP01-R0518,518,519,791,CEMENT,0.11980433,0.11990324,-0.00009891,-0.01165136
CP01-R0518,518,519,791,SLAG,0.10386581,0.10396899,-0.00010318,-0.01017966
CP01-R0518,518,519,791,FLY_ASH,0.08793432,0.08814673,-0.00021241,-0.01688048
CP01-R0518,518,519,791,WATER,-0.14991842,-0.14931959,-0.00059882,-0.01490464
CP01-R0518,518,519,791,SUPERPLASTICIZER,0.29222460,0.29197425,0.00025035,0.00267967
CP01-R0518,518,519,791,COARSE_AGGREGATE,0.01808621,0.01817174,-0.00008553,-0.00910604
CP01-R0518,518,519,791,FINE_AGGREGATE,0.02019035,0.02033600,-0.00014565,-0.01360996
CP01-R0518,518,519,791,AGE,0.11422207,0.11418839,0.00003368,0.00620626
CP01-R0695,695,696,792,INTERCEPT,-23.33121358,-23.56428056,0.23306698,0.00876669
CP01-R0695,695,696,792,CEMENT,0.11980433,0.11986722,-0.00006289,-0.00740793
CP01-R0695,695,696,792,SLAG,0.10386581,0.10388668,-0.00002087,-0.00205917
CP01-R0695,695,696,792,FLY_ASH,0.08793432,0.08802881,-0.00009449,-0.00750937
CP01-R0695,695,696,792,WATER,-0.14991842,-0.14955640,-0.00036202,-0.00901057
CP01-R0695,695,696,792,SUPERPLASTICIZER,0.29222460,0.29343357,-0.00120897,-0.01294071
CP01-R0695,695,696,792,COARSE_AGGREGATE,0.01808621,0.01815978,-0.00007357,-0.00783272
CP01-R0695,695,696,792,FINE_AGGREGATE,0.02019035,0.02026552,-0.00007517,-0.00702438
CP01-R0695,695,696,792,AGE,0.11422207,0.11425224,-0.00003017,-0.00555924
CP01-R0869,869,870,793,INTERCEPT,-23.33121358,-23.62994336,0.29872977,0.01123657
CP01-R0869,869,870,793,CEMENT,0.11980433,0.11984642,-0.00004208,-0.00495727
CP01-R0869,869,870,793,SLAG,0.10386581,0.10390504,-0.00003923,-0.00387023
CP01-R0869,869,870,793,FLY_ASH,0.08793432,0.08794419,-0.00000987,-0.00078428
CP01-R0869,869,870,793,WATER,-0.14991842,-0.14954115,-0.00037727,-0.00939018
CP01-R0869,869,870,793,SUPERPLASTICIZER,0.29222460,0.29288976,-0.00066516,-0.00711982
CP01-R0869,869,870,793,COARSE_AGGREGATE,0.01808621,0.01822818,-0.00014196,-0.01511493
CP01-R0869,869,870,793,FINE_AGGREGATE,0.02019035,0.02027796,-0.00008761,-0.00818692
CP01-R0869,869,870,793,AGE,0.11422207,0.11423430,-0.00001223,-0.00225370
CP01-R1025,1025,1026,794,INTERCEPT,-23.33121358,-23.32016072,-0.01105287,-0.00041575
CP01-R1025,1025,1026,794,CEMENT,0.11980433,0.11984766,-0.00004332,-0.00510326
CP01-R1025,1025,1026,794,SLAG,0.10386581,0.10383999,0.00002582,0.00254721
CP01-R1025,1025,1026,794,FLY_ASH,0.08793432,0.08801520,-0.00008088,-0.00642772
CP01-R1025,1025,1026,794,WATER,-0.14991842,-0.15005771,0.00013929,0.00346688
CP01-R1025,1025,1026,794,SUPERPLASTICIZER,0.29222460,0.29115754,0.00106705,0.01142160
CP01-R1025,1025,1026,794,COARSE_AGGREGATE,0.01808621,0.01810349,-0.00001728,-0.00183954
CP01-R1025,1025,1026,794,FINE_AGGREGATE,0.02019035,0.02017277,0.00001759,0.00164328
CP01-R1025,1025,1026,794,AGE,0.11422207,0.11422930,-0.00000724,-0.00133341
CP01-R0777,777,778,795,INTERCEPT,-23.33121358,-23.16845990,-0.16275368,-0.00612190
CP01-R0777,777,778,795,CEMENT,0.11980433,0.11975285,0.00005148,0.00606444
CP01-R0777,777,778,795,SLAG,0.10386581,0.10375959,0.00010622,0.01047992
CP01-R0777,777,778,795,FLY_ASH,0.08793432,0.08780054,0.00013378,0.01063146
CP01-R0777,777,778,795,WATER,-0.14991842,-0.15015143,0.00023301,0.00579948
CP01-R0777,777,778,795,SUPERPLASTICIZER,0.29222460,0.29178749,0.00043710,0.00467868
CP01-R0777,777,778,795,COARSE_AGGREGATE,0.01808621,0.01806655,0.00001966,0.00209339
CP01-R0777,777,778,795,FINE_AGGREGATE,0.02019035,0.02010926,0.00008109,0.00757707
CP01-R0777,777,778,795,AGE,0.11422207,0.11416403,0.00005804,0.01069487
CP01-R0630,630,631,796,INTERCEPT,-23.33121358,-23.35177501,0.02056143,0.00077341
CP01-R0630,630,631,796,CEMENT,0.11980433,0.11975380,0.00005053,0.00595265
CP01-R0630,630,631,796,SLAG,0.10386581,0.10380325,0.00006256,0.00617220
CP01-R0630,630,631,796,FLY_ASH,0.08793432,0.08782476,0.00010956,0.00870707
CP01-R0630,630,631,796,WATER,-0.14991842,-0.14990467,-0.00001375,-0.00034224
CP01-R0630,630,631,796,SUPERPLASTICIZER,0.29222460,0.29236272,-0.00013813,-0.00147849
CP01-R0630,630,631,796,COARSE_AGGREGATE,0.01808621,0.01813179,-0.00004558,-0.00485257
CP01-R0630,630,631,796,FINE_AGGREGATE,0.02019035,0.02019360,-0.00000325,-0.00030356
CP01-R0630,630,631,796,AGE,0.11422207,0.11418094,0.00004113,0.00757895
CP01-R1026,1026,1027,797,INTERCEPT,-23.33121358,-23.63119080,0.29997722,0.01128349
CP01-R1026,1026,1027,797,CEMENT,0.11980433,0.11984578,-0.00004144,-0.00488210
CP01-R1026,1026,1027,797,SLAG,0.10386581,0.10390454,-0.00003873,-0.00382156
CP01-R1026,1026,1027,797,FLY_ASH,0.08793432,0.08794335,-0.00000903,-0.00071787
CP01-R1026,1026,1027,797,WATER,-0.14991842,-0.14952945,-0.00038897,-0.00968137
CP01-R1026,1026,1027,797,SUPERPLASTICIZER,0.29222460,0.29293935,-0.00071475,-0.00765061
CP01-R1026,1026,1027,797,COARSE_AGGREGATE,0.01808621,0.01822754,-0.00014133,-0.01504713
CP01-R1026,1026,1027,797,FINE_AGGREGATE,0.02019035,0.02027776,-0.00008741,-0.00816788
CP01-R1026,1026,1027,797,AGE,0.11422207,0.11423350,-0.00001143,-0.00210682
CP01-R0814,814,815,798,INTERCEPT,-23.33121358,-23.33356551,0.00235193,0.00008847
CP01-R0814,814,815,798,CEMENT,0.11980433,0.11980284,0.00000150,0.00017638
CP01-R0814,814,815,798,SLAG,0.10386581,0.10384297,0.00002284,0.00225372
CP01-R0814,814,815,798,FLY_ASH,0.08793432,0.08790781,0.00002651,0.00210661
CP01-R0814,814,815,798,WATER,-0.14991842,-0.14997230,0.00005388,0.00134104
CP01-R0814,814,815,798,SUPERPLASTICIZER,0.29222460,0.29174739,0.00047721,0.00510795
CP01-R0814,814,815,798,COARSE_AGGREGATE,0.01808621,0.01807227,0.00001395,0.00148481
CP01-R0814,814,815,798,FINE_AGGREGATE,0.02019035,0.02023004,-0.00003969,-0.00370849
CP01-R0814,814,815,798,AGE,0.11422207,0.11431853,-0.00009646,-0.01777361
CP01-R0430,430,431,799,INTERCEPT,-23.33121358,-23.31806859,-0.01314500,-0.00049444
CP01-R0430,430,431,799,CEMENT,0.11980433,0.11979018,0.00001416,0.00166781
CP01-R0430,430,431,799,SLAG,0.10386581,0.10384465,0.00002115,0.00208714
CP01-R0430,430,431,799,FLY_ASH,0.08793432,0.08800398,-0.00006966,-0.00553575
CP01-R0430,430,431,799,WATER,-0.14991842,-0.15000692,0.00008850,0.00220268
CP01-R0430,430,431,799,SUPERPLASTICIZER,0.29222460,0.29247134,-0.00024674,-0.00264112
CP01-R0430,430,431,799,COARSE_AGGREGATE,0.01808621,0.01811469,-0.00002847,-0.00303162
CP01-R0430,430,431,799,FINE_AGGREGATE,0.02019035,0.02016366,0.00002669,0.00249376
CP01-R0430,430,431,799,AGE,0.11422207,0.11421342,0.00000865,0.00159399
CP01-R0603,603,604,800,INTERCEPT,-23.33121358,-23.65289026,0.32167667,0.01209970
CP01-R0603,603,604,800,CEMENT,0.11980433,0.11989488,-0.00009055,-0.01066631
CP01-R0603,603,604,800,SLAG,0.10386581,0.10402248,-0.00015667,-0.01545754
CP01-R0603,603,604,800,FLY_ASH,0.08793432,0.08810899,-0.00017466,-0.01388063
CP01-R0603,603,604,800,WATER,-0.14991842,-0.14954826,-0.00037016,-0.00921314
CP01-R0603,603,604,800,SUPERPLASTICIZER,0.29222460,0.29284215,-0.00061756,-0.00661027
CP01-R0603,603,604,800,COARSE_AGGREGATE,0.01808621,0.01820490,-0.00011869,-0.01263694
CP01-R0603,603,604,800,FINE_AGGREGATE,0.02019035,0.02030118,-0.00011083,-0.01035625
CP01-R0603,603,604,800,AGE,0.11422207,0.11420356,0.00001851,0.00341112
CP01-R0321,321,322,801,INTERCEPT,-23.33121358,-23.51474571,0.18353212,0.00690347
CP01-R0321,321,322,801,CEMENT,0.11980433,0.11982170,-0.00001736,-0.00204548
CP01-R0321,321,322,801,SLAG,0.10386581,0.10387168,-0.00000587,-0.00057879
CP01-R0321,321,322,801,FLY_ASH,0.08793432,0.08796379,-0.00002947,-0.00234171
CP01-R0321,321,322,801,WATER,-0.14991842,-0.14969531,-0.00022311,-0.00555305
CP01-R0321,321,322,801,SUPERPLASTICIZER,0.29222460,0.29322758,-0.00100299,-0.01073587
CP01-R0321,321,322,801,COARSE_AGGREGATE,0.01808621,0.01814937,-0.00006316,-0.00672454
CP01-R0321,321,322,801,FINE_AGGREGATE,0.02019035,0.02028453,-0.00009418,-0.00880075
CP01-R0321,321,322,801,AGE,0.11422207,0.11421014,0.00001192,0.00219710
CP01-R0898,898,899,802,INTERCEPT,-23.33121358,-23.75350705,0.42229346,0.01588435
CP01-R0898,898,899,802,CEMENT,0.11980433,0.11992920,-0.00012486,-0.01470882
CP01-R0898,898,899,802,SLAG,0.10386581,0.10398842,-0.00012261,-0.01209666
CP01-R0898,898,899,802,FLY_ASH,0.08793432,0.08815708,-0.00022276,-0.01770274
CP01-R0898,898,899,802,WATER,-0.14991842,-0.14924748,-0.00067094,-0.01669952
CP01-R0898,898,899,802,SUPERPLASTICIZER,0.29222460,0.29257427,-0.00034968,-0.00374289
CP01-R0898,898,899,802,COARSE_AGGREGATE,0.01808621,0.01821452,-0.00012830,-0.01366039
CP01-R0898,898,899,802,FINE_AGGREGATE,0.02019035,0.02033575,-0.00014540,-0.01358633
CP01-R0898,898,899,802,AGE,0.11422207,0.11423796,-0.00001589,-0.00292787
CP01-R0577,577,578,803,INTERCEPT,-23.33121358,-23.20137979,-0.12983380,-0.00488363
CP01-R0577,577,578,803,CEMENT,0.11980433,0.11976153,0.00004281,0.00504291
CP01-R0577,577,578,803,SLAG,0.10386581,0.10377072,0.00009509,0.00938118
CP01-R0577,577,578,803,FLY_ASH,0.08793432,0.08781351,0.00012081,0.00960095
CP01-R0577,577,578,803,WATER,-0.14991842,-0.15010009,0.00018167,0.00452170
CP01-R0577,577,578,803,SUPERPLASTICIZER,0.29222460,0.29184910,0.00037550,0.00401929
CP01-R0577,577,578,803,COARSE_AGGREGATE,0.01808621,0.01807627,0.00000995,0.00105904
CP01-R0577,577,578,803,FINE_AGGREGATE,0.02019035,0.02012175,0.00006860,0.00641065
CP01-R0577,577,578,803,AGE,0.11422207,0.11416523,0.00005684,0.01047252
CP01-R0744,744,745,804,INTERCEPT,-23.33121358,-23.48631261,0.15509902,0.00583397
CP01-R0744,744,745,804,CEMENT,0.11980433,0.11981683,-0.00001250,-0.00147201
CP01-R0744,744,745,804,SLAG,0.10386581,0.10394511,-0.00007930,-0.00782383
CP01-R0744,744,745,804,FLY_ASH,0.08793432,0.08801863,-0.00008431,-0.00669994
CP01-R0744,744,745,804,WATER,-0.14991842,-0.14966182,-0.00025660,-0.00638679
CP01-R0744,744,745,804,SUPERPLASTICIZER,0.29222460,0.29301747,-0.00079288,-0.00848686
CP01-R0744,744,745,804,COARSE_AGGREGATE,0.01808621,0.01811537,-0.00002916,-0.00310423
CP01-R0744,744,745,804,FINE_AGGREGATE,0.02019035,0.02026261,-0.00007226,-0.00675251
CP01-R0744,744,745,804,AGE,0.11422207,0.11425942,-0.00003735,-0.00688251
CP01-R0880,880,881,805,INTERCEPT,-23.33121358,-23.52332395,0.19211037,0.00722613
CP01-R0880,880,881,805,CEMENT,0.11980433,0.11983715,-0.00003281,-0.00386512
CP01-R0880,880,881,805,SLAG,0.10386581,0.10388940,-0.00002359,-0.00232769
CP01-R0880,880,881,805,FLY_ASH,0.08793432,0.08803126,-0.00009694,-0.00770404
CP01-R0880,880,881,805,WATER,-0.14991842,-0.14965923,-0.00025919,-0.00645109
CP01-R0880,880,881,805,SUPERPLASTICIZER,0.29222460,0.29249257,-0.00026798,-0.00286842
CP01-R0880,880,881,805,COARSE_AGGREGATE,0.01808621,0.01819096,-0.00010474,-0.01115202
CP01-R0880,880,881,805,FINE_AGGREGATE,0.02019035,0.02021705,-0.00002670,-0.00249471
CP01-R0880,880,881,805,AGE,0.11422207,0.11423770,-0.00001563,-0.00287954
CP01-R0868,868,869,806,INTERCEPT,-23.33121358,-23.31548615,-0.01572744,-0.00059158
CP01-R0868,868,869,806,CEMENT,0.11980433,0.11984489,-0.00004055,-0.00477734
CP01-R0868,868,869,806,SLAG,0.10386581,0.10384127,0.00002454,0.00242094
CP01-R0868,868,869,806,FLY_ASH,0.08793432,0.08801110,-0.00007677,-0.00610127
CP01-R0868,868,869,806,WATER,-0.14991842,-0.15006080,0.00014238,0.00354384
CP01-R0868,868,869,806,SUPERPLASTICIZER,0.29222460,0.29116734,0.00105726,0.01131674
CP01-R0868,868,869,806,COARSE_AGGREGATE,0.01808621,0.01810034,-0.00001412,-0.00150385
CP01-R0868,868,869,806,FINE_AGGREGATE,0.02019035,0.02017274,0.00001761,0.00164531
CP01-R0868,868,869,806,AGE,0.11422207,0.11422885,-0.00000678,-0.00124904
CP01-R0961,961,962,807,INTERCEPT,-23.33121358,-23.73335099,0.40213740,0.01512619
CP01-R0961,961,962,807,CEMENT,0.11980433,0.11992587,-0.00012154,-0.01431695
CP01-R0961,961,962,807,SLAG,0.10386581,0.10398464,-0.00011883,-0.01172343
CP01-R0961,961,962,807,FLY_ASH,0.08793432,0.08815409,-0.00021977,-0.01746481
CP01-R0961,961,962,807,WATER,-0.14991842,-0.14928470,-0.00063372,-0.01577316
CP01-R0961,961,962,807,SUPERPLASTICIZER,0.29222460,0.29247878,-0.00025419,-0.00272079
CP01-R0961,961,962,807,COARSE_AGGREGATE,0.01808621,0.01820761,-0.00012139,-0.01292478
CP01-R0961,961,962,807,FINE_AGGREGATE,0.02019035,0.02032964,-0.00013929,-0.01301545
CP01-R0961,961,962,807,AGE,0.11422207,0.11423825,-0.00001619,-0.00298241
CP01-R0199,199,200,808,INTERCEPT,-23.33121358,-23.11399018,-0.21722340,-0.00817075
CP01-R0199,199,200,808,CEMENT,0.11980433,0.11976875,0.00003558,0.00419166
CP01-R0199,199,200,808,SLAG,0.10386581,0.10381444,0.00005137,0.00506824
CP01-R0199,199,200,808,FLY_ASH,0.08793432,0.08784227,0.00009205,0.00731500
CP01-R0199,199,200,808,WATER,-0.14991842,-0.15008801,0.00016959,0.00422101
CP01-R0199,199,200,808,SUPERPLASTICIZER,0.29222460,0.29216122,0.00006338,0.00067838
CP01-R0199,199,200,808,COARSE_AGGREGATE,0.01808621,0.01801360,0.00007262,0.00773183
CP01-R0199,199,200,808,FINE_AGGREGATE,0.02019035,0.02006530,0.00012505,0.01168550
CP01-R0199,199,200,808,AGE,0.11422207,0.11415612,0.00006595,0.01215184
CP01-R0427,427,428,809,INTERCEPT,-23.33121358,-23.51462077,0.18340719,0.00689877
CP01-R0427,427,428,809,CEMENT,0.11980433,0.11985180,-0.00004746,-0.00559099
CP01-R0427,427,428,809,SLAG,0.10386581,0.10396018,-0.00009437,-0.00931046
CP01-R0427,427,428,809,FLY_ASH,0.08793432,0.08810539,-0.00017107,-0.01359515
CP01-R0427,427,428,809,WATER,-0.14991842,-0.14970986,-0.00020856,-0.00519095
CP01-R0427,427,428,809,SUPERPLASTICIZER,0.29222460,0.29233400,-0.00010940,-0.00117103
CP01-R0427,427,428,809,COARSE_AGGREGATE,0.01808621,0.01816664,-0.00008043,-0.00856311
CP01-R0427,427,428,809,FINE_AGGREGATE,0.02019035,0.02024326,-0.00005291,-0.00494381
CP01-R0427,427,428,809,AGE,0.11422207,0.11421342,0.00000864,0.00159283
CP01-R0723,723,724,810,INTERCEPT,-23.33121358,-23.44803348,0.11681989,0.00439412
CP01-R0723,723,724,810,CEMENT,0.11980433,0.11982133,-0.00001700,-0.00200202
CP01-R0723,723,724,810,SLAG,0.10386581,0.10384634,0.00001947,0.00192057
CP01-R0723,723,724,810,FLY_ASH,0.08793432,0.08789968,0.00003464,0.00275290
CP01-R0723,723,724,810,WATER,-0.14991842,-0.14970455,-0.00021387,-0.00532327
CP01-R0723,723,724,810,SUPERPLASTICIZER,0.29222460,0.29207272,0.00015188,0.00162567
CP01-R0723,723,724,810,COARSE_AGGREGATE,0.01808621,0.01812391,-0.00003769,-0.00401337
CP01-R0723,723,724,810,FINE_AGGREGATE,0.02019035,0.02025087,-0.00006052,-0.00565535
CP01-R0723,723,724,810,AGE,0.11422207,0.11416798,0.00005409,0.00996614
CP01-R0394,394,395,811,INTERCEPT,-23.33121358,-23.33328946,0.00207588,0.00007808
CP01-R0394,394,395,811,CEMENT,0.11980433,0.11981024,-0.00000590,-0.00069555
CP01-R0394,394,395,811,SLAG,0.10386581,0.10390476,-0.00003895,-0.00384314
CP01-R0394,394,395,811,FLY_ASH,0.08793432,0.08791898,0.00001534,0.00121947
CP01-R0394,394,395,811,WATER,-0.14991842,-0.15011991,0.00020149,0.00501511
CP01-R0394,394,395,811,SUPERPLASTICIZER,0.29222460,0.29102497,0.00119963,0.01284069
CP01-R0394,394,395,811,COARSE_AGGREGATE,0.01808621,0.01807812,0.00000809,0.00086141
CP01-R0394,394,395,811,FINE_AGGREGATE,0.02019035,0.02025130,-0.00006095,-0.00569554
CP01-R0394,394,395,811,AGE,0.11422207,0.11424041,-0.00001834,-0.00338016
CP01-R0472,472,473,812,INTERCEPT,-23.33121358,-23.50620993,0.17499634,0.00658240
CP01-R0472,472,473,812,CEMENT,0.11980433,0.11978839,0.00001594,0.00187815
CP01-R0472,472,473,812,SLAG,0.10386581,0.10390930,-0.00004349,-0.00429040
CP01-R0472,472,473,812,FLY_ASH,0.08793432,0.08793794,-0.00000362,-0.00028794
CP01-R0472,472,473,812,WATER,-0.14991842,-0.14960103,-0.00031739,-0.00789976
CP01-R0472,472,473,812,SUPERPLASTICIZER,0.29222460,0.29240395,-0.00017936,-0.00191984
CP01-R0472,472,473,812,COARSE_AGGREGATE,0.01808621,0.01813590,-0.00004968,-0.00528973
CP01-R0472,472,473,812,FINE_AGGREGATE,0.02019035,0.02027475,-0.00008439,-0.00788608
CP01-R0472,472,473,812,AGE,0.11422207,0.11423218,-0.00001012,-0.00186406
CP01-R0422,422,423,813,INTERCEPT,-23.33121358,-23.13189963,-0.19931396,-0.00749709
CP01-R0422,422,423,813,CEMENT,0.11980433,0.11972848,0.00007585,0.00893559
CP01-R0422,422,423,813,SLAG,0.10386581,0.10372883,0.00013698,0.01351438
CP01-R0422,422,423,813,FLY_ASH,0.08793432,0.08773865,0.00019567,0.01555013
CP01-R0422,422,423,813,WATER,-0.14991842,-0.15006413,0.00014571,0.00362664
CP01-R0422,422,423,813,SUPERPLASTICIZER,0.29222460,0.29311588,-0.00089128,-0.00954019
CP01-R0422,422,423,813,COARSE_AGGREGATE,0.01808621,0.01800747,0.00007874,0.00838370
CP01-R0422,422,423,813,FINE_AGGREGATE,0.02019035,0.02010827,0.00008208,0.00767007
CP01-R0422,422,423,813,AGE,0.11422207,0.11423287,-0.00001080,-0.00199062
CP01-R0214,214,215,814,INTERCEPT,-23.33121358,-22.97495242,-0.35626117,-0.01340058
CP01-R0214,214,215,814,CEMENT,0.11980433,0.11972709,0.00007724,0.00909931
CP01-R0214,214,215,814,SLAG,0.10386581,0.10378519,0.00008062,0.00795349
CP01-R0214,214,215,814,FLY_ASH,0.08793432,0.08777201,0.00016231,0.01289905
CP01-R0214,214,215,814,WATER,-0.14991842,-0.15048319,0.00056477,0.01405704
CP01-R0214,214,215,814,SUPERPLASTICIZER,0.29222460,0.29168308,0.00054152,0.00579636
CP01-R0214,214,215,814,COARSE_AGGREGATE,0.01808621,0.01795706,0.00012915,0.01375075
CP01-R0214,214,215,814,FINE_AGGREGATE,0.02019035,0.02007471,0.00011564,0.01080572
CP01-R0214,214,215,814,AGE,0.11422207,0.11417782,0.00004425,0.00815278
CP01-R0276,276,277,815,INTERCEPT,-23.33121358,-23.02025803,-0.31095555,-0.01169643
CP01-R0276,276,277,815,CEMENT,0.11980433,0.11973377,0.00007057,0.00831270
CP01-R0276,276,277,815,SLAG,0.10386581,0.10380777,0.00005804,0.00572592
CP01-R0276,276,277,815,FLY_ASH,0.08793432,0.08779157,0.00014275,0.01134470
CP01-R0276,276,277,815,WATER,-0.14991842,-0.15044755,0.00052913,0.01316999
CP01-R0276,276,277,815,SUPERPLASTICIZER,0.29222460,0.29168319,0.00054141,0.00579518
CP01-R0276,276,277,815,COARSE_AGGREGATE,0.01808621,0.01796814,0.00011807,0.01257126
CP01-R0276,276,277,815,FINE_AGGREGATE,0.02019035,0.02009976,0.00009059,0.00846474
CP01-R0276,276,277,815,AGE,0.11422207,0.11425669,-0.00003462,-0.00637939
CP01-R0588,588,589,816,INTERCEPT,-23.33121358,-23.37283193,0.04161834,0.00156545
CP01-R0588,588,589,816,CEMENT,0.11980433,0.11981637,-0.00001203,-0.00141724
CP01-R0588,588,589,816,SLAG,0.10386581,0.10393224,-0.00006643,-0.00655378
CP01-R0588,588,589,816,FLY_ASH,0.08793432,0.08794115,-0.00000683,-0.00054283
CP01-R0588,588,589,816,WATER,-0.14991842,-0.14998437,0.00006595,0.00164157
CP01-R0588,588,589,816,SUPERPLASTICIZER,0.29222460,0.29142548,0.00079911,0.00855359
CP01-R0588,588,589,816,COARSE_AGGREGATE,0.01808621,0.01813290,-0.00004669,-0.00497080
CP01-R0588,588,589,816,FINE_AGGREGATE,0.02019035,0.02020202,-0.00001167,-0.00109040
CP01-R0588,588,589,816,AGE,0.11422207,0.11420324,0.00001883,0.00346926
CP01-R0037,37,38,817,INTERCEPT,-23.33121358,-23.39087381,0.05966022,0.00224409
CP01-R0037,37,38,817,CEMENT,0.11980433,0.11983153,-0.00002720,-0.00320373
CP01-R0037,37,38,817,SLAG,0.10386581,0.10385930,0.00000650,0.00064176
CP01-R0037,37,38,817,FLY_ASH,0.08793432,0.08797357,-0.00003925,-0.00311883
CP01-R0037,37,38,817,WATER,-0.14991842,-0.15004717,0.00012875,0.00320451
CP01-R0037,37,38,817,SUPERPLASTICIZER,0.29222460,0.29208836,0.00013623,0.00145822
CP01-R0037,37,38,817,COARSE_AGGREGATE,0.01808621,0.01810735,-0.00002114,-0.00225031
CP01-R0037,37,38,817,FINE_AGGREGATE,0.02019035,0.02025505,-0.00006470,-0.00604534
CP01-R0037,37,38,817,AGE,0.11422207,0.11425715,-0.00003508,-0.00646459
CP01-R0188,188,189,818,INTERCEPT,-23.33121358,-22.93288077,-0.39833281,-0.01498308
CP01-R0188,188,189,818,CEMENT,0.11980433,0.11970932,0.00009502,0.01119307
CP01-R0188,188,189,818,SLAG,0.10386581,0.10376479,0.00010102,0.00996649
CP01-R0188,188,189,818,FLY_ASH,0.08793432,0.08776730,0.00016702,0.01327341
CP01-R0188,188,189,818,WATER,-0.14991842,-0.15050473,0.00058631,0.01459317
CP01-R0188,188,189,818,SUPERPLASTICIZER,0.29222460,0.29202597,0.00019862,0.00212602
CP01-R0188,188,189,818,COARSE_AGGREGATE,0.01808621,0.01797493,0.00011128,0.01184838
CP01-R0188,188,189,818,FINE_AGGREGATE,0.02019035,0.02000715,0.00018320,0.01711889
CP01-R0188,188,189,818,AGE,0.11422207,0.11420922,0.00001285,0.00236765
CP01-R0221,221,222,819,INTERCEPT,-23.33121358,-23.20669226,-0.12452132,-0.00468381
CP01-R0221,221,222,819,CEMENT,0.11980433,0.11978039,0.00002395,0.00282073
CP01-R0221,221,222,819,SLAG,0.10386581,0.10383206,0.00003375,0.00333008
CP01-R0221,221,222,819,FLY_ASH,0.08793432,0.08780213,0.00013219,0.01050533
CP01-R0221,221,222,819,WATER,-0.14991842,-0.15002866,0.00011024,0.00274381
CP01-R0221,221,222,819,SUPERPLASTICIZER,0.29222460,0.29264127,-0.00041668,-0.00446006
CP01-R0221,221,222,819,COARSE_AGGREGATE,0.01808621,0.01802202,0.00006419,0.00683443
CP01-R0221,221,222,819,FINE_AGGREGATE,0.02019035,0.02014892,0.00004144,0.00387191
CP01-R0221,221,222,819,AGE,0.11422207,0.11423693,-0.00001486,-0.00273773
CP01-R0450,450,451,820,INTERCEPT,-23.33121358,-23.33724990,0.00603631,0.00022705
CP01-R0450,450,451,820,CEMENT,0.11980433,0.11977670,0.00002763,0.00325518
CP01-R0450,450,451,820,SLAG,0.10386581,0.10382162,0.00004418,0.00435928
CP01-R0450,450,451,820,FLY_ASH,0.08793432,0.08780119,0.00013314,0.01058040
CP01-R0450,450,451,820,WATER,-0.14991842,-0.14967226,-0.00024616,-0.00612679
CP01-R0450,450,451,820,SUPERPLASTICIZER,0.29222460,0.29361156,-0.00138696,-0.01484589
CP01-R0450,450,451,820,COARSE_AGGREGATE,0.01808621,0.01808745,-0.00000123,-0.00013112
CP01-R0450,450,451,820,FINE_AGGREGATE,0.02019035,0.02015015,0.00004020,0.00375685
CP01-R0450,450,451,820,AGE,0.11422207,0.11419049,0.00003158,0.00581836
CP01-R0106,106,107,821,INTERCEPT,-23.33121358,-23.34124323,0.01002965,0.00037726
CP01-R0106,106,107,821,CEMENT,0.11980433,0.11976333,0.00004101,0.00483061
CP01-R0106,106,107,821,SLAG,0.10386581,0.10383359,0.00003222,0.00317886
CP01-R0106,106,107,821,FLY_ASH,0.08793432,0.08794902,-0.00001469,-0.00116773
CP01-R0106,106,107,821,WATER,-0.14991842,-0.14970329,-0.00021513,-0.00535460
CP01-R0106,106,107,821,SUPERPLASTICIZER,0.29222460,0.29246916,-0.00024456,-0.00261776
CP01-R0106,106,107,821,COARSE_AGGREGATE,0.01808621,0.01809256,-0.00000635,-0.00067574
CP01-R0106,106,107,821,FINE_AGGREGATE,0.02019035,0.02015518,0.00003517,0.00328648
CP01-R0106,106,107,821,AGE,0.11422207,0.11423464,-0.00001257,-0.00231566
CP01-R0433,433,434,822,INTERCEPT,-23.33121358,-23.27879428,-0.05241930,-0.00197172
CP01-R0433,433,434,822,CEMENT,0.11980433,0.11976547,0.00003887,0.00457853
CP01-R0433,433,434,822,SLAG,0.10386581,0.10381313,0.00005268,0.00519698
CP01-R0433,433,434,822,FLY_ASH,0.08793432,0.08780679,0.00012753,0.01013470
CP01-R0433,433,434,822,WATER,-0.14991842,-0.14978210,-0.00013632,-0.00339304
CP01-R0433,433,434,822,SUPERPLASTICIZER,0.29222460,0.29367363,-0.00144904,-0.01551030
CP01-R0433,433,434,822,COARSE_AGGREGATE,0.01808621,0.01807491,0.00001131,0.00120398
CP01-R0433,433,434,822,FINE_AGGREGATE,0.02019035,0.02011914,0.00007122,0.00665456
CP01-R0433,433,434,822,AGE,0.11422207,0.11421289,0.00000918,0.00169103
CP01-R1012,1012,1013,823,INTERCEPT,-23.33121358,-23.55893448,0.22772090,0.00856560
CP01-R1012,1012,1013,823,CEMENT,0.11980433,0.11984436,-0.00004003,-0.00471515
CP01-R1012,1012,1013,823,SLAG,0.10386581,0.10390772,-0.00004192,-0.00413536
CP01-R1012,1012,1013,823,FLY_ASH,0.08793432,0.08795248,-0.00001816,-0.00144290
CP01-R1012,1012,1013,823,WATER,-0.14991842,-0.14972518,-0.00019323,-0.00480958
CP01-R1012,1012,1013,823,SUPERPLASTICIZER,0.29222460,0.29223650,-0.00001190,-0.00012741
CP01-R1012,1012,1013,823,COARSE_AGGREGATE,0.01808621,0.01817712,-0.00009091,-0.00967908
CP01-R1012,1012,1013,823,FINE_AGGREGATE,0.02019035,0.02029918,-0.00010882,-0.01016891
CP01-R1012,1012,1013,823,AGE,0.11422207,0.11424227,-0.00002020,-0.00372210
CP01-R0186,186,187,824,INTERCEPT,-23.33121358,-22.96586570,-0.36534788,-0.01374237
CP01-R0186,186,187,824,CEMENT,0.11980433,0.11971860,0.00008573,0.01009917
CP01-R0186,186,187,824,SLAG,0.10386581,0.10377838,0.00008743,0.00862543
CP01-R0186,186,187,824,FLY_ASH,0.08793432,0.08778729,0.00014703,0.01168487
CP01-R0186,186,187,824,WATER,-0.14991842,-0.15048311,0.00056469,0.01405510
CP01-R0186,186,187,824,SUPERPLASTICIZER,0.29222460,0.29201797,0.00020662,0.00221164
CP01-R0186,186,187,824,COARSE_AGGREGATE,0.01808621,0.01798475,0.00010146,0.01080269
CP01-R0186,186,187,824,FINE_AGGREGATE,0.02019035,0.02002450,0.00016585,0.01549771
CP01-R0186,186,187,824,AGE,0.11422207,0.11424496,-0.00002289,-0.00421732
CP01-R0823,823,824,825,INTERCEPT,-23.33121358,-23.34113522,0.00992163,0.00037320
CP01-R0823,823,824,825,CEMENT,0.11980433,0.11982418,-0.00001984,-0.00233743
CP01-R0823,823,824,825,SLAG,0.10386581,0.10393425,-0.00006844,-0.00675221
CP01-R0823,823,824,825,FLY_ASH,0.08793432,0.08801601,-0.00008169,-0.00649169
CP01-R0823,823,824,825,WATER,-0.14991842,-0.15006128,0.00014286,0.00355583
CP01-R0823,823,824,825,SUPERPLASTICIZER,0.29222460,0.29220832,0.00001628,0.00017422
CP01-R0823,823,824,825,COARSE_AGGREGATE,0.01808621,0.01810319,-0.00001698,-0.00180746
CP01-R0823,823,824,825,FINE_AGGREGATE,0.02019035,0.02018926,0.00000109,0.00010230
CP01-R0823,823,824,825,AGE,0.11422207,0.11426394,-0.00004188,-0.00771587
CP01-R0398,398,399,826,INTERCEPT,-23.33121358,-23.39392267,0.06270908,0.00235877
CP01-R0398,398,399,826,CEMENT,0.11980433,0.11981253,-0.00000819,-0.00096504
CP01-R0398,398,399,826,SLAG,0.10386581,0.10384391,0.00002190,0.00216023
CP01-R0398,398,399,826,FLY_ASH,0.08793432,0.08787432,0.00006000,0.00476837
CP01-R0398,398,399,826,WATER,-0.14991842,-0.14982116,-0.00009726,-0.00242068
CP01-R0398,398,399,826,SUPERPLASTICIZER,0.29222460,0.29305314,-0.00082854,-0.00886861
CP01-R0398,398,399,826,COARSE_AGGREGATE,0.01808621,0.01815259,-0.00006637,-0.00706656
CP01-R0398,398,399,826,FINE_AGGREGATE,0.02019035,0.02015869,0.00003166,0.00295849
CP01-R0398,398,399,826,AGE,0.11422207,0.11422102,0.00000105,0.00019354
CP01-R0361,361,362,827,INTERCEPT,-23.33121358,-23.20733278,-0.12388081,-0.00465971
CP01-R0361,361,362,827,CEMENT,0.11980433,0.11976618,0.00003816,0.00449495
CP01-R0361,361,362,827,SLAG,0.10386581,0.10384117,0.00002464,0.00243062
CP01-R0361,361,362,827,FLY_ASH,0.08793432,0.08792486,0.00000946,0.00075178
CP01-R0361,361,362,827,WATER,-0.14991842,-0.15029738,0.00037897,0.00943240
CP01-R0361,361,362,827,SUPERPLASTICIZER,0.29222460,0.29205798,0.00016662,0.00178346
CP01-R0361,361,362,827,COARSE_AGGREGATE,0.01808621,0.01808802,-0.00000180,-0.00019199
CP01-R0361,361,362,827,FINE_AGGREGATE,0.02019035,0.02013855,0.00005180,0.00484057
CP01-R0361,361,362,827,AGE,0.11422207,0.11422454,-0.00000247,-0.00045466
CP01-R0635,635,636,828,INTERCEPT,-23.33121358,-23.33177654,0.00056296,0.00002118
CP01-R0635,635,636,828,CEMENT,0.11980433,0.11983704,-0.00003271,-0.00385320
CP01-R0635,635,636,828,SLAG,0.10386581,0.10392118,-0.00005537,-0.00546307
CP01-R0635,635,636,828,FLY_ASH,0.08793432,0.08802275,-0.00008843,-0.00702741
CP01-R0635,635,636,828,WATER,-0.14991842,-0.14989054,-0.00002788,-0.00069389
CP01-R0635,635,636,828,SUPERPLASTICIZER,0.29222460,0.29230906,-0.00008446,-0.00090409
CP01-R0635,635,636,828,COARSE_AGGREGATE,0.01808621,0.01805491,0.00003130,0.00333290
CP01-R0635,635,636,828,FINE_AGGREGATE,0.02019035,0.02019438,-0.00000403,-0.00037630
CP01-R0635,635,636,828,AGE,0.11422207,0.11424795,-0.00002588,-0.00476888
CP01-R0322,322,323,829,INTERCEPT,-23.33121358,-23.49138930,0.16017572,0.00602493
CP01-R0322,322,323,829,CEMENT,0.11980433,0.11982045,-0.00001612,-0.00189876
CP01-R0322,322,323,829,SLAG,0.10386581,0.10387355,-0.00000774,-0.00076362
CP01-R0322,322,323,829,FLY_ASH,0.08793432,0.08796312,-0.00002880,-0.00228842
CP01-R0322,322,323,829,WATER,-0.14991842,-0.14973297,-0.00018544,-0.00461570
CP01-R0322,322,323,829,SUPERPLASTICIZER,0.29222460,0.29307580,-0.00085120,-0.00911119
CP01-R0322,322,323,829,COARSE_AGGREGATE,0.01808621,0.01814137,-0.00005515,-0.00587198
CP01-R0322,322,323,829,FINE_AGGREGATE,0.02019035,0.02027320,-0.00008285,-0.00774163
CP01-R0322,322,323,829,AGE,0.11422207,0.11422489,-0.00000282,-0.00051910
CP01-R0731,731,732,830,INTERCEPT,-23.33121358,-23.07911392,-0.25209966,-0.00948260
CP01-R0731,731,732,830,CEMENT,0.11980433,0.11973586,0.00006848,0.00806649
CP01-R0731,731,732,830,SLAG,0.10386581,0.10381326,0.00005255,0.00518478
CP01-R0731,731,732,830,FLY_ASH,0.08793432,0.08787885,0.00005547,0.00440800
CP01-R0731,731,732,830,WATER,-0.14991842,-0.15022269,0.00030428,0.00757337
CP01-R0731,731,732,830,SUPERPLASTICIZER,0.29222460,0.29232766,-0.00010307,-0.00110322
CP01-R0731,731,732,830,COARSE_AGGREGATE,0.01808621,0.01799959,0.00008662,0.00922257
CP01-R0731,731,732,830,FINE_AGGREGATE,0.02019035,0.02007692,0.00011343,0.01059898
CP01-R0731,731,732,830,AGE,0.11422207,0.11417218,0.00004989,0.00919246
CP01-R0493,493,494,831,INTERCEPT,-23.33121358,-23.63418360,0.30297001,0.01139606
CP01-R0493,493,494,831,CEMENT,0.11980433,0.11992780,-0.00012346,-0.01454399
CP01-R0493,493,494,831,SLAG,0.10386581,0.10397189,-0.00010608,-0.01046577
CP01-R0493,493,494,831,FLY_ASH,0.08793432,0.08808954,-0.00015522,-0.01233522
CP01-R0493,493,494,831,WATER,-0.14991842,-0.14957672,-0.00034170,-0.00850490
CP01-R0493,493,494,831,SUPERPLASTICIZER,0.29222460,0.29259884,-0.00037425,-0.00400588
CP01-R0493,493,494,831,COARSE_AGGREGATE,0.01808621,0.01817312,-0.00008691,-0.00925333
CP01-R0493,493,494,831,FINE_AGGREGATE,0.02019035,0.02032780,-0.00013745,-0.01284373
CP01-R0493,493,494,831,AGE,0.11422207,0.11421154,0.00001053,0.00193955
CP01-R0440,440,441,832,INTERCEPT,-23.33121358,-23.17215322,-0.15906036,-0.00598297
CP01-R0440,440,441,832,CEMENT,0.11980433,0.11976275,0.00004158,0.00489846
CP01-R0440,440,441,832,SLAG,0.10386581,0.10378292,0.00008289,0.00817771
CP01-R0440,440,441,832,FLY_ASH,0.08793432,0.08778529,0.00014903,0.01184366
CP01-R0440,440,441,832,WATER,-0.14991842,-0.15009115,0.00017273,0.00429919
CP01-R0440,440,441,832,SUPERPLASTICIZER,0.29222460,0.29213820,0.00008639,0.00092474
CP01-R0440,440,441,832,COARSE_AGGREGATE,0.01808621,0.01801669,0.00006952,0.00740186
CP01-R0440,440,441,832,FINE_AGGREGATE,0.02019035,0.02014327,0.00004708,0.00439970
CP01-R0440,440,441,832,AGE,0.11422207,0.11421769,0.00000438,0.00080678
CP01-R0780,780,781,833,INTERCEPT,-23.33121358,-23.57213770,0.24092411,0.00906224
CP01-R0780,780,781,833,CEMENT,0.11980433,0.11989486,-0.00009053,-0.01066413
CP01-R0780,780,781,833,SLAG,0.10386581,0.10399528,-0.00012947,-0.01277319
CP01-R0780,780,781,833,FLY_ASH,0.08793432,0.08809893,-0.00016461,-0.01308156
CP01-R0780,780,781,833,WATER,-0.14991842,-0.14959225,-0.00032617,-0.00811836
CP01-R0780,780,781,833,SUPERPLASTICIZER,0.29222460,0.29251219,-0.00028760,-0.00307839
CP01-R0780,780,781,833,COARSE_AGGREGATE,0.01808621,0.01813892,-0.00005271,-0.00561190
CP01-R0780,780,781,833,FINE_AGGREGATE,0.02019035,0.02029453,-0.00010418,-0.00973477
CP01-R0780,780,781,833,AGE,0.11422207,0.11425114,-0.00002907,-0.00535636
CP01-R0637,637,638,834,INTERCEPT,-23.33121358,-23.35195529,0.02074170,0.00078019
CP01-R0637,637,638,834,CEMENT,0.11980433,0.11983058,-0.00002625,-0.00309206
CP01-R0637,637,638,834,SLAG,0.10386581,0.10392137,-0.00005556,-0.00548132
CP01-R0637,637,638,834,FLY_ASH,0.08793432,0.08801640,-0.00008208,-0.00652313
CP01-R0637,637,638,834,WATER,-0.14991842,-0.14986391,-0.00005451,-0.00135674
CP01-R0637,637,638,834,SUPERPLASTICIZER,0.29222460,0.29242318,-0.00019859,-0.00212566
CP01-R0637,637,638,834,COARSE_AGGREGATE,0.01808621,0.01806569,0.00002052,0.00218517
CP01-R0637,637,638,834,FINE_AGGREGATE,0.02019035,0.02020245,-0.00001210,-0.00113042
CP01-R0637,637,638,834,AGE,0.11422207,0.11424907,-0.00002700,-0.00497447
CP01-R0099,99,100,835,INTERCEPT,-23.33121358,-23.13987708,-0.19133650,-0.00719702
CP01-R0099,99,100,835,CEMENT,0.11980433,0.11969462,0.00010972,0.01292437
CP01-R0099,99,100,835,SLAG,0.10386581,0.10376701,0.00009880,0.00974736
CP01-R0099,99,100,835,FLY_ASH,0.08793432,0.08783668,0.00009764,0.00775946
CP01-R0099,99,100,835,WATER,-0.14991842,-0.15017800,0.00025958,0.00646080
CP01-R0099,99,100,835,SUPERPLASTICIZER,0.29222460,0.29229286,-0.00006826,-0.00073068
CP01-R0099,99,100,835,COARSE_AGGREGATE,0.01808621,0.01805336,0.00003285,0.00349807
CP01-R0099,99,100,835,FINE_AGGREGATE,0.02019035,0.02009673,0.00009362,0.00874818
CP01-R0099,99,100,835,AGE,0.11422207,0.11424396,-0.00002189,-0.00403368
CP01-R0920,920,921,836,INTERCEPT,-23.33121358,-23.14133520,-0.18987838,-0.00714218
CP01-R0920,920,921,836,CEMENT,0.11980433,0.11971015,0.00009419,0.01109518
CP01-R0920,920,921,836,SLAG,0.10386581,0.10372900,0.00013681,0.01349807
CP01-R0920,920,921,836,FLY_ASH,0.08793432,0.08774268,0.00019165,0.01523011
CP01-R0920,920,921,836,WATER,-0.14991842,-0.15007469,0.00015627,0.00388950
CP01-R0920,920,921,836,SUPERPLASTICIZER,0.29222460,0.29300536,-0.00078077,-0.00835721
CP01-R0920,920,921,836,COARSE_AGGREGATE,0.01808621,0.01803214,0.00005408,0.00575748
CP01-R0920,920,921,836,FINE_AGGREGATE,0.02019035,0.02010876,0.00008159,0.00762378
CP01-R0920,920,921,836,AGE,0.11422207,0.11419787,0.00002420,0.00445945
CP01-R0317,317,318,837,INTERCEPT,-23.33121358,-23.35868009,0.02746650,0.00103314
CP01-R0317,317,318,837,CEMENT,0.11980433,0.11980143,0.00000290,0.00034189
CP01-R0317,317,318,837,SLAG,0.10386581,0.10385603,0.00000978,0.00096485
CP01-R0317,317,318,837,FLY_ASH,0.08793432,0.08794222,-0.00000790,-0.00062790
CP01-R0317,317,318,837,WATER,-0.14991842,-0.15002633,0.00010791,0.00268585
CP01-R0317,317,318,837,SUPERPLASTICIZER,0.29222460,0.29241383,-0.00018923,-0.00202553
CP01-R0317,317,318,837,COARSE_AGGREGATE,0.01808621,0.01810459,-0.00001837,-0.00195639
CP01-R0317,317,318,837,FINE_AGGREGATE,0.02019035,0.02023114,-0.00004079,-0.00381131
CP01-R0317,317,318,837,AGE,0.11422207,0.11423203,-0.00000996,-0.00183589
CP01-R1027,1027,1028,838,INTERCEPT,-23.33121358,-23.29761035,-0.03360323,-0.00126397
CP01-R1027,1027,1028,838,CEMENT,0.11980433,0.11980452,-0.00000019,-0.00002217
CP01-R1027,1027,1028,838,SLAG,0.10386581,0.10382718,0.00003863,0.00381086
CP01-R1027,1027,1028,838,FLY_ASH,0.08793432,0.08794880,-0.00001448,-0.00115094
CP01-R1027,1027,1028,838,WATER,-0.14991842,-0.14978289,-0.00013553,-0.00337325
CP01-R1027,1027,1028,838,SUPERPLASTICIZER,0.29222460,0.29254172,-0.00031712,-0.00339447
CP01-R1027,1027,1028,838,COARSE_AGGREGATE,0.01808621,0.01802915,0.00005707,0.00607622
CP01-R1027,1027,1028,838,FINE_AGGREGATE,0.02019035,0.02019090,-0.00000055,-0.00005101
CP01-R1027,1027,1028,838,AGE,0.11422207,0.11420485,0.00001721,0.00317175
CP01-R0543,543,544,839,INTERCEPT,-23.33121358,-23.24185288,-0.08936071,-0.00336126
CP01-R0543,543,544,839,CEMENT,0.11980433,0.11976948,0.00003485,0.00410531
CP01-R0543,543,544,839,SLAG,0.10386581,0.10381258,0.00005323,0.00525156
CP01-R0543,543,544,839,FLY_ASH,0.08793432,0.08787014,0.00006419,0.00510088
CP01-R0543,543,544,839,WATER,-0.14991842,-0.15003118,0.00011276,0.00280654
CP01-R0543,543,544,839,SUPERPLASTICIZER,0.29222460,0.29173352,0.00049107,0.00525637
CP01-R0543,543,544,839,COARSE_AGGREGATE,0.01808621,0.01802391,0.00006230,0.00663365
CP01-R0543,543,544,839,FINE_AGGREGATE,0.02019035,0.02020733,-0.00001698,-0.00158697
CP01-R0543,543,544,839,AGE,0.11422207,0.11424043,-0.00001836,-0.00338245
CP01-R0983,983,984,840,INTERCEPT,-23.33121358,-23.14567818,-0.18553541,-0.00697882
CP01-R0983,983,984,840,CEMENT,0.11980433,0.11971203,0.00009231,0.01087382
CP01-R0983,983,984,840,SLAG,0.10386581,0.10373176,0.00013405,0.01322540
CP01-R0983,983,984,840,FLY_ASH,0.08793432,0.08774652,0.00018780,0.01492469
CP01-R0983,983,984,840,WATER,-0.14991842,-0.15006999,0.00015157,0.00377247
CP01-R0983,983,984,840,SUPERPLASTICIZER,0.29222460,0.29299286,-0.00076826,-0.00822340
CP01-R0983,983,984,840,COARSE_AGGREGATE,0.01808621,0.01803329,0.00005293,0.00563518
CP01-R0983,983,984,840,FINE_AGGREGATE,0.02019035,0.02011062,0.00007973,0.00745019
CP01-R0983,983,984,840,AGE,0.11422207,0.11419831,0.00002376,0.00437783
CP01-R0474,474,475,841,INTERCEPT,-23.33121358,-23.18968662,-0.14152697,-0.00532346
CP01-R0474,474,475,841,CEMENT,0.11980433,0.11981723,-0.00001289,-0.00151894
CP01-R0474,474,475,841,SLAG,0.10386581,0.10383064,0.00003517,0.00346983
CP01-R0474,474,475,841,FLY_ASH,0.08793432,0.08793139,0.00000293,0.00023287
CP01-R0474,474,475,841,WATER,-0.14991842,-0.15017511,0.00025669,0.00638887
CP01-R0474,474,475,841,SUPERPLASTICIZER,0.29222460,0.29207954,0.00014506,0.00155266
CP01-R0474,474,475,841,COARSE_AGGREGATE,0.01808621,0.01804603,0.00004018,0.00427803
CP01-R0474,474,475,841,FINE_AGGREGATE,0.02019035,0.02012210,0.00006825,0.00637781
CP01-R0474,474,475,841,AGE,0.11422207,0.11421389,0.00000818,0.00150754
CP01-R0703,703,704,842,INTERCEPT,-23.33121358,-23.19957524,-0.13163835,-0.00495151
CP01-R0703,703,704,842,CEMENT,0.11980433,0.11974836,0.00005597,0.00659344
CP01-R0703,703,704,842,SLAG,0.10386581,0.10383560,0.00003021,0.00298042
CP01-R0703,703,704,842,FLY_ASH,0.08793432,0.08784958,0.00008474,0.00673411
CP01-R0703,703,704,842,WATER,-0.14991842,-0.15009012,0.00017170,0.00427350
CP01-R0703,703,704,842,SUPERPLASTICIZER,0.29222460,0.29159930,0.00062530,0.00669310
CP01-R0703,703,704,842,COARSE_AGGREGATE,0.01808621,0.01803742,0.00004879,0.00519495
CP01-R0703,703,704,842,FINE_AGGREGATE,0.02019035,0.02016204,0.00002831,0.00264561
CP01-R0703,703,704,842,AGE,0.11422207,0.11418488,0.00003719,0.00685205
CP01-R0751,751,752,843,INTERCEPT,-23.33121358,-23.07886054,-0.25235305,-0.00949213
CP01-R0751,751,752,843,CEMENT,0.11980433,0.11971132,0.00009302,0.01095762
CP01-R0751,751,752,843,SLAG,0.10386581,0.10379696,0.00006885,0.00679301
CP01-R0751,751,752,843,FLY_ASH,0.08793432,0.08784797,0.00008635,0.00686212
CP01-R0751,751,752,843,WATER,-0.14991842,-0.15028079,0.00036237,0.00901926
CP01-R0751,751,752,843,SUPERPLASTICIZER,0.29222460,0.29203167,0.00019293,0.00206505
CP01-R0751,751,752,843,COARSE_AGGREGATE,0.01808621,0.01797780,0.00010841,0.01154288
CP01-R0751,751,752,843,FINE_AGGREGATE,0.02019035,0.02013032,0.00006003,0.00560937
CP01-R0751,751,752,843,AGE,0.11422207,0.11424212,-0.00002005,-0.00369404
CP01-R0546,546,547,844,INTERCEPT,-23.33121358,-23.42460150,0.09338792,0.00351274
CP01-R0546,546,547,844,CEMENT,0.11980433,0.11984093,-0.00003660,-0.00431147
CP01-R0546,546,547,844,SLAG,0.10386581,0.10392376,-0.00005796,-0.00571793
CP01-R0546,546,547,844,FLY_ASH,0.08793432,0.08800494,-0.00007062,-0.00561239
CP01-R0546,546,547,844,WATER,-0.14991842,-0.14982453,-0.00009389,-0.00233681
CP01-R0546,546,547,844,SUPERPLASTICIZER,0.29222460,0.29267609,-0.00045149,-0.00483274
CP01-R0546,546,547,844,COARSE_AGGREGATE,0.01808621,0.01814868,-0.00006247,-0.00665114
CP01-R0546,546,547,844,FINE_AGGREGATE,0.02019035,0.02017968,0.00001067,0.00099725
CP01-R0546,546,547,844,AGE,0.11422207,0.11423764,-0.00001557,-0.00286871
CP01-R0252,252,253,845,INTERCEPT,-23.33121358,-23.01379675,-0.31741684,-0.01193947
CP01-R0252,252,253,845,CEMENT,0.11980433,0.11972219,0.00008214,0.00967646
CP01-R0252,252,253,845,SLAG,0.10386581,0.10378703,0.00007878,0.00777242
CP01-R0252,252,253,845,FLY_ASH,0.08793432,0.08779954,0.00013479,0.01071152
CP01-R0252,252,253,845,WATER,-0.14991842,-0.15040241,0.00048399,0.01204652
CP01-R0252,252,253,845,SUPERPLASTICIZER,0.29222460,0.29202356,0.00020104,0.00215188
CP01-R0252,252,253,845,COARSE_AGGREGATE,0.01808621,0.01800048,0.00008573,0.00912797
CP01-R0252,252,253,845,FINE_AGGREGATE,0.02019035,0.02004578,0.00014457,0.01350879
CP01-R0252,252,253,845,AGE,0.11422207,0.11423218,-0.00001011,-0.00186290
CP01-R0737,737,738,846,INTERCEPT,-23.33121358,-23.28502914,-0.04618444,-0.00173720
CP01-R0737,737,738,846,CEMENT,0.11980433,0.11974882,0.00005552,0.00653973
CP01-R0737,737,738,846,SLAG,0.10386581,0.10379435,0.00007145,0.00704968
CP01-R0737,737,738,846,FLY_ASH,0.08793432,0.08782669,0.00010763,0.00855362
CP01-R0737,737,738,846,WATER,-0.14991842,-0.14995378,0.00003536,0.00088006
CP01-R0737,737,738,846,SUPERPLASTICIZER,0.29222460,0.29242518,-0.00020058,-0.00214700
CP01-R0737,737,738,846,COARSE_AGGREGATE,0.01808621,0.01810295,-0.00001674,-0.00178230
CP01-R0737,737,738,846,FINE_AGGREGATE,0.02019035,0.02015567,0.00003468,0.00324097
CP01-R0737,737,738,846,AGE,0.11422207,0.11418758,0.00003449,0.00635453
CP01-R0870,870,871,847,INTERCEPT,-23.33121358,-23.29198538,-0.03922820,-0.00147555
CP01-R0870,870,871,847,CEMENT,0.11980433,0.11980441,-0.00000008,-0.00000933
CP01-R0870,870,871,847,SLAG,0.10386581,0.10382895,0.00003686,0.00363656
CP01-R0870,870,871,847,FLY_ASH,0.08793432,0.08794950,-0.00001518,-0.00120622
CP01-R0870,870,871,847,WATER,-0.14991842,-0.14980642,-0.00011200,-0.00278774
CP01-R0870,870,871,847,SUPERPLASTICIZER,0.29222460,0.29245256,-0.00022797,-0.00244015
CP01-R0870,870,871,847,COARSE_AGGREGATE,0.01808621,0.01802926,0.00005695,0.00606396
CP01-R0870,870,871,847,FINE_AGGREGATE,0.02019035,0.02018934,0.00000101,0.00009457
CP01-R0870,870,871,847,AGE,0.11422207,0.11420585,0.00001622,0.00298909
CP01-R0336,336,337,848,INTERCEPT,-23.33121358,-23.31606525,-0.01514833,-0.00056980
CP01-R0336,336,337,848,CEMENT,0.11980433,0.11979940,0.00000494,0.00058145
CP01-R0336,336,337,848,SLAG,0.10386581,0.10387761,-0.00001180,-0.00116419
CP01-R0336,336,337,848,FLY_ASH,0.08793432,0.08789711,0.00003721,0.00295747
CP01-R0336,336,337,848,WATER,-0.14991842,-0.14984884,-0.00006958,-0.00173190
CP01-R0336,336,337,848,SUPERPLASTICIZER,0.29222460,0.29209985,0.00012475,0.00133530
CP01-R0336,336,337,848,COARSE_AGGREGATE,0.01808621,0.01805062,0.00003559,0.00378944
CP01-R0336,336,337,848,FINE_AGGREGATE,0.02019035,0.02019879,-0.00000843,-0.00078812
CP01-R0336,336,337,848,AGE,0.11422207,0.11423462,-0.00001255,-0.00231308
CP01-R0627,627,628,849,INTERCEPT,-23.33121358,-23.21554483,-0.11566875,-0.00435082
CP01-R0627,627,628,849,CEMENT,0.11980433,0.11974237,0.00006196,0.00729939
CP01-R0627,627,628,849,SLAG,0.10386581,0.10378060,0.00008521,0.00840690
CP01-R0627,627,628,849,FLY_ASH,0.08793432,0.08782279,0.00011153,0.00886348
CP01-R0627,627,628,849,WATER,-0.14991842,-0.15000860,0.00009018,0.00224464
CP01-R0627,627,628,849,SUPERPLASTICIZER,0.29222460,0.29206194,0.00016266,0.00174106
CP01-R0627,627,628,849,COARSE_AGGREGATE,0.01808621,0.01803589,0.00005032,0.00535775
CP01-R0627,627,628,849,FINE_AGGREGATE,0.02019035,0.02016983,0.00002052,0.00191776
CP01-R0627,627,628,849,AGE,0.11422207,0.11418831,0.00003376,0.00622005
CP01-R0998,998,999,850,INTERCEPT,-23.33121358,-23.56877791,0.23756433,0.00893586
CP01-R0998,998,999,850,CEMENT,0.11980433,0.11986729,-0.00006296,-0.00741616
CP01-R0998,998,999,850,SLAG,0.10386581,0.10392426,-0.00005845,-0.00576639
CP01-R0998,998,999,850,FLY_ASH,0.08793432,0.08806569,-0.00013136,-0.01043961
CP01-R0998,998,999,850,WATER,-0.14991842,-0.14956530,-0.00035312,-0.00878907
CP01-R0998,998,999,850,SUPERPLASTICIZER,0.29222460,0.29217983,0.00004476,0.00047915
CP01-R0998,998,999,850,COARSE_AGGREGATE,0.01808621,0.01817309,-0.00008687,-0.00924960
CP01-R0998,998,999,850,FINE_AGGREGATE,0.02019035,0.02026375,-0.00007340,-0.00685880
CP01-R0998,998,999,850,AGE,0.11422207,0.11423122,-0.00000916,-0.00168698
CP01-R0841,841,842,851,INTERCEPT,-23.33121358,-23.56674357,0.23552999,0.00885934
CP01-R0841,841,842,851,CEMENT,0.11980433,0.11986672,-0.00006238,-0.00734853
CP01-R0841,841,842,851,SLAG,0.10386581,0.10392355,-0.00005775,-0.00569715
CP01-R0841,841,842,851,FLY_ASH,0.08793432,0.08806489,-0.00013056,-0.01037598
CP01-R0841,841,842,851,WATER,-0.14991842,-0.14956872,-0.00034970,-0.00870385
CP01-R0841,841,842,851,SUPERPLASTICIZER,0.29222460,0.29217691,0.00004769,0.00051044
CP01-R0841,841,842,851,COARSE_AGGREGATE,0.01808621,0.01817254,-0.00008633,-0.00919121
CP01-R0841,841,842,851,FINE_AGGREGATE,0.02019035,0.02026297,-0.00007262,-0.00678573
CP01-R0841,841,842,851,AGE,0.11422207,0.11423124,-0.00000918,-0.00169058
CP01-R0206,206,207,852,INTERCEPT,-23.33121358,-23.51070071,0.17948712,0.00675132
CP01-R0206,206,207,852,CEMENT,0.11980433,0.11983168,-0.00002735,-0.00322150
CP01-R0206,206,207,852,SLAG,0.10386581,0.10389207,-0.00002626,-0.00259049
CP01-R0206,206,207,852,FLY_ASH,0.08793432,0.08801659,-0.00008227,-0.00653819
CP01-R0206,206,207,852,WATER,-0.14991842,-0.14965405,-0.00026437,-0.00658008
CP01-R0206,206,207,852,SUPERPLASTICIZER,0.29222460,0.29249542,-0.00027082,-0.00289887
CP01-R0206,206,207,852,COARSE_AGGREGATE,0.01808621,0.01816777,-0.00008156,-0.00868365
CP01-R0206,206,207,852,FINE_AGGREGATE,0.02019035,0.02024234,-0.00005199,-0.00485809
CP01-R0206,206,207,852,AGE,0.11422207,0.11420071,0.00002136,0.00393529
CP01-R0580,580,581,853,INTERCEPT,-23.33121358,-23.43462276,0.10340918,0.00388968
CP01-R0580,580,581,853,CEMENT,0.11980433,0.11981002,-0.00000568,-0.00066918
CP01-R0580,580,581,853,SLAG,0.10386581,0.10391240,-0.00004659,-0.00459668
CP01-R0580,580,581,853,FLY_ASH,0.08793432,0.08793309,0.00000123,0.00009779
CP01-R0580,580,581,853,WATER,-0.14991842,-0.14984112,-0.00007730,-0.00192389
CP01-R0580,580,581,853,SUPERPLASTICIZER,0.29222460,0.29202231,0.00020228,0.00216523
CP01-R0580,580,581,853,COARSE_AGGREGATE,0.01808621,0.01815187,-0.00006566,-0.00699044
CP01-R0580,580,581,853,FINE_AGGREGATE,0.02019035,0.02022269,-0.00003234,-0.00302203
CP01-R0580,580,581,853,AGE,0.11422207,0.11420810,0.00001396,0.00257306
CP01-R0261,261,262,854,INTERCEPT,-23.33121358,-23.46577842,0.13456484,0.00506159
CP01-R0261,261,262,854,CEMENT,0.11980433,0.11981530,-0.00001096,-0.00129160
CP01-R0261,261,262,854,SLAG,0.10386581,0.10387771,-0.00001190,-0.00117414
CP01-R0261,261,262,854,FLY_ASH,0.08793432,0.08796619,-0.00003187,-0.00253273
CP01-R0261,261,262,854,WATER,-0.14991842,-0.14978576,-0.00013266,-0.00330177
CP01-R0261,261,262,854,SUPERPLASTICIZER,0.29222460,0.29262245,-0.00039786,-0.00425862
CP01-R0261,261,262,854,COARSE_AGGREGATE,0.01808621,0.01813421,-0.00004800,-0.00511048
CP01-R0261,261,262,854,FINE_AGGREGATE,0.02019035,0.02026613,-0.00007577,-0.00708064
CP01-R0261,261,262,854,AGE,0.11422207,0.11421503,0.00000703,0.00129606
CP01-R0629,629,630,855,INTERCEPT,-23.33121358,-23.35083894,0.01962536,0.00073820
CP01-R0629,629,630,855,CEMENT,0.11980433,0.11976570,0.00003863,0.00455054
CP01-R0629,629,630,855,SLAG,0.10386581,0.10382435,0.00004146,0.00409058
CP01-R0629,629,630,855,FLY_ASH,0.08793432,0.08785839,0.00007593,0.00603430
CP01-R0629,629,630,855,WATER,-0.14991842,-0.14990957,-0.00000885,-0.00022027
CP01-R0629,629,630,855,SUPERPLASTICIZER,0.29222460,0.29237242,-0.00014783,-0.00158231
CP01-R0629,629,630,855,COARSE_AGGREGATE,0.01808621,0.01812062,-0.00003441,-0.00366344
CP01-R0629,629,630,855,FINE_AGGREGATE,0.02019035,0.02019591,-0.00000555,-0.00051900
CP01-R0629,629,630,855,AGE,0.11422207,0.11420734,0.00001473,0.00271429
CP01-R0114,114,115,856,INTERCEPT,-23.33121358,-23.33349422,0.00228064,0.00008579
CP01-R0114,114,115,856,CEMENT,0.11980433,0.11980230,0.00000204,0.00024005
CP01-R0114,114,115,856,SLAG,0.10386581,0.10387271,-0.00000690,-0.00068096
CP01-R0114,114,115,856,FLY_ASH,0.08793432,0.08788025,0.00005408,0.00429744
CP01-R0114,114,115,856,WATER,-0.14991842,-0.14991454,-0.00000388,-0.00009662
CP01-R0114,114,115,856,SUPERPLASTICIZER,0.29222460,0.29322661,-0.00100201,-0.01072543
CP01-R0114,114,115,856,COARSE_AGGREGATE,0.01808621,0.01809816,-0.00001194,-0.00127146
CP01-R0114,114,115,856,FINE_AGGREGATE,0.02019035,0.02017575,0.00001460,0.00136460
CP01-R0114,114,115,856,AGE,0.11422207,0.11421388,0.00000819,0.00150932
CP01-R0113,113,114,857,INTERCEPT,-23.33121358,-23.14162030,-0.18959329,-0.00713145
CP01-R0113,113,114,857,CEMENT,0.11980433,0.11971887,0.00008546,0.01006720
CP01-R0113,113,114,857,SLAG,0.10386581,0.10377381,0.00009200,0.00907656
CP01-R0113,113,114,857,FLY_ASH,0.08793432,0.08786300,0.00007132,0.00566779
CP01-R0113,113,114,857,WATER,-0.14991842,-0.15023004,0.00031162,0.00775609
CP01-R0113,113,114,857,SUPERPLASTICIZER,0.29222460,0.29176975,0.00045485,0.00486866
CP01-R0113,113,114,857,COARSE_AGGREGATE,0.01808621,0.01803594,0.00005027,0.00535239
CP01-R0113,113,114,857,FINE_AGGREGATE,0.02019035,0.02012630,0.00006405,0.00598488
CP01-R0113,113,114,857,AGE,0.11422207,0.11424398,-0.00002192,-0.00403824
CP01-R0736,736,737,858,INTERCEPT,-23.33121358,-23.01803532,-0.31317826,-0.01178004
CP01-R0736,736,737,858,CEMENT,0.11980433,0.11971520,0.00008913,0.01049975
CP01-R0736,736,737,858,SLAG,0.10386581,0.10378130,0.00008451,0.00833744
CP01-R0736,736,737,858,FLY_ASH,0.08793432,0.08784106,0.00009327,0.00741186
CP01-R0736,736,737,858,WATER,-0.14991842,-0.15030729,0.00038887,0.00967890
CP01-R0736,736,737,858,SUPERPLASTICIZER,0.29222460,0.29214602,0.00007857,0.00084103
CP01-R0736,736,737,858,COARSE_AGGREGATE,0.01808621,0.01797420,0.00011202,0.01192674
CP01-R0736,736,737,858,FINE_AGGREGATE,0.02019035,0.02006479,0.00012556,0.01173298
CP01-R0736,736,737,858,AGE,0.11422207,0.11418728,0.00003479,0.00640949
CP01-R0801,801,802,859,INTERCEPT,-23.33121358,-23.25735250,-0.07386108,-0.00277825
CP01-R0801,801,802,859,CEMENT,0.11980433,0.11974848,0.00005585,0.00657905
CP01-R0801,801,802,859,SLAG,0.10386581,0.10379144,0.00007437,0.00733751
CP01-R0801,801,802,859,FLY_ASH,0.08793432,0.08782692,0.00010740,0.00853493
CP01-R0801,801,802,859,WATER,-0.14991842,-0.15000155,0.00008313,0.00206915
CP01-R0801,801,802,859,SUPERPLASTICIZER,0.29222460,0.29231545,-0.00009085,-0.00097246
CP01-R0801,801,802,859,COARSE_AGGREGATE,0.01808621,0.01809112,-0.00000491,-0.00052231
CP01-R0801,801,802,859,FINE_AGGREGATE,0.02019035,0.02014707,0.00004328,0.00404462
CP01-R0801,801,802,859,AGE,0.11422207,0.11418898,0.00003309,0.00609699
CP01-R1028,1028,1029,860,INTERCEPT,-23.33121358,-23.24693443,-0.08427916,-0.00317012
CP01-R1028,1028,1029,860,CEMENT,0.11980433,0.11977075,0.00003359,0.00395655
CP01-R1028,1028,1029,860,SLAG,0.10386581,0.10386701,-0.00000120,-0.00011842
CP01-R1028,1028,1029,860,FLY_ASH,0.08793432,0.08795495,-0.00002063,-0.00163927
CP01-R1028,1028,1029,860,WATER,-0.14991842,-0.14995807,0.00003965,0.00098695
CP01-R1028,1028,1029,860,SUPERPLASTICIZER,0.29222460,0.29195174,0.00027286,0.00292065
CP01-R1028,1028,1029,860,COARSE_AGGREGATE,0.01808621,0.01803490,0.00005132,0.00546378
CP01-R1028,1028,1029,860,FINE_AGGREGATE,0.02019035,0.02017212,0.00001823,0.00170367
CP01-R1028,1028,1029,860,AGE,0.11422207,0.11421291,0.00000916,0.00168816
CP01-R0871,871,872,861,INTERCEPT,-23.33121358,-23.25324124,-0.07797234,-0.00293289
CP01-R0871,871,872,861,CEMENT,0.11980433,0.11977325,0.00003109,0.00366184
CP01-R0871,871,872,861,SLAG,0.10386581,0.10386937,-0.00000356,-0.00035154
CP01-R0871,871,872,861,FLY_ASH,0.08793432,0.08795842,-0.00002410,-0.00191546
CP01-R0871,871,872,861,WATER,-0.14991842,-0.14995024,0.00003182,0.00079195
CP01-R0871,871,872,861,SUPERPLASTICIZER,0.29222460,0.29194176,0.00028283,0.00302740
CP01-R0871,871,872,861,COARSE_AGGREGATE,0.01808621,0.01803677,0.00004945,0.00526474
CP01-R0871,871,872,861,FINE_AGGREGATE,0.02019035,0.02017476,0.00001559,0.00145702
CP01-R0871,871,872,861,AGE,0.11422207,0.11421294,0.00000912,0.00168132
CP01-R0740,740,741,862,INTERCEPT,-23.33121358,-23.40016624,0.06895265,0.00259362
CP01-R0740,740,741,862,CEMENT,0.11980433,0.11984624,-0.00004191,-0.00493699
CP01-R0740,740,741,862,SLAG,0.10386581,0.10393426,-0.00006845,-0.00675311
CP01-R0740,740,741,862,FLY_ASH,0.08793432,0.08802921,-0.00009489,-0.00754095
CP01-R0740,740,741,862,WATER,-0.14991842,-0.14982642,-0.00009200,-0.00228983
CP01-R0740,740,741,862,SUPERPLASTICIZER,0.29222460,0.29227960,-0.00005501,-0.00058878
CP01-R0740,740,741,862,COARSE_AGGREGATE,0.01808621,0.01808082,0.00000539,0.00057415
CP01-R0740,740,741,862,FINE_AGGREGATE,0.02019035,0.02023122,-0.00004087,-0.00381883
CP01-R0740,740,741,862,AGE,0.11422207,0.11424660,-0.00002453,-0.00451994
CP01-R0571,571,572,863,INTERCEPT,-23.33121358,-23.39802000,0.06680641,0.00251289
CP01-R0571,571,572,863,CEMENT,0.11980433,0.11984549,-0.00004115,-0.00484799
CP01-R0571,571,572,863,SLAG,0.10386581,0.10393309,-0.00006728,-0.00663798
CP01-R0571,571,572,863,FLY_ASH,0.08793432,0.08802795,-0.00009363,-0.00744091
CP01-R0571,571,572,863,WATER,-0.14991842,-0.14982700,-0.00009142,-0.00227543
CP01-R0571,571,572,863,SUPERPLASTICIZER,0.29222460,0.29228198,-0.00005739,-0.00061426
CP01-R0571,571,572,863,COARSE_AGGREGATE,0.01808621,0.01807985,0.00000636,0.00067741
CP01-R0571,571,572,863,FINE_AGGREGATE,0.02019035,0.02023029,-0.00003994,-0.00373193
CP01-R0571,571,572,863,AGE,0.11422207,0.11424629,-0.00002422,-0.00446310
CP01-R0760,760,761,864,INTERCEPT,-23.33121358,-23.37028692,0.03907334,0.00146972
CP01-R0760,760,761,864,CEMENT,0.11980433,0.11981841,-0.00001408,-0.00165861
CP01-R0760,760,761,864,SLAG,0.10386581,0.10392505,-0.00005924,-0.00584466
CP01-R0760,760,761,864,FLY_ASH,0.08793432,0.08799978,-0.00006546,-0.00520231
CP01-R0760,760,761,864,WATER,-0.14991842,-0.14998346,0.00006504,0.00161876
CP01-R0760,760,761,864,SUPERPLASTICIZER,0.29222460,0.29230630,-0.00008171,-0.00087458
CP01-R0760,760,761,864,COARSE_AGGREGATE,0.01808621,0.01810851,-0.00002229,-0.00237357
CP01-R0760,760,761,864,FINE_AGGREGATE,0.02019035,0.02020661,-0.00001626,-0.00151974
CP01-R0760,760,761,864,AGE,0.11422207,0.11425659,-0.00003452,-0.00636083
CP01-R0193,193,194,865,INTERCEPT,-23.33121358,-23.04134871,-0.28986488,-0.01090312
CP01-R0193,193,194,865,CEMENT,0.11980433,0.11973742,0.00006692,0.00788303
CP01-R0193,193,194,865,SLAG,0.10386581,0.10379948,0.00006632,0.00654362
CP01-R0193,193,194,865,FLY_ASH,0.08793432,0.08782116,0.00011316,0.00899288
CP01-R0193,193,194,865,WATER,-0.14991842,-0.15040408,0.00048566,0.01208810
CP01-R0193,193,194,865,SUPERPLASTICIZER,0.29222460,0.29189279,0.00033181,0.00355161
CP01-R0193,193,194,865,COARSE_AGGREGATE,0.01808621,0.01800974,0.00007648,0.00814277
CP01-R0193,193,194,865,FINE_AGGREGATE,0.02019035,0.02006446,0.00012589,0.01176393
CP01-R0193,193,194,865,AGE,0.11422207,0.11421802,0.00000404,0.00074521
CP01-R0222,222,223,866,INTERCEPT,-23.33121358,-23.42417804,0.09296446,0.00349681
CP01-R0222,222,223,866,CEMENT,0.11980433,0.11982267,-0.00001834,-0.00216008
CP01-R0222,222,223,866,SLAG,0.10386581,0.10389231,-0.00002650,-0.00261489
CP01-R0222,222,223,866,FLY_ASH,0.08793432,0.08803326,-0.00009893,-0.00786231
CP01-R0222,222,223,866,WATER,-0.14991842,-0.14984181,-0.00007661,-0.00190686
CP01-R0222,222,223,866,SUPERPLASTICIZER,0.29222460,0.29191525,0.00030935,0.00331122
CP01-R0222,222,223,866,COARSE_AGGREGATE,0.01808621,0.01813380,-0.00004759,-0.00506664
CP01-R0222,222,223,866,FINE_AGGREGATE,0.02019035,0.02022211,-0.00003176,-0.00296764
CP01-R0222,222,223,866,AGE,0.11422207,0.11422019,0.00000188,0.00034662
CP01-R0166,166,167,867,INTERCEPT,-23.33121358,-23.30093789,-0.03027569,-0.00113880
CP01-R0166,166,167,867,CEMENT,0.11980433,0.11979112,0.00001321,0.00155667
CP01-R0166,166,167,867,SLAG,0.10386581,0.10385834,0.00000746,0.00073644
CP01-R0166,166,167,867,FLY_ASH,0.08793432,0.08797032,-0.00003600,-0.00286109
CP01-R0166,166,167,867,WATER,-0.14991842,-0.14993271,0.00001429,0.00035565
CP01-R0166,166,167,867,SUPERPLASTICIZER,0.29222460,0.29138956,0.00083504,0.00893816
CP01-R0166,166,167,867,COARSE_AGGREGATE,0.01808621,0.01807318,0.00001304,0.00138828
CP01-R0166,166,167,867,FINE_AGGREGATE,0.02019035,0.02018010,0.00001025,0.00095778
CP01-R0166,166,167,867,AGE,0.11422207,0.11419318,0.00002889,0.00532304
CP01-R0638,638,639,868,INTERCEPT,-23.33121358,-23.26294880,-0.06826478,-0.00256774
CP01-R0638,638,639,868,CEMENT,0.11980433,0.11979835,0.00000599,0.00070547
CP01-R0638,638,639,868,SLAG,0.10386581,0.10381897,0.00004684,0.00462118
CP01-R0638,638,639,868,FLY_ASH,0.08793432,0.08788099,0.00005333,0.00423853
CP01-R0638,638,639,868,WATER,-0.14991842,-0.15002773,0.00010931,0.00272067
CP01-R0638,638,639,868,SUPERPLASTICIZER,0.29222460,0.29177200,0.00045260,0.00484457
CP01-R0638,638,639,868,COARSE_AGGREGATE,0.01808621,0.01807626,0.00000996,0.00105999
CP01-R0638,638,639,868,FINE_AGGREGATE,0.02019035,0.02015975,0.00003060,0.00285928
CP01-R0638,638,639,868,AGE,0.11422207,0.11418371,0.00003836,0.00706862
CP01-R0441,441,442,869,INTERCEPT,-23.33121358,-23.41391753,0.08270394,0.00311087
CP01-R0441,441,442,869,CEMENT,0.11980433,0.11979109,0.00001324,0.00155999
CP01-R0441,441,442,869,SLAG,0.10386581,0.10385435,0.00001146,0.00113021
CP01-R0441,441,442,869,FLY_ASH,0.08793432,0.08794747,-0.00001315,-0.00104508
CP01-R0441,441,442,869,WATER,-0.14991842,-0.14980746,-0.00011096,-0.00276187
CP01-R0441,441,442,869,SUPERPLASTICIZER,0.29222460,0.29285043,-0.00062584,-0.00669891
CP01-R0441,441,442,869,COARSE_AGGREGATE,0.01808621,0.01814246,-0.00005625,-0.00598871
CP01-R0441,441,442,869,FINE_AGGREGATE,0.02019035,0.02020365,-0.00001330,-0.00124269
CP01-R0441,441,442,869,AGE,0.11422207,0.11421874,0.00000333,0.00061274
CP01-R0837,837,838,870,INTERCEPT,-23.33121358,-23.23648471,-0.09472887,-0.00356318
CP01-R0837,837,838,870,CEMENT,0.11980433,0.11979437,0.00000997,0.00117423
CP01-R0837,837,838,870,SLAG,0.10386581,0.10385210,0.00001371,0.00135285
CP01-R0837,837,838,870,FLY_ASH,0.08793432,0.08795395,-0.00001963,-0.00155975
CP01-R0837,837,838,870,WATER,-0.14991842,-0.15025851,0.00034009,0.00846489
CP01-R0837,837,838,870,SUPERPLASTICIZER,0.29222460,0.29144119,0.00078340,0.00838544
CP01-R0837,837,838,870,COARSE_AGGREGATE,0.01808621,0.01807139,0.00001482,0.00157804
CP01-R0837,837,838,870,FINE_AGGREGATE,0.02019035,0.02017189,0.00001846,0.00172471
CP01-R0837,837,838,870,AGE,0.11422207,0.11424892,-0.00002685,-0.00494783
CP01-R1009,1009,1010,871,INTERCEPT,-23.33121358,-23.31827695,-0.01293664,-0.00048660
CP01-R1009,1009,1010,871,CEMENT,0.11980433,0.11980533,-0.00000099,-0.00011677
CP01-R1009,1009,1010,871,SLAG,0.10386581,0.10383918,0.00002663,0.00262701
CP01-R1009,1009,1010,871,FLY_ASH,0.08793432,0.08788492,0.00004940,0.00392561
CP01-R1009,1009,1010,871,WATER,-0.14991842,-0.15007087,0.00015245,0.00379437
CP01-R1009,1009,1010,871,SUPERPLASTICIZER,0.29222460,0.29191059,0.00031401,0.00336111
CP01-R1009,1009,1010,871,COARSE_AGGREGATE,0.01808621,0.01810369,-0.00001748,-0.00186106
CP01-R1009,1009,1010,871,FINE_AGGREGATE,0.02019035,0.02019302,-0.00000267,-0.00024960
CP01-R1009,1009,1010,871,AGE,0.11422207,0.11422914,-0.00000707,-0.00130277
CP01-R0266,266,267,872,INTERCEPT,-23.33121358,-23.32540980,-0.00580379,-0.00021831
CP01-R0266,266,267,872,CEMENT,0.11980433,0.11981609,-0.00001175,-0.00138442
CP01-R0266,266,267,872,SLAG,0.10386581,0.10387881,-0.00001300,-0.00128283
CP01-R0266,266,267,872,FLY_ASH,0.08793432,0.08791180,0.00002252,0.00178961
CP01-R0266,266,267,872,WATER,-0.14991842,-0.14982626,-0.00009216,-0.00229387
CP01-R0266,266,267,872,SUPERPLASTICIZER,0.29222460,0.29228594,-0.00006135,-0.00065668
CP01-R0266,266,267,872,COARSE_AGGREGATE,0.01808621,0.01805323,0.00003299,0.00351214
CP01-R0266,266,267,872,FINE_AGGREGATE,0.02019035,0.02019465,-0.00000430,-0.00040152
CP01-R0266,266,267,872,AGE,0.11422207,0.11423026,-0.00000819,-0.00150906
CP01-R0108,108,109,873,INTERCEPT,-23.33121358,-23.48627584,0.15506225,0.00583259
CP01-R0108,108,109,873,CEMENT,0.11980433,0.11986116,-0.00005683,-0.00669449
CP01-R0108,108,109,873,SLAG,0.10386581,0.10396255,-0.00009674,-0.00954474
CP01-R0108,108,109,873,FLY_ASH,0.08793432,0.08799254,-0.00005822,-0.00462678
CP01-R0108,108,109,873,WATER,-0.14991842,-0.14969700,-0.00022142,-0.00551114
CP01-R0108,108,109,873,SUPERPLASTICIZER,0.29222460,0.29258728,-0.00036269,-0.00388219
CP01-R0108,108,109,873,COARSE_AGGREGATE,0.01808621,0.01814367,-0.00005746,-0.00611738
CP01-R0108,108,109,873,FINE_AGGREGATE,0.02019035,0.02023261,-0.00004225,-0.00394836
CP01-R0108,108,109,873,AGE,0.11422207,0.11420803,0.00001404,0.00258723
CP01-R0425,425,426,874,INTERCEPT,-23.33121358,-23.30582100,-0.02539258,-0.00095513
CP01-R0425,425,426,874,CEMENT,0.11980433,0.11978240,0.00002194,0.00258403
CP01-R0425,425,426,874,SLAG,0.10386581,0.10382608,0.00003973,0.00391934
CP01-R0425,425,426,874,FLY_ASH,0.08793432,0.08782849,0.00010584,0.00841079
CP01-R0425,425,426,874,WATER,-0.14991842,-0.14984015,-0.00007827,-0.00194817
CP01-R0425,425,426,874,SUPERPLASTICIZER,0.29222460,0.29289849,-0.00067390,-0.00721329
CP01-R0425,425,426,874,COARSE_AGGREGATE,0.01808621,0.01807199,0.00001422,0.00151428
CP01-R0425,425,426,874,FINE_AGGREGATE,0.02019035,0.02016815,0.00002220,0.00207479
CP01-R0425,425,426,874,AGE,0.11422207,0.11422274,-0.00000067,-0.00012406
CP01-R0974,974,975,875,INTERCEPT,-23.33121358,-23.12401537,-0.20719821,-0.00779365
CP01-R0974,974,975,875,CEMENT,0.11980433,0.11973205,0.00007228,0.00851471
CP01-R0974,974,975,875,SLAG,0.10386581,0.10382433,0.00004148,0.00409213
CP01-R0974,974,975,875,FLY_ASH,0.08793432,0.08789360,0.00004072,0.00323614
CP01-R0974,974,975,875,WATER,-0.14991842,-0.15020325,0.00028483,0.00708928
CP01-R0974,974,975,875,SUPERPLASTICIZER,0.29222460,0.29191747,0.00030712,0.00328739
CP01-R0974,974,975,875,COARSE_AGGREGATE,0.01808621,0.01801514,0.00007108,0.00756770
CP01-R0974,974,975,875,FINE_AGGREGATE,0.02019035,0.02011779,0.00007256,0.00678004
CP01-R0974,974,975,875,AGE,0.11422207,0.11421829,0.00000378,0.00069669
CP01-R0994,994,995,876,INTERCEPT,-23.33121358,-23.24392528,-0.08728830,-0.00328330
CP01-R0994,994,995,876,CEMENT,0.11980433,0.11979643,0.00000790,0.00093076
CP01-R0994,994,995,876,SLAG,0.10386581,0.10385447,0.00001134,0.00111891
CP01-R0994,994,995,876,FLY_ASH,0.08793432,0.08795576,-0.00002144,-0.00170403
CP01-R0994,994,995,876,WATER,-0.14991842,-0.15023970,0.00032128,0.00799651
CP01-R0994,994,995,876,SUPERPLASTICIZER,0.29222460,0.29145655,0.00076805,0.00822110
CP01-R0994,994,995,876,COARSE_AGGREGATE,0.01808621,0.01807280,0.00001342,0.00142836
CP01-R0994,994,995,876,FINE_AGGREGATE,0.02019035,0.02017429,0.00001606,0.00150052
CP01-R0994,994,995,876,AGE,0.11422207,0.11424765,-0.00002559,-0.00471447
CP01-R0958,958,959,877,INTERCEPT,-23.33121358,-23.20795012,-0.12326346,-0.00463649
CP01-R0958,958,959,877,CEMENT,0.11980433,0.11976059,0.00004375,0.00515342
CP01-R0958,958,959,877,SLAG,0.10386581,0.10384775,0.00001806,0.00178196
CP01-R0958,958,959,877,FLY_ASH,0.08793432,0.08793042,0.00000390,0.00030983
CP01-R0958,958,959,877,WATER,-0.14991842,-0.15002832,0.00010990,0.00273531
CP01-R0958,958,959,877,SUPERPLASTICIZER,0.29222460,0.29226453,-0.00003994,-0.00042747
CP01-R0958,958,959,877,COARSE_AGGREGATE,0.01808621,0.01805431,0.00003191,0.00339714
CP01-R0958,958,959,877,FINE_AGGREGATE,0.02019035,0.02011716,0.00007319,0.00683924
CP01-R0958,958,959,877,AGE,0.11422207,0.11421506,0.00000701,0.00129149
CP01-R0911,911,912,878,INTERCEPT,-23.33121358,-23.11887406,-0.21233953,-0.00798704
CP01-R0911,911,912,878,CEMENT,0.11980433,0.11973405,0.00007028,0.00827916
CP01-R0911,911,912,878,SLAG,0.10386581,0.10382383,0.00004198,0.00414157
CP01-R0911,911,912,878,FLY_ASH,0.08793432,0.08789435,0.00003997,0.00317676
CP01-R0911,911,912,878,WATER,-0.14991842,-0.15021970,0.00030128,0.00749875
CP01-R0911,911,912,878,SUPERPLASTICIZER,0.29222460,0.29182947,0.00039513,0.00422937
CP01-R0911,911,912,878,COARSE_AGGREGATE,0.01808621,0.01801317,0.00007304,0.00777691
CP01-R0911,911,912,878,FINE_AGGREGATE,0.02019035,0.02011723,0.00007312,0.00683243
CP01-R0911,911,912,878,AGE,0.11422207,0.11421862,0.00000345,0.00063581
CP01-R0833,833,834,879,INTERCEPT,-23.33121358,-23.37879100,0.04757741,0.00178960
CP01-R0833,833,834,879,CEMENT,0.11980433,0.11978565,0.00001869,0.00220111
CP01-R0833,833,834,879,SLAG,0.10386581,0.10386521,0.00000060,0.00005902
CP01-R0833,833,834,879,FLY_ASH,0.08793432,0.08793211,0.00000221,0.00017539
CP01-R0833,833,834,879,WATER,-0.14991842,-0.14968955,-0.00022887,-0.00569645
CP01-R0833,833,834,879,SUPERPLASTICIZER,0.29222460,0.29281538,-0.00059078,-0.00632367
CP01-R0833,833,834,879,COARSE_AGGREGATE,0.01808621,0.01807670,0.00000951,0.00101256
CP01-R0833,833,834,879,FINE_AGGREGATE,0.02019035,0.02021546,-0.00002511,-0.00234616
CP01-R0833,833,834,879,AGE,0.11422207,0.11421023,0.00001184,0.00218166
CP01-R0053,53,54,880,INTERCEPT,-23.33121358,-23.29780638,-0.03340721,-0.00125659
CP01-R0053,53,54,880,CEMENT,0.11980433,0.11978883,0.00001550,0.00182609
CP01-R0053,53,54,880,SLAG,0.10386581,0.10387590,-0.00001010,-0.00099598
CP01-R0053,53,54,880,FLY_ASH,0.08793432,0.08791568,0.00001864,0.00148136
CP01-R0053,53,54,880,WATER,-0.14991842,-0.14984433,-0.00007408,-0.00184395
CP01-R0053,53,54,880,SUPERPLASTICIZER,0.29222460,0.29229940,-0.00007481,-0.00080072
CP01-R0053,53,54,880,COARSE_AGGREGATE,0.01808621,0.01807438,0.00001184,0.00126019
CP01-R0053,53,54,880,FINE_AGGREGATE,0.02019035,0.02015184,0.00003851,0.00359829
CP01-R0053,53,54,880,AGE,0.11422207,0.11422625,-0.00000418,-0.00076967
CP01-R0388,388,389,881,INTERCEPT,-23.33121358,-23.44820422,0.11699063,0.00440054
CP01-R0388,388,389,881,CEMENT,0.11980433,0.11979106,0.00001328,0.00156431
CP01-R0388,388,389,881,SLAG,0.10386581,0.10389666,-0.00003086,-0.00304421
CP01-R0388,388,389,881,FLY_ASH,0.08793432,0.08795616,-0.00002184,-0.00173574
CP01-R0388,388,389,881,WATER,-0.14991842,-0.14972161,-0.00019681,-0.00489859
CP01-R0388,388,389,881,SUPERPLASTICIZER,0.29222460,0.29280911,-0.00058452,-0.00625658
CP01-R0388,388,389,881,COARSE_AGGREGATE,0.01808621,0.01814652,-0.00006031,-0.00642104
CP01-R0388,388,389,881,FINE_AGGREGATE,0.02019035,0.02021256,-0.00002221,-0.00207542
CP01-R0388,388,389,881,AGE,0.11422207,0.11423283,-0.00001076,-0.00198298
CP01-R0257,257,258,882,INTERCEPT,-23.33121358,-23.22765251,-0.10356108,-0.00389540
CP01-R0257,257,258,882,CEMENT,0.11980433,0.11978994,0.00001440,0.00169600
CP01-R0257,257,258,882,SLAG,0.10386581,0.10384863,0.00001718,0.00169484
CP01-R0257,257,258,882,FLY_ASH,0.08793432,0.08789335,0.00004097,0.00325618
CP01-R0257,257,258,882,WATER,-0.14991842,-0.14997625,0.00005783,0.00143933
CP01-R0257,257,258,882,SUPERPLASTICIZER,0.29222460,0.29219074,0.00003385,0.00036237
CP01-R0257,257,258,882,COARSE_AGGREGATE,0.01808621,0.01804925,0.00003697,0.00393590
CP01-R0257,257,258,882,FINE_AGGREGATE,0.02019035,0.02012382,0.00006653,0.00621708
CP01-R0257,257,258,882,AGE,0.11422207,0.11421824,0.00000383,0.00070577
CP01-R0121,121,122,883,INTERCEPT,-23.33121358,-23.32396026,-0.00725333,-0.00027283
CP01-R0121,121,122,883,CEMENT,0.11980433,0.11980066,0.00000367,0.00043257
CP01-R0121,121,122,883,SLAG,0.10386581,0.10385941,0.00000640,0.00063094
CP01-R0121,121,122,883,FLY_ASH,0.08793432,0.08789026,0.00004406,0.00350129
CP01-R0121,121,122,883,WATER,-0.14991842,-0.14997089,0.00005247,0.00130591
CP01-R0121,121,122,883,SUPERPLASTICIZER,0.29222460,0.29273665,-0.00051205,-0.00548096
CP01-R0121,121,122,883,COARSE_AGGREGATE,0.01808621,0.01807254,0.00001367,0.00145575
CP01-R0121,121,122,883,FINE_AGGREGATE,0.02019035,0.02021248,-0.00002212,-0.00206738
CP01-R0121,121,122,883,AGE,0.11422207,0.11422885,-0.00000678,-0.00125019
CP01-R0495,495,496,884,INTERCEPT,-23.33121358,-23.11562629,-0.21558729,-0.00810920
CP01-R0495,495,496,884,CEMENT,0.11980433,0.11971879,0.00008554,0.01007668
CP01-R0495,495,496,884,SLAG,0.10386581,0.10378907,0.00007674,0.00757090
CP01-R0495,495,496,884,FLY_ASH,0.08793432,0.08782395,0.00011037,0.00877098
CP01-R0495,495,496,884,WATER,-0.14991842,-0.15015131,0.00023289,0.00579659
CP01-R0495,495,496,884,SUPERPLASTICIZER,0.29222460,0.29192605,0.00029855,0.00319564
CP01-R0495,495,496,884,COARSE_AGGREGATE,0.01808621,0.01802347,0.00006274,0.00668037
CP01-R0495,495,496,884,FINE_AGGREGATE,0.02019035,0.02009246,0.00009789,0.00914681
CP01-R0495,495,496,884,AGE,0.11422207,0.11420374,0.00001833,0.00337703
CP01-R0211,211,212,885,INTERCEPT,-23.33121358,-23.54642015,0.21520657,0.00809488
CP01-R0211,211,212,885,CEMENT,0.11980433,0.11984872,-0.00004439,-0.00522888
CP01-R0211,211,212,885,SLAG,0.10386581,0.10390674,-0.00004093,-0.00403796
CP01-R0211,211,212,885,FLY_ASH,0.08793432,0.08802401,-0.00008969,-0.00712755
CP01-R0211,211,212,885,WATER,-0.14991842,-0.14953755,-0.00038087,-0.00947980
CP01-R0211,211,212,885,SUPERPLASTICIZER,0.29222460,0.29259838,-0.00037379,-0.00400095
CP01-R0211,211,212,885,COARSE_AGGREGATE,0.01808621,0.01816433,-0.00007811,-0.00831678
CP01-R0211,211,212,885,FINE_AGGREGATE,0.02019035,0.02025553,-0.00006518,-0.00609085
CP01-R0211,211,212,885,AGE,0.11422207,0.11420043,0.00002164,0.00398783
CP01-R0467,467,468,886,INTERCEPT,-23.33121358,-23.40587095,0.07465736,0.00280820
CP01-R0467,467,468,886,CEMENT,0.11980433,0.11979738,0.00000696,0.00081966
CP01-R0467,467,468,886,SLAG,0.10386581,0.10386450,0.00000131,0.00012933
CP01-R0467,467,468,886,FLY_ASH,0.08793432,0.08795507,-0.00002075,-0.00164917
CP01-R0467,467,468,886,WATER,-0.14991842,-0.14984604,-0.00007238,-0.00180156
CP01-R0467,467,468,886,SUPERPLASTICIZER,0.29222460,0.29270170,-0.00047711,-0.00510690
CP01-R0467,467,468,886,COARSE_AGGREGATE,0.01808621,0.01813415,-0.00004793,-0.00510361
CP01-R0467,467,468,886,FINE_AGGREGATE,0.02019035,0.02020730,-0.00001695,-0.00158395
CP01-R0467,467,468,886,AGE,0.11422207,0.11425693,-0.00003486,-0.00642374
CP01-R0392,392,393,887,INTERCEPT,-23.33121358,-23.38698457,0.05577099,0.00209780
CP01-R0392,392,393,887,CEMENT,0.11980433,0.11981590,-0.00001157,-0.00136259
CP01-R0392,392,393,887,SLAG,0.10386581,0.10390071,-0.00003490,-0.00344328
CP01-R0392,392,393,887,FLY_ASH,0.08793432,0.08794669,-0.00001237,-0.00098328
CP01-R0392,392,393,887,WATER,-0.14991842,-0.14991485,-0.00000357,-0.00008888
CP01-R0392,392,393,887,SUPERPLASTICIZER,0.29222460,0.29153114,0.00069345,0.00742263
CP01-R0392,392,393,887,COARSE_AGGREGATE,0.01808621,0.01809616,-0.00000995,-0.00105905
CP01-R0392,392,393,887,FINE_AGGREGATE,0.02019035,0.02024436,-0.00005401,-0.00504663
CP01-R0392,392,393,887,AGE,0.11422207,0.11422767,-0.00000561,-0.00103291
CP01-R0148,148,149,888,INTERCEPT,-23.33121358,-23.24248282,-0.08873076,-0.00333756
CP01-R0148,148,149,888,CEMENT,0.11980433,0.11975889,0.00004545,0.00535348
CP01-R0148,148,149,888,SLAG,0.10386581,0.10381950,0.00004631,0.00456896
CP01-R0148,148,149,888,FLY_ASH,0.08793432,0.08790439,0.00002993,0.00237851
CP01-R0148,148,149,888,WATER,-0.14991842,-0.14997412,0.00005570,0.00138632
CP01-R0148,148,149,888,SUPERPLASTICIZER,0.29222460,0.29222645,-0.00000185,-0.00001984
CP01-R0148,148,149,888,COARSE_AGGREGATE,0.01808621,0.01807889,0.00000732,0.00077940
CP01-R0148,148,149,888,FINE_AGGREGATE,0.02019035,0.02011984,0.00007051,0.00658886
CP01-R0148,148,149,888,AGE,0.11422207,0.11420813,0.00001394,0.00256822
CP01-R0990,990,991,889,INTERCEPT,-23.33121358,-23.37203298,0.04081940,0.00153540
CP01-R0990,990,991,889,CEMENT,0.11980433,0.11978630,0.00001803,0.00212414
CP01-R0990,990,991,889,SLAG,0.10386581,0.10386476,0.00000105,0.00010358
CP01-R0990,990,991,889,FLY_ASH,0.08793432,0.08793235,0.00000197,0.00015656
CP01-R0990,990,991,889,WATER,-0.14991842,-0.14971134,-0.00020708,-0.00515411
CP01-R0990,990,991,889,SUPERPLASTICIZER,0.29222460,0.29274965,-0.00052506,-0.00562015
CP01-R0990,990,991,889,COARSE_AGGREGATE,0.01808621,0.01807578,0.00001043,0.00111050
CP01-R0990,990,991,889,FINE_AGGREGATE,0.02019035,0.02021313,-0.00002278,-0.00212830
CP01-R0990,990,991,889,AGE,0.11422207,0.11421100,0.00001107,0.00203911
CP01-R0643,643,644,890,INTERCEPT,-23.33121358,-23.32823751,-0.00297608,-0.00011194
CP01-R0643,643,644,890,CEMENT,0.11980433,0.11983042,-0.00002608,-0.00307233
CP01-R0643,643,644,890,SLAG,0.10386581,0.10390206,-0.00003625,-0.00357637
CP01-R0643,643,644,890,FLY_ASH,0.08793432,0.08799478,-0.00006046,-0.00480459
CP01-R0643,643,644,890,WATER,-0.14991842,-0.14990615,-0.00001227,-0.00030546
CP01-R0643,643,644,890,SUPERPLASTICIZER,0.29222460,0.29221495,0.00000965,0.00010326
CP01-R0643,643,644,890,COARSE_AGGREGATE,0.01808621,0.01806385,0.00002237,0.00238171
CP01-R0643,643,644,890,FINE_AGGREGATE,0.02019035,0.02019139,-0.00000104,-0.00009674
CP01-R0643,643,644,890,AGE,0.11422207,0.11423714,-0.00001507,-0.00277630
CP01-R0341,341,342,891,INTERCEPT,-23.33121358,-23.22082654,-0.11038705,-0.00415215
CP01-R0341,341,342,891,CEMENT,0.11980433,0.11977450,0.00002984,0.00351483
CP01-R0341,341,342,891,SLAG,0.10386581,0.10385415,0.00001166,0.00114997
CP01-R0341,341,342,891,FLY_ASH,0.08793432,0.08787620,0.00005812,0.00461893
CP01-R0341,341,342,891,WATER,-0.14991842,-0.15009817,0.00017975,0.00447387
CP01-R0341,341,342,891,SUPERPLASTICIZER,0.29222460,0.29179512,0.00042947,0.00459702
CP01-R0341,341,342,891,COARSE_AGGREGATE,0.01808621,0.01803580,0.00005041,0.00536768
CP01-R0341,341,342,891,FINE_AGGREGATE,0.02019035,0.02016850,0.00002185,0.00204163
CP01-R0341,341,342,891,AGE,0.11422207,0.11424020,-0.00001813,-0.00334117
CP01-R1014,1014,1015,892,INTERCEPT,-23.33121358,-23.38070495,0.04949136,0.00186159
CP01-R1014,1014,1015,892,CEMENT,0.11980433,0.11979770,0.00000664,0.00078186
CP01-R1014,1014,1015,892,SLAG,0.10386581,0.10388748,-0.00002168,-0.00213850
CP01-R1014,1014,1015,892,FLY_ASH,0.08793432,0.08790738,0.00002694,0.00214115
CP01-R1014,1014,1015,892,WATER,-0.14991842,-0.14994661,0.00002819,0.00070165
CP01-R1014,1014,1015,892,SUPERPLASTICIZER,0.29222460,0.29221926,0.00000534,0.00005712
CP01-R1014,1014,1015,892,COARSE_AGGREGATE,0.01808621,0.01813328,-0.00004707,-0.00501113
CP01-R1014,1014,1015,892,FINE_AGGREGATE,0.02019035,0.02020161,-0.00001126,-0.00105231
CP01-R1014,1014,1015,892,AGE,0.11422207,0.11423139,-0.00000932,-0.00171808
CP01-R0292,292,293,893,INTERCEPT,-23.33121358,-23.23610073,-0.09511286,-0.00357762
CP01-R0292,292,293,893,CEMENT,0.11980433,0.11980035,0.00000399,0.00046959
CP01-R0292,292,293,893,SLAG,0.10386581,0.10384521,0.00002060,0.00203252
CP01-R0292,292,293,893,FLY_ASH,0.08793432,0.08788742,0.00004690,0.00372732
CP01-R0292,292,293,893,WATER,-0.14991842,-0.15001829,0.00009987,0.00248566
CP01-R0292,292,293,893,SUPERPLASTICIZER,0.29222460,0.29195196,0.00027264,0.00291830
CP01-R0292,292,293,893,COARSE_AGGREGATE,0.01808621,0.01803068,0.00005553,0.00591235
CP01-R0292,292,293,893,FINE_AGGREGATE,0.02019035,0.02016648,0.00002387,0.00223059
CP01-R0292,292,293,893,AGE,0.11422207,0.11422374,-0.00000167,-0.00030819
CP01-R0938,938,939,894,INTERCEPT,-23.33121358,-23.55819854,0.22698496,0.00853792
CP01-R0938,938,939,894,CEMENT,0.11980433,0.11986326,-0.00005893,-0.00694150
CP01-R0938,938,939,894,SLAG,0.10386581,0.10395728,-0.00009147,-0.00902481
CP01-R0938,938,939,894,FLY_ASH,0.08793432,0.08799974,-0.00006542,-0.00519887
CP01-R0938,938,939,894,WATER,-0.14991842,-0.14964350,-0.00027491,-0.00684257
CP01-R0938,938,939,894,SUPERPLASTICIZER,0.29222460,0.29228509,-0.00006049,-0.00064750
CP01-R0938,938,939,894,COARSE_AGGREGATE,0.01808621,0.01815070,-0.00006449,-0.00686607
CP01-R0938,938,939,894,FINE_AGGREGATE,0.02019035,0.02029980,-0.00010945,-0.01022746
CP01-R0938,938,939,894,AGE,0.11422207,0.11423511,-0.00001304,-0.00240264
CP01-R0895,895,896,895,INTERCEPT,-23.33121358,-23.21664996,-0.11456363,-0.00430925
CP01-R0895,895,896,895,CEMENT,0.11980433,0.11976519,0.00003914,0.00461081
CP01-R0895,895,896,895,SLAG,0.10386581,0.10384954,0.00001627,0.00160476
CP01-R0895,895,896,895,FLY_ASH,0.08793432,0.08793184,0.00000248,0.00019724
CP01-R0895,895,896,895,WATER,-0.14991842,-0.15002603,0.00010761,0.00267847
CP01-R0895,895,896,895,SUPERPLASTICIZER,0.29222460,0.29221395,0.00001065,0.00011396
CP01-R0895,895,896,895,COARSE_AGGREGATE,0.01808621,0.01805596,0.00003025,0.00322108
CP01-R0895,895,896,895,FINE_AGGREGATE,0.02019035,0.02012397,0.00006638,0.00620240
CP01-R0895,895,896,895,AGE,0.11422207,0.11421578,0.00000628,0.00115784
CP01-R0679,679,680,896,INTERCEPT,-23.33121358,-23.42612197,0.09490838,0.00356993
CP01-R0679,679,680,896,CEMENT,0.11980433,0.11980499,-0.00000066,-0.00007732
CP01-R0679,679,680,896,SLAG,0.10386581,0.10384638,0.00001943,0.00191652
CP01-R0679,679,680,896,FLY_ASH,0.08793432,0.08793711,-0.00000279,-0.00022170
CP01-R0679,679,680,896,WATER,-0.14991842,-0.14974050,-0.00017792,-0.00442838
CP01-R0679,679,680,896,SUPERPLASTICIZER,0.29222460,0.29304251,-0.00081792,-0.00875491
CP01-R0679,679,680,896,COARSE_AGGREGATE,0.01808621,0.01812336,-0.00003715,-0.00395510
CP01-R0679,679,680,896,FINE_AGGREGATE,0.02019035,0.02021635,-0.00002599,-0.00242905
CP01-R0679,679,680,896,AGE,0.11422207,0.11423305,-0.00001098,-0.00202399
CP01-R0373,373,374,897,INTERCEPT,-23.33121358,-23.30720120,-0.02401238,-0.00090321
CP01-R0373,373,374,897,CEMENT,0.11980433,0.11981942,-0.00001508,-0.00177697
CP01-R0373,373,374,897,SLAG,0.10386581,0.10388212,-0.00001632,-0.00160974
CP01-R0373,373,374,897,FLY_ASH,0.08793432,0.08793149,0.00000283,0.00022483
CP01-R0373,373,374,897,WATER,-0.14991842,-0.14990731,-0.00001111,-0.00027641
CP01-R0373,373,374,897,SUPERPLASTICIZER,0.29222460,0.29179410,0.00043050,0.00460802
CP01-R0373,373,374,897,COARSE_AGGREGATE,0.01808621,0.01805236,0.00003386,0.00360493
CP01-R0373,373,374,897,FINE_AGGREGATE,0.02019035,0.02019428,-0.00000393,-0.00036737
CP01-R0373,373,374,897,AGE,0.11422207,0.11420735,0.00001472,0.00271162
CP01-R0875,875,876,898,INTERCEPT,-23.33121358,-23.55998626,0.22877267,0.00860517
CP01-R0875,875,876,898,CEMENT,0.11980433,0.11986367,-0.00005934,-0.00698983
CP01-R0875,875,876,898,SLAG,0.10386581,0.10395710,-0.00009129,-0.00900667
CP01-R0875,875,876,898,FLY_ASH,0.08793432,0.08800053,-0.00006621,-0.00526171
CP01-R0875,875,876,898,WATER,-0.14991842,-0.14963786,-0.00028056,-0.00698308
CP01-R0875,875,876,898,SUPERPLASTICIZER,0.29222460,0.29229899,-0.00007440,-0.00079635
CP01-R0875,875,876,898,COARSE_AGGREGATE,0.01808621,0.01815144,-0.00006522,-0.00694442
CP01-R0875,875,876,898,FINE_AGGREGATE,0.02019035,0.02029965,-0.00010930,-0.01021322
CP01-R0875,875,876,898,AGE,0.11422207,0.11423466,-0.00001259,-0.00231995
CP01-R0825,825,826,899,INTERCEPT,-23.33121358,-23.32482072,-0.00639286,-0.00024046
CP01-R0825,825,826,899,CEMENT,0.11980433,0.11981833,-0.00001399,-0.00164858
CP01-R0825,825,826,899,SLAG,0.10386581,0.10390555,-0.00003974,-0.00392089
CP01-R0825,825,826,899,FLY_ASH,0.08793432,0.08798447,-0.00005014,-0.00398503
CP01-R0825,825,826,899,WATER,-0.14991842,-0.15002393,0.00010551,0.00262615
CP01-R0825,825,826,899,SUPERPLASTICIZER,0.29222460,0.29216696,0.00005764,0.00061694
CP01-R0825,825,826,899,COARSE_AGGREGATE,0.01808621,0.01809299,-0.00000678,-0.00072139
CP01-R0825,825,826,899,FINE_AGGREGATE,0.02019035,0.02018240,0.00000795,0.00074259
CP01-R0825,825,826,899,AGE,0.11422207,0.11424647,-0.00002440,-0.00449557
CP01-R0187,187,188,900,INTERCEPT,-23.33121358,-23.10371135,-0.22750223,-0.00855738
CP01-R0187,187,188,900,CEMENT,0.11980433,0.11975065,0.00005368,0.00632393
CP01-R0187,187,188,900,SLAG,0.10386581,0.10381027,0.00005554,0.00547969
CP01-R0187,187,188,900,FLY_ASH,0.08793432,0.08784147,0.00009286,0.00737925
CP01-R0187,187,188,900,WATER,-0.14991842,-0.15026438,0.00034596,0.00861093
CP01-R0187,187,188,900,SUPERPLASTICIZER,0.29222460,0.29210108,0.00012351,0.00132208
CP01-R0187,187,188,900,COARSE_AGGREGATE,0.01808621,0.01802291,0.00006331,0.00674044
CP01-R0187,187,188,900,FINE_AGGREGATE,0.02019035,0.02008662,0.00010373,0.00969331
CP01-R0187,187,188,900,AGE,0.11422207,0.11422902,-0.00000695,-0.00128051
CP01-R0516,516,517,901,INTERCEPT,-23.33121358,-23.14987137,-0.18134221,-0.00682109
CP01-R0516,516,517,901,CEMENT,0.11980433,0.11975217,0.00005217,0.00614521
CP01-R0516,516,517,901,SLAG,0.10386581,0.10381043,0.00005538,0.00546385
CP01-R0516,516,517,901,FLY_ASH,0.08793432,0.08782169,0.00011263,0.00895076
CP01-R0516,516,517,901,WATER,-0.14991842,-0.15022529,0.00030687,0.00763806
CP01-R0516,516,517,901,SUPERPLASTICIZER,0.29222460,0.29235966,-0.00013506,-0.00144570
CP01-R0516,516,517,901,COARSE_AGGREGATE,0.01808621,0.01804111,0.00004510,0.00480202
CP01-R0516,516,517,901,FINE_AGGREGATE,0.02019035,0.02011329,0.00007707,0.00720129
CP01-R0516,516,517,901,AGE,0.11422207,0.11423067,-0.00000861,-0.00158571
CP01-R0561,561,562,902,INTERCEPT,-23.33121358,-23.35456721,0.02335362,0.00087843
CP01-R0561,561,562,902,CEMENT,0.11980433,0.11980181,0.00000253,0.00029754
CP01-R0561,561,562,902,SLAG,0.10386581,0.10389314,-0.00002733,-0.00269656
CP01-R0561,561,562,902,FLY_ASH,0.08793432,0.08792480,0.00000952,0.00075631
CP01-R0561,561,562,902,WATER,-0.14991842,-0.14994453,0.00002611,0.00064994
CP01-R0561,561,562,902,SUPERPLASTICIZER,0.29222460,0.29189124,0.00033335,0.00356815
CP01-R0561,561,562,902,COARSE_AGGREGATE,0.01808621,0.01811530,-0.00002908,-0.00309633
CP01-R0561,561,562,902,FINE_AGGREGATE,0.02019035,0.02019509,-0.00000474,-0.00044262
CP01-R0561,561,562,902,AGE,0.11422207,0.11421081,0.00001126,0.00207532
CP01-R0857,857,858,903,INTERCEPT,-23.33121358,-23.38294074,0.05172716,0.00194569
CP01-R0857,857,858,903,CEMENT,0.11980433,0.11979913,0.00000521,0.00061363
CP01-R0857,857,858,903,SLAG,0.10386581,0.10388763,-0.00002182,-0.00215275
CP01-R0857,857,858,903,FLY_ASH,0.08793432,0.08791004,0.00002429,0.00193001
CP01-R0857,857,858,903,WATER,-0.14991842,-0.14993737,0.00001895,0.00047169
CP01-R0857,857,858,903,SUPERPLASTICIZER,0.29222460,0.29223043,-0.00000583,-0.00006246
CP01-R0857,857,858,903,COARSE_AGGREGATE,0.01808621,0.01813241,-0.00004619,-0.00491841
CP01-R0857,857,858,903,FINE_AGGREGATE,0.02019035,0.02020275,-0.00001240,-0.00115864
CP01-R0857,857,858,903,AGE,0.11422207,0.11423085,-0.00000878,-0.00161782
CP01-R0245,245,246,904,INTERCEPT,-23.33121358,-23.42335979,0.09214621,0.00346603
CP01-R0245,245,246,904,CEMENT,0.11980433,0.11981265,-0.00000831,-0.00097928
CP01-R0245,245,246,904,SLAG,0.10386581,0.10386123,0.00000458,0.00045204
CP01-R0245,245,246,904,FLY_ASH,0.08793432,0.08795771,-0.00002339,-0.00185847
CP01-R0245,245,246,904,WATER,-0.14991842,-0.14970318,-0.00021524,-0.00535722
CP01-R0245,245,246,904,SUPERPLASTICIZER,0.29222460,0.29254649,-0.00032190,-0.00344553
CP01-R0245,245,246,904,COARSE_AGGREGATE,0.01808621,0.01810342,-0.00001721,-0.00183224
CP01-R0245,245,246,904,FINE_AGGREGATE,0.02019035,0.02023485,-0.00004450,-0.00415829
CP01-R0245,245,246,904,AGE,0.11422207,0.11419573,0.00002634,0.00485305
CP01-R0246,246,247,905,INTERCEPT,-23.33121358,-23.23473816,-0.09647542,-0.00362887
CP01-R0246,246,247,905,CEMENT,0.11980433,0.11979512,0.00000922,0.00108601
CP01-R0246,246,247,905,SLAG,0.10386581,0.10386909,-0.00000328,-0.00032410
CP01-R0246,246,247,905,FLY_ASH,0.08793432,0.08790836,0.00002596,0.00206302
CP01-R0246,246,247,905,WATER,-0.14991842,-0.15013709,0.00021867,0.00544277
CP01-R0246,246,247,905,SUPERPLASTICIZER,0.29222460,0.29189716,0.00032743,0.00350480
CP01-R0246,246,247,905,COARSE_AGGREGATE,0.01808621,0.01806793,0.00001828,0.00194675
CP01-R0246,246,247,905,FINE_AGGREGATE,0.02019035,0.02014337,0.00004698,0.00439027
CP01-R0246,246,247,905,AGE,0.11422207,0.11424232,-0.00002025,-0.00373114
CP01-R0485,485,486,906,INTERCEPT,-23.33121358,-23.22417052,-0.10704306,-0.00402637
CP01-R0485,485,486,906,CEMENT,0.11980433,0.11981389,-0.00000956,-0.00112603
CP01-R0485,485,486,906,SLAG,0.10386581,0.10384543,0.00002038,0.00201086
CP01-R0485,485,486,906,FLY_ASH,0.08793432,0.08793913,-0.00000481,-0.00038202
CP01-R0485,485,486,906,WATER,-0.14991842,-0.15013404,0.00021562,0.00536682
CP01-R0485,485,486,906,SUPERPLASTICIZER,0.29222460,0.29193663,0.00028797,0.00308237
CP01-R0485,485,486,906,COARSE_AGGREGATE,0.01808621,0.01805449,0.00003173,0.00337821
CP01-R0485,485,486,906,FINE_AGGREGATE,0.02019035,0.02014465,0.00004570,0.00427022
CP01-R0485,485,486,906,AGE,0.11422207,0.11423056,-0.00000849,-0.00156383
CP01-R0316,316,317,907,INTERCEPT,-23.33121358,-23.34749750,0.01628391,0.00061251
CP01-R0316,316,317,907,CEMENT,0.11980433,0.11980172,0.00000262,0.00030834
CP01-R0316,316,317,907,SLAG,0.10386581,0.10385784,0.00000796,0.00078582
CP01-R0316,316,317,907,FLY_ASH,0.08793432,0.08793747,-0.00000315,-0.00024995
CP01-R0316,316,317,907,WATER,-0.14991842,-0.14998599,0.00006757,0.00168188
CP01-R0316,316,317,907,SUPERPLASTICIZER,0.29222460,0.29235304,-0.00012844,-0.00137482
CP01-R0316,316,317,907,COARSE_AGGREGATE,0.01808621,0.01809765,-0.00001144,-0.00121782
CP01-R0316,316,317,907,FINE_AGGREGATE,0.02019035,0.02021584,-0.00002549,-0.00238176
CP01-R0316,316,317,907,AGE,0.11422207,0.11422116,0.00000091,0.00016703
CP01-R0761,761,762,908,INTERCEPT,-23.33121358,-23.35839818,0.02718459,0.00102253
CP01-R0761,761,762,908,CEMENT,0.11980433,0.11981393,-0.00000959,-0.00113007
CP01-R0761,761,762,908,SLAG,0.10386581,0.10390939,-0.00004358,-0.00429989
CP01-R0761,761,762,908,FLY_ASH,0.08793432,0.08798177,-0.00004745,-0.00377069
CP01-R0761,761,762,908,WATER,-0.14991842,-0.14996297,0.00004455,0.00110880
CP01-R0761,761,762,908,SUPERPLASTICIZER,0.29222460,0.29229908,-0.00007448,-0.00079722
CP01-R0761,761,762,908,COARSE_AGGREGATE,0.01808621,0.01810255,-0.00001634,-0.00173962
CP01-R0761,761,762,908,FINE_AGGREGATE,0.02019035,0.02020047,-0.00001012,-0.00094562
CP01-R0761,761,762,908,AGE,0.11422207,0.11423298,-0.00001091,-0.00201116
CP01-R0038,38,39,909,INTERCEPT,-23.33121358,-23.40800171,0.07678812,0.00288835
CP01-R0038,38,39,909,CEMENT,0.11980433,0.11982418,-0.00001985,-0.00233827
CP01-R0038,38,39,909,SLAG,0.10386581,0.10389072,-0.00002491,-0.00245811
CP01-R0038,38,39,909,FLY_ASH,0.08793432,0.08797261,-0.00003829,-0.00304313
CP01-R0038,38,39,909,WATER,-0.14991842,-0.14993921,0.00002079,0.00051753
CP01-R0038,38,39,909,SUPERPLASTICIZER,0.29222460,0.29215966,0.00006493,0.00069503
CP01-R0038,38,39,909,COARSE_AGGREGATE,0.01808621,0.01811472,-0.00002851,-0.00303509
CP01-R0038,38,39,909,FINE_AGGREGATE,0.02019035,0.02024500,-0.00005465,-0.00510643
CP01-R0038,38,39,909,AGE,0.11422207,0.11422259,-0.00000053,-0.00009697
CP01-R0372,372,373,910,INTERCEPT,-23.33121358,-23.35084051,0.01962692,0.00073826
CP01-R0372,372,373,910,CEMENT,0.11980433,0.11978851,0.00001582,0.00186389
CP01-R0372,372,373,910,SLAG,0.10386581,0.10384718,0.00001863,0.00183765
CP01-R0372,372,373,910,FLY_ASH,0.08793432,0.08793308,0.00000124,0.00009885
CP01-R0372,372,373,910,WATER,-0.14991842,-0.14992285,0.00000443,0.00011034
CP01-R0372,372,373,910,SUPERPLASTICIZER,0.29222460,0.29264503,-0.00042043,-0.00450026
CP01-R0372,372,373,910,COARSE_AGGREGATE,0.01808621,0.01811743,-0.00003122,-0.00332359
CP01-R0372,372,373,910,FINE_AGGREGATE,0.02019035,0.02018415,0.00000621,0.00057986
CP01-R0372,372,373,910,AGE,0.11422207,0.11422171,0.00000035,0.00006539
CP01-R0971,971,972,911,INTERCEPT,-23.33121358,-23.19526128,-0.13595230,-0.00511378
CP01-R0971,971,972,911,CEMENT,0.11980433,0.11980104,0.00000330,0.00038824
CP01-R0971,971,972,911,SLAG,0.10386581,0.10386458,0.00000122,0.00012078
CP01-R0971,971,972,911,FLY_ASH,0.08793432,0.08795820,-0.00002388,-0.00189742
CP01-R0971,971,972,911,WATER,-0.14991842,-0.15013243,0.00021401,0.00532670
CP01-R0971,971,972,911,SUPERPLASTICIZER,0.29222460,0.29164478,0.00057982,0.00620630
CP01-R0971,971,972,911,COARSE_AGGREGATE,0.01808621,0.01802940,0.00005682,0.00604931
CP01-R0971,971,972,911,FINE_AGGREGATE,0.02019035,0.02014260,0.00004776,0.00446248
CP01-R0971,971,972,911,AGE,0.11422207,0.11421963,0.00000243,0.00044865
CP01-R0128,128,129,912,INTERCEPT,-23.33121358,-23.24844743,-0.08276616,-0.00311321
CP01-R0128,128,129,912,CEMENT,0.11980433,0.11976835,0.00003598,0.00423846
CP01-R0128,128,129,912,SLAG,0.10386581,0.10380577,0.00006004,0.00592377
CP01-R0128,128,129,912,FLY_ASH,0.08793432,0.08790589,0.00002843,0.00225913
CP01-R0128,128,129,912,WATER,-0.14991842,-0.14997407,0.00005565,0.00138520
CP01-R0128,128,129,912,SUPERPLASTICIZER,0.29222460,0.29211675,0.00010785,0.00115440
CP01-R0128,128,129,912,COARSE_AGGREGATE,0.01808621,0.01807271,0.00001351,0.00143792
CP01-R0128,128,129,912,FINE_AGGREGATE,0.02019035,0.02013369,0.00005666,0.00529456
CP01-R0128,128,129,912,AGE,0.11422207,0.11421669,0.00000537,0.00099027
CP01-R0767,767,768,913,INTERCEPT,-23.33121358,-23.10520588,-0.22600771,-0.00850116
CP01-R0767,767,768,913,CEMENT,0.11980433,0.11975535,0.00004899,0.00577062
CP01-R0767,767,768,913,SLAG,0.10386581,0.10378160,0.00008421,0.00830785
CP01-R0767,767,768,913,FLY_ASH,0.08793432,0.08784347,0.00009085,0.00721971
CP01-R0767,767,768,913,WATER,-0.14991842,-0.15023115,0.00031273,0.00778388
CP01-R0767,767,768,913,SUPERPLASTICIZER,0.29222460,0.29166736,0.00055723,0.00596456
CP01-R0767,767,768,913,COARSE_AGGREGATE,0.01808621,0.01800813,0.00007808,0.00831371
CP01-R0767,767,768,913,FINE_AGGREGATE,0.02019035,0.02010958,0.00008077,0.00754735
CP01-R0767,767,768,913,AGE,0.11422207,0.11420094,0.00002113,0.00389395
CP01-R0442,442,443,914,INTERCEPT,-23.33121358,-23.11542048,-0.21579311,-0.00811695
CP01-R0442,442,443,914,CEMENT,0.11980433,0.11974942,0.00005491,0.00646867
CP01-R0442,442,443,914,SLAG,0.10386581,0.10381321,0.00005260,0.00518962
CP01-R0442,442,443,914,FLY_ASH,0.08793432,0.08784555,0.00008877,0.00705487
CP01-R0442,442,443,914,WATER,-0.14991842,-0.15026418,0.00034576,0.00860603
CP01-R0442,442,443,914,SUPERPLASTICIZER,0.29222460,0.29203797,0.00018663,0.00199764
CP01-R0442,442,443,914,COARSE_AGGREGATE,0.01808621,0.01802884,0.00005738,0.00610915
CP01-R0442,442,443,914,FINE_AGGREGATE,0.02019035,0.02009478,0.00009557,0.00893016
CP01-R0442,442,443,914,AGE,0.11422207,0.11422981,-0.00000774,-0.00142569
CP01-R0033,33,34,915,INTERCEPT,-23.33121358,-23.27586803,-0.05534555,-0.00208179
CP01-R0033,33,34,915,CEMENT,0.11980433,0.11979589,0.00000845,0.00099513
CP01-R0033,33,34,915,SLAG,0.10386581,0.10383261,0.00003320,0.00327527
CP01-R0033,33,34,915,FLY_ASH,0.08793432,0.08791785,0.00001648,0.00130929
CP01-R0033,33,34,915,WATER,-0.14991842,-0.14994290,0.00002449,0.00060944
CP01-R0033,33,34,915,SUPERPLASTICIZER,0.29222460,0.29245609,-0.00023150,-0.00247793
CP01-R0033,33,34,915,COARSE_AGGREGATE,0.01808621,0.01806954,0.00001668,0.00177586
CP01-R0033,33,34,915,FINE_AGGREGATE,0.02019035,0.02015227,0.00003808,0.00355843
CP01-R0033,33,34,915,AGE,0.11422207,0.11417239,0.00004968,0.00915346
CP01-R0592,592,593,916,INTERCEPT,-23.33121358,-23.36822841,0.03701483,0.00139229
CP01-R0592,592,593,916,CEMENT,0.11980433,0.11984019,-0.00003586,-0.00422417
CP01-R0592,592,593,916,SLAG,0.10386581,0.10391353,-0.00004772,-0.00470817
CP01-R0592,592,593,916,FLY_ASH,0.08793432,0.08800483,-0.00007051,-0.00560334
CP01-R0592,592,593,916,WATER,-0.14991842,-0.14987649,-0.00004193,-0.00104364
CP01-R0592,592,593,916,SUPERPLASTICIZER,0.29222460,0.29214038,0.00008422,0.00090145
CP01-R0592,592,593,916,COARSE_AGGREGATE,0.01808621,0.01807721,0.00000900,0.00095870
CP01-R0592,592,593,916,FINE_AGGREGATE,0.02019035,0.02021497,-0.00002462,-0.00230067
CP01-R0592,592,593,916,AGE,0.11422207,0.11423721,-0.00001515,-0.00279083
CP01-R0908,908,909,917,INTERCEPT,-23.33121358,-23.20036523,-0.13084835,-0.00492179
CP01-R0908,908,909,917,CEMENT,0.11980433,0.11980068,0.00000366,0.00043082
CP01-R0908,908,909,917,SLAG,0.10386581,0.10386397,0.00000184,0.00018159
CP01-R0908,908,909,917,FLY_ASH,0.08793432,0.08795625,-0.00002192,-0.00174232
CP01-R0908,908,909,917,WATER,-0.14991842,-0.15012342,0.00020500,0.00510234
CP01-R0908,908,909,917,SUPERPLASTICIZER,0.29222460,0.29167429,0.00055031,0.00589044
CP01-R0908,908,909,917,COARSE_AGGREGATE,0.01808621,0.01803164,0.00005457,0.00581030
CP01-R0908,908,909,917,FINE_AGGREGATE,0.02019035,0.02014425,0.00004610,0.00430747
CP01-R0908,908,909,917,AGE,0.11422207,0.11421967,0.00000240,0.00044182
CP01-R0484,484,485,918,INTERCEPT,-23.33121358,-23.24697179,-0.08424179,-0.00316871
CP01-R0484,484,485,918,CEMENT,0.11980433,0.11981350,-0.00000916,-0.00107935
CP01-R0484,484,485,918,SLAG,0.10386581,0.10384679,0.00001902,0.00187643
CP01-R0484,484,485,918,FLY_ASH,0.08793432,0.08793599,-0.00000167,-0.00013268
CP01-R0484,484,485,918,WATER,-0.14991842,-0.15008200,0.00016359,0.00407161
CP01-R0484,484,485,918,SUPERPLASTICIZER,0.29222460,0.29212782,0.00009678,0.00103591
CP01-R0484,484,485,918,COARSE_AGGREGATE,0.01808621,0.01806251,0.00002371,0.00252439
CP01-R0484,484,485,918,FINE_AGGREGATE,0.02019035,0.02015045,0.00003990,0.00372846
CP01-R0484,484,485,918,AGE,0.11422207,0.11422972,-0.00000766,-0.00141080
CP01-R0281,281,282,919,INTERCEPT,-23.33121358,-23.49248381,0.16127022,0.00606610
CP01-R0281,281,282,919,CEMENT,0.11980433,0.11983904,-0.00003471,-0.00408871
CP01-R0281,281,282,919,SLAG,0.10386581,0.10389439,-0.00002858,-0.00281997
CP01-R0281,281,282,919,FLY_ASH,0.08793432,0.08800289,-0.00006857,-0.00544907
CP01-R0281,281,282,919,WATER,-0.14991842,-0.14963811,-0.00028031,-0.00697688
CP01-R0281,281,282,919,SUPERPLASTICIZER,0.29222460,0.29258115,-0.00035656,-0.00381655
CP01-R0281,281,282,919,COARSE_AGGREGATE,0.01808621,0.01814738,-0.00006117,-0.00651273
CP01-R0281,281,282,919,FINE_AGGREGATE,0.02019035,0.02023646,-0.00004611,-0.00430857
CP01-R0281,281,282,919,AGE,0.11422207,0.11420490,0.00001717,0.00316366
CP01-R0191,191,192,920,INTERCEPT,-23.33121358,-23.13821051,-0.19300308,-0.00725971
CP01-R0191,191,192,920,CEMENT,0.11980433,0.11976053,0.00004381,0.00516066
CP01-R0191,191,192,920,SLAG,0.10386581,0.10382439,0.00004142,0.00408619
CP01-R0191,191,192,920,FLY_ASH,0.08793432,0.08786221,0.00007211,0.00573093
CP01-R0191,191,192,920,WATER,-0.14991842,-0.15025625,0.00033783,0.00840844
CP01-R0191,191,192,920,SUPERPLASTICIZER,0.29222460,0.29198866,0.00023594,0.00252547
CP01-R0191,191,192,920,COARSE_AGGREGATE,0.01808621,0.01803566,0.00005055,0.00538235
CP01-R0191,191,192,920,FINE_AGGREGATE,0.02019035,0.02010773,0.00008262,0.00772012
CP01-R0191,191,192,920,AGE,0.11422207,0.11423698,-0.00001491,-0.00274789
CP01-R0855,855,856,921,INTERCEPT,-23.33121358,-23.44803817,0.11682458,0.00439430
CP01-R0855,855,856,921,CEMENT,0.11980433,0.11982373,-0.00001939,-0.00228442
CP01-R0855,855,856,921,SLAG,0.10386581,0.10388577,-0.00001996,-0.00196972
CP01-R0855,855,856,921,FLY_ASH,0.08793432,0.08794075,-0.00000643,-0.00051084
CP01-R0855,855,856,921,WATER,-0.14991842,-0.14982027,-0.00009815,-0.00244290
CP01-R0855,855,856,921,SUPERPLASTICIZER,0.29222460,0.29225092,-0.00002633,-0.00028178
CP01-R0855,855,856,921,COARSE_AGGREGATE,0.01808621,0.01813348,-0.00004726,-0.00503214
CP01-R0855,855,856,921,FINE_AGGREGATE,0.02019035,0.02024611,-0.00005576,-0.00521030
CP01-R0855,855,856,921,AGE,0.11422207,0.11423281,-0.00001074,-0.00197953
CP01-R0277,277,278,922,INTERCEPT,-23.33121358,-23.17204886,-0.15916472,-0.00598690
CP01-R0277,277,278,922,CEMENT,0.11980433,0.11976789,0.00003644,0.00429255
CP01-R0277,277,278,922,SLAG,0.10386581,0.10383488,0.00003093,0.00305116
CP01-R0277,277,278,922,FLY_ASH,0.08793432,0.08786002,0.00007430,0.00590485
CP01-R0277,277,278,922,WATER,-0.14991842,-0.15018317,0.00026475,0.00658970
CP01-R0277,277,278,922,SUPERPLASTICIZER,0.29222460,0.29195477,0.00026983,0.00288821
CP01-R0277,277,278,922,COARSE_AGGREGATE,0.01808621,0.01802582,0.00006039,0.00643001
CP01-R0277,277,278,922,FINE_AGGREGATE,0.02019035,0.02014323,0.00004712,0.00440277
CP01-R0277,277,278,922,AGE,0.11422207,0.11423222,-0.00001015,-0.00186996
CP01-R0894,894,895,923,INTERCEPT,-23.33121358,-23.19425402,-0.13695956,-0.00515166
CP01-R0894,894,895,923,CEMENT,0.11980433,0.11974417,0.00006017,0.00708752
CP01-R0894,894,895,923,SLAG,0.10386581,0.10382562,0.00004019,0.00396473
CP01-R0894,894,895,923,FLY_ASH,0.08793432,0.08788820,0.00004612,0.00366498
CP01-R0894,894,895,923,WATER,-0.14991842,-0.15006931,0.00015089,0.00375564
CP01-R0894,894,895,923,SUPERPLASTICIZER,0.29222460,0.29220388,0.00002072,0.00022173
CP01-R0894,894,895,923,COARSE_AGGREGATE,0.01808621,0.01804002,0.00004619,0.00491837
CP01-R0894,894,895,923,FINE_AGGREGATE,0.02019035,0.02013904,0.00005131,0.00479427
CP01-R0894,894,895,923,AGE,0.11422207,0.11421480,0.00000727,0.00133931
CP01-R0957,957,958,924,INTERCEPT,-23.33121358,-23.19471323,-0.13650036,-0.00513439
CP01-R0957,957,958,924,CEMENT,0.11980433,0.11974379,0.00006054,0.00713182
CP01-R0957,957,958,924,SLAG,0.10386581,0.10382498,0.00004083,0.00402843
CP01-R0957,957,958,924,FLY_ASH,0.08793432,0.08788699,0.00004733,0.00376112
CP01-R0957,957,958,924,WATER,-0.14991842,-0.15006738,0.00014896,0.00370750
CP01-R0957,957,958,924,SUPERPLASTICIZER,0.29222460,0.29222146,0.00000313,0.00003355
CP01-R0957,957,958,924,COARSE_AGGREGATE,0.01808621,0.01804035,0.00004586,0.00488311
CP01-R0957,957,958,924,FINE_AGGREGATE,0.02019035,0.02013890,0.00005145,0.00480797
CP01-R0957,957,958,924,AGE,0.11422207,0.11421478,0.00000729,0.00134323
CP01-R0224,224,225,925,INTERCEPT,-23.33121358,-23.26730539,-0.06390820,-0.00240387
CP01-R0224,224,225,925,CEMENT,0.11980433,0.11979030,0.00001403,0.00165291
CP01-R0224,224,225,925,SLAG,0.10386581,0.10384354,0.00002226,0.00219661
CP01-R0224,224,225,925,FLY_ASH,0.08793432,0.08786556,0.00006876,0.00546475
CP01-R0224,224,225,925,WATER,-0.14991842,-0.14995345,0.00003504,0.00087203
CP01-R0224,224,225,925,SUPERPLASTICIZER,0.29222460,0.29243189,-0.00020729,-0.00221883
CP01-R0224,224,225,925,COARSE_AGGREGATE,0.01808621,0.01805454,0.00003167,0.00337217
CP01-R0224,224,225,925,FINE_AGGREGATE,0.02019035,0.02016597,0.00002439,0.00227866
CP01-R0224,224,225,925,AGE,0.11422207,0.11419481,0.00002726,0.00502221
CP01-R0918,918,919,926,INTERCEPT,-23.33121358,-23.45924873,0.12803514,0.00481598
CP01-R0918,918,919,926,CEMENT,0.11980433,0.11985166,-0.00004732,-0.00557474
CP01-R0918,918,919,926,SLAG,0.10386581,0.10388827,-0.00002246,-0.00221627
CP01-R0918,918,919,926,FLY_ASH,0.08793432,0.08799646,-0.00006213,-0.00493783
CP01-R0918,918,919,926,WATER,-0.14991842,-0.14967262,-0.00024580,-0.00611802
CP01-R0918,918,919,926,SUPERPLASTICIZER,0.29222460,0.29264753,-0.00042293,-0.00452701
CP01-R0918,918,919,926,COARSE_AGGREGATE,0.01808621,0.01812186,-0.00003565,-0.00379532
CP01-R0918,918,919,926,FINE_AGGREGATE,0.02019035,0.02022435,-0.00003400,-0.00317729
CP01-R0918,918,919,926,AGE,0.11422207,0.11422427,-0.00000220,-0.00040618
CP01-R0223,223,224,927,INTERCEPT,-23.33121358,-23.26659459,-0.06461899,-0.00243061
CP01-R0223,223,224,927,CEMENT,0.11980433,0.11979099,0.00001334,0.00157195
CP01-R0223,223,224,927,SLAG,0.10386581,0.10384569,0.00002012,0.00198506
CP01-R0223,223,224,927,FLY_ASH,0.08793432,0.08786524,0.00006908,0.00549015
CP01-R0223,223,224,927,WATER,-0.14991842,-0.14996427,0.00004585,0.00114126
CP01-R0223,223,224,927,SUPERPLASTICIZER,0.29222460,0.29243737,-0.00021277,-0.00227749
CP01-R0223,223,224,927,COARSE_AGGREGATE,0.01808621,0.01805357,0.00003264,0.00347525
CP01-R0223,223,224,927,FINE_AGGREGATE,0.02019035,0.02016720,0.00002315,0.00216291
CP01-R0223,223,224,927,AGE,0.11422207,0.11421139,0.00001067,0.00196690
CP01-R0802,802,803,928,INTERCEPT,-23.33121358,-23.37916770,0.04795411,0.00180377
CP01-R0802,802,803,928,CEMENT,0.11980433,0.11984126,-0.00003692,-0.00434945
CP01-R0802,802,803,928,SLAG,0.10386581,0.10391431,-0.00004850,-0.00478464
CP01-R0802,802,803,928,FLY_ASH,0.08793432,0.08800458,-0.00007026,-0.00558361
CP01-R0802,802,803,928,WATER,-0.14991842,-0.14985870,-0.00005972,-0.00148632
CP01-R0802,802,803,928,SUPERPLASTICIZER,0.29222460,0.29216809,0.00005650,0.00060481
CP01-R0802,802,803,928,COARSE_AGGREGATE,0.01808621,0.01808222,0.00000400,0.00042559
CP01-R0802,802,803,928,FINE_AGGREGATE,0.02019035,0.02021818,-0.00002783,-0.00260025
CP01-R0802,802,803,928,AGE,0.11422207,0.11423610,-0.00001403,-0.00258552
CP01-R0810,810,811,929,INTERCEPT,-23.33121358,-23.37916770,0.04795411,0.00180377
CP01-R0810,810,811,929,CEMENT,0.11980433,0.11984126,-0.00003692,-0.00434945
CP01-R0810,810,811,929,SLAG,0.10386581,0.10391431,-0.00004850,-0.00478464
CP01-R0810,810,811,929,FLY_ASH,0.08793432,0.08800458,-0.00007026,-0.00558361
CP01-R0810,810,811,929,WATER,-0.14991842,-0.14985870,-0.00005972,-0.00148632
CP01-R0810,810,811,929,SUPERPLASTICIZER,0.29222460,0.29216809,0.00005650,0.00060481
CP01-R0810,810,811,929,COARSE_AGGREGATE,0.01808621,0.01808222,0.00000400,0.00042559
CP01-R0810,810,811,929,FINE_AGGREGATE,0.02019035,0.02021818,-0.00002783,-0.00260025
CP01-R0810,810,811,929,AGE,0.11422207,0.11423610,-0.00001403,-0.00258552
CP01-R0965,965,966,930,INTERCEPT,-23.33121358,-23.31186027,-0.01935332,-0.00072797
CP01-R0965,965,966,930,CEMENT,0.11980433,0.11980229,0.00000204,0.00024077
CP01-R0965,965,966,930,SLAG,0.10386581,0.10388564,-0.00001983,-0.00195665
CP01-R0965,965,966,930,FLY_ASH,0.08793432,0.08797189,-0.00003757,-0.00298561
CP01-R0965,965,966,930,WATER,-0.14991842,-0.14990901,-0.00000941,-0.00023412
CP01-R0965,965,966,930,SUPERPLASTICIZER,0.29222460,0.29204054,0.00018405,0.00197010
CP01-R0965,965,966,930,COARSE_AGGREGATE,0.01808621,0.01805741,0.00002880,0.00306643
CP01-R0965,965,966,930,FINE_AGGREGATE,0.02019035,0.02019873,-0.00000838,-0.00078330
CP01-R0965,965,966,930,AGE,0.11422207,0.11422112,0.00000094,0.00017392
CP01-R0144,144,145,931,INTERCEPT,-23.33121358,-23.32739122,-0.00382237,-0.00014378
CP01-R0144,144,145,931,CEMENT,0.11980433,0.11980226,0.00000208,0.00024466
CP01-R0144,144,145,931,SLAG,0.10386581,0.10386246,0.00000335,0.00033005
CP01-R0144,144,145,931,FLY_ASH,0.08793432,0.08790364,0.00003069,0.00243855
CP01-R0144,144,145,931,WATER,-0.14991842,-0.14995992,0.00004150,0.00103293
CP01-R0144,144,145,931,SUPERPLASTICIZER,0.29222460,0.29259828,-0.00037368,-0.00399985
CP01-R0144,144,145,931,COARSE_AGGREGATE,0.01808621,0.01807667,0.00000954,0.00101577
CP01-R0144,144,145,931,FINE_AGGREGATE,0.02019035,0.02020777,-0.00001742,-0.00162802
CP01-R0144,144,145,931,AGE,0.11422207,0.11423364,-0.00001157,-0.00213170
CP01-R0981,981,982,932,INTERCEPT,-23.33121358,-23.45080342,0.11958983,0.00449831
CP01-R0981,981,982,932,CEMENT,0.11980433,0.11984976,-0.00004542,-0.00535097
CP01-R0981,981,982,932,SLAG,0.10386581,0.10388661,-0.00002080,-0.00205208
CP01-R0981,981,982,932,FLY_ASH,0.08793432,0.08799432,-0.00006000,-0.00476835
CP01-R0981,981,982,932,WATER,-0.14991842,-0.14968819,-0.00023023,-0.00573048
CP01-R0981,981,982,932,SUPERPLASTICIZER,0.29222460,0.29261156,-0.00038696,-0.00414199
CP01-R0981,981,982,932,COARSE_AGGREGATE,0.01808621,0.01811917,-0.00003295,-0.00350838
CP01-R0981,981,982,932,FINE_AGGREGATE,0.02019035,0.02022180,-0.00003145,-0.00293863
CP01-R0981,981,982,932,AGE,0.11422207,0.11422428,-0.00000221,-0.00040686
CP01-R0849,849,850,933,INTERCEPT,-23.33121358,-23.34744862,0.01623503,0.00061067
CP01-R0849,849,850,933,CEMENT,0.11980433,0.11980728,-0.00000294,-0.00034682
CP01-R0849,849,850,933,SLAG,0.10386581,0.10386789,-0.00000208,-0.00020494
CP01-R0849,849,850,933,FLY_ASH,0.08793432,0.08792756,0.00000676,0.00053702
CP01-R0849,849,850,933,WATER,-0.14991842,-0.14997567,0.00005725,0.00142489
CP01-R0849,849,850,933,SUPERPLASTICIZER,0.29222460,0.29218914,0.00003545,0.00037950
CP01-R0849,849,850,933,COARSE_AGGREGATE,0.01808621,0.01811872,-0.00003251,-0.00346089
CP01-R0849,849,850,933,FINE_AGGREGATE,0.02019035,0.02018078,0.00000957,0.00089420
CP01-R0849,849,850,933,AGE,0.11422207,0.11423083,-0.00000876,-0.00161438
CP01-R0977,977,978,934,INTERCEPT,-23.33121358,-23.14228424,-0.18892934,-0.00710648
CP01-R0977,977,978,934,CEMENT,0.11980433,0.11974849,0.00005585,0.00657858
CP01-R0977,977,978,934,SLAG,0.10386581,0.10378605,0.00007976,0.00786909
CP01-R0977,977,978,934,FLY_ASH,0.08793432,0.08786253,0.00007179,0.00570553
CP01-R0977,977,978,934,WATER,-0.14991842,-0.15015879,0.00024037,0.00598270
CP01-R0977,977,978,934,SUPERPLASTICIZER,0.29222460,0.29235339,-0.00012880,-0.00137864
CP01-R0977,977,978,934,COARSE_AGGREGATE,0.01808621,0.01802429,0.00006192,0.00659308
CP01-R0977,977,978,934,FINE_AGGREGATE,0.02019035,0.02011446,0.00007589,0.00709148
CP01-R0977,977,978,934,AGE,0.11422207,0.11421697,0.00000509,0.00093872
CP01-R0165,165,166,935,INTERCEPT,-23.33121358,-23.28521713,-0.04599646,-0.00173013
CP01-R0165,165,166,935,CEMENT,0.11980433,0.11977907,0.00002526,0.00297570
CP01-R0165,165,166,935,SLAG,0.10386581,0.10384206,0.00002375,0.00234344
CP01-R0165,165,166,935,FLY_ASH,0.08793432,0.08792717,0.00000715,0.00056803
CP01-R0165,165,166,935,WATER,-0.14991842,-0.14994766,0.00002924,0.00072772
CP01-R0165,165,166,935,SUPERPLASTICIZER,0.29222460,0.29199762,0.00022697,0.00242949
CP01-R0165,165,166,935,COARSE_AGGREGATE,0.01808621,0.01808295,0.00000327,0.00034786
CP01-R0165,165,166,935,FINE_AGGREGATE,0.02019035,0.02015544,0.00003492,0.00326260
CP01-R0165,165,166,935,AGE,0.11422207,0.11420293,0.00001914,0.00352707
CP01-R0170,170,171,936,INTERCEPT,-23.33121358,-23.28521713,-0.04599646,-0.00173013
CP01-R0170,170,171,936,CEMENT,0.11980433,0.11977907,0.00002526,0.00297570
CP01-R0170,170,171,936,SLAG,0.10386581,0.10384206,0.00002375,0.00234344
CP01-R0170,170,171,936,FLY_ASH,0.08793432,0.08792717,0.00000715,0.00056803
CP01-R0170,170,171,936,WATER,-0.14991842,-0.14994766,0.00002924,0.00072772
CP01-R0170,170,171,936,SUPERPLASTICIZER,0.29222460,0.29199762,0.00022697,0.00242949
CP01-R0170,170,171,936,COARSE_AGGREGATE,0.01808621,0.01808295,0.00000327,0.00034786
CP01-R0170,170,171,936,FINE_AGGREGATE,0.02019035,0.02015544,0.00003492,0.00326260
CP01-R0170,170,171,936,AGE,0.11422207,0.11420293,0.00001914,0.00352707
CP01-R0173,173,174,937,INTERCEPT,-23.33121358,-23.28521713,-0.04599646,-0.00173013
CP01-R0173,173,174,937,CEMENT,0.11980433,0.11977907,0.00002526,0.00297570
CP01-R0173,173,174,937,SLAG,0.10386581,0.10384206,0.00002375,0.00234344
CP01-R0173,173,174,937,FLY_ASH,0.08793432,0.08792717,0.00000715,0.00056803
CP01-R0173,173,174,937,WATER,-0.14991842,-0.14994766,0.00002924,0.00072772
CP01-R0173,173,174,937,SUPERPLASTICIZER,0.29222460,0.29199762,0.00022697,0.00242949
CP01-R0173,173,174,937,COARSE_AGGREGATE,0.01808621,0.01808295,0.00000327,0.00034786
CP01-R0173,173,174,937,FINE_AGGREGATE,0.02019035,0.02015544,0.00003492,0.00326260
CP01-R0173,173,174,937,AGE,0.11422207,0.11420293,0.00001914,0.00352707
CP01-R0936,936,937,938,INTERCEPT,-23.33121358,-23.35017234,0.01895876,0.00071312
CP01-R0936,936,937,938,CEMENT,0.11980433,0.11981243,-0.00000810,-0.00095409
CP01-R0936,936,937,938,SLAG,0.10386581,0.10388684,-0.00002103,-0.00207447
CP01-R0936,936,937,938,FLY_ASH,0.08793432,0.08798277,-0.00004845,-0.00384998
CP01-R0936,936,937,938,WATER,-0.14991842,-0.14981309,-0.00010532,-0.00262151
CP01-R0936,936,937,938,SUPERPLASTICIZER,0.29222460,0.29225837,-0.00003378,-0.00036157
CP01-R0936,936,937,938,COARSE_AGGREGATE,0.01808621,0.01808344,0.00000277,0.00029515
CP01-R0936,936,937,938,FINE_AGGREGATE,0.02019035,0.02018642,0.00000393,0.00036698
CP01-R0936,936,937,938,AGE,0.11422207,0.11421611,0.00000596,0.00109745
CP01-R0424,424,425,939,INTERCEPT,-23.33121358,-23.33681856,0.00560497,0.00021083
CP01-R0424,424,425,939,CEMENT,0.11980433,0.11979305,0.00001128,0.00132933
CP01-R0424,424,425,939,SLAG,0.10386581,0.10384845,0.00001736,0.00171287
CP01-R0424,424,425,939,FLY_ASH,0.08793432,0.08787761,0.00005671,0.00450681
CP01-R0424,424,425,939,WATER,-0.14991842,-0.14981261,-0.00010581,-0.00263350
CP01-R0424,424,425,939,SUPERPLASTICIZER,0.29222460,0.29284349,-0.00061890,-0.00662461
CP01-R0424,424,425,939,COARSE_AGGREGATE,0.01808621,0.01808779,-0.00000158,-0.00016777
CP01-R0424,424,425,939,FINE_AGGREGATE,0.02019035,0.02017430,0.00001605,0.00149998
CP01-R0424,424,425,939,AGE,0.11422207,0.11422021,0.00000186,0.00034200
CP01-R0049,49,50,940,INTERCEPT,-23.33121358,-23.35724537,0.02603179,0.00097917
CP01-R0049,49,50,940,CEMENT,0.11980433,0.11981614,-0.00001181,-0.00139115
CP01-R0049,49,50,940,SLAG,0.10386581,0.10386433,0.00000148,0.00014633
CP01-R0049,49,50,940,FLY_ASH,0.08793432,0.08795215,-0.00001782,-0.00141651
CP01-R0049,49,50,940,WATER,-0.14991842,-0.14997418,0.00005576,0.00138783
CP01-R0049,49,50,940,SUPERPLASTICIZER,0.29222460,0.29216484,0.00005975,0.00063960
CP01-R0049,49,50,940,COARSE_AGGREGATE,0.01808621,0.01809544,-0.00000922,-0.00098186
CP01-R0049,49,50,940,FINE_AGGREGATE,0.02019035,0.02021810,-0.00002775,-0.00259302
CP01-R0049,49,50,940,AGE,0.11422207,0.11424238,-0.00002031,-0.00374254
CP01-R0902,902,903,941,INTERCEPT,-23.33121358,-23.31417669,-0.01703689,-0.00064083
CP01-R0902,902,903,941,CEMENT,0.11980433,0.11980367,0.00000066,0.00007806
CP01-R0902,902,903,941,SLAG,0.10386581,0.10388436,-0.00001856,-0.00183066
CP01-R0902,902,903,941,FLY_ASH,0.08793432,0.08796953,-0.00003520,-0.00279773
CP01-R0902,902,903,941,WATER,-0.14991842,-0.14991377,-0.00000465,-0.00011565
CP01-R0902,902,903,941,SUPERPLASTICIZER,0.29222460,0.29202472,0.00019988,0.00213947
CP01-R0902,902,903,941,COARSE_AGGREGATE,0.01808621,0.01806075,0.00002546,0.00271117
CP01-R0902,902,903,941,FINE_AGGREGATE,0.02019035,0.02019834,-0.00000799,-0.00074693
CP01-R0902,902,903,941,AGE,0.11422207,0.11422129,0.00000078,0.00014292
CP01-R0914,914,915,942,INTERCEPT,-23.33121358,-23.15364317,-0.17757042,-0.00667922
CP01-R0914,914,915,942,CEMENT,0.11980433,0.11975086,0.00005347,0.00629879
CP01-R0914,914,915,942,SLAG,0.10386581,0.10378931,0.00007650,0.00754722
CP01-R0914,914,915,942,FLY_ASH,0.08793432,0.08786495,0.00006937,0.00551293
CP01-R0914,914,915,942,WATER,-0.14991842,-0.15013991,0.00022149,0.00551286
CP01-R0914,914,915,942,SUPERPLASTICIZER,0.29222460,0.29238190,-0.00015730,-0.00168376
CP01-R0914,914,915,942,COARSE_AGGREGATE,0.01808621,0.01802805,0.00005817,0.00619295
CP01-R0914,914,915,942,FINE_AGGREGATE,0.02019035,0.02011835,0.00007200,0.00672815
CP01-R0914,914,915,942,AGE,0.11422207,0.11421698,0.00000509,0.00093733
CP01-R0739,739,740,943,INTERCEPT,-23.33121358,-23.29133432,-0.03987927,-0.00150004
CP01-R0739,739,740,943,CEMENT,0.11980433,0.11978045,0.00002388,0.00281321
CP01-R0739,739,740,943,SLAG,0.10386581,0.10382640,0.00003941,0.00388851
CP01-R0739,739,740,943,FLY_ASH,0.08793432,0.08787980,0.00005452,0.00433245
CP01-R0739,739,740,943,WATER,-0.14991842,-0.14996578,0.00004736,0.00117875
CP01-R0739,739,740,943,SUPERPLASTICIZER,0.29222460,0.29219887,0.00002572,0.00027535
CP01-R0739,739,740,943,COARSE_AGGREGATE,0.01808621,0.01808854,-0.00000232,-0.00024744
CP01-R0739,739,740,943,FINE_AGGREGATE,0.02019035,0.02016647,0.00002389,0.00223197
CP01-R0739,739,740,943,AGE,0.11422207,0.11420062,0.00002145,0.00395217
CP01-R1006,1006,1007,944,INTERCEPT,-23.33121358,-23.34315520,0.01194162,0.00044918
CP01-R1006,1006,1007,944,CEMENT,0.11980433,0.11980715,-0.00000282,-0.00033172
CP01-R1006,1006,1007,944,SLAG,0.10386581,0.10386778,-0.00000197,-0.00019451
CP01-R1006,1006,1007,944,FLY_ASH,0.08793432,0.08792899,0.00000534,0.00042407
CP01-R1006,1006,1007,944,WATER,-0.14991842,-0.14997844,0.00006002,0.00149388
CP01-R1006,1006,1007,944,SUPERPLASTICIZER,0.29222460,0.29215622,0.00006837,0.00073183
CP01-R1006,1006,1007,944,COARSE_AGGREGATE,0.01808621,0.01811505,-0.00002884,-0.00307010
CP01-R1006,1006,1007,944,FINE_AGGREGATE,0.02019035,0.02018091,0.00000944,0.00088221
CP01-R1006,1006,1007,944,AGE,0.11422207,0.11423021,-0.00000814,-0.00149981
CP01-R0925,925,926,945,INTERCEPT,-23.33121358,-23.33992745,0.00871386,0.00032777
CP01-R0925,925,926,945,CEMENT,0.11980433,0.11980501,-0.00000067,-0.00007916
CP01-R0925,925,926,945,SLAG,0.10386581,0.10389195,-0.00002614,-0.00257872
CP01-R0925,925,926,945,FLY_ASH,0.08793432,0.08796562,-0.00003130,-0.00248711
CP01-R0925,925,926,945,WATER,-0.14991842,-0.14986533,-0.00005309,-0.00132128
CP01-R0925,925,926,945,SUPERPLASTICIZER,0.29222460,0.29210470,0.00011989,0.00128332
CP01-R0925,925,926,945,COARSE_AGGREGATE,0.01808621,0.01807276,0.00001346,0.00143266
CP01-R0925,925,926,945,FINE_AGGREGATE,0.02019035,0.02020384,-0.00001349,-0.00126068
CP01-R0925,925,926,945,AGE,0.11422207,0.11421865,0.00000342,0.00062948
CP01-R0567,567,568,946,INTERCEPT,-23.33121358,-23.34799612,0.01678254,0.00063127
CP01-R0567,567,568,946,CEMENT,0.11980433,0.11981551,-0.00001118,-0.00131693
CP01-R0567,567,568,946,SLAG,0.10386581,0.10389849,-0.00003269,-0.00322474
CP01-R0567,567,568,946,FLY_ASH,0.08793432,0.08794633,-0.00001201,-0.00095462
CP01-R0567,567,568,946,WATER,-0.14991842,-0.14995042,0.00003201,0.00079660
CP01-R0567,567,568,946,SUPERPLASTICIZER,0.29222460,0.29183823,0.00038637,0.00413563
CP01-R0567,567,568,946,COARSE_AGGREGATE,0.01808621,0.01810255,-0.00001634,-0.00173975
CP01-R0567,567,568,946,FINE_AGGREGATE,0.02019035,0.02019633,-0.00000598,-0.00055858
CP01-R0567,567,568,946,AGE,0.11422207,0.11421528,0.00000679,0.00125135
CP01-R0390,390,391,947,INTERCEPT,-23.33121358,-23.19618980,-0.13502378,-0.00507885
CP01-R0390,390,391,947,CEMENT,0.11980433,0.11976073,0.00004360,0.00513638
CP01-R0390,390,391,947,SLAG,0.10386581,0.10383351,0.00003230,0.00318691
CP01-R0390,390,391,947,FLY_ASH,0.08793432,0.08789701,0.00003731,0.00296505
CP01-R0390,390,391,947,WATER,-0.14991842,-0.15012875,0.00021034,0.00523521
CP01-R0390,390,391,947,SUPERPLASTICIZER,0.29222460,0.29195335,0.00027125,0.00290338
CP01-R0390,390,391,947,COARSE_AGGREGATE,0.01808621,0.01802921,0.00005700,0.00606920
CP01-R0390,390,391,947,FINE_AGGREGATE,0.02019035,0.02015907,0.00003128,0.00292289
CP01-R0390,390,391,947,AGE,0.11422207,0.11423181,-0.00000974,-0.00179560
CP01-R0376,376,377,948,INTERCEPT,-23.33121358,-23.17061092,-0.16060267,-0.00604099
CP01-R0376,376,377,948,CEMENT,0.11980433,0.11976144,0.00004289,0.00505283
CP01-R0376,376,377,948,SLAG,0.10386581,0.10383252,0.00003329,0.00328477
CP01-R0376,376,377,948,FLY_ASH,0.08793432,0.08789551,0.00003881,0.00308428
CP01-R0376,376,377,948,WATER,-0.14991842,-0.15020251,0.00028409,0.00707097
CP01-R0376,376,377,948,SUPERPLASTICIZER,0.29222460,0.29198568,0.00023891,0.00255729
CP01-R0376,376,377,948,COARSE_AGGREGATE,0.01808621,0.01803518,0.00005104,0.00543398
CP01-R0376,376,377,948,FINE_AGGREGATE,0.02019035,0.02013487,0.00005548,0.00518386
CP01-R0376,376,377,948,AGE,0.11422207,0.11423822,-0.00001615,-0.00297572
CP01-R0311,311,312,949,INTERCEPT,-23.33121358,-23.22011991,-0.11109368,-0.00417873
CP01-R0311,311,312,949,CEMENT,0.11980433,0.11976883,0.00003551,0.00418292
CP01-R0311,311,312,949,SLAG,0.10386581,0.10383913,0.00002668,0.00263235
CP01-R0311,311,312,949,FLY_ASH,0.08793432,0.08788067,0.00005365,0.00426376
CP01-R0311,311,312,949,WATER,-0.14991842,-0.15006373,0.00014532,0.00361687
CP01-R0311,311,312,949,SUPERPLASTICIZER,0.29222460,0.29213965,0.00008495,0.00090928
CP01-R0311,311,312,949,COARSE_AGGREGATE,0.01808621,0.01805750,0.00002872,0.00305747
CP01-R0311,311,312,949,FINE_AGGREGATE,0.02019035,0.02013434,0.00005601,0.00523420
CP01-R0311,311,312,949,AGE,0.11422207,0.11423028,-0.00000822,-0.00151378
CP01-R0454,454,455,950,INTERCEPT,-23.33121358,-23.28439723,-0.04681635,-0.00176097
CP01-R0454,454,455,950,CEMENT,0.11980433,0.11981052,-0.00000618,-0.00072852
CP01-R0454,454,455,950,SLAG,0.10386581,0.10386992,-0.00000411,-0.00040583
CP01-R0454,454,455,950,FLY_ASH,0.08793432,0.08792455,0.00000978,0.00077692
CP01-R0454,454,455,950,WATER,-0.14991842,-0.14997394,0.00005552,0.00138181
CP01-R0454,454,455,950,SUPERPLASTICIZER,0.29222460,0.29189339,0.00033120,0.00354516
CP01-R0454,454,455,950,COARSE_AGGREGATE,0.01808621,0.01805512,0.00003109,0.00331062
CP01-R0454,454,455,950,FINE_AGGREGATE,0.02019035,0.02018152,0.00000883,0.00082482
CP01-R0454,454,455,950,AGE,0.11422207,0.11421401,0.00000806,0.00148523
CP01-R0256,256,257,951,INTERCEPT,-23.33121358,-23.39054088,0.05932729,0.00223157
CP01-R0256,256,257,951,CEMENT,0.11980433,0.11981225,-0.00000791,-0.00093203
CP01-R0256,256,257,951,SLAG,0.10386581,0.10387475,-0.00000894,-0.00088249
CP01-R0256,256,257,951,FLY_ASH,0.08793432,0.08795684,-0.00002251,-0.00178921
CP01-R0256,256,257,951,WATER,-0.14991842,-0.14988234,-0.00003607,-0.00089788
CP01-R0256,256,257,951,SUPERPLASTICIZER,0.29222460,0.29224747,-0.00002287,-0.00024484
CP01-R0256,256,257,951,COARSE_AGGREGATE,0.01808621,0.01810740,-0.00002118,-0.00225514
CP01-R0256,256,257,951,FINE_AGGREGATE,0.02019035,0.02022836,-0.00003801,-0.00355176
CP01-R0256,256,257,951,AGE,0.11422207,0.11421904,0.00000303,0.00055886
CP01-R0776,776,777,952,INTERCEPT,-23.33121358,-23.34522019,0.01400660,0.00052685
CP01-R0776,776,777,952,CEMENT,0.11980433,0.11982250,-0.00001816,-0.00213964
CP01-R0776,776,777,952,SLAG,0.10386581,0.10389449,-0.00002868,-0.00282937
CP01-R0776,776,777,952,FLY_ASH,0.08793432,0.08797691,-0.00004259,-0.00338471
CP01-R0776,776,777,952,WATER,-0.14991842,-0.14990173,-0.00001669,-0.00041548
CP01-R0776,776,777,952,SUPERPLASTICIZER,0.29222460,0.29219509,0.00002950,0.00031580
CP01-R0776,776,777,952,COARSE_AGGREGATE,0.01808621,0.01807558,0.00001063,0.00113222
CP01-R0776,776,777,952,FINE_AGGREGATE,0.02019035,0.02020363,-0.00001328,-0.00124065
CP01-R0776,776,777,952,AGE,0.11422207,0.11423367,-0.00001160,-0.00213784
CP01-R0463,463,464,953,INTERCEPT,-23.33121358,-23.33143712,0.00022354,0.00000841
CP01-R0463,463,464,953,CEMENT,0.11980433,0.11981484,-0.00001051,-0.00123753
CP01-R0463,463,464,953,SLAG,0.10386581,0.10388315,-0.00001735,-0.00171130
CP01-R0463,463,464,953,FLY_ASH,0.08793432,0.08798306,-0.00004874,-0.00387315
CP01-R0463,463,464,953,WATER,-0.14991842,-0.15000776,0.00008935,0.00222379
CP01-R0463,463,464,953,SUPERPLASTICIZER,0.29222460,0.29173942,0.00048518,0.00519329
CP01-R0463,463,464,953,COARSE_AGGREGATE,0.01808621,0.01808661,-0.00000039,-0.00004176
CP01-R0463,463,464,953,FINE_AGGREGATE,0.02019035,0.02020593,-0.00001558,-0.00145569
CP01-R0463,463,464,953,AGE,0.11422207,0.11424293,-0.00002086,-0.00384341
CP01-R0202,202,203,954,INTERCEPT,-23.33121358,-23.35083711,0.01962352,0.00073813
CP01-R0202,202,203,954,CEMENT,0.11980433,0.11979768,0.00000665,0.00078375
CP01-R0202,202,203,954,SLAG,0.10386581,0.10386091,0.00000490,0.00048366
CP01-R0202,202,203,954,FLY_ASH,0.08793432,0.08794608,-0.00001176,-0.00093437
CP01-R0202,202,203,954,WATER,-0.14991842,-0.14993127,0.00001285,0.00031978
CP01-R0202,202,203,954,SUPERPLASTICIZER,0.29222460,0.29228515,-0.00006056,-0.00064821
CP01-R0202,202,203,954,COARSE_AGGREGATE,0.01808621,0.01810887,-0.00002266,-0.00241249
CP01-R0202,202,203,954,FINE_AGGREGATE,0.02019035,0.02019341,-0.00000306,-0.00028588
CP01-R0202,202,203,954,AGE,0.11422207,0.11422204,0.00000002,0.00000455
CP01-R0486,486,487,955,INTERCEPT,-23.33121358,-23.44305622,0.11184264,0.00420690
CP01-R0486,486,487,955,CEMENT,0.11980433,0.11984868,-0.00004435,-0.00522412
CP01-R0486,486,487,955,SLAG,0.10386581,0.10390465,-0.00003884,-0.00383216
CP01-R0486,486,487,955,FLY_ASH,0.08793432,0.08799039,-0.00005607,-0.00445565
CP01-R0486,486,487,955,WATER,-0.14991842,-0.14979237,-0.00012605,-0.00313729
CP01-R0486,486,487,955,SUPERPLASTICIZER,0.29222460,0.29238644,-0.00016184,-0.00173237
CP01-R0486,486,487,955,COARSE_AGGREGATE,0.01808621,0.01811865,-0.00003244,-0.00345366
CP01-R0486,486,487,955,FINE_AGGREGATE,0.02019035,0.02024064,-0.00005029,-0.00469940
CP01-R0486,486,487,955,AGE,0.11422207,0.11422404,-0.00000197,-0.00036319
CP01-R0746,746,747,956,INTERCEPT,-23.33121358,-23.35301469,0.02180111,0.00082004
CP01-R0746,746,747,956,CEMENT,0.11980433,0.11982257,-0.00001823,-0.00214781
CP01-R0746,746,747,956,SLAG,0.10386581,0.10389359,-0.00002778,-0.00274073
CP01-R0746,746,747,956,FLY_ASH,0.08793432,0.08797463,-0.00004031,-0.00320325
CP01-R0746,746,747,956,WATER,-0.14991842,-0.14988807,-0.00003034,-0.00075528
CP01-R0746,746,747,956,SUPERPLASTICIZER,0.29222460,0.29221812,0.00000648,0.00006936
CP01-R0746,746,747,956,COARSE_AGGREGATE,0.01808621,0.01807993,0.00000628,0.00066899
CP01-R0746,746,747,956,FINE_AGGREGATE,0.02019035,0.02020535,-0.00001499,-0.00140116
CP01-R0746,746,747,956,AGE,0.11422207,0.11423210,-0.00001003,-0.00184775
CP01-R0548,548,549,957,INTERCEPT,-23.33121358,-23.40093941,0.06972583,0.00262270
CP01-R0548,548,549,957,CEMENT,0.11980433,0.11982115,-0.00001681,-0.00198069
CP01-R0548,548,549,957,SLAG,0.10386581,0.10389961,-0.00003380,-0.00333477
CP01-R0548,548,549,957,FLY_ASH,0.08793432,0.08797177,-0.00003745,-0.00297633
CP01-R0548,548,549,957,WATER,-0.14991842,-0.14983898,-0.00007943,-0.00197712
CP01-R0548,548,549,957,SUPERPLASTICIZER,0.29222460,0.29247063,-0.00024603,-0.00263350
CP01-R0548,548,549,957,COARSE_AGGREGATE,0.01808621,0.01811805,-0.00003183,-0.00338932
CP01-R0548,548,549,957,FINE_AGGREGATE,0.02019035,0.02020576,-0.00001541,-0.00144007
CP01-R0548,548,549,957,AGE,0.11422207,0.11423705,-0.00001498,-0.00276059
CP01-R0738,738,739,958,INTERCEPT,-23.33121358,-23.34828652,0.01707293,0.00064219
CP01-R0738,738,739,958,CEMENT,0.11980433,0.11982578,-0.00002145,-0.00252642
CP01-R0738,738,739,958,SLAG,0.10386581,0.10389298,-0.00002718,-0.00268112
CP01-R0738,738,739,958,FLY_ASH,0.08793432,0.08797546,-0.00004114,-0.00326932
CP01-R0738,738,739,958,WATER,-0.14991842,-0.14990229,-0.00001613,-0.00040155
CP01-R0738,738,739,958,SUPERPLASTICIZER,0.29222460,0.29214830,0.00007629,0.00081662
CP01-R0738,738,739,958,COARSE_AGGREGATE,0.01808621,0.01807919,0.00000703,0.00074827
CP01-R0738,738,739,958,FINE_AGGREGATE,0.02019035,0.02020320,-0.00001285,-0.00120055
CP01-R0738,738,739,958,AGE,0.11422207,0.11423065,-0.00000858,-0.00158059
CP01-R1018,1018,1019,959,INTERCEPT,-23.33121358,-23.45708576,0.12587217,0.00473462
CP01-R1018,1018,1019,959,CEMENT,0.11980433,0.11983293,-0.00002860,-0.00336903
CP01-R1018,1018,1019,959,SLAG,0.10386581,0.10391241,-0.00004660,-0.00459802
CP01-R1018,1018,1019,959,FLY_ASH,0.08793432,0.08796536,-0.00003104,-0.00246652
CP01-R1018,1018,1019,959,WATER,-0.14991842,-0.14975154,-0.00016688,-0.00415358
CP01-R1018,1018,1019,959,SUPERPLASTICIZER,0.29222460,0.29233370,-0.00010911,-0.00116787
CP01-R1018,1018,1019,959,COARSE_AGGREGATE,0.01808621,0.01813263,-0.00004641,-0.00494145
CP01-R1018,1018,1019,959,FINE_AGGREGATE,0.02019035,0.02023604,-0.00004569,-0.00426929
CP01-R1018,1018,1019,959,AGE,0.11422207,0.11422606,-0.00000399,-0.00073483
CP01-R0576,576,577,960,INTERCEPT,-23.33121358,-23.34982972,0.01861614,0.00070024
CP01-R0576,576,577,960,CEMENT,0.11980433,0.11982574,-0.00002140,-0.00252104
CP01-R0576,576,577,960,SLAG,0.10386581,0.10389288,-0.00002707,-0.00267071
CP01-R0576,576,577,960,FLY_ASH,0.08793432,0.08797510,-0.00004078,-0.00324059
CP01-R0576,576,577,960,WATER,-0.14991842,-0.14989931,-0.00001911,-0.00047570
CP01-R0576,576,577,960,SUPERPLASTICIZER,0.29222460,0.29215485,0.00006975,0.00074658
CP01-R0576,576,577,960,COARSE_AGGREGATE,0.01808621,0.01807998,0.00000624,0.00066428
CP01-R0576,576,577,960,FINE_AGGREGATE,0.02019035,0.02020354,-0.00001319,-0.00123244
CP01-R0576,576,577,960,AGE,0.11422207,0.11423042,-0.00000835,-0.00153810
CP01-R0861,861,862,961,INTERCEPT,-23.33121358,-23.45460680,0.12339321,0.00464137
CP01-R0861,861,862,961,CEMENT,0.11980433,0.11983199,-0.00002766,-0.00325788
CP01-R0861,861,862,961,SLAG,0.10386581,0.10391120,-0.00004539,-0.00447782
CP01-R0861,861,862,961,FLY_ASH,0.08793432,0.08796390,-0.00002958,-0.00235088
CP01-R0861,861,862,961,WATER,-0.14991842,-0.14975410,-0.00016432,-0.00408986
CP01-R0861,861,862,961,SUPERPLASTICIZER,0.29222460,0.29234050,-0.00011591,-0.00124067
CP01-R0861,861,862,961,COARSE_AGGREGATE,0.01808621,0.01813186,-0.00004565,-0.00485988
CP01-R0861,861,862,961,FINE_AGGREGATE,0.02019035,0.02023493,-0.00004457,-0.00416520
CP01-R0861,861,862,961,AGE,0.11422207,0.11422597,-0.00000391,-0.00071963
CP01-R0551,551,552,962,INTERCEPT,-23.33121358,-23.25494160,-0.07627199,-0.00286893
CP01-R0551,551,552,962,CEMENT,0.11980433,0.11979256,0.00001178,0.00138731
CP01-R0551,551,552,962,SLAG,0.10386581,0.10383427,0.00003154,0.00311147
CP01-R0551,551,552,962,FLY_ASH,0.08793432,0.08790262,0.00003170,0.00251950
CP01-R0551,551,552,962,WATER,-0.14991842,-0.15001277,0.00009435,0.00234833
CP01-R0551,551,552,962,SUPERPLASTICIZER,0.29222460,0.29194780,0.00027680,0.00296282
CP01-R0551,551,552,962,COARSE_AGGREGATE,0.01808621,0.01805487,0.00003134,0.00333688
CP01-R0551,551,552,962,FINE_AGGREGATE,0.02019035,0.02016706,0.00002329,0.00217671
CP01-R0551,551,552,962,AGE,0.11422207,0.11420735,0.00001472,0.00271247
CP01-R0139,139,140,963,INTERCEPT,-23.33121358,-23.25438507,-0.07682852,-0.00288987
CP01-R0139,139,140,963,CEMENT,0.11980433,0.11977549,0.00002884,0.00339730
CP01-R0139,139,140,963,SLAG,0.10386581,0.10382342,0.00004239,0.00418237
CP01-R0139,139,140,963,FLY_ASH,0.08793432,0.08791003,0.00002429,0.00193070
CP01-R0139,139,140,963,WATER,-0.14991842,-0.15000868,0.00009027,0.00224670
CP01-R0139,139,140,963,SUPERPLASTICIZER,0.29222460,0.29209604,0.00012855,0.00137604
CP01-R0139,139,140,963,COARSE_AGGREGATE,0.01808621,0.01806043,0.00002579,0.00274543
CP01-R0139,139,140,963,FINE_AGGREGATE,0.02019035,0.02016051,0.00002984,0.00278852
CP01-R0139,139,140,963,AGE,0.11422207,0.11422414,-0.00000207,-0.00038205
CP01-R0968,968,969,964,INTERCEPT,-23.33121358,-23.35054593,0.01933234,0.00072718
CP01-R0968,968,969,964,CEMENT,0.11980433,0.11979317,0.00001116,0.00131504
CP01-R0968,968,969,964,SLAG,0.10386581,0.10386769,-0.00000188,-0.00018536
CP01-R0968,968,969,964,FLY_ASH,0.08793432,0.08791264,0.00002168,0.00172309
CP01-R0968,968,969,964,WATER,-0.14991842,-0.14984428,-0.00007414,-0.00184525
CP01-R0968,968,969,964,SUPERPLASTICIZER,0.29222460,0.29251296,-0.00028837,-0.00308663
CP01-R0968,968,969,964,COARSE_AGGREGATE,0.01808621,0.01808550,0.00000071,0.00007589
CP01-R0968,968,969,964,FINE_AGGREGATE,0.02019035,0.02020310,-0.00001275,-0.00119110
CP01-R0968,968,969,964,AGE,0.11422207,0.11421793,0.00000414,0.00076253
CP01-R0978,978,979,965,INTERCEPT,-23.33121358,-23.41443381,0.08322022,0.00313029
CP01-R0978,978,979,965,CEMENT,0.11980433,0.11983110,-0.00002677,-0.00315340
CP01-R0978,978,979,965,SLAG,0.10386581,0.10389207,-0.00002626,-0.00259107
CP01-R0978,978,979,965,FLY_ASH,0.08793432,0.08798618,-0.00005185,-0.00412081
CP01-R0978,978,979,965,WATER,-0.14991842,-0.14981598,-0.00010243,-0.00254957
CP01-R0978,978,979,965,SUPERPLASTICIZER,0.29222460,0.29209582,0.00012877,0.00137835
CP01-R0978,978,979,965,COARSE_AGGREGATE,0.01808621,0.01810479,-0.00001858,-0.00197794
CP01-R0978,978,979,965,FINE_AGGREGATE,0.02019035,0.02023402,-0.00004367,-0.00408097
CP01-R0978,978,979,965,AGE,0.11422207,0.11422915,-0.00000709,-0.00130561
CP01-R0905,905,906,966,INTERCEPT,-23.33121358,-23.34783036,0.01661677,0.00062503
CP01-R0905,905,906,966,CEMENT,0.11980433,0.11979263,0.00001171,0.00137909
CP01-R0905,905,906,966,SLAG,0.10386581,0.10386702,-0.00000122,-0.00011995
CP01-R0905,905,906,966,FLY_ASH,0.08793432,0.08791201,0.00002231,0.00177311
CP01-R0905,905,906,966,WATER,-0.14991842,-0.14984906,-0.00006936,-0.00172631
CP01-R0905,905,906,966,SUPERPLASTICIZER,0.29222460,0.29250296,-0.00027836,-0.00297958
CP01-R0905,905,906,966,COARSE_AGGREGATE,0.01808621,0.01808458,0.00000164,0.00017430
CP01-R0905,905,906,966,FINE_AGGREGATE,0.02019035,0.02020226,-0.00001190,-0.00111241
CP01-R0905,905,906,966,AGE,0.11422207,0.11421796,0.00000411,0.00075719
CP01-R0852,852,853,967,INTERCEPT,-23.33121358,-23.33359157,0.00237798,0.00008945
CP01-R0852,852,853,967,CEMENT,0.11980433,0.11980356,0.00000077,0.00009068
CP01-R0852,852,853,967,SLAG,0.10386581,0.10387593,-0.00001012,-0.00099828
CP01-R0852,852,853,967,FLY_ASH,0.08793432,0.08795359,-0.00001926,-0.00153095
CP01-R0852,852,853,967,WATER,-0.14991842,-0.14986369,-0.00005473,-0.00136227
CP01-R0852,852,853,967,SUPERPLASTICIZER,0.29222460,0.29233121,-0.00010661,-0.00114117
CP01-R0852,852,853,967,COARSE_AGGREGATE,0.01808621,0.01807837,0.00000785,0.00083560
CP01-R0852,852,853,967,FINE_AGGREGATE,0.02019035,0.02018857,0.00000178,0.00016634
CP01-R0852,852,853,967,AGE,0.11422207,0.11421931,0.00000276,0.00050848
CP01-R0915,915,916,968,INTERCEPT,-23.33121358,-23.41434910,0.08313551,0.00312710
CP01-R0915,915,916,968,CEMENT,0.11980433,0.11983081,-0.00002647,-0.00311862
CP01-R0915,915,916,968,SLAG,0.10386581,0.10389192,-0.00002611,-0.00257568
CP01-R0915,915,916,968,FLY_ASH,0.08793432,0.08798497,-0.00005065,-0.00402494
CP01-R0915,915,916,968,WATER,-0.14991842,-0.14981437,-0.00010405,-0.00258986
CP01-R0915,915,916,968,SUPERPLASTICIZER,0.29222460,0.29210992,0.00011468,0.00122749
CP01-R0915,915,916,968,COARSE_AGGREGATE,0.01808621,0.01810513,-0.00001891,-0.00201356
CP01-R0915,915,916,968,FINE_AGGREGATE,0.02019035,0.02023329,-0.00004294,-0.00401239
CP01-R0915,915,916,968,AGE,0.11422207,0.11422875,-0.00000669,-0.00123199
CP01-R0600,600,601,969,INTERCEPT,-23.33121358,-23.25553793,-0.07567565,-0.00284650
CP01-R0600,600,601,969,CEMENT,0.11980433,0.11978244,0.00002190,0.00257933
CP01-R0600,600,601,969,SLAG,0.10386581,0.10382710,0.00003871,0.00381928
CP01-R0600,600,601,969,FLY_ASH,0.08793432,0.08789037,0.00004396,0.00349322
CP01-R0600,600,601,969,WATER,-0.14991842,-0.14999198,0.00007356,0.00183080
CP01-R0600,600,601,969,SUPERPLASTICIZER,0.29222460,0.29209931,0.00012528,0.00134098
CP01-R0600,600,601,969,COARSE_AGGREGATE,0.01808621,0.01805836,0.00002785,0.00296574
CP01-R0600,600,601,969,FINE_AGGREGATE,0.02019035,0.02016255,0.00002780,0.00259818
CP01-R0600,600,601,969,AGE,0.11422207,0.11420674,0.00001533,0.00282416
CP01-R0781,781,782,970,INTERCEPT,-23.33121358,-23.35413742,0.02292383,0.00086227
CP01-R0781,781,782,970,CEMENT,0.11980433,0.11982465,-0.00002031,-0.00239280
CP01-R0781,781,782,970,SLAG,0.10386581,0.10389133,-0.00002552,-0.00251785
CP01-R0781,781,782,970,FLY_ASH,0.08793432,0.08797200,-0.00003768,-0.00299438
CP01-R0781,781,782,970,WATER,-0.14991842,-0.14989138,-0.00002704,-0.00067297
CP01-R0781,781,782,970,SUPERPLASTICIZER,0.29222460,0.29217567,0.00004892,0.00052366
CP01-R0781,781,782,970,COARSE_AGGREGATE,0.01808621,0.01808300,0.00000321,0.00034199
CP01-R0781,781,782,970,FINE_AGGREGATE,0.02019035,0.02020424,-0.00001389,-0.00129820
CP01-R0781,781,782,970,AGE,0.11422207,0.11422928,-0.00000722,-0.00132966
CP01-R0431,431,432,971,INTERCEPT,-23.33121358,-23.26261759,-0.06859599,-0.00258020
CP01-R0431,431,432,971,CEMENT,0.11980433,0.11979408,0.00001025,0.00120790
CP01-R0431,431,432,971,SLAG,0.10386581,0.10385362,0.00001218,0.00120217
CP01-R0431,431,432,971,FLY_ASH,0.08793432,0.08791149,0.00002283,0.00181434
CP01-R0431,431,432,971,WATER,-0.14991842,-0.15000464,0.00008622,0.00214604
CP01-R0431,431,432,971,SUPERPLASTICIZER,0.29222460,0.29214415,0.00008044,0.00086105
CP01-R0431,431,432,971,COARSE_AGGREGATE,0.01808621,0.01806451,0.00002171,0.00231101
CP01-R0431,431,432,971,FINE_AGGREGATE,0.02019035,0.02015497,0.00003538,0.00330566
CP01-R0431,431,432,971,AGE,0.11422207,0.11422578,-0.00000371,-0.00068432
CP01-R0631,631,632,972,INTERCEPT,-23.33121358,-23.32555700,-0.00565658,-0.00021277
CP01-R0631,631,632,972,CEMENT,0.11980433,0.11981553,-0.00001120,-0.00131914
CP01-R0631,631,632,972,SLAG,0.10386581,0.10387931,-0.00001350,-0.00133191
CP01-R0631,631,632,972,FLY_ASH,0.08793432,0.08795834,-0.00002401,-0.00190842
CP01-R0631,631,632,972,WATER,-0.14991842,-0.14991983,0.00000141,0.00003518
CP01-R0631,631,632,972,SUPERPLASTICIZER,0.29222460,0.29219529,0.00002931,0.00031369
CP01-R0631,631,632,972,COARSE_AGGREGATE,0.01808621,0.01807543,0.00001078,0.00114823
CP01-R0631,631,632,972,FINE_AGGREGATE,0.02019035,0.02018892,0.00000143,0.00013371
CP01-R0631,631,632,972,AGE,0.11422207,0.11422745,-0.00000538,-0.00099085
CP01-R0429,429,430,973,INTERCEPT,-23.33121358,-23.23642811,-0.09478547,-0.00356531
CP01-R0429,429,430,973,CEMENT,0.11980433,0.11978032,0.00002401,0.00282861
CP01-R0429,429,430,973,SLAG,0.10386581,0.10384315,0.00002266,0.00223568
CP01-R0429,429,430,973,FLY_ASH,0.08793432,0.08789585,0.00003847,0.00305742
CP01-R0429,429,430,973,WATER,-0.14991842,-0.15007264,0.00015422,0.00383843
CP01-R0429,429,430,973,SUPERPLASTICIZER,0.29222460,0.29214033,0.00008427,0.00090200
CP01-R0429,429,430,973,COARSE_AGGREGATE,0.01808621,0.01806107,0.00002514,0.00267702
CP01-R0429,429,430,973,FINE_AGGREGATE,0.02019035,0.02014857,0.00004178,0.00390439
CP01-R0429,429,430,973,AGE,0.11422207,0.11422841,-0.00000635,-0.00116932
CP01-R0483,483,484,974,INTERCEPT,-23.33121358,-23.29226124,-0.03895235,-0.00146517
CP01-R0483,483,484,974,CEMENT,0.11980433,0.11980857,-0.00000424,-0.00049908
CP01-R0483,483,484,974,SLAG,0.10386581,0.10385701,0.00000879,0.00086764
CP01-R0483,483,484,974,FLY_ASH,0.08793432,0.08793509,-0.00000077,-0.00006135
CP01-R0483,483,484,974,WATER,-0.14991842,-0.14999406,0.00007564,0.00188266
CP01-R0483,483,484,974,SUPERPLASTICIZER,0.29222460,0.29217985,0.00004475,0.00047899
CP01-R0483,483,484,974,COARSE_AGGREGATE,0.01808621,0.01807525,0.00001096,0.00116725
CP01-R0483,483,484,974,FINE_AGGREGATE,0.02019035,0.02017190,0.00001845,0.00172399
CP01-R0483,483,484,974,AGE,0.11422207,0.11422561,-0.00000354,-0.00065234
CP01-R0641,641,642,975,INTERCEPT,-23.33121358,-23.30459790,-0.02661569,-0.00100114
CP01-R0641,641,642,975,CEMENT,0.11980433,0.11980409,0.00000024,0.00002860
CP01-R0641,641,642,975,SLAG,0.10386581,0.10385102,0.00001479,0.00145919
CP01-R0641,641,642,975,FLY_ASH,0.08793432,0.08791915,0.00001517,0.00120594
CP01-R0641,641,642,975,WATER,-0.14991842,-0.14995959,0.00004117,0.00102482
CP01-R0641,641,642,975,SUPERPLASTICIZER,0.29222460,0.29205313,0.00017147,0.00183535
CP01-R0641,641,642,975,COARSE_AGGREGATE,0.01808621,0.01808034,0.00000587,0.00062536
CP01-R0641,641,642,975,FINE_AGGREGATE,0.02019035,0.02017867,0.00001168,0.00109165
CP01-R0641,641,642,975,AGE,0.11422207,0.11420971,0.00001236,0.00227725
CP01-R0923,923,924,976,INTERCEPT,-23.33121358,-23.39392735,0.06271376,0.00235895
CP01-R0923,923,924,976,CEMENT,0.11980433,0.11981891,-0.00001458,-0.00171713
CP01-R0923,923,924,976,SLAG,0.10386581,0.10388027,-0.00001446,-0.00142697
CP01-R0923,923,924,976,FLY_ASH,0.08793432,0.08794398,-0.00000966,-0.00076770
CP01-R0923,923,924,976,WATER,-0.14991842,-0.14985738,-0.00006104,-0.00151932
CP01-R0923,923,924,976,SUPERPLASTICIZER,0.29222460,0.29233891,-0.00011431,-0.00122358
CP01-R0923,923,924,976,COARSE_AGGREGATE,0.01808621,0.01811280,-0.00002659,-0.00283086
CP01-R0923,923,924,976,FINE_AGGREGATE,0.02019035,0.02021353,-0.00002318,-0.00216597
CP01-R0923,923,924,976,AGE,0.11422207,0.11422855,-0.00000648,-0.00119468
CP01-R0479,479,480,977,INTERCEPT,-23.33121358,-23.36910085,0.03788726,0.00142511
CP01-R0479,479,480,977,CEMENT,0.11980433,0.11980136,0.00000298,0.00035093
CP01-R0479,479,480,977,SLAG,0.10386581,0.10387583,-0.00001002,-0.00098894
CP01-R0479,479,480,977,FLY_ASH,0.08793432,0.08793619,-0.00000187,-0.00014857
CP01-R0479,479,480,977,WATER,-0.14991842,-0.14985313,-0.00006528,-0.00162491
CP01-R0479,479,480,977,SUPERPLASTICIZER,0.29222460,0.29226011,-0.00003551,-0.00038014
CP01-R0479,479,480,977,COARSE_AGGREGATE,0.01808621,0.01809704,-0.00001082,-0.00115225
CP01-R0479,479,480,977,FINE_AGGREGATE,0.02019035,0.02020885,-0.00001850,-0.00172892
CP01-R0479,479,480,977,AGE,0.11422207,0.11422824,-0.00000617,-0.00113719
CP01-R0192,192,193,978,INTERCEPT,-23.33121358,-23.25078340,-0.08043019,-0.00302534
CP01-R0192,192,193,978,CEMENT,0.11980433,0.11978597,0.00001836,0.00216302
CP01-R0192,192,193,978,SLAG,0.10386581,0.10384816,0.00001765,0.00174098
CP01-R0192,192,193,978,FLY_ASH,0.08793432,0.08790381,0.00003051,0.00242444
CP01-R0192,192,193,978,WATER,-0.14991842,-0.15005717,0.00013875,0.00345338
CP01-R0192,192,193,978,SUPERPLASTICIZER,0.29222460,0.29212839,0.00009621,0.00102981
CP01-R0192,192,193,978,COARSE_AGGREGATE,0.01808621,0.01806510,0.00002112,0.00224854
CP01-R0192,192,193,978,FINE_AGGREGATE,0.02019035,0.02015575,0.00003460,0.00323309
CP01-R0192,192,193,978,AGE,0.11422207,0.11422580,-0.00000373,-0.00068815
CP01-R0212,212,213,979,INTERCEPT,-23.33121358,-23.26083553,-0.07037806,-0.00264723
CP01-R0212,212,213,979,CEMENT,0.11980433,0.11978969,0.00001464,0.00172487
CP01-R0212,212,213,979,SLAG,0.10386581,0.10385199,0.00001382,0.00136314
CP01-R0212,212,213,979,FLY_ASH,0.08793432,0.08790453,0.00002980,0.00236784
CP01-R0212,212,213,979,WATER,-0.14991842,-0.15004077,0.00012235,0.00304517
CP01-R0212,212,213,979,SUPERPLASTICIZER,0.29222460,0.29210495,0.00011964,0.00128063
CP01-R0212,212,213,979,COARSE_AGGREGATE,0.01808621,0.01806068,0.00002554,0.00271922
CP01-R0212,212,213,979,FINE_AGGREGATE,0.02019035,0.02016877,0.00002158,0.00201614
CP01-R0212,212,213,979,AGE,0.11422207,0.11422646,-0.00000439,-0.00080847
CP01-R0196,196,197,980,INTERCEPT,-23.33121358,-23.28793216,-0.04328143,-0.00162801
CP01-R0196,196,197,980,CEMENT,0.11980433,0.11979820,0.00000613,0.00072253
CP01-R0196,196,197,980,SLAG,0.10386581,0.10385811,0.00000770,0.00075971
CP01-R0196,196,197,980,FLY_ASH,0.08793432,0.08791887,0.00001545,0.00122765
CP01-R0196,196,197,980,WATER,-0.14991842,-0.14996228,0.00004386,0.00109177
CP01-R0196,196,197,980,SUPERPLASTICIZER,0.29222460,0.29220121,0.00002338,0.00025030
CP01-R0196,196,197,980,COARSE_AGGREGATE,0.01808621,0.01807182,0.00001439,0.00153248
CP01-R0196,196,197,980,FINE_AGGREGATE,0.02019035,0.02016602,0.00002433,0.00227360
CP01-R0196,196,197,980,AGE,0.11422207,0.11422427,-0.00000220,-0.00040534
CP01-R0784,784,785,981,INTERCEPT,-23.33121358,-23.32429682,-0.00691677,-0.00026017
CP01-R0784,784,785,981,CEMENT,0.11980433,0.11980958,-0.00000524,-0.00061774
CP01-R0784,784,785,981,SLAG,0.10386581,0.10387656,-0.00001075,-0.00106105
CP01-R0784,784,785,981,FLY_ASH,0.08793432,0.08795078,-0.00001646,-0.00130832
CP01-R0784,784,785,981,WATER,-0.14991842,-0.14993133,0.00001291,0.00032133
CP01-R0784,784,785,981,SUPERPLASTICIZER,0.29222460,0.29218411,0.00004048,0.00043331
CP01-R0784,784,785,981,COARSE_AGGREGATE,0.01808621,0.01807675,0.00000946,0.00100771
CP01-R0784,784,785,981,FINE_AGGREGATE,0.02019035,0.02019196,-0.00000161,-0.00015012
CP01-R0784,784,785,981,AGE,0.11422207,0.11421780,0.00000426,0.00078560
CP01-R0421,421,422,982,INTERCEPT,-23.33121358,-23.29357986,-0.03763373,-0.00141557
CP01-R0421,421,422,982,CEMENT,0.11980433,0.11979488,0.00000946,0.00111423
CP01-R0421,421,422,982,SLAG,0.10386581,0.10384380,0.00002201,0.00217143
CP01-R0421,421,422,982,FLY_ASH,0.08793432,0.08790297,0.00003135,0.00249136
CP01-R0421,421,422,982,WATER,-0.14991842,-0.14995826,0.00003984,0.00099163
CP01-R0421,421,422,982,SUPERPLASTICIZER,0.29222460,0.29223332,-0.00000873,-0.00009341
CP01-R0421,421,422,982,COARSE_AGGREGATE,0.01808621,0.01806983,0.00001638,0.00174406
CP01-R0421,421,422,982,FINE_AGGREGATE,0.02019035,0.02017831,0.00001204,0.00112534
CP01-R0421,421,422,982,AGE,0.11422207,0.11422407,-0.00000200,-0.00036855
CP01-R0297,297,298,983,INTERCEPT,-23.33121358,-23.32270292,-0.00851067,-0.00032012
CP01-R0297,297,298,983,CEMENT,0.11980433,0.11981093,-0.00000659,-0.00077674
CP01-R0297,297,298,983,SLAG,0.10386581,0.10386772,-0.00000191,-0.00018880
CP01-R0297,297,298,983,FLY_ASH,0.08793432,0.08793284,0.00000148,0.00011757
CP01-R0297,297,298,983,WATER,-0.14991842,-0.14991369,-0.00000473,-0.00011771
CP01-R0297,297,298,983,SUPERPLASTICIZER,0.29222460,0.29210163,0.00012296,0.00131615
CP01-R0297,297,298,983,COARSE_AGGREGATE,0.01808621,0.01807417,0.00001204,0.00128217
CP01-R0297,297,298,983,FINE_AGGREGATE,0.02019035,0.02019111,-0.00000076,-0.00007089
CP01-R0297,297,298,983,AGE,0.11422207,0.11422132,0.00000075,0.00013728
CP01-R0426,426,427,984,INTERCEPT,-23.33121358,-23.33953587,0.00832228,0.00031304
CP01-R0426,426,427,984,CEMENT,0.11980433,0.11980404,0.00000030,0.00003476
CP01-R0426,426,427,984,SLAG,0.10386581,0.10385930,0.00000650,0.00064170
CP01-R0426,426,427,984,FLY_ASH,0.08793432,0.08791256,0.00002176,0.00172926
CP01-R0426,426,427,984,WATER,-0.14991842,-0.14987848,-0.00003994,-0.00099406
CP01-R0426,426,427,984,SUPERPLASTICIZER,0.29222460,0.29237652,-0.00015192,-0.00162615
CP01-R0426,426,427,984,COARSE_AGGREGATE,0.01808621,0.01808596,0.00000025,0.00002704
CP01-R0426,426,427,984,FINE_AGGREGATE,0.02019035,0.02019228,-0.00000193,-0.00018030
CP01-R0426,426,427,984,AGE,0.11422207,0.11422252,-0.00000045,-0.00008281
CP01-R0302,302,303,985,INTERCEPT,-23.33121358,-23.37921915,0.04800557,0.00180570
CP01-R0302,302,303,985,CEMENT,0.11980433,0.11981936,-0.00001502,-0.00176981
CP01-R0302,302,303,985,SLAG,0.10386581,0.10387722,-0.00001142,-0.00112622
CP01-R0302,302,303,985,FLY_ASH,0.08793432,0.08795771,-0.00002339,-0.00185897
CP01-R0302,302,303,985,WATER,-0.14991842,-0.14986240,-0.00005602,-0.00139433
CP01-R0302,302,303,985,SUPERPLASTICIZER,0.29222460,0.29226562,-0.00004102,-0.00043908
CP01-R0302,302,303,985,COARSE_AGGREGATE,0.01808621,0.01809904,-0.00001283,-0.00136578
CP01-R0302,302,303,985,FINE_AGGREGATE,0.02019035,0.02021561,-0.00002526,-0.00236007
CP01-R0302,302,303,985,AGE,0.11422207,0.11422159,0.00000048,0.00008838
CP01-R0301,301,302,986,INTERCEPT,-23.33121358,-23.28482952,-0.04638407,-0.00174471
CP01-R0301,301,302,986,CEMENT,0.11980433,0.11978989,0.00001445,0.00170208
CP01-R0301,301,302,986,SLAG,0.10386581,0.10385522,0.00001059,0.00104438
CP01-R0301,301,302,986,FLY_ASH,0.08793432,0.08791218,0.00002214,0.00175924
CP01-R0301,301,302,986,WATER,-0.14991842,-0.14997457,0.00005616,0.00139769
CP01-R0301,301,302,986,SUPERPLASTICIZER,0.29222460,0.29218269,0.00004190,0.00044850
CP01-R0301,301,302,986,COARSE_AGGREGATE,0.01808621,0.01807388,0.00001234,0.00131343
CP01-R0301,301,302,986,FINE_AGGREGATE,0.02019035,0.02016608,0.00002427,0.00226763
CP01-R0301,301,302,986,AGE,0.11422207,0.11422543,-0.00000337,-0.00062023
CP01-R0986,986,987,987,INTERCEPT,-23.33121358,-23.38068134,0.04946776,0.00186070
CP01-R0986,986,987,987,CEMENT,0.11980433,0.11981662,-0.00001228,-0.00144664
CP01-R0986,986,987,987,SLAG,0.10386581,0.10387811,-0.00001230,-0.00121334
CP01-R0986,986,987,987,FLY_ASH,0.08793432,0.08794348,-0.00000916,-0.00072777
CP01-R0986,986,987,987,WATER,-0.14991842,-0.14987333,-0.00004508,-0.00112216
CP01-R0986,986,987,987,SUPERPLASTICIZER,0.29222460,0.29228513,-0.00006053,-0.00064792
CP01-R0986,986,987,987,COARSE_AGGREGATE,0.01808621,0.01810710,-0.00002089,-0.00222406
CP01-R0986,986,987,987,FINE_AGGREGATE,0.02019035,0.02020919,-0.00001884,-0.00176017
CP01-R0986,986,987,987,AGE,0.11422207,0.11422731,-0.00000524,-0.00096576
CP01-R0822,822,823,988,INTERCEPT,-23.33121358,-23.33346164,0.00224805,0.00008456
CP01-R0822,822,823,988,CEMENT,0.11980433,0.11980800,-0.00000366,-0.00043142
CP01-R0822,822,823,988,SLAG,0.10386581,0.10387816,-0.00001235,-0.00121889
CP01-R0822,822,823,988,FLY_ASH,0.08793432,0.08794912,-0.00001480,-0.00117632
CP01-R0822,822,823,988,WATER,-0.14991842,-0.14994419,0.00002578,0.00064154
CP01-R0822,822,823,988,SUPERPLASTICIZER,0.29222460,0.29222045,0.00000415,0.00004439
CP01-R0822,822,823,988,COARSE_AGGREGATE,0.01808621,0.01808935,-0.00000313,-0.00033363
CP01-R0822,822,823,988,FINE_AGGREGATE,0.02019035,0.02019054,-0.00000019,-0.00001800
CP01-R0822,822,823,988,AGE,0.11422207,0.11423160,-0.00000953,-0.00175648
CP01-R0271,271,272,989,INTERCEPT,-23.33121358,-23.35912795,0.02791437,0.00104998
CP01-R0271,271,272,989,CEMENT,0.11980433,0.11980908,-0.00000474,-0.00055864
CP01-R0271,271,272,989,SLAG,0.10386581,0.10386931,-0.00000351,-0.00034585
CP01-R0271,271,272,989,FLY_ASH,0.08793432,0.08794997,-0.00001565,-0.00124349
CP01-R0271,271,272,989,WATER,-0.14991842,-0.14988454,-0.00003388,-0.00084335
CP01-R0271,271,272,989,SUPERPLASTICIZER,0.29222460,0.29225988,-0.00003528,-0.00037764
CP01-R0271,271,272,989,COARSE_AGGREGATE,0.01808621,0.01810078,-0.00001457,-0.00155100
CP01-R0271,271,272,989,FINE_AGGREGATE,0.02019035,0.02019779,-0.00000744,-0.00069549
CP01-R0271,271,272,989,AGE,0.11422207,0.11421798,0.00000408,0.00075242
CP01-R0423,423,424,990,INTERCEPT,-23.33121358,-23.36143411,0.03022052,0.00113673
CP01-R0423,423,424,990,CEMENT,0.11980433,0.11981214,-0.00000781,-0.00091980
CP01-R0423,423,424,990,SLAG,0.10386581,0.10388351,-0.00001770,-0.00174624
CP01-R0423,423,424,990,FLY_ASH,0.08793432,0.08795908,-0.00002475,-0.00196726
CP01-R0423,423,424,990,WATER,-0.14991842,-0.14988680,-0.00003162,-0.00078707
CP01-R0423,423,424,990,SUPERPLASTICIZER,0.29222460,0.29221187,0.00001272,0.00013621
CP01-R0423,423,424,990,COARSE_AGGREGATE,0.01808621,0.01809928,-0.00001306,-0.00139063
CP01-R0423,423,424,990,FINE_AGGREGATE,0.02019035,0.02020021,-0.00000985,-0.00092080
CP01-R0423,423,424,990,AGE,0.11422207,0.11422044,0.00000163,0.00029988
CP01-R0907,907,908,991,INTERCEPT,-23.33121358,-23.38467787,0.05346429,0.00201103
CP01-R0907,907,908,991,CEMENT,0.11980433,0.11981729,-0.00001296,-0.00152651
CP01-R0907,907,908,991,SLAG,0.10386581,0.10387878,-0.00001297,-0.00127981
CP01-R0907,907,908,991,FLY_ASH,0.08793432,0.08794671,-0.00001239,-0.00098431
CP01-R0907,907,908,991,WATER,-0.14991842,-0.14985492,-0.00006350,-0.00158043
CP01-R0907,907,908,991,SUPERPLASTICIZER,0.29222460,0.29223763,-0.00001304,-0.00013953
CP01-R0907,907,908,991,COARSE_AGGREGATE,0.01808621,0.01810636,-0.00002015,-0.00214525
CP01-R0907,907,908,991,FINE_AGGREGATE,0.02019035,0.02021132,-0.00002097,-0.00195974
CP01-R0907,907,908,991,AGE,0.11422207,0.11422441,-0.00000234,-0.00043128
CP01-R0943,943,944,992,INTERCEPT,-23.33121358,-23.35544403,0.02423044,0.00091142
CP01-R0943,943,944,992,CEMENT,0.11980433,0.11980820,-0.00000386,-0.00045489
CP01-R0943,943,944,992,SLAG,0.10386581,0.10386824,-0.00000243,-0.00023996
CP01-R0943,943,944,992,FLY_ASH,0.08793432,0.08794708,-0.00001275,-0.00101359
CP01-R0943,943,944,992,WATER,-0.14991842,-0.14988646,-0.00003196,-0.00079553
CP01-R0943,943,944,992,SUPERPLASTICIZER,0.29222460,0.29225720,-0.00003261,-0.00034905
CP01-R0943,943,944,992,COARSE_AGGREGATE,0.01808621,0.01810013,-0.00001392,-0.00148167
CP01-R0943,943,944,992,FINE_AGGREGATE,0.02019035,0.02019303,-0.00000268,-0.00025018
CP01-R0943,943,944,992,AGE,0.11422207,0.11422432,-0.00000225,-0.00041521
CP01-R0910,910,911,993,INTERCEPT,-23.33121358,-23.35582657,0.02461298,0.00092580
CP01-R0910,910,911,993,CEMENT,0.11980433,0.11981817,-0.00001384,-0.00162994
CP01-R0910,910,911,993,SLAG,0.10386581,0.10387099,-0.00000518,-0.00051133
CP01-R0910,910,911,993,FLY_ASH,0.08793432,0.08795364,-0.00001932,-0.00153560
CP01-R0910,910,911,993,WATER,-0.14991842,-0.14988003,-0.00003839,-0.00095541
CP01-R0910,910,911,993,SUPERPLASTICIZER,0.29222460,0.29226201,-0.00003742,-0.00040049
CP01-R0910,910,911,993,COARSE_AGGREGATE,0.01808621,0.01809289,-0.00000667,-0.00071030
CP01-R0910,910,911,993,FINE_AGGREGATE,0.02019035,0.02019685,-0.00000650,-0.00060743
CP01-R0910,910,911,993,AGE,0.11422207,0.11422405,-0.00000198,-0.00036525
CP01-R0609,609,610,994,INTERCEPT,-23.33121358,-23.34789265,0.01667906,0.00062737
CP01-R0609,609,610,994,CEMENT,0.11980433,0.11981470,-0.00001037,-0.00122163
CP01-R0609,609,610,994,SLAG,0.10386581,0.10387953,-0.00001372,-0.00135390
CP01-R0609,609,610,994,FLY_ASH,0.08793432,0.08795247,-0.00001815,-0.00144258
CP01-R0609,609,610,994,WATER,-0.14991842,-0.14990282,-0.00001560,-0.00038835
CP01-R0609,609,610,994,SUPERPLASTICIZER,0.29222460,0.29225462,-0.00003003,-0.00032139
CP01-R0609,609,610,994,COARSE_AGGREGATE,0.01808621,0.01809413,-0.00000791,-0.00084257
CP01-R0609,609,610,994,FINE_AGGREGATE,0.02019035,0.02019134,-0.00000099,-0.00009249
CP01-R0609,609,610,994,AGE,0.11422207,0.11421890,0.00000317,0.00058327
CP01-R0207,207,208,995,INTERCEPT,-23.33121358,-23.36628671,0.03507312,0.00131926
CP01-R0207,207,208,995,CEMENT,0.11980433,0.11980981,-0.00000548,-0.00064503
CP01-R0207,207,208,995,SLAG,0.10386581,0.10387132,-0.00000551,-0.00054365
CP01-R0207,207,208,995,FLY_ASH,0.08793432,0.08795076,-0.00001644,-0.00130650
CP01-R0207,207,208,995,WATER,-0.14991842,-0.14986844,-0.00004998,-0.00124406
CP01-R0207,207,208,995,SUPERPLASTICIZER,0.29222460,0.29227548,-0.00005089,-0.00054471
CP01-R0207,207,208,995,COARSE_AGGREGATE,0.01808621,0.01810210,-0.00001589,-0.00169146
CP01-R0207,207,208,995,FINE_AGGREGATE,0.02019035,0.02020073,-0.00001038,-0.00097001
CP01-R0207,207,208,995,AGE,0.11422207,0.11422013,0.00000194,0.00035725
CP01-R0873,873,874,996,INTERCEPT,-23.33121358,-23.32950080,-0.00171278,-0.00006443
CP01-R0873,873,874,996,CEMENT,0.11980433,0.11980590,-0.00000156,-0.00018388
CP01-R0873,873,874,996,SLAG,0.10386581,0.10386765,-0.00000184,-0.00018134
CP01-R0873,873,874,996,FLY_ASH,0.08793432,0.08793427,0.00000005,0.00000389
CP01-R0873,873,874,996,WATER,-0.14991842,-0.14996191,0.00004349,0.00108242
CP01-R0873,873,874,996,SUPERPLASTICIZER,0.29222460,0.29210536,0.00011923,0.00127624
CP01-R0873,873,874,996,COARSE_AGGREGATE,0.01808621,0.01809180,-0.00000559,-0.00059506
CP01-R0873,873,874,996,FINE_AGGREGATE,0.02019035,0.02019062,-0.00000027,-0.00002483
CP01-R0873,873,874,996,AGE,0.11422207,0.11422624,-0.00000417,-0.00076784
CP01-R0759,759,760,997,INTERCEPT,-23.33121358,-23.32356847,-0.00764512,-0.00028757
CP01-R0759,759,760,997,CEMENT,0.11980433,0.11980156,0.00000278,0.00032730
CP01-R0759,759,760,997,SLAG,0.10386581,0.10385449,0.00001132,0.00111646
CP01-R0759,759,760,997,FLY_ASH,0.08793432,0.08792173,0.00001259,0.00100033
CP01-R0759,759,760,997,WATER,-0.14991842,-0.14990561,-0.00001281,-0.00031875
CP01-R0759,759,760,997,SUPERPLASTICIZER,0.29222460,0.29221066,0.00001394,0.00014921
CP01-R0759,759,760,997,COARSE_AGGREGATE,0.01808621,0.01808195,0.00000427,0.00045417
CP01-R0759,759,760,997,FINE_AGGREGATE,0.02019035,0.02018703,0.00000332,0.00031032
CP01-R0759,759,760,997,AGE,0.11422207,0.11421379,0.00000828,0.00152483
CP01-R0519,519,520,998,INTERCEPT,-23.33121358,-23.37672120,0.04550762,0.00171175
CP01-R0519,519,520,998,CEMENT,0.11980433,0.11981751,-0.00001318,-0.00155218
CP01-R0519,519,520,998,SLAG,0.10386581,0.10388011,-0.00001430,-0.00141084
CP01-R0519,519,520,998,FLY_ASH,0.08793432,0.08796296,-0.00002864,-0.00227625
CP01-R0519,519,520,998,WATER,-0.14991842,-0.14984381,-0.00007461,-0.00185694
CP01-R0519,519,520,998,SUPERPLASTICIZER,0.29222460,0.29218950,0.00003510,0.00037565
CP01-R0519,519,520,998,COARSE_AGGREGATE,0.01808621,0.01809760,-0.00001139,-0.00121268
CP01-R0519,519,520,998,FINE_AGGREGATE,0.02019035,0.02020990,-0.00001955,-0.00182641
CP01-R0519,519,520,998,AGE,0.11422207,0.11422286,-0.00000080,-0.00014665
CP01-R0973,973,974,999,INTERCEPT,-23.33121358,-23.35356149,0.02234790,0.00084060
CP01-R0973,973,974,999,CEMENT,0.11980433,0.11981728,-0.00001294,-0.00152477
CP01-R0973,973,974,999,SLAG,0.10386581,0.10387100,-0.00000519,-0.00051253
CP01-R0973,973,974,999,FLY_ASH,0.08793432,0.08795263,-0.00001831,-0.00145530
CP01-R0973,973,974,999,WATER,-0.14991842,-0.14988499,-0.00003343,-0.00083196
CP01-R0973,973,974,999,SUPERPLASTICIZER,0.29222460,0.29224522,-0.00002063,-0.00022079
CP01-R0973,973,974,999,COARSE_AGGREGATE,0.01808621,0.01809221,-0.00000600,-0.00063861
CP01-R0973,973,974,999,FINE_AGGREGATE,0.02019035,0.02019653,-0.00000618,-0.00057746
CP01-R0973,973,974,999,AGE,0.11422207,0.11422391,-0.00000184,-0.00033855
CP01-R1030,1030,1031,1000,INTERCEPT,-23.33121358,-23.33098399,-0.00022960,-0.00000864
CP01-R1030,1030,1031,1000,CEMENT,0.11980433,0.11980567,-0.00000134,-0.00015737
CP01-R1030,1030,1031,1000,SLAG,0.10386581,0.10386733,-0.00000152,-0.00014988
CP01-R1030,1030,1031,1000,FLY_ASH,0.08793432,0.08793372,0.00000060,0.00004801
CP01-R1030,1030,1031,1000,WATER,-0.14991842,-0.14995535,0.00003693,0.00091911
CP01-R1030,1030,1031,1000,SUPERPLASTICIZER,0.29222460,0.29213087,0.00009372,0.00100318
CP01-R1030,1030,1031,1000,COARSE_AGGREGATE,0.01808621,0.01809200,-0.00000578,-0.00061546
CP01-R1030,1030,1031,1000,FINE_AGGREGATE,0.02019035,0.02019075,-0.00000040,-0.00003772
CP01-R1030,1030,1031,1000,AGE,0.11422207,0.11422591,-0.00000384,-0.00070846
CP01-R0768,768,769,1001,INTERCEPT,-23.33121358,-23.38745598,0.05624239,0.00211553
CP01-R0768,768,769,1001,CEMENT,0.11980433,0.11981646,-0.00001213,-0.00142845
CP01-R0768,768,769,1001,SLAG,0.10386581,0.10388659,-0.00002078,-0.00205047
CP01-R0768,768,769,1001,FLY_ASH,0.08793432,0.08795668,-0.00002235,-0.00177645
CP01-R0768,768,769,1001,WATER,-0.14991842,-0.14983954,-0.00007888,-0.00196334
CP01-R0768,768,769,1001,SUPERPLASTICIZER,0.29222460,0.29236489,-0.00014030,-0.00150173
CP01-R0768,768,769,1001,COARSE_AGGREGATE,0.01808621,0.01810564,-0.00001943,-0.00206858
CP01-R0768,768,769,1001,FINE_AGGREGATE,0.02019035,0.02021033,-0.00001998,-0.00186683
CP01-R0768,768,769,1001,AGE,0.11422207,0.11422595,-0.00000388,-0.00071511
CP01-R0351,351,352,1002,INTERCEPT,-23.33121358,-23.32430206,-0.00691152,-0.00025997
CP01-R0351,351,352,1002,CEMENT,0.11980433,0.11980173,0.00000261,0.00030735
CP01-R0351,351,352,1002,SLAG,0.10386581,0.10386246,0.00000334,0.00032999
CP01-R0351,351,352,1002,FLY_ASH,0.08793432,0.08794076,-0.00000643,-0.00051133
CP01-R0351,351,352,1002,WATER,-0.14991842,-0.14994101,0.00002259,0.00056220
CP01-R0351,351,352,1002,SUPERPLASTICIZER,0.29222460,0.29223029,-0.00000569,-0.00006093
CP01-R0351,351,352,1002,COARSE_AGGREGATE,0.01808621,0.01808804,-0.00000183,-0.00019454
CP01-R0351,351,352,1002,FINE_AGGREGATE,0.02019035,0.02018573,0.00000462,0.00043214
CP01-R0351,351,352,1002,AGE,0.11422207,0.11422147,0.00000060,0.00011006
CP01-R0242,242,243,1003,INTERCEPT,-23.33121358,-23.29422051,-0.03699308,-0.00139148
CP01-R0242,242,243,1003,CEMENT,0.11980433,0.11979766,0.00000668,0.00078681
CP01-R0242,242,243,1003,SLAG,0.10386581,0.10385969,0.00000611,0.00060328
CP01-R0242,242,243,1003,FLY_ASH,0.08793432,0.08792091,0.00001341,0.00106574
CP01-R0242,242,243,1003,WATER,-0.14991842,-0.14998640,0.00006798,0.00169191
CP01-R0242,242,243,1003,SUPERPLASTICIZER,0.29222460,0.29212436,0.00010024,0.00107293
CP01-R0242,242,243,1003,COARSE_AGGREGATE,0.01808621,0.01807266,0.00001355,0.00144312
CP01-R0242,242,243,1003,FINE_AGGREGATE,0.02019035,0.02017971,0.00001065,0.00099476
CP01-R0242,242,243,1003,AGE,0.11422207,0.11422442,-0.00000235,-0.00043300
CP01-R0970,970,971,1004,INTERCEPT,-23.33121358,-23.36622909,0.03501551,0.00131709
CP01-R0970,970,971,1004,CEMENT,0.11980433,0.11981307,-0.00000873,-0.00102895
CP01-R0970,970,971,1004,SLAG,0.10386581,0.10387454,-0.00000873,-0.00086160
CP01-R0970,970,971,1004,FLY_ASH,0.08793432,0.08794284,-0.00000852,-0.00067685
CP01-R0970,970,971,1004,WATER,-0.14991842,-0.14987822,-0.00004020,-0.00100057
CP01-R0970,970,971,1004,SUPERPLASTICIZER,0.29222460,0.29222068,0.00000391,0.00004190
CP01-R0970,970,971,1004,COARSE_AGGREGATE,0.01808621,0.01809941,-0.00001320,-0.00140520
CP01-R0970,970,971,1004,FINE_AGGREGATE,0.02019035,0.02020435,-0.00001400,-0.00130785
CP01-R0970,970,971,1004,AGE,0.11422207,0.11422366,-0.00000159,-0.00029335
CP01-R0762,762,763,1005,INTERCEPT,-23.33121358,-23.32744237,-0.00377121,-0.00014185
CP01-R0762,762,763,1005,CEMENT,0.11980433,0.11980305,0.00000128,0.00015123
CP01-R0762,762,763,1005,SLAG,0.10386581,0.10385921,0.00000659,0.00065065
CP01-R0762,762,763,1005,FLY_ASH,0.08793432,0.08792730,0.00000702,0.00055816
CP01-R0762,762,763,1005,WATER,-0.14991842,-0.14991240,-0.00000602,-0.00014978
CP01-R0762,762,763,1005,SUPERPLASTICIZER,0.29222460,0.29221017,0.00001442,0.00015435
CP01-R0762,762,763,1005,COARSE_AGGREGATE,0.01808621,0.01808376,0.00000246,0.00026179
CP01-R0762,762,763,1005,FINE_AGGREGATE,0.02019035,0.02018922,0.00000113,0.00010529
CP01-R0762,762,763,1005,AGE,0.11422207,0.11422359,-0.00000152,-0.00028070
CP01-R0125,125,126,1006,INTERCEPT,-23.33121358,-23.31847717,-0.01273641,-0.00047907
CP01-R0125,125,126,1006,CEMENT,0.11980433,0.11979777,0.00000656,0.00077315
CP01-R0125,125,126,1006,SLAG,0.10386581,0.10385931,0.00000650,0.00064082
CP01-R0125,125,126,1006,FLY_ASH,0.08793432,0.08793037,0.00000396,0.00031437
CP01-R0125,125,126,1006,WATER,-0.14991842,-0.14992742,0.00000900,0.00022392
CP01-R0125,125,126,1006,SUPERPLASTICIZER,0.29222460,0.29222385,0.00000074,0.00000795
CP01-R0125,125,126,1006,COARSE_AGGREGATE,0.01808621,0.01808527,0.00000094,0.00010017
CP01-R0125,125,126,1006,FINE_AGGREGATE,0.02019035,0.02018020,0.00001015,0.00094827
CP01-R0125,125,126,1006,AGE,0.11422207,0.11422175,0.00000032,0.00005931
CP01-R0217,217,218,1007,INTERCEPT,-23.33121358,-23.32511640,-0.00609719,-0.00022934
CP01-R0217,217,218,1007,CEMENT,0.11980433,0.11980668,-0.00000235,-0.00027639
CP01-R0217,217,218,1007,SLAG,0.10386581,0.10386790,-0.00000209,-0.00020655
CP01-R0217,217,218,1007,FLY_ASH,0.08793432,0.08793361,0.00000071,0.00005642
CP01-R0217,217,218,1007,WATER,-0.14991842,-0.14992250,0.00000408,0.00010145
CP01-R0217,217,218,1007,SUPERPLASTICIZER,0.29222460,0.29216464,0.00005995,0.00064174
CP01-R0217,217,218,1007,COARSE_AGGREGATE,0.01808621,0.01808033,0.00000589,0.00062709
CP01-R0217,217,218,1007,FINE_AGGREGATE,0.02019035,0.02018994,0.00000041,0.00003856
CP01-R0217,217,218,1007,AGE,0.11422207,0.11422220,-0.00000013,-0.00002478
CP01-R0241,241,242,1008,INTERCEPT,-23.33121358,-23.35943197,0.02821839,0.00106142
CP01-R0241,241,242,1008,CEMENT,0.11980433,0.11980937,-0.00000504,-0.00059359
CP01-R0241,241,242,1008,SLAG,0.10386581,0.10387030,-0.00000449,-0.00044281
CP01-R0241,241,242,1008,FLY_ASH,0.08793432,0.08794435,-0.00001003,-0.00079736
CP01-R0241,241,242,1008,WATER,-0.14991842,-0.14986568,-0.00005274,-0.00131265
CP01-R0241,241,242,1008,SUPERPLASTICIZER,0.29222460,0.29230231,-0.00007772,-0.00083188
CP01-R0241,241,242,1008,COARSE_AGGREGATE,0.01808621,0.01809656,-0.00001034,-0.00110113
CP01-R0241,241,242,1008,FINE_AGGREGATE,0.02019035,0.02019837,-0.00000801,-0.00074891
CP01-R0241,241,242,1008,AGE,0.11422207,0.11421923,0.00000284,0.00052385
CP01-R0862,862,863,1009,INTERCEPT,-23.33121358,-23.35215430,0.02094071,0.00078767
CP01-R0862,862,863,1009,CEMENT,0.11980433,0.11980842,-0.00000409,-0.00048125
CP01-R0862,862,863,1009,SLAG,0.10386581,0.10387458,-0.00000878,-0.00086575
CP01-R0862,862,863,1009,FLY_ASH,0.08793432,0.08793729,-0.00000297,-0.00023565
CP01-R0862,862,863,1009,WATER,-0.14991842,-0.14990101,-0.00001741,-0.00043337
CP01-R0862,862,863,1009,SUPERPLASTICIZER,0.29222460,0.29222167,0.00000292,0.00003126
CP01-R0862,862,863,1009,COARSE_AGGREGATE,0.01808621,0.01809624,-0.00001003,-0.00106741
CP01-R0862,862,863,1009,FINE_AGGREGATE,0.02019035,0.02019780,-0.00000745,-0.00069573
CP01-R0862,862,863,1009,AGE,0.11422207,0.11422349,-0.00000142,-0.00026203
CP01-R0319,319,320,1010,INTERCEPT,-23.33121358,-23.32781125,-0.00340233,-0.00012798
CP01-R0319,319,320,1010,CEMENT,0.11980433,0.11980411,0.00000022,0.00002637
CP01-R0319,319,320,1010,SLAG,0.10386581,0.10386561,0.00000020,0.00001955
CP01-R0319,319,320,1010,FLY_ASH,0.08793432,0.08793234,0.00000198,0.00015734
CP01-R0319,319,320,1010,WATER,-0.14991842,-0.14990739,-0.00001103,-0.00027446
CP01-R0319,319,320,1010,SUPERPLASTICIZER,0.29222460,0.29221173,0.00001287,0.00013776
CP01-R0319,319,320,1010,COARSE_AGGREGATE,0.01808621,0.01808429,0.00000192,0.00020465
CP01-R0319,319,320,1010,FINE_AGGREGATE,0.02019035,0.02018615,0.00000420,0.00039265
CP01-R0319,319,320,1010,AGE,0.11422207,0.11421640,0.00000567,0.00104407
CP01-R0953,953,954,1011,INTERCEPT,-23.33121358,-23.34156559,0.01035201,0.00038939
CP01-R0953,953,954,1011,CEMENT,0.11980433,0.11980522,-0.00000088,-0.00010390
CP01-R0953,953,954,1011,SLAG,0.10386581,0.10386632,-0.00000051,-0.00005052
CP01-R0953,953,954,1011,FLY_ASH,0.08793432,0.08793195,0.00000237,0.00018853
CP01-R0953,953,954,1011,WATER,-0.14991842,-0.14991148,-0.00000694,-0.00017274
CP01-R0953,953,954,1011,SUPERPLASTICIZER,0.29222460,0.29227042,-0.00004583,-0.00049052
CP01-R0953,953,954,1011,COARSE_AGGREGATE,0.01808621,0.01809192,-0.00000571,-0.00060759
CP01-R0953,953,954,1011,FINE_AGGREGATE,0.02019035,0.02019391,-0.00000356,-0.00033234
CP01-R0953,953,954,1011,AGE,0.11422207,0.11422372,-0.00000165,-0.00030447
CP01-R0842,842,843,1012,INTERCEPT,-23.33121358,-23.32182703,-0.00938655,-0.00035307
CP01-R0842,842,843,1012,CEMENT,0.11980433,0.11979991,0.00000442,0.00052068
CP01-R0842,842,843,1012,SLAG,0.10386581,0.10385799,0.00000782,0.00077131
CP01-R0842,842,843,1012,FLY_ASH,0.08793432,0.08792835,0.00000597,0.00047457
CP01-R0842,842,843,1012,WATER,-0.14991842,-0.14991359,-0.00000483,-0.00012016
CP01-R0842,842,843,1012,SUPERPLASTICIZER,0.29222460,0.29229780,-0.00007320,-0.00078355
CP01-R0842,842,843,1012,COARSE_AGGREGATE,0.01808621,0.01808309,0.00000312,0.00033250
CP01-R0842,842,843,1012,FINE_AGGREGATE,0.02019035,0.02018357,0.00000678,0.00063342
CP01-R0842,842,843,1012,AGE,0.11422207,0.11421993,0.00000214,0.00039384
CP01-R1019,1019,1020,1013,INTERCEPT,-23.33121358,-23.34319759,0.01198400,0.00045077
CP01-R1019,1019,1020,1013,CEMENT,0.11980433,0.11980675,-0.00000242,-0.00028475
CP01-R1019,1019,1020,1013,SLAG,0.10386581,0.10387121,-0.00000540,-0.00053251
CP01-R1019,1019,1020,1013,FLY_ASH,0.08793432,0.08793609,-0.00000177,-0.00014053
CP01-R1019,1019,1020,1013,WATER,-0.14991842,-0.14991011,-0.00000831,-0.00020671
CP01-R1019,1019,1020,1013,SUPERPLASTICIZER,0.29222460,0.29221419,0.00001041,0.00011141
CP01-R1019,1019,1020,1013,COARSE_AGGREGATE,0.01808621,0.01809215,-0.00000593,-0.00063143
CP01-R1019,1019,1020,1013,FINE_AGGREGATE,0.02019035,0.02019473,-0.00000438,-0.00040905
CP01-R1019,1019,1020,1013,AGE,0.11422207,0.11422300,-0.00000094,-0.00017258
CP01-R0840,840,841,1014,INTERCEPT,-23.33121358,-23.33190099,0.00068741,0.00002586
CP01-R0840,840,841,1014,CEMENT,0.11980433,0.11980752,-0.00000318,-0.00037511
CP01-R0840,840,841,1014,SLAG,0.10386581,0.10386581,0.00000000,-0.00000044
CP01-R0840,840,841,1014,FLY_ASH,0.08793432,0.08793922,-0.00000490,-0.00038906
CP01-R0840,840,841,1014,WATER,-0.14991842,-0.14992528,0.00000686,0.00017078
CP01-R0840,840,841,1014,SUPERPLASTICIZER,0.29222460,0.29217583,0.00004877,0.00052199
CP01-R0840,840,841,1014,COARSE_AGGREGATE,0.01808621,0.01808519,0.00000102,0.00010906
CP01-R0840,840,841,1014,FINE_AGGREGATE,0.02019035,0.02019279,-0.00000244,-0.00022762
CP01-R0840,840,841,1014,AGE,0.11422207,0.11422323,-0.00000116,-0.00021404
CP01-R0997,997,998,1015,INTERCEPT,-23.33121358,-23.33185105,0.00063746,0.00002398
CP01-R0997,997,998,1015,CEMENT,0.11980433,0.11980754,-0.00000320,-0.00037736
CP01-R0997,997,998,1015,SLAG,0.10386581,0.10386592,-0.00000011,-0.00001065
CP01-R0997,997,998,1015,FLY_ASH,0.08793432,0.08793929,-0.00000497,-0.00039471
CP01-R0997,997,998,1015,WATER,-0.14991842,-0.14992553,0.00000711,0.00017706
CP01-R0997,997,998,1015,SUPERPLASTICIZER,0.29222460,0.29217371,0.00005089,0.00054472
CP01-R0997,997,998,1015,COARSE_AGGREGATE,0.01808621,0.01808519,0.00000103,0.00010932
CP01-R0997,997,998,1015,FINE_AGGREGATE,0.02019035,0.02019278,-0.00000243,-0.00022739
CP01-R0997,997,998,1015,AGE,0.11422207,0.11422322,-0.00000115,-0.00021157
CP01-R0197,197,198,1016,INTERCEPT,-23.33121358,-23.34172668,0.01051310,0.00039544
CP01-R0197,197,198,1016,CEMENT,0.11980433,0.11980586,-0.00000153,-0.00018028
CP01-R0197,197,198,1016,SLAG,0.10386581,0.10386779,-0.00000198,-0.00019515
CP01-R0197,197,198,1016,FLY_ASH,0.08793432,0.08793820,-0.00000388,-0.00030795
CP01-R0197,197,198,1016,WATER,-0.14991842,-0.14990819,-0.00001023,-0.00025455
CP01-R0197,197,198,1016,SUPERPLASTICIZER,0.29222460,0.29222982,-0.00000522,-0.00005591
CP01-R0197,197,198,1016,COARSE_AGGREGATE,0.01808621,0.01808971,-0.00000350,-0.00037258
CP01-R0197,197,198,1016,FINE_AGGREGATE,0.02019035,0.02019629,-0.00000593,-0.00055458
CP01-R0197,197,198,1016,AGE,0.11422207,0.11422218,-0.00000012,-0.00002148
CP01-R0562,562,563,1017,INTERCEPT,-23.33121358,-23.32469508,-0.00651850,-0.00024519
CP01-R0562,562,563,1017,CEMENT,0.11980433,0.11980380,0.00000053,0.00006283
CP01-R0562,562,563,1017,SLAG,0.10386581,0.10386252,0.00000329,0.00032493
CP01-R0562,562,563,1017,FLY_ASH,0.08793432,0.08793082,0.00000351,0.00027857
CP01-R0562,562,563,1017,WATER,-0.14991842,-0.14992931,0.00001089,0.00027116
CP01-R0562,562,563,1017,SUPERPLASTICIZER,0.29222460,0.29219128,0.00003332,0.00035662
CP01-R0562,562,563,1017,COARSE_AGGREGATE,0.01808621,0.01808499,0.00000123,0.00013070
CP01-R0562,562,563,1017,FINE_AGGREGATE,0.02019035,0.02018733,0.00000302,0.00028193
CP01-R0562,562,563,1017,AGE,0.11422207,0.11422053,0.00000154,0.00028287
CP01-R0890,890,891,1018,INTERCEPT,-23.33121358,-23.33745244,0.00623885,0.00023467
CP01-R0890,890,891,1018,CEMENT,0.11980433,0.11980490,-0.00000056,-0.00006648
CP01-R0890,890,891,1018,SLAG,0.10386581,0.10386616,-0.00000035,-0.00003469
CP01-R0890,890,891,1018,FLY_ASH,0.08793432,0.08793304,0.00000128,0.00010175
CP01-R0890,890,891,1018,WATER,-0.14991842,-0.14991381,-0.00000461,-0.00011473
CP01-R0890,890,891,1018,SUPERPLASTICIZER,0.29222460,0.29225190,-0.00002730,-0.00029225
CP01-R0890,890,891,1018,COARSE_AGGREGATE,0.01808621,0.01808958,-0.00000337,-0.00035828
CP01-R0890,890,891,1018,FINE_AGGREGATE,0.02019035,0.02019248,-0.00000213,-0.00019881
CP01-R0890,890,891,1018,AGE,0.11422207,0.11422300,-0.00000093,-0.00017136
CP01-R0287,287,288,1019,INTERCEPT,-23.33121358,-23.33388515,0.00267156,0.00010049
CP01-R0287,287,288,1019,CEMENT,0.11980433,0.11980462,-0.00000029,-0.00003400
CP01-R0287,287,288,1019,SLAG,0.10386581,0.10386628,-0.00000047,-0.00004680
CP01-R0287,287,288,1019,FLY_ASH,0.08793432,0.08793773,-0.00000341,-0.00027093
CP01-R0287,287,288,1019,WATER,-0.14991842,-0.14991682,-0.00000160,-0.00003978
CP01-R0287,287,288,1019,SUPERPLASTICIZER,0.29222460,0.29222209,0.00000251,0.00002682
CP01-R0287,287,288,1019,COARSE_AGGREGATE,0.01808621,0.01808798,-0.00000177,-0.00018818
CP01-R0287,287,288,1019,FINE_AGGREGATE,0.02019035,0.02019097,-0.00000062,-0.00005786
CP01-R0287,287,288,1019,AGE,0.11422207,0.11422207,0.00000000,-0.00000030
CP01-R0999,999,1000,1020,INTERCEPT,-23.33121358,-23.32673259,-0.00448100,-0.00016855
CP01-R0999,999,1000,1020,CEMENT,0.11980433,0.11980228,0.00000206,0.00024223
CP01-R0999,999,1000,1020,SLAG,0.10386581,0.10386218,0.00000363,0.00035792
CP01-R0999,999,1000,1020,FLY_ASH,0.08793432,0.08793156,0.00000276,0.00021955
CP01-R0999,999,1000,1020,WATER,-0.14991842,-0.14991651,-0.00000191,-0.00004762
CP01-R0999,999,1000,1020,SUPERPLASTICIZER,0.29222460,0.29225716,-0.00003256,-0.00034854
CP01-R0999,999,1000,1020,COARSE_AGGREGATE,0.01808621,0.01808472,0.00000149,0.00015886
CP01-R0999,999,1000,1020,FINE_AGGREGATE,0.02019035,0.02018719,0.00000316,0.00029573
CP01-R0999,999,1000,1020,AGE,0.11422207,0.11422108,0.00000099,0.00018197
CP01-R0171,171,172,1021,INTERCEPT,-23.33121358,-23.33541445,0.00420086,0.00015801
CP01-R0171,171,172,1021,CEMENT,0.11980433,0.11980647,-0.00000214,-0.00025164
CP01-R0171,171,172,1021,SLAG,0.10386581,0.10386806,-0.00000225,-0.00022209
CP01-R0171,171,172,1021,FLY_ASH,0.08793432,0.08793587,-0.00000155,-0.00012301
CP01-R0171,171,172,1021,WATER,-0.14991842,-0.14991617,-0.00000225,-0.00005604
CP01-R0171,171,172,1021,SUPERPLASTICIZER,0.29222460,0.29222412,0.00000048,0.00000510
CP01-R0171,171,172,1021,COARSE_AGGREGATE,0.01808621,0.01808660,-0.00000039,-0.00004140
CP01-R0171,171,172,1021,FINE_AGGREGATE,0.02019035,0.02019368,-0.00000333,-0.00031098
CP01-R0171,171,172,1021,AGE,0.11422207,0.11422337,-0.00000131,-0.00024061
CP01-R0251,251,252,1022,INTERCEPT,-23.33121358,-23.32231118,-0.00890240,-0.00033486
CP01-R0251,251,252,1022,CEMENT,0.11980433,0.11980204,0.00000229,0.00027012
CP01-R0251,251,252,1022,SLAG,0.10386581,0.10386364,0.00000216,0.00021351
CP01-R0251,251,252,1022,FLY_ASH,0.08793432,0.08793059,0.00000373,0.00029623
CP01-R0251,251,252,1022,WATER,-0.14991842,-0.14993223,0.00001381,0.00034373
CP01-R0251,251,252,1022,SUPERPLASTICIZER,0.29222460,0.29221874,0.00000586,0.00006271
CP01-R0251,251,252,1022,COARSE_AGGREGATE,0.01808621,0.01808382,0.00000240,0.00025538
CP01-R0251,251,252,1022,FINE_AGGREGATE,0.02019035,0.02018632,0.00000404,0.00037709
CP01-R0251,251,252,1022,AGE,0.11422207,0.11422266,-0.00000059,-0.00010814
CP01-R0475,475,476,1023,INTERCEPT,-23.33121358,-23.33514451,0.00393092,0.00014786
CP01-R0475,475,476,1023,CEMENT,0.11980433,0.11980404,0.00000029,0.00003474
CP01-R0475,475,476,1023,SLAG,0.10386581,0.10386664,-0.00000083,-0.00008164
CP01-R0475,475,476,1023,FLY_ASH,0.08793432,0.08793428,0.00000004,0.00000318
CP01-R0475,475,476,1023,WATER,-0.14991842,-0.14991093,-0.00000749,-0.00018636
CP01-R0475,475,476,1023,SUPERPLASTICIZER,0.29222460,0.29223459,-0.00000999,-0.00010698
CP01-R0475,475,476,1023,COARSE_AGGREGATE,0.01808621,0.01808739,-0.00000117,-0.00012474
CP01-R0475,475,476,1023,FINE_AGGREGATE,0.02019035,0.02019206,-0.00000171,-0.00015996
CP01-R0475,475,476,1023,AGE,0.11422207,0.11422225,-0.00000018,-0.00003275
CP01-R0884,884,885,1024,INTERCEPT,-23.33121358,-23.33115713,-0.00005645,-0.00000212
CP01-R0884,884,885,1024,CEMENT,0.11980433,0.11980371,0.00000062,0.00007304
CP01-R0884,884,885,1024,SLAG,0.10386581,0.10386598,-0.00000017,-0.00001716
CP01-R0884,884,885,1024,FLY_ASH,0.08793432,0.08793321,0.00000111,0.00008819
CP01-R0884,884,885,1024,WATER,-0.14991842,-0.14991747,-0.00000095,-0.00002359
CP01-R0884,884,885,1024,SUPERPLASTICIZER,0.29222460,0.29223579,-0.00001119,-0.00011978
CP01-R0884,884,885,1024,COARSE_AGGREGATE,0.01808621,0.01808585,0.00000036,0.00003840
CP01-R0884,884,885,1024,FINE_AGGREGATE,0.02019035,0.02019075,-0.00000040,-0.00003717
CP01-R0884,884,885,1024,AGE,0.11422207,0.11422204,0.00000003,0.00000511
CP01-R0783,783,784,1025,INTERCEPT,-23.33121358,-23.33099626,-0.00021732,-0.00000817
CP01-R0783,783,784,1025,CEMENT,0.11980433,0.11980467,-0.00000033,-0.00003904
CP01-R0783,783,784,1025,SLAG,0.10386581,0.10386650,-0.00000069,-0.00006777
CP01-R0783,783,784,1025,FLY_ASH,0.08793432,0.08793535,-0.00000102,-0.00008134
CP01-R0783,783,784,1025,WATER,-0.14991842,-0.14991935,0.00000093,0.00002325
CP01-R0783,783,784,1025,SUPERPLASTICIZER,0.29222460,0.29222213,0.00000246,0.00002636
CP01-R0783,783,784,1025,COARSE_AGGREGATE,0.01808621,0.01808577,0.00000044,0.00004703
CP01-R0783,783,784,1025,FINE_AGGREGATE,0.02019035,0.02019054,-0.00000019,-0.00001749
CP01-R0783,783,784,1025,AGE,0.11422207,0.11422246,-0.00000039,-0.00007203
CP01-R0393,393,394,1026,INTERCEPT,-23.33121358,-23.33089948,-0.00031410,-0.00001181
CP01-R0393,393,394,1026,CEMENT,0.11980433,0.11980424,0.00000009,0.00001072
CP01-R0393,393,394,1026,SLAG,0.10386581,0.10386564,0.00000017,0.00001639
CP01-R0393,393,394,1026,FLY_ASH,0.08793432,0.08793425,0.00000007,0.00000564
CP01-R0393,393,394,1026,WATER,-0.14991842,-0.14991862,0.00000021,0.00000512
CP01-R0393,393,394,1026,SUPERPLASTICIZER,0.29222460,0.29222682,-0.00000223,-0.00002383
CP01-R0393,393,394,1026,COARSE_AGGREGATE,0.01808621,0.01808616,0.00000006,0.00000600
CP01-R0393,393,394,1026,FINE_AGGREGATE,0.02019035,0.02019011,0.00000024,0.00002271
CP01-R0393,393,394,1026,AGE,0.11422207,0.11422205,0.00000002,0.00000369
CP01-R0607,607,608,1027,INTERCEPT,-23.33121358,-23.33149569,0.00028210,0.00001061
CP01-R0607,607,608,1027,CEMENT,0.11980433,0.11980450,-0.00000017,-0.00001988
CP01-R0607,607,608,1027,SLAG,0.10386581,0.10386604,-0.00000023,-0.00002313
CP01-R0607,607,608,1027,FLY_ASH,0.08793432,0.08793463,-0.00000031,-0.00002463
CP01-R0607,607,608,1027,WATER,-0.14991842,-0.14991824,-0.00000018,-0.00000438
CP01-R0607,607,608,1027,SUPERPLASTICIZER,0.29222460,0.29222497,-0.00000037,-0.00000397
CP01-R0607,607,608,1027,COARSE_AGGREGATE,0.01808621,0.01808634,-0.00000013,-0.00001384
CP01-R0607,607,608,1027,FINE_AGGREGATE,0.02019035,0.02019039,-0.00000004,-0.00000354
CP01-R0607,607,608,1027,AGE,0.11422207,0.11422216,-0.00000009,-0.00001636
CP01-R0947,947,948,1028,INTERCEPT,-23.33121358,-23.33124291,0.00002933,0.00000110
CP01-R0947,947,948,1028,CEMENT,0.11980433,0.11980442,-0.00000008,-0.00000971
CP01-R0947,947,948,1028,SLAG,0.10386581,0.10386579,0.00000002,0.00000198
CP01-R0947,947,948,1028,FLY_ASH,0.08793432,0.08793447,-0.00000014,-0.00001146
CP01-R0947,947,948,1028,WATER,-0.14991842,-0.14991850,0.00000008,0.00000192
CP01-R0947,947,948,1028,SUPERPLASTICIZER,0.29222460,0.29222330,0.00000129,0.00001385
CP01-R0947,947,948,1028,COARSE_AGGREGATE,0.01808621,0.01808627,-0.00000005,-0.00000581
CP01-R0947,947,948,1028,FINE_AGGREGATE,0.02019035,0.02019031,0.00000005,0.00000429
CP01-R0947,947,948,1028,AGE,0.11422207,0.11422207,0.00000000,-0.00000060
CP01-R0346,346,347,1029,INTERCEPT,-23.33121358,-23.33110656,-0.00010703,-0.00000403
CP01-R0346,346,347,1029,CEMENT,0.11980433,0.11980431,0.00000002,0.00000263
CP01-R0346,346,347,1029,SLAG,0.10386581,0.10386578,0.00000003,0.00000294
CP01-R0346,346,347,1029,FLY_ASH,0.08793432,0.08793443,-0.00000011,-0.00000881
CP01-R0346,346,347,1029,WATER,-0.14991842,-0.14991880,0.00000038,0.00000941
CP01-R0346,346,347,1029,SUPERPLASTICIZER,0.29222460,0.29222408,0.00000051,0.00000548
CP01-R0346,346,347,1029,COARSE_AGGREGATE,0.01808621,0.01808623,-0.00000002,-0.00000167
CP01-R0346,346,347,1029,FINE_AGGREGATE,0.02019035,0.02019030,0.00000006,0.00000516
CP01-R0346,346,347,1029,AGE,0.11422207,0.11422206,0.00000001,0.00000112
CP01-R0794,794,795,1030,INTERCEPT,-23.33121358,-23.33120645,-0.00000714,-0.00000027
CP01-R0794,794,795,1030,CEMENT,0.11980433,0.11980436,-0.00000002,-0.00000270
CP01-R0794,794,795,1030,SLAG,0.10386581,0.10386587,-0.00000006,-0.00000634
CP01-R0794,794,795,1030,FLY_ASH,0.08793432,0.08793440,-0.00000008,-0.00000646
CP01-R0794,794,795,1030,WATER,-0.14991842,-0.14991859,0.00000017,0.00000421
CP01-R0794,794,795,1030,SUPERPLASTICIZER,0.29222460,0.29222450,0.00000010,0.00000103
CP01-R0794,794,795,1030,COARSE_AGGREGATE,0.01808621,0.01808623,-0.00000001,-0.00000123
CP01-R0794,794,795,1030,FINE_AGGREGATE,0.02019035,0.02019034,0.00000001,0.00000096
CP01-R0794,794,795,1030,AGE,0.11422207,0.11422212,-0.00000005,-0.00000921
