segment_id,document_id,component_id,section_id,source_sha256,source_text,target_text,status
O006-PSU-000-S0001,O006-PSU-000,index,,e434f6206b5ed8bfa8afbca64d07d1d0f7f42298d2d315da3327ca71fe839be2,STAT 415 | Introduction to Mathematical Statistics,STAT 415 | Pengantar Statistika Matematis,translated
O006-PSU-000-S0002,O006-PSU-000,index,about-this-course,b2763715219458978f96a11963320dc732d3c55062d656f020b2994ea07a6cd9,About this course,Tentang mata kuliah ini,translated
O006-PSU-000-S0003,O006-PSU-000,index,about-this-course,c57a91172df000e58439831f4fe096e797bbe719d701ba6869d449d78f858b62,Welcome to the course notes for STAT 415: Introduction to Mathematical Statistics. These notes are designed and developed by ,Selamat datang di catatan mata kuliah STAT 415: Pengantar Statistika Matematis. Catatan ini dirancang dan dikembangkan oleh ,translated
O006-PSU-000-S0004,O006-PSU-000,index,about-this-course,4da3a5e25ddc7713b66eacede566b945b0fb2e7e9b1d56867a0ce9e844932362,Penn State’s Department of Statistics,Departemen Statistika Penn State,translated
O006-PSU-000-S0005,O006-PSU-000,index,about-this-course,c6cd91575c89963534d341d2967b294cbf2f928131f3bb93de8aa24c3e188aac, and offered as open educational resources. These notes are free to use under Creative Commons license , dan disediakan sebagai sumber daya pendidikan terbuka. Catatan ini dapat digunakan secara gratis berdasarkan lisensi Creative Commons ,translated
O006-PSU-000-S0006,O006-PSU-000,index,about-this-course,a9beb48f37b8512d88d15415342682bcbf67153fa6652edd7a4573769c11ac3a,CC BY-NC 4.0,CC BY-NC 4.0,translated
O006-PSU-000-S0007,O006-PSU-000,index,about-this-course,0ca6955533a8c4fbbf2b9d2751f184b499b788aeee4518f99073009a4b6c0b94,This course is part of the Online Master of Applied Statistics program offered by Penn State’s World Campus.,Mata kuliah ini merupakan bagian dari program Magister Statistika Terapan daring yang ditawarkan oleh World Campus Penn State.,translated
O006-PSU-000-S0008,O006-PSU-000,index,about-this-course,947fa4763833efc2753d25426e87f7c2825bcd145a7fb8997f1ecb6cc01afbcc,Ready to enroll?,Siap mendaftar?,translated
O006-PSU-000-S0009,O006-PSU-000,index,about-this-course,81019ed104ff770858d4bd91b48b84a09d545b56bd4226e96cd05e9224a4f7df,Currently enrolled?,Sudah terdaftar?,translated
O006-PSU-000-S0010,O006-PSU-000,index,about-this-course,10f7cdc94b280c3a7e1cab0ccaf6e4e43588a5005ea44ab237c54919e668c1ce,"If you are a current student in this course, please see ","Jika Anda saat ini terdaftar sebagai mahasiswa dalam mata kuliah ini, silakan lihat ",translated
O006-PSU-000-S0011,O006-PSU-000,index,about-this-course,3824a9f4dafe92c6f1b80b40656a59784c03a824c27d58125d7d0ace753e2df2,Canvas,Canvas,translated
O006-PSU-000-S0012,O006-PSU-000,index,about-this-course,712a14c4b96c60f855c0555ed0a14bed8ce5e5b14a12093d9b344d93ad660c14," for your syllabus, assignments, lesson videos, and communication from your instructor."," untuk silabus, tugas, video pelajaran, dan komunikasi dari pengajar Anda.",translated
O006-PSU-000-S0013,O006-PSU-000,index,lessons,cb4ad503e340ebd1a921e3ed6dcbfc0a80660936d8bfc9d190f70694b9ccb51b,Lessons,Pelajaran,translated
O006-PSU-000-S0014,O006-PSU-000,index,lessons,120ea10b8ab1186ef519e2cbeebac072bdb6d53e25a92a43a99b3a8c20f14e21,"
0: Review Concepts from STAT 414
","
0: Tinjauan Konsep dari STAT 414
",translated
O006-PSU-000-S0015,O006-PSU-000,index,lessons,7fe7bf5ec1c8feb5f8b2a4f0b8f3bbdc68dcfbad7ce63502b64f862d05495157,Distributions,Distribusi,translated
O006-PSU-000-S0016,O006-PSU-000,index,lessons,968d630f5a7f29eff12f987d013c5ca8b63619a8d23c2a804814b0ece18b5092,Bayes',Bayes,translated
O006-PSU-000-S0017,O006-PSU-000,index,lessons,9c9be01ba2123edfb4cecc60ff81e5b802abe9bbe88193b3a2bc25a095874612,Probability,Peluang,translated
O006-PSU-000-S0018,O006-PSU-000,index,lessons,f97460ba6fb160fdabe46d2abfa23d27aa69732f38d87ae8bc59bdcb4f19d333,Central Limit Theorem,Teorema Limit Pusat,translated
O006-PSU-000-S0019,O006-PSU-000,index,lessons,babdcc1f61176e4813830f0ca8b12335d45a4124c3aa5546caa2c20e5a3dde4c,"
Order Statistics
","
Statistik Urutan
",translated
O006-PSU-000-S0020,O006-PSU-000,index,lessons,029fe576df8ec1d8a1a05259d7b860c407b070913d0690d1a2284182c9167522,Order Statistics,Statistik Urutan,translated
O006-PSU-000-S0021,O006-PSU-000,index,lessons,d8ca72646f1af7943cb5a91006ad72433c3a615683bf850d97461a0c738864af,Probability Density Functions,Fungsi Kepadatan Peluang,translated
O006-PSU-000-S0022,O006-PSU-000,index,lessons,db3e773b11e14031689ddec58272756f0ea985766d93aef16ec1a4bf0a50d5b7,"
Estimation (Part I)
","
Estimasi (Bagian I)
",translated
O006-PSU-000-S0023,O006-PSU-000,index,lessons,2ba51b28da5b3a4e834a788db58084caf1b37e52630af7cd05852b315dcb817f,Point Estimation,Estimasi Titik,translated
O006-PSU-000-S0024,O006-PSU-000,index,lessons,3aa98e8fe10c2baf025b4f445d10a432701a6fd01f49a880d162a6bf3084df0c,Unbiased Estimation,Estimasi Tak Bias,translated
O006-PSU-000-S0025,O006-PSU-000,index,lessons,5c2470002888bd8e7f0965f8d11c9e0ba6372a06eaad763b70d77b7dc029268d,Bias,Bias,translated
O006-PSU-000-S0026,O006-PSU-000,index,lessons,6a99db7f7b3f908afd6b459725e38efdc31b65bc5fbc1abd3d9f2b76985ef088,Variance and Mean Square,Varians dan Rata-Rata Kuadrat,translated
O006-PSU-000-S0027,O006-PSU-000,index,lessons,183ebddaaa90c204b6bb019d6c78a043efafc4348d28f675b047abe015711282,Factorization,Faktorisasi,translated
O006-PSU-000-S0028,O006-PSU-000,index,lessons,c375e59facbffc276c02435a035c9b8cf7a9acda90503a636cc9f03c333802b0,Sufficiency,Kecukupan,translated
O006-PSU-000-S0029,O006-PSU-000,index,lessons,6785164b561cbacfa7597f5e4af41d564dd21c0f54f04ca9094e07ecdd5bd644,Method of Moments,Metode Momen,translated
O006-PSU-000-S0030,O006-PSU-000,index,lessons,051ad2978dd1690dc1e2c6b8c11a12f171ab7ecb95985aa6dae21819e0aa6757,"
Estimation (Part II)
","
Estimasi (Bagian II)
",translated
O006-PSU-000-S0031,O006-PSU-000,index,lessons,2ba51b28da5b3a4e834a788db58084caf1b37e52630af7cd05852b315dcb817f,Point Estimation,Estimasi Titik,translated
O006-PSU-000-S0032,O006-PSU-000,index,lessons,3aa98e8fe10c2baf025b4f445d10a432701a6fd01f49a880d162a6bf3084df0c,Unbiased Estimation,Estimasi Tak Bias,translated
O006-PSU-000-S0033,O006-PSU-000,index,lessons,5c2470002888bd8e7f0965f8d11c9e0ba6372a06eaad763b70d77b7dc029268d,Bias,Bias,translated
O006-PSU-000-S0034,O006-PSU-000,index,lessons,6a99db7f7b3f908afd6b459725e38efdc31b65bc5fbc1abd3d9f2b76985ef088,Variance and Mean Square,Varians dan Rata-Rata Kuadrat,translated
O006-PSU-000-S0035,O006-PSU-000,index,lessons,183ebddaaa90c204b6bb019d6c78a043efafc4348d28f675b047abe015711282,Factorization,Faktorisasi,translated
O006-PSU-000-S0036,O006-PSU-000,index,lessons,c375e59facbffc276c02435a035c9b8cf7a9acda90503a636cc9f03c333802b0,Sufficiency,Kecukupan,translated
O006-PSU-000-S0037,O006-PSU-000,index,lessons,6785164b561cbacfa7597f5e4af41d564dd21c0f54f04ca9094e07ecdd5bd644,Method of Moments,Metode Momen,translated
O006-PSU-000-S0038,O006-PSU-000,index,lessons,50956cc048b320dc07f89a9440228eebe9e9e8918d3f235ae899e12c1fe9b8e8,"
Maximum Likelihood Estimation (MLE) (Part I)
","
Estimasi Kemungkinan Maksimum (MLE) (Bagian I)
",translated
O006-PSU-000-S0039,O006-PSU-000,index,lessons,6c957692dd428289fc1f0633dacabb3069351caa63ae0925a7ac148706f8f2fe,MLE,MLE,translated
O006-PSU-000-S0040,O006-PSU-000,index,lessons,8c2574892063f995fdf756bce07f46c1a5193e54cd52837ed91e32008ccf41ac,R,R,translated
O006-PSU-000-S0041,O006-PSU-000,index,lessons,8de139419abae812f8cf78e737959c40df1fa90d7704553eff4d76db37300663,"
Maximum Likelihood Estimation (MLE) (Part II)
","
Estimasi Kemungkinan Maksimum (MLE) (Bagian II)
",translated
O006-PSU-000-S0042,O006-PSU-000,index,lessons,2ba51b28da5b3a4e834a788db58084caf1b37e52630af7cd05852b315dcb817f,Point Estimation,Estimasi Titik,translated
O006-PSU-000-S0043,O006-PSU-000,index,lessons,3aa98e8fe10c2baf025b4f445d10a432701a6fd01f49a880d162a6bf3084df0c,Unbiased Estimation,Estimasi Tak Bias,translated
O006-PSU-000-S0044,O006-PSU-000,index,lessons,5c2470002888bd8e7f0965f8d11c9e0ba6372a06eaad763b70d77b7dc029268d,Bias,Bias,translated
O006-PSU-000-S0045,O006-PSU-000,index,lessons,6a99db7f7b3f908afd6b459725e38efdc31b65bc5fbc1abd3d9f2b76985ef088,Variance and Mean Square,Varians dan Rata-Rata Kuadrat,translated
O006-PSU-000-S0046,O006-PSU-000,index,lessons,183ebddaaa90c204b6bb019d6c78a043efafc4348d28f675b047abe015711282,Factorization,Faktorisasi,translated
O006-PSU-000-S0047,O006-PSU-000,index,lessons,c375e59facbffc276c02435a035c9b8cf7a9acda90503a636cc9f03c333802b0,Sufficiency,Kecukupan,translated
O006-PSU-000-S0048,O006-PSU-000,index,lessons,6785164b561cbacfa7597f5e4af41d564dd21c0f54f04ca9094e07ecdd5bd644,Method of Moments,Metode Momen,translated
O006-PSU-000-S0049,O006-PSU-000,index,lessons,dbc8b6a28b1285cd1f8fadbd3048be868f26c70fa054717d806e0f83a7e73a7a,"
Confidence Intervals
","
Interval Kepercayaan
",translated
O006-PSU-000-S0050,O006-PSU-000,index,lessons,8bb034a8cc37ca12e31eeed460fac5cda3646444d523a82c55ac8996c4b822e4,Confidence Intervals,Interval Kepercayaan,translated
O006-PSU-000-S0051,O006-PSU-000,index,lessons,bd487f6536e0c2a9b3115c1eb30feaf87c267864ad35bc5e924c6781bd9d5c5f,"
Asymptotic Distribution of MLE (Part I)
","
Distribusi Asimtotik MLE (Bagian I)
",translated
O006-PSU-000-S0052,O006-PSU-000,index,lessons,7459cec63f37518cfabfd5f674d18d41bba043b1e67a08c29ad181902830f118,MLEs,MLE,translated
O006-PSU-000-S0053,O006-PSU-000,index,lessons,34d5bb8256ce1867dea3eadf719f6128b61c0190e5e4b4c2a8f8fb8373874520,Asymptotic Confidence Intervals,Interval Kepercayaan Asimtotik,translated
O006-PSU-000-S0054,O006-PSU-000,index,lessons,182e16e62c484493f8e570f27e3c654ba67d273edc392c0814b1e86f7a0d5669,Numerical Approximations,Aproksimasi Numerik,translated
O006-PSU-000-S0055,O006-PSU-000,index,lessons,faab0dc4735c1cfef487c99db19e50909e62460014a0cd3f612695e9d6272dd1,Bootstrap,Bootstrap,translated
O006-PSU-000-S0056,O006-PSU-000,index,lessons,799ad582b7ace86d6a7397b4c18fa1abe58a0a3c54b66d1bf7a08af4b639c226,"
Asymptotic Distribution of MLE (Part II)
","
Distribusi Asimtotik MLE (Bagian II)
",translated
O006-PSU-000-S0057,O006-PSU-000,index,lessons,7459cec63f37518cfabfd5f674d18d41bba043b1e67a08c29ad181902830f118,MLEs,MLE,translated
O006-PSU-000-S0058,O006-PSU-000,index,lessons,34d5bb8256ce1867dea3eadf719f6128b61c0190e5e4b4c2a8f8fb8373874520,Asymptotic Confidence Intervals,Interval Kepercayaan Asimtotik,translated
O006-PSU-000-S0059,O006-PSU-000,index,lessons,182e16e62c484493f8e570f27e3c654ba67d273edc392c0814b1e86f7a0d5669,Numerical Approximations,Aproksimasi Numerik,translated
O006-PSU-000-S0060,O006-PSU-000,index,lessons,faab0dc4735c1cfef487c99db19e50909e62460014a0cd3f612695e9d6272dd1,Bootstrap,Bootstrap,translated
O006-PSU-000-S0061,O006-PSU-000,index,lessons,8476b4994272f48e82b2bace8b863b6c2f963818497f4dca833f10365c00f15e,"
Hypothesis Tests (Part I)
","
Uji Hipotesis (Bagian I)
",translated
O006-PSU-000-S0062,O006-PSU-000,index,lessons,ebf11f927da2029a49cbac75d5b1ef4d542ad7e20354b2d878d0093600092c7c,Hypothesis Tests,Uji Hipotesis,translated
O006-PSU-000-S0063,O006-PSU-000,index,lessons,a1a085e3849afa37bb917d49e092e67400801d01b978ec2f84125e9e6d00ad0d,Tests about Proportions,Uji tentang Proporsi,translated
O006-PSU-000-S0064,O006-PSU-000,index,lessons,7e6cc9a8c6750304536fe75fbe8c44a4da5934b1c3cb3211f0a1387b95670ef3,Tests about one Mean,Uji tentang Satu Rata-Rata,translated
O006-PSU-000-S0065,O006-PSU-000,index,lessons,a1d5b41c5f658bf4fd746c0637618ed68f32959799894b502b32d8a5bc294156,P-Value,Nilai-p,translated
O006-PSU-000-S0066,O006-PSU-000,index,lessons,2a75dd9dd22454ceba07d0dc666e7578db41c82554b1ce6ac9fc203a0acb4ff6,"
Hypothesis Tests (Part II)
","
Uji Hipotesis (Bagian II)
",translated
O006-PSU-000-S0067,O006-PSU-000,index,lessons,848e96567d6b48d54c0b53017bd6123cefa97d6e0fab0f14c621ec3fd92178f4,Power,Kuasa,translated
O006-PSU-000-S0068,O006-PSU-000,index,lessons,8bb034a8cc37ca12e31eeed460fac5cda3646444d523a82c55ac8996c4b822e4,Confidence Intervals,Interval Kepercayaan,translated
O006-PSU-000-S0069,O006-PSU-000,index,lessons,33db1c9f0bca03d6a9536a5e0f4340f0387a61975be8bc12ba4bec43000b8d0b,Wald Test,Uji Wald,translated
O006-PSU-000-S0070,O006-PSU-000,index,lessons,ebf11f927da2029a49cbac75d5b1ef4d542ad7e20354b2d878d0093600092c7c,Hypothesis Tests,Uji Hipotesis,translated
O006-PSU-000-S0071,O006-PSU-000,index,lessons,e1d7b463a1b5a2279f937d2d4c7012bb9cbe507c92dd73cb2069129634dfe2d0,"
Bayesian Methods
","
Metode Bayesian
",translated
O006-PSU-000-S0072,O006-PSU-000,index,lessons,f290b2f6383f0e98c2ee85771b45bb08b4a8145a1171294c776f227310deb7c8,Bayesian,Bayesian,translated
O006-PSU-000-S0073,O006-PSU-000,index,lessons,482eb96e7e8d75a707f126ddd0134259e6ae73f11d0163f0b13d143326b369d3,Subjective Probability,Peluang Subjektif,translated
O006-PSU-000-S0074,O006-PSU-000,index,lessons,3baf0ce1cc6d5e7e23f24a5168a33865e012b03b37aac0390987aa7982904243,Credible Intervals,Interval Kredibel,translated
O006-PSU-000-S0075,O006-PSU-000,index,lessons,3b94a640f808bf5beebbf1bde2c6e07ee4147f5a2e1b24619b4727c6a91e389c,"
Simple Linear Regression
","
Regresi Linear Sederhana
",translated
O006-PSU-000-S0076,O006-PSU-000,index,lessons,f9f0955ea4a62478023055e8ef7ad1dde05e6742688eb5e5bc8990a2f4295815,Regression,Regresi,translated
O006-PSU-000-S0077,O006-PSU-000,index,lessons,4d1d1512718e7f2169901451ac2e38e6acf07cca930604a2857564a080a589a4,No matching items,Tidak ada item yang cocok,translated
O006-PSU-001-S0001,O006-PSU-001,Lesson00,,cb4ad503e340ebd1a921e3ed6dcbfc0a80660936d8bfc9d190f70694b9ccb51b,Lessons,Pelajaran,translated
O006-PSU-001-S0002,O006-PSU-001,Lesson00,,3729492159c15e3d5aecb90b7d970fa0f717ae98db06cdc1e010cd4ea0166276,0: Review Concepts from STAT 414,0: Tinjauan Konsep dari STAT 414,translated
O006-PSU-001-S0003,O006-PSU-001,Lesson00,,3729492159c15e3d5aecb90b7d970fa0f717ae98db06cdc1e010cd4ea0166276,0: Review Concepts from STAT 414,0: Tinjauan Konsep dari STAT 414,translated
O006-PSU-001-S0004,O006-PSU-001,Lesson00,,7fe7bf5ec1c8feb5f8b2a4f0b8f3bbdc68dcfbad7ce63502b64f862d05495157,Distributions,Distribusi,translated
O006-PSU-001-S0005,O006-PSU-001,Lesson00,,968d630f5a7f29eff12f987d013c5ca8b63619a8d23c2a804814b0ece18b5092,Bayes',Bayes,translated
O006-PSU-001-S0006,O006-PSU-001,Lesson00,,9c9be01ba2123edfb4cecc60ff81e5b802abe9bbe88193b3a2bc25a095874612,Probability,Peluang,translated
O006-PSU-001-S0007,O006-PSU-001,Lesson00,,f97460ba6fb160fdabe46d2abfa23d27aa69732f38d87ae8bc59bdcb4f19d333,Central Limit Theorem,Teorema Limit Pusat,translated
O006-PSU-001-S0008,O006-PSU-001,Lesson00,overview,d4b1ea5708dd532930a85188b45aff6f0a3ed458500c7577e0127a538eb0d100,Overview,Gambaran Umum,translated
O006-PSU-001-S0009,O006-PSU-001,Lesson00,overview,8f18956ce3cdda7a18a8ffb6c8fffa74c8df620daf5352e209cd21db70a7fb43,"Many of the concepts from STAT 414: Introduction to Probability Theory will carry over in this course. In this unit, some of the essential formulas and theorems are presented here for review.","Banyak konsep dari STAT 414: Pengantar Teori Peluang akan digunakan kembali dalam mata kuliah ini. Dalam unit ini, beberapa rumus dan teorema penting disajikan untuk ditinjau kembali.",translated
O006-PSU-001-S0010,O006-PSU-001,Lesson00,objectives,eba92953899468e3f79c084370cc455f39c256e77b5277ff480e3384ff9ecc27,Objectives,Tujuan,translated
O006-PSU-001-S0011,O006-PSU-001,Lesson00,objectives,a1d7676a980b988ea4bf85b5959bf043b42e93156dd5ffd18f8010fd59d0d37a,"Upon completion of this lesson, you should be able to recall and use your prior knowledge to:","Setelah menyelesaikan pelajaran ini, Anda diharapkan mampu mengingat dan menggunakan pengetahuan sebelumnya untuk:",translated
O006-PSU-001-S0012,O006-PSU-001,Lesson00,objectives,482c74dd2a19d41b44f7cc286b2b2c548f26c99a01a1038a8e21d9407371d7a8,Define key terms and theorems related to probability.,Mendefinisikan istilah dan teorema kunci yang berkaitan dengan peluang.,translated
O006-PSU-001-S0013,O006-PSU-001,Lesson00,objectives,7d702ab1122d4276951e3fa98baf9f65598b61fb820f72faff0873580c004a26,Summarize the properties and applications of discrete random variables.,Merangkum sifat dan penerapan peubah acak diskret.,translated
O006-PSU-001-S0014,O006-PSU-001,Lesson00,objectives,63b60eb1b33d1f6af911303af90c14ba43334da206f0711cd47f35ddc45e0df1,"Distinguish between continuous random variables and discrete random variables, providing examples and explaining their differences.","Membedakan peubah acak kontinu dari peubah acak diskret, serta memberikan contoh dan menjelaskan perbedaannya.",translated
O006-PSU-001-S0015,O006-PSU-001,Lesson00,objectives,5c01a1dd4ce681aef9f5b8dd5e9c74a356957b18b1f44bfe691209ea4ee020f0,Explain the formulas and definitions of jointly distributed random variables and apply them to solve problems involving joint probability distributions.,Menjelaskan rumus dan definisi peubah acak yang berdistribusi bersama serta menerapkannya untuk menyelesaikan masalah yang melibatkan distribusi peluang bersama.,translated
O006-PSU-001-S0016,O006-PSU-001,Lesson00,objectives,22d47fa85cc723b5ec4f1bc542c18abc14b75cbef694f9755173e863f6d808cc,Describe the concept of statistical inference and its role in making conclusions about populations based on sample data.,Menjelaskan konsep inferensi statistik dan perannya dalam menarik kesimpulan tentang populasi berdasarkan data sampel.,translated
O006-PSU-001-S0017,O006-PSU-001,Lesson00,probability,4c7ee843f35b04846e3d274247dcef7eb5de177681b35976548d896c0af41c3a,0.1: Probability,0.1: Peluang,translated
O006-PSU-001-S0018,O006-PSU-001,Lesson00,probability,8d630cabd8b4daf6aa3bc6427e2fa2fa8b7a3be77916d1758a9167d507b47fe7,"In this section, we review some of the important definitions and theorems for probability. It would be helpful to refresh your memory on these concepts and do some practice.","Dalam bagian ini, kita meninjau beberapa definisi dan teorema penting dalam peluang. Sebaiknya Anda menyegarkan kembali pemahaman tentang konsep-konsep ini dan mengerjakan beberapa latihan.",translated
O006-PSU-001-S0019,O006-PSU-001,Lesson00,probability,a62f0dda957692c6e2e9bd5c92c48b4b346088435a9c748597ae172d73f6aee1,Def. 1 (Event),Definisi 1 (Kejadian),translated
O006-PSU-001-S0020,O006-PSU-001,Lesson00,probability,4cc8851f40746e9d6b5f2c50ab6e833e5d38fd90711e1221d97705d120589e6f, Let the outcome space (or sample space) be denoted as , Misalkan ruang hasil (atau ruang sampel) dinotasikan dengan ,translated
O006-PSU-001-S0021,O006-PSU-001,Lesson00,probability,fa3d6e2ce1ed53816d930b3d9777bf9fd9e85399746233f07952ea1f7e381513,. An ,. Sebuah ,translated
O006-PSU-001-S0022,O006-PSU-001,Lesson00,probability,b8e1f80bd70ae0784c7855a451731b745fddb67749d23f637be9082b75e9575b,event,kejadian,translated
O006-PSU-001-S0023,O006-PSU-001,Lesson00,probability,44fa0ef5cb0e498b1d0dc926a80498b91c9e81453b5119eba5ddd8a68c49c3e1," is subset of the sample space, Events are often denotes with capital letters, "," adalah himpunan bagian dari ruang sampel. Kejadian sering dinotasikan dengan huruf kapital, ",translated
O006-PSU-001-S0024,O006-PSU-001,Lesson00,probability,2e7405b26c3efd9215539c48aa2e898a138d096b6dba7e05ed0ad55ffa05f712,". Therefore, if ",". Oleh karena itu, jika ",translated
O006-PSU-001-S0025,O006-PSU-001,Lesson00,probability,e6fa2cdbe087d71fecc6c5b35fc5c7442a17d1548ae10c2b115c4b7e5876de27, is an event in , merupakan kejadian dalam ,translated
O006-PSU-001-S0026,O006-PSU-001,Lesson00,probability,6b6fbf17a9018a5a576852656b16aa6c3b28045346d91d28e02eb41e199eafce,", then ",", maka ",translated
O006-PSU-001-S0027,O006-PSU-001,Lesson00,probability,82b98e32cb6b825ff0de16fda1cd41f8f57f1e039c3dc6931167ef35d0ecaeb8,Def. 2 (Probability),Definisi 2 (Peluang),translated
O006-PSU-001-S0028,O006-PSU-001,Lesson00,probability,771e91121d2ebc68d27ba358ac8eae647dfa3133323a6f444793ad26c5af8ee5, Probability is a logical framework for quantifying uncertainty or randomness in a princled way. It is primarily use to explain the uncertainty or randomness in obtaining the current data., Peluang adalah kerangka logis untuk mengukur ketidakpastian atau keacakan secara berprinsip. Kerangka ini terutama digunakan untuk menjelaskan ketidakpastian atau keacakan dalam memperoleh data yang sedang diamati.,translated
O006-PSU-001-S0029,O006-PSU-001,Lesson00,probability,fad9beb31a1c3b30811d49a8749a9cfee4bd3ff435f2ccb168dfbbb7f0deafb5,Def. 3 (Mutually Exclusive Events),Definisi 3 (Kejadian Saling Lepas),translated
O006-PSU-001-S0030,O006-PSU-001,Lesson00,probability,90d5c4662616c3299bcf4dc0e99945f09ff921c30c220c03eafd4203ef38b915, Events , Kejadian ,translated
O006-PSU-001-S0031,O006-PSU-001,Lesson00,probability,e3ee915a8e8c7aa02d2fced443314522b20824abd2535d5959c41dc8ab8a09e4, and , dan ,translated
O006-PSU-001-S0032,O006-PSU-001,Lesson00,probability,7a8ae03ae892f683a09616b32cc06c1185db9368b4ed66d4d98ffcaf4ce1181d, are called , disebut ,translated
O006-PSU-001-S0033,O006-PSU-001,Lesson00,probability,6ccba40ef5253e20053c608f456eba1c0985ce5ce2d7c9dbe598a5c34853ae7e,mutually exclusive,saling lepas,translated
O006-PSU-001-S0034,O006-PSU-001,Lesson00,probability,0eeec5825598ae58e7dfc491e25c4304be9f82d83d110b5d1fb1630950bfd608, (or , (atau ,translated
O006-PSU-001-S0035,O006-PSU-001,Lesson00,probability,42a79594de3760a75d3f047e7f43839467eac1433049c267dda751cc7de5f11f,disjoint,tidak beririsan,translated
O006-PSU-001-S0036,O006-PSU-001,Lesson00,probability,b3c3c0ab4d8d607a328c4a57957414357de10a980d71211e49edf00a9d8b1a8e,) events if ,) jika ,translated
O006-PSU-001-S0037,O006-PSU-001,Lesson00,probability,69e29da555e9d505a7536e43723b20c7d5ccdd73ace4ad5b01e13264b228c027,Def. 4 (Conditional Probability),Definisi 4 (Peluang Bersyarat),translated
O006-PSU-001-S0038,O006-PSU-001,Lesson00,probability,1090922592b3a7318b02572cbbc5071538a2e8ddde27577fac314d75249a564c, The conditional probability of an event , Peluang bersyarat suatu kejadian ,translated
O006-PSU-001-S0039,O006-PSU-001,Lesson00,probability,888c54737c4f67ea78efb8040fad7e907fcda32b49851574e8c3ad2868ecf29d, given that an event , dengan syarat bahwa kejadian ,translated
O006-PSU-001-S0040,O006-PSU-001,Lesson00,probability,b3ec3fa171a959235a988c08788667cc0a2648004461760426e67e545d9ca4fe, has occurred is: , telah terjadi adalah: ,translated
O006-PSU-001-S0041,O006-PSU-001,Lesson00,probability,5f52bf1391ef50cda8d1697e65b58697195d3bb9887b3698298828320402658c, as long as , asalkan ,translated
O006-PSU-001-S0042,O006-PSU-001,Lesson00,probability,882309d2500a36a934cd9da4b98021e53b4b587a2a1d7a9bebf3ed77648096ec,Def. 5 (Independent Events),Definisi 5 (Kejadian Saling Bebas),translated
O006-PSU-001-S0043,O006-PSU-001,Lesson00,probability,90d5c4662616c3299bcf4dc0e99945f09ff921c30c220c03eafd4203ef38b915, Events , Kejadian ,translated
O006-PSU-001-S0044,O006-PSU-001,Lesson00,probability,e3ee915a8e8c7aa02d2fced443314522b20824abd2535d5959c41dc8ab8a09e4, and , dan ,translated
O006-PSU-001-S0045,O006-PSU-001,Lesson00,probability,eb6b8af8b1fa371db0f651f5340384cd52162093b0c86586a7413859ef3b1011, are , merupakan ,translated
O006-PSU-001-S0046,O006-PSU-001,Lesson00,probability,9472cd3cc1d61a114347818ef3f984cc2f936ac98182bf2695c2043ec9fa53f3,independent events,kejadian saling bebas,translated
O006-PSU-001-S0047,O006-PSU-001,Lesson00,probability,2d9393de2e836bdc8c9c7b7cf9d23a5de24176525fd52d77ec96bc6aa3e53288," if the occurrence of one of them does not affect the probability of the occurrence of the other. That is, two events are independent if either "," jika terjadinya salah satu kejadian tidak memengaruhi peluang terjadinya kejadian yang lain. Dengan kata lain, dua kejadian saling bebas jika salah satu dari ",translated
O006-PSU-001-S0048,O006-PSU-001,Lesson00,probability,bcff8db9b362b3beeee0737c9128abea86ad1e7a63ec7cf83ab02dce949c6fd9, provided that , dengan syarat ,translated
O006-PSU-001-S0049,O006-PSU-001,Lesson00,probability,cb423b68b1c5f85af4666c95e68bbdae7b1586c08fe4a5bc0e6188f3188cc0e8,. Events ,. Kejadian ,translated
O006-PSU-001-S0050,O006-PSU-001,Lesson00,probability,e3ee915a8e8c7aa02d2fced443314522b20824abd2535d5959c41dc8ab8a09e4, and , dan ,translated
O006-PSU-001-S0051,O006-PSU-001,Lesson00,probability,a099150e9ae62421c4abfd0cc2cce0880704b40dc98a1188cd6c4055ec831d2d, are independent events if and only if , merupakan kejadian saling bebas jika dan hanya jika ,translated
O006-PSU-001-S0052,O006-PSU-001,Lesson00,probability,b8543f801f310435d36c1a0d6cde89799fbfba49a11f80bd74583aa5dc18ac3f," Otherwise, "," Jika tidak, ",translated
O006-PSU-001-S0053,O006-PSU-001,Lesson00,probability,e3ee915a8e8c7aa02d2fced443314522b20824abd2535d5959c41dc8ab8a09e4, and , dan ,translated
O006-PSU-001-S0054,O006-PSU-001,Lesson00,probability,7a8ae03ae892f683a09616b32cc06c1185db9368b4ed66d4d98ffcaf4ce1181d, are called , disebut ,translated
O006-PSU-001-S0055,O006-PSU-001,Lesson00,probability,99d25d5460a55627d1b516749d74ace97c97b5d133abaa83be40b53e094f236d,dependent events,kejadian saling bergantung,translated
O006-PSU-001-S0056,O006-PSU-001,Lesson00,probability,12330ec0099904e7a990fec5ec0ade3d59ad1e1bc3599f2c13e5afc3d121ac4c,Theorem 1 (Bayes’ Theorem),Teorema 1 (Teorema Bayes),translated
O006-PSU-001-S0057,O006-PSU-001,Lesson00,probability,1bd1b550eb22174f954fcd79c78055c7483c6227c79fa5c446d42ac8a55d92ec, Let the , Misalkan ,translated
O006-PSU-001-S0058,O006-PSU-001,Lesson00,probability,976beac294e19fb766010ef2d498496da0d47ac73f981e6b0eb13aa096547621, events , kejadian ,translated
O006-PSU-001-S0059,O006-PSU-001,Lesson00,probability,a7695e91b69f9faf8d6124b4992f6026496223487b6dc99f6068101f5e286368, constitute a partition of the sample space , membentuk suatu partisi ruang sampel ,translated
O006-PSU-001-S0060,O006-PSU-001,Lesson00,probability,1120ea8149f249f4fff1d71e7ea0b4739e8d357b2dfd5f0ad01575252e72641b,". That is, the ",". Artinya, ",translated
O006-PSU-001-S0061,O006-PSU-001,Lesson00,probability,079f3bd85af0df37de4dde03957de05e281fcb5bfbf5fcc647dc7404d9e4bd83, are mutually exclusive: , saling lepas: ,translated
O006-PSU-001-S0062,O006-PSU-001,Lesson00,probability,8a918ca2a5f1bce0906dc439d9e50b297f6a2d7d2aa077d4c753156dc1ee1878, and exhaustive: , dan mencakup seluruh ruang sampel: ,translated
O006-PSU-001-S0063,O006-PSU-001,Lesson00,probability,ebdcf7ab4c8a2d7254700db38c9453152eb94dc789f26667cc9ade662e53466b," Also, suppose the prior probability of the vent "," Selain itu, misalkan peluang prior kejadian ",translated
O006-PSU-001-S0064,O006-PSU-001,Lesson00,probability,492bfb89c77f95daea7488e4647f280bdc2c90608a04e1f9800c35b29efbc85c," is positive, that is "," bernilai positif, yaitu ",translated
O006-PSU-001-S0065,O006-PSU-001,Lesson00,probability,ccb2f8fb3cff62792429cade2a71f2a237c36549ad99bb5d30f328d9a5dfdee3, for , untuk ,translated
O006-PSU-001-S0066,O006-PSU-001,Lesson00,probability,3268646396912a0a96ae2de1bc5a8409784df51b716335167a742d1aeecaa635,. Now if ,". Sekarang, jika ",translated
O006-PSU-001-S0067,O006-PSU-001,Lesson00,probability,f371d45f046cc5e325469e8d9ccb7c38450eda579019f858742094f974d92b10," is an event, then "," merupakan suatu kejadian, maka ",translated
O006-PSU-001-S0068,O006-PSU-001,Lesson00,probability,4f0353af8f3f0268a1c687ddf6561c2a52962f9a1170b12cff0bfa207a291a11, can be written as the union of , dapat ditulis sebagai gabungan dari ,translated
O006-PSU-001-S0069,O006-PSU-001,Lesson00,probability,6c6f446c2ac5f0b618416064c6724fc05d0b5affee5de59b368d3b9c3548af6c," mutually exclusive events, namely: "," kejadian yang saling lepas, yaitu: ",translated
O006-PSU-001-S0070,O006-PSU-001,Lesson00,probability,81aabe5f7168adf4f73c91b0fc7b9c45fac61a906f58f629b51fe6d133fab49b," Therefore, "," Oleh karena itu, ",translated
O006-PSU-001-S0071,O006-PSU-001,Lesson00,probability,37acc7015ce65136b381482fb1d7b5e388c1928df9866c03c008008442c106fd," And so, as long as "," Dengan demikian, asalkan ",translated
O006-PSU-001-S0072,O006-PSU-001,Lesson00,probability,d5705b7d8c86a332dad1a4bd53b5dae5396c1778f427ed2a2bc7661fa9ed419a,", the posterior probability of event ",", peluang posterior kejadian ",translated
O006-PSU-001-S0073,O006-PSU-001,Lesson00,probability,7a718d9b425d3611f0db79701b7cd6b562a8c5d0c23d8949bb78412b83a5456d, given event , dengan syarat kejadian ,translated
O006-PSU-001-S0074,O006-PSU-001,Lesson00,probability,b3ec3fa171a959235a988c08788667cc0a2648004461760426e67e545d9ca4fe, has occurred is: , telah terjadi adalah: ,translated
O006-PSU-001-S0075,O006-PSU-001,Lesson00,distributions,3cb6fecbde29a0432983444fb844875b5237a5f1a1474a2a5c84445b67ba49b4,0.2: Distributions,0.2: Distribusi,translated
O006-PSU-001-S0076,O006-PSU-001,Lesson00,distributions,dbb18cc97f51cd7ab4ba04e9f1c7036f3b783bdc3bc0026c3a8a247fa1582fe4,We will use distributions heavily in this course. It is important to review the definitions and expectations of random variables. We start with a brief review of discrete distributions and then onto continuous distributions.,"Kita akan banyak menggunakan distribusi dalam mata kuliah ini. Karena itu, penting untuk meninjau kembali definisi dan ekspektasi peubah acak. Kita mulai dengan tinjauan singkat distribusi diskret, lalu beralih ke distribusi kontinu.",translated
O006-PSU-001-S0077,O006-PSU-001,Lesson00,discrete-distributions,acdb447b9558e28f1d31e5d2b49c04b9203d61315a78a783166c289e0a8da9a6,Discrete Distributions,Distribusi Diskret,translated
O006-PSU-001-S0078,O006-PSU-001,Lesson00,discrete-distributions,8bee907e03e1c6fe6167864d0776ac28c68cbdffd4a4f13c42a3d37969519852,Def. 6 (Probability Mass Function),Definisi 6 (Fungsi Massa Peluang),translated
O006-PSU-001-S0079,O006-PSU-001,Lesson00,discrete-distributions,c4974c16e98c01af1b8aeff306bdcc1261244653b8ea9676bde8af58f41b9204," For a discrete random variable, "," Untuk peubah acak diskret, ",translated
O006-PSU-001-S0080,O006-PSU-001,Lesson00,discrete-distributions,ce471216da8ee5f0e0293817f979c8a3328020eb396580a2078f1e0c0592cae4,", the ",", ",translated
O006-PSU-001-S0081,O006-PSU-001,Lesson00,discrete-distributions,3c0651e7176513c9b373551eef1fbf428891b18f109f17315c2767df86909820,probability mass function,fungsi massa peluang,translated
O006-PSU-001-S0082,O006-PSU-001,Lesson00,discrete-distributions,b195883298449bf9e00eff743c387b2bfb58939ca2c4b58ab54d29c299bbcbbf, (pmf or PMF) is a function that satisfies the following properties:, (pmf atau PMF) adalah fungsi yang memenuhi sifat-sifat berikut:,translated
O006-PSU-001-S0083,O006-PSU-001,Lesson00,discrete-distributions,16eacd23d9b5d822d0b511bcf1d6e143481a007a9ebc7143e2339a1732c134f8,", for all ",", untuk semua ",translated
O006-PSU-001-S0084,O006-PSU-001,Lesson00,discrete-distributions,90cbbeee5ca6b9c068fe5b4b147b8f3bcd5e8b8c2da825c823e15cfb9f235d12, the support , himpunan dukungan ,translated
O006-PSU-001-S0085,O006-PSU-001,Lesson00,discrete-distributions,61c523b520ecb12ce7b8a8c0ae4774889226c29b02cc5d13d693bed8ed300021,", given event ",", dengan kejadian ",translated
O006-PSU-001-S0086,O006-PSU-001,Lesson00,discrete-distributions,4e2aa104924ba53e8f66b4108e913b7fd447d720c994eade3f1dcd5acd401b4f,It is important to note that the pmf is the probability that ,Penting diperhatikan bahwa pmf adalah peluang bahwa ,translated
O006-PSU-001-S0087,O006-PSU-001,Lesson00,discrete-distributions,5b57e7bbee74cb72ce2ab52377d7b94164830e19e39fb5ce983641038a8d2086," takes on a particular value, "," mengambil nilai tertentu, ",translated
O006-PSU-001-S0088,O006-PSU-001,Lesson00,discrete-distributions,ec62f98563ecdecb11448ccdfd626305a0b1dfc4ad3e24f902b82b5564c7ab27,Def. 7 (Cumulative Distribution Function),Definisi 7 (Fungsi Distribusi Kumulatif),translated
O006-PSU-001-S0089,O006-PSU-001,Lesson00,discrete-distributions,c4974c16e98c01af1b8aeff306bdcc1261244653b8ea9676bde8af58f41b9204," For a discrete random variable, "," Untuk peubah acak diskret, ",translated
O006-PSU-001-S0090,O006-PSU-001,Lesson00,discrete-distributions,ce471216da8ee5f0e0293817f979c8a3328020eb396580a2078f1e0c0592cae4,", the ",", ",translated
O006-PSU-001-S0091,O006-PSU-001,Lesson00,discrete-distributions,cef470615c1aa72577217fddf50abca00bbac466c838dcade25f24b3002393e7,cumulative distribution function,fungsi distribusi kumulatif,translated
O006-PSU-001-S0092,O006-PSU-001,Lesson00,discrete-distributions,e6e2df57db1c0140c9665c58adffdac8d89df212c7de7a96f92c9afc3642f8bd," (cdf or CDF), denoted "," (cdf atau CDF), yang dinotasikan dengan ",translated
O006-PSU-001-S0093,O006-PSU-001,Lesson00,discrete-distributions,479c30477fe15ffbb0cf38575c1c19a8b8d1497c9a4518af9ea2e472592c9c6c, is defined as: , didefinisikan sebagai: ,translated
O006-PSU-001-S0094,O006-PSU-001,Lesson00,discrete-distributions,2bde723df0cccbf4bd8414967ffb0ac46b06d530b89cd4e36ee553fdb9c8985c,The cdf of a random variable ,Cdf dari peubah acak ,translated
O006-PSU-001-S0095,O006-PSU-001,Lesson00,discrete-distributions,f73eb6cbf1c3898ea371cb72356d8a189fbcdcc8cfd2f4b857243dba0a937acd, has the following properties:, memiliki sifat-sifat berikut:,translated
O006-PSU-001-S0096,O006-PSU-001,Lesson00,discrete-distributions,1a08eec316551507004e8295ad63f87f63b4bff889abf3c82230abf42b44a2e8, is a non-decreasing function of , merupakan fungsi tak menurun terhadap ,translated
O006-PSU-001-S0097,O006-PSU-001,Lesson00,discrete-distributions,1f406326921bec79f45d42910b78358c2d0f5b66470bd5e3fcfbe7f342f4edb9,", for ",", untuk ",translated
O006-PSU-001-S0098,O006-PSU-001,Lesson00,discrete-distributions,a6a5472310b592554a25afaf07ff7e8f5302b80854266e3d4823f317d9c1bfdd, ranges from 0 to 1., bernilai dari 0 sampai 1.,translated
O006-PSU-001-S0099,O006-PSU-001,Lesson00,discrete-distributions,53c0d3d6c8055e9a2a658bdc93afdef61d9a2cc261da9c105ca706feed48f7ee,If ,Jika ,translated
O006-PSU-001-S0100,O006-PSU-001,Lesson00,discrete-distributions,d89a4cb1e35a8cf80f28694a1cb39eaf6c53db38598ef312f07855ab5ef5e5ce, is a discrete random variable whose minimum is , merupakan peubah acak diskret dengan nilai minimum ,translated
O006-PSU-001-S0101,O006-PSU-001,Lesson00,discrete-distributions,6b6fbf17a9018a5a576852656b16aa6c3b28045346d91d28e02eb41e199eafce,", then ",", maka ",translated
O006-PSU-001-S0102,O006-PSU-001,Lesson00,discrete-distributions,9b3640a69f29c29f339a62d0fb0e3b08a28f68d5d5c2c807d653b476de45f386, If , Jika ,translated
O006-PSU-001-S0103,O006-PSU-001,Lesson00,discrete-distributions,ba17c0a09be113e386c83e6e61e0b467b07e2e6de6e5388972981f13212895ba, is less than , lebih kecil daripada ,translated
O006-PSU-001-S0104,O006-PSU-001,Lesson00,discrete-distributions,6b6fbf17a9018a5a576852656b16aa6c3b28045346d91d28e02eb41e199eafce,", then ",", maka ",translated
O006-PSU-001-S0105,O006-PSU-001,Lesson00,discrete-distributions,50d0c1240aadde0060298b018181d6a7fe45dd6c75d690494a5216378fa4ed96,If the maximum value of ,Jika nilai maksimum ,translated
O006-PSU-001-S0106,O006-PSU-001,Lesson00,discrete-distributions,81afb10b461acd8f2b7eee698fb0c314c454f7acb574a34baded7f6912fc7a0f, is , adalah ,translated
O006-PSU-001-S0107,O006-PSU-001,Lesson00,discrete-distributions,6b6fbf17a9018a5a576852656b16aa6c3b28045346d91d28e02eb41e199eafce,", then ",", maka ",translated
O006-PSU-001-S0108,O006-PSU-001,Lesson00,discrete-distributions,99a059c83efb9659ce525ae70a4a9a66f994be1f562b02498de0d65afb9a9b7f,Also called the ,Disebut juga ,translated
O006-PSU-001-S0109,O006-PSU-001,Lesson00,discrete-distributions,06a3371d56f673ca1a64996560a5bb8a9e66c6a2c6d1be3b2a360782a25c4bd4,distribution function,fungsi distribusi,translated
O006-PSU-001-S0110,O006-PSU-001,Lesson00,discrete-distributions,03114107314c35f85e634f59406c9fb2119344cecdfac23e570226eaef5fe214,All probabilities concerning ,Semua peluang yang berkaitan dengan ,translated
O006-PSU-001-S0111,O006-PSU-001,Lesson00,discrete-distributions,5e01988feeb961f8260d245c71ebe94e056fdaee70e35e5f7cddf0feaf4f9311, can be stated in terms of , dapat dinyatakan dalam ,translated
O006-PSU-001-S0112,O006-PSU-001,Lesson00,discrete-distributions,bf45ddc4c975583cee57dedb7aa272f9a7805a47e9f7e9d4706feaf97d1f6075,"Below is a list some of the named discrete distributions from the previous course. It is important to be able to recall the probability mass functions, expected values, and variances for these discrete distributions.","Berikut adalah daftar beberapa distribusi diskret bernama dari mata kuliah sebelumnya. Anda perlu mengingat fungsi massa peluang, nilai harapan, dan varians dari distribusi-distribusi diskret ini.",translated
O006-PSU-001-S0113,O006-PSU-001,Lesson00,discrete-distributions,f833340568bc260e788795f0f2600f4cf90a1c73643a73cdaf45e19bcba541e8,Bernoulli,Bernoulli,translated
O006-PSU-001-S0114,O006-PSU-001,Lesson00,discrete-distributions,74e43584eee270301804b8f1ce28d76810256fe240c8fdae33d8f9af73dfbf67,: (p) with ,: (p) dengan ,translated
O006-PSU-001-S0115,O006-PSU-001,Lesson00,discrete-distributions,2b5fbae52b9d0819e0c2bec456b8f47bc7f3e3d87d03b9ed2a24e010193937cf,Note!,Catatan!,translated
O006-PSU-001-S0116,O006-PSU-001,Lesson00,discrete-distributions,1c473c7212e7e68a5b2febbf810e3af53fc530412c3c554d2dc96465cd8b0d63,"
The Bernoullu distribution is a special case of the Binomial distribution with ","
Distribusi Bernoulli merupakan kasus khusus distribusi Binomial dengan ",translated
O006-PSU-001-S0117,O006-PSU-001,Lesson00,discrete-distributions,9e6d82c2b1c2351a2b395984ea236a73d61abeeb03b80c738e6db264e0739de4,Binomial,Binomial,translated
O006-PSU-001-S0118,O006-PSU-001,Lesson00,discrete-distributions,a7e09e590f5c0779c6fe5aacd09d8faab2d24ec374c9796e856104231c77eba8,": (n, p) with ",": (n, p) dengan ",translated
O006-PSU-001-S0119,O006-PSU-001,Lesson00,discrete-distributions,5506501f682223134c2b67eafec7c1f134bc97f0643c74ce1b868a8be4c0027d,Geometric,Geometrik,translated
O006-PSU-001-S0120,O006-PSU-001,Lesson00,discrete-distributions,74e43584eee270301804b8f1ce28d76810256fe240c8fdae33d8f9af73dfbf67,: (p) with ,: (p) dengan ,translated
O006-PSU-001-S0121,O006-PSU-001,Lesson00,discrete-distributions,d18368bcb1dfa408b8be0e3d6c477ba56097bbf800fd894a8ab657c7067fa3b9,Negative Binomial,Binomial Negatif,translated
O006-PSU-001-S0122,O006-PSU-001,Lesson00,discrete-distributions,66e14f6ca5ccfcf05ce76fa4233eccdc2e4be3fcca1e748b5119857cf7ccba1d,": (r, p) with ",": (r, p) dengan ",translated
O006-PSU-001-S0123,O006-PSU-001,Lesson00,discrete-distributions,e3ee915a8e8c7aa02d2fced443314522b20824abd2535d5959c41dc8ab8a09e4, and , dan ,translated
O006-PSU-001-S0124,O006-PSU-001,Lesson00,discrete-distributions,2b5fbae52b9d0819e0c2bec456b8f47bc7f3e3d87d03b9ed2a24e010193937cf,Note!,Catatan!,translated
O006-PSU-001-S0125,O006-PSU-001,Lesson00,discrete-distributions,374caeff7f2fdea6fbf42143bf08e3a3fed2694b2d4ab17ecc4b4421d1a8880d,"
The Geometric distribution is a special case of the Negative Binomial distribution with ","
Distribusi Geometrik merupakan kasus khusus distribusi Binomial Negatif dengan ",translated
O006-PSU-001-S0126,O006-PSU-001,Lesson00,discrete-distributions,282d1001e440e51743165ec09e41880bfc472a28dbc4b5eac704aa32854dba39,Hypergeometric,Hipergeometrik,translated
O006-PSU-001-S0127,O006-PSU-001,Lesson00,discrete-distributions,2d96108e81e907d1327b1b4336b745869d811e6709e603d1db635d0e82f80f3b,": (n, ",": (n, ",translated
O006-PSU-001-S0128,O006-PSU-001,Lesson00,discrete-distributions,4f5b22cb5370ef8bb64f32d1ba75b18abba4936634c028dc32b7e2a58d5540ec,) with ,) dengan ,translated
O006-PSU-001-S0129,O006-PSU-001,Lesson00,discrete-distributions,244d28cb704d7ba877769c7cf1eb61f76018497f5c8e237896224015079d3d58,Poisson,Poisson,translated
O006-PSU-001-S0130,O006-PSU-001,Lesson00,discrete-distributions,4f5b22cb5370ef8bb64f32d1ba75b18abba4936634c028dc32b7e2a58d5540ec,) with ,) dengan ,translated
O006-PSU-001-S0131,O006-PSU-001,Lesson00,continuous-distributions,4ad749aff405f39e0d36ef0cd8b1996a74ec7812b1c87da687550c197a1d5f4f,Continuous Distributions,Distribusi Kontinu,translated
O006-PSU-001-S0132,O006-PSU-001,Lesson00,continuous-distributions,2266dffadc4b758eb8a98aa9410e94833059616263866d56d0a49d2559a93a2a,"In this section, we present some of the named distributions for continuous random variables.","Dalam bagian ini, kita menyajikan beberapa distribusi bernama untuk peubah acak kontinu.",translated
O006-PSU-001-S0133,O006-PSU-001,Lesson00,continuous-distributions,eedacb936487fd74f9d3b88b3d591cdcb2fbbe73a69d8873d43e708b94751379,Def. 8 (Probability Density Function),Definisi 8 (Fungsi Kepadatan Peluang),translated
O006-PSU-001-S0134,O006-PSU-001,Lesson00,continuous-distributions,f60d0ba9ee264b95dcc0bafd7c70487c744d8431e650023bc2b1b5f6282ef89f," For a continuous random variable, "," Untuk peubah acak kontinu, ",translated
O006-PSU-001-S0135,O006-PSU-001,Lesson00,continuous-distributions,ce471216da8ee5f0e0293817f979c8a3328020eb396580a2078f1e0c0592cae4,", the ",", ",translated
O006-PSU-001-S0136,O006-PSU-001,Lesson00,continuous-distributions,0123973b7219c7d0d6001cd61f7fb4f6586e06397f81af8ee01c83615a06c901,probability density function,fungsi kepadatan peluang,translated
O006-PSU-001-S0137,O006-PSU-001,Lesson00,continuous-distributions,26a97d05e438cc71ed8e02d5f726ae6ec5cabad2458ac58ebb14ae19f25d293e, (pdf or PDF) is a function that satisfies the following properties:, (pdf atau PDF) adalah fungsi yang memenuhi sifat-sifat berikut:,translated
O006-PSU-001-S0138,O006-PSU-001,Lesson00,continuous-distributions,16eacd23d9b5d822d0b511bcf1d6e143481a007a9ebc7143e2339a1732c134f8,", for all ",", untuk semua ",translated
O006-PSU-001-S0139,O006-PSU-001,Lesson00,continuous-distributions,90cbbeee5ca6b9c068fe5b4b147b8f3bcd5e8b8c2da825c823e15cfb9f235d12, the support , himpunan dukungan ,translated
O006-PSU-001-S0140,O006-PSU-001,Lesson00,continuous-distributions,99599eea0ddc7167d408646c28f22da26369432b53698513d8bf902df3b735ab,The area under the curve ,Luas di bawah kurva ,translated
O006-PSU-001-S0141,O006-PSU-001,Lesson00,continuous-distributions,884f139d18780e7b6310dc5c76ed6535bf3e845e150756687a45c0d786c4df66, in the support is equal to 1. That is: , pada himpunan dukungan sama dengan 1. Yaitu: ,translated
O006-PSU-001-S0142,O006-PSU-001,Lesson00,continuous-distributions,53c0d3d6c8055e9a2a658bdc93afdef61d9a2cc261da9c105ca706feed48f7ee,If ,Jika ,translated
O006-PSU-001-S0143,O006-PSU-001,Lesson00,continuous-distributions,c65180377c83a6ec72d1dac2ce5f429808425694eca97e2c0d41aaaa5819203f," is an interval, then the probability that "," merupakan suatu interval, maka peluang bahwa ",translated
O006-PSU-001-S0144,O006-PSU-001,Lesson00,continuous-distributions,c79a29181111aeeef9223794481109c0978c1050a13d55dbb4cf04477937e698, belongs to , termasuk dalam ,translated
O006-PSU-001-S0145,O006-PSU-001,Lesson00,continuous-distributions,f8e64d72bbaf46fb61ac0d8e72ede239f5f1946e9c2a06dfc36ce760fb22d971, is: , adalah: ,translated
O006-PSU-001-S0146,O006-PSU-001,Lesson00,continuous-distributions,aa214c96b9287c2f6b6a985acc01964580e76da4c7277fb67b2ecb66f3448e90,"It is important to note that unlike the probability mass function (pmf) of a discrete random variable, ","Penting diperhatikan bahwa, berbeda dengan fungsi massa peluang (pmf) dari peubah acak diskret, ",translated
O006-PSU-001-S0147,O006-PSU-001,Lesson00,continuous-distributions,2818a393ed3870dce37f790795aed3dc3bf522fc47abba6e1bbe7e9d9349a486," for a continuous random variable, "," untuk peubah acak kontinu, ",translated
O006-PSU-001-S0148,O006-PSU-001,Lesson00,continuous-distributions,b863e225e5da7e6423e08a60e7620d5efa1502d8f51d978e2c72626fa4ef3b34,", In fact, ",". Bahkan, ",translated
O006-PSU-001-S0149,O006-PSU-001,Lesson00,continuous-distributions,b97c329094dd29378717bd4f50662c1b4ea2fd20ac90478ebda9f935252989da, if , jika ,translated
O006-PSU-001-S0150,O006-PSU-001,Lesson00,continuous-distributions,cc3e894b1e81d53dc1e867d67190b598a034437400a667c437e96fd2c6b8b97a, is a continuous random variable., merupakan peubah acak kontinu.,translated
O006-PSU-001-S0151,O006-PSU-001,Lesson00,continuous-distributions,8017a9517fed12a3243c09077a5687ba94cf9f1b3439a2e1d1cd7136d84ff4b6,"Next, we will review the named continuous distributions. Again, it is import to recognize the probability density functions, expected values, and variances the these continuous distributions.","Selanjutnya, kita akan meninjau distribusi-distribusi kontinu bernama. Sekali lagi, Anda perlu mengenali fungsi kepadatan peluang, nilai harapan, dan varians dari distribusi-distribusi kontinu ini.",translated
O006-PSU-001-S0152,O006-PSU-001,Lesson00,continuous-distributions,703390318bd55aef50b7823d2b90a846debff99e6e3d401a24a921b733912a6d,Beta,Beta,translated
O006-PSU-001-S0153,O006-PSU-001,Lesson00,continuous-distributions,80eb91403b654b00f2c314fdf92d5d85921bb5378562d9206b78057cc33ddb64,"), with ","), dengan ",translated
O006-PSU-001-S0154,O006-PSU-001,Lesson00,continuous-distributions,e3ee915a8e8c7aa02d2fced443314522b20824abd2535d5959c41dc8ab8a09e4, and , dan ,translated
O006-PSU-001-S0155,O006-PSU-001,Lesson00,continuous-distributions,a58da51adb22134abcc1d2f43a097b3b5bf57883408200e7ddcd2fb0e0dbdb6c,Exponential,Eksponensial,translated
O006-PSU-001-S0156,O006-PSU-001,Lesson00,continuous-distributions,80eb91403b654b00f2c314fdf92d5d85921bb5378562d9206b78057cc33ddb64,"), with ","), dengan ",translated
O006-PSU-001-S0157,O006-PSU-001,Lesson00,continuous-distributions,2b5fbae52b9d0819e0c2bec456b8f47bc7f3e3d87d03b9ed2a24e010193937cf,Note!,Catatan!,translated
O006-PSU-001-S0158,O006-PSU-001,Lesson00,continuous-distributions,3336ee6b8a6431e4344e91506befe5fd0161cdd76cf3643cfafa8d2dd18adcb0,"
The exponential distribution is a special case of the Gamma distribution with ","
Distribusi eksponensial merupakan kasus khusus distribusi Gamma dengan ",translated
O006-PSU-001-S0159,O006-PSU-001,Lesson00,continuous-distributions,35835c2cfb3a966873ec6db8b3dc752719bb1b68ace0e6c44c480465387e0d85,Chi-square,Khi-kuadrat,translated
O006-PSU-001-S0160,O006-PSU-001,Lesson00,continuous-distributions,edf3f440000a7fd03e2615981cb28cdc872f6ba19cdf59088f7015f8eccdbdae,"(r), with ","(r), dengan ",translated
O006-PSU-001-S0161,O006-PSU-001,Lesson00,continuous-distributions,2b5fbae52b9d0819e0c2bec456b8f47bc7f3e3d87d03b9ed2a24e010193937cf,Note!,Catatan!,translated
O006-PSU-001-S0162,O006-PSU-001,Lesson00,continuous-distributions,353fc3bf38a58697e405195f3ab6c9a77b3f1db2e51aa780135fe6b24a44b524, The chi-square distribution is a special case of the Gamma distribution with , Distribusi khi-kuadrat merupakan kasus khusus distribusi Gamma dengan ,translated
O006-PSU-001-S0163,O006-PSU-001,Lesson00,continuous-distributions,e3ee915a8e8c7aa02d2fced443314522b20824abd2535d5959c41dc8ab8a09e4, and , dan ,translated
O006-PSU-001-S0164,O006-PSU-001,Lesson00,continuous-distributions,a8ab3d5805c9214bc66b794f599cbccd5a5958dc5a6a322ee81e3a68344c6db7,Gamma,Gamma,translated
O006-PSU-001-S0165,O006-PSU-001,Lesson00,continuous-distributions,4f5b22cb5370ef8bb64f32d1ba75b18abba4936634c028dc32b7e2a58d5540ec,) with ,) dengan ,translated
O006-PSU-001-S0166,O006-PSU-001,Lesson00,continuous-distributions,e3ee915a8e8c7aa02d2fced443314522b20824abd2535d5959c41dc8ab8a09e4, and , dan ,translated
O006-PSU-001-S0167,O006-PSU-001,Lesson00,continuous-distributions,a7248eeb45eb1ce247f81693283e22e8b39e8a50890cecd22d02e75025547d90,Normal,Normal,translated
O006-PSU-001-S0168,O006-PSU-001,Lesson00,continuous-distributions,4f5b22cb5370ef8bb64f32d1ba75b18abba4936634c028dc32b7e2a58d5540ec,) with ,) dengan ,translated
O006-PSU-001-S0169,O006-PSU-001,Lesson00,continuous-distributions,6a22b156718da1a50982d1b95ad694619ac5612ee78d74b7619a96c9eeb0bc33,Uniform,Seragam,translated
O006-PSU-001-S0170,O006-PSU-001,Lesson00,mathematical-expectations,a9872b7b7f0ef6798dc2bbda79798bae6400b7edb3ec32c06186d2368f63bee1,0.3: Mathematical Expectations,0.3: Ekspektasi Matematis,translated
O006-PSU-001-S0171,O006-PSU-001,Lesson00,mathematical-expectations,89827c8daa51de573e0af9f5cc5525fdba547f4f0fb67a6ac84d3ac1ec0a9bbf,"You should be able to find the expected value and variance of a given random variable, as well as expected values of functions of random variables. Expectations will become particularly important when we learn about properties of estimators in the next few lessons.","Anda harus mampu menentukan nilai harapan dan varians suatu peubah acak, serta nilai harapan fungsi dari peubah acak. Ekspektasi akan menjadi sangat penting ketika kita mempelajari sifat-sifat penaksir dalam beberapa pelajaran berikutnya.",translated
O006-PSU-001-S0172,O006-PSU-001,Lesson00,mathematical-expectations,797bf34e6f68eddb3d436adcd97e9b0a90765d151fed863fc2947f7a28ba8b18,Def. 9 (Mathematical Expectation for discrete random variable),Definisi 9 (Ekspektasi Matematis untuk peubah acak diskret),translated
O006-PSU-001-S0173,O006-PSU-001,Lesson00,mathematical-expectations,9b3640a69f29c29f339a62d0fb0e3b08a28f68d5d5c2c807d653b476de45f386, If , Jika ,translated
O006-PSU-001-S0174,O006-PSU-001,Lesson00,mathematical-expectations,64b7001fe347105e2c06976c8abaf5df816d0e35d96696f7c84634d2638d5884, is the probability mass function (pmf) of the discrete random variable , merupakan fungsi massa peluang (pmf) dari peubah acak diskret ,translated
O006-PSU-001-S0175,O006-PSU-001,Lesson00,mathematical-expectations,4c193fd06ba1b20258fdbdc79a7bf0bd2066166efeaba9fd427fb2b26f467022, with support , dengan himpunan dukungan ,translated
O006-PSU-001-S0176,O006-PSU-001,Lesson00,mathematical-expectations,21af431013ed82137fa8107d91ba4fe3598dc8c82d051c25eb23e129b74be114,", and if the summation ",", dan jika penjumlahan ",translated
O006-PSU-001-S0177,O006-PSU-001,Lesson00,mathematical-expectations,e788366b0a4be74f1b6da03b2243bd57e42cd84be17b83f6f2e43a7dd816d1b4," exists (that is, it is less than "," ada (yaitu, nilainya lebih kecil dari ",translated
O006-PSU-001-S0178,O006-PSU-001,Lesson00,mathematical-expectations,e16f04cad0ba03254570cded86e405f1937c763875fc6c18465af7a1f6c29e76,"), then the resulting sum is called the mathematical expectation or the expected value of the function ","), maka jumlah yang dihasilkan disebut ekspektasi matematis atau nilai harapan dari fungsi ",translated
O006-PSU-001-S0179,O006-PSU-001,Lesson00,mathematical-expectations,2e8f80ff3f7de4feef2b1366e3cf57a61f760240f8abe2c8829e41182bc80330,. The expectation is denoted ,. Ekspektasi tersebut dinotasikan dengan ,translated
O006-PSU-001-S0180,O006-PSU-001,Lesson00,mathematical-expectations,d5044c9bee03d7a77a19dfe8bfab3d8b8f6349fbc700cddbf55aeb077647b568,Def. 10 (Mathematical Expectation for a continuous random variable),Definisi 10 (Ekspektasi Matematis untuk peubah acak kontinu),translated
O006-PSU-001-S0181,O006-PSU-001,Lesson00,mathematical-expectations,f60d0ba9ee264b95dcc0bafd7c70487c744d8431e650023bc2b1b5f6282ef89f," For a continuous random variable, "," Untuk peubah acak kontinu, ",translated
O006-PSU-001-S0182,O006-PSU-001,Lesson00,mathematical-expectations,693ff036fdf093ea879b9b015c07547e5fcddaa0e5dbf2a32e387a1b20d8023a,", with probability distribution function (pdf), ",", dengan fungsi kepadatan peluang (pdf), ",translated
O006-PSU-001-S0183,O006-PSU-001,Lesson00,mathematical-expectations,00906c92b56944f8ed009c44c7806ad361bb7e6c5924ce9b4d6e88a52160f513,", the expected value of a function of ",", nilai harapan fungsi dari ",translated
O006-PSU-001-S0184,O006-PSU-001,Lesson00,mathematical-expectations,81afb10b461acd8f2b7eee698fb0c314c454f7acb574a34baded7f6912fc7a0f, is , adalah ,translated
O006-PSU-001-S0185,O006-PSU-001,Lesson00,mathematical-expectations,0e60f4c31bc60c1d1ff37ae1d9a695a81f8e78e8a6465769888f50dec7cc9410,Special mathematical expectations:,Ekspektasi matematis khusus:,translated
O006-PSU-001-S0186,O006-PSU-001,Lesson00,mathematical-expectations,53c0d3d6c8055e9a2a658bdc93afdef61d9a2cc261da9c105ca706feed48f7ee,If ,Jika ,translated
O006-PSU-001-S0187,O006-PSU-001,Lesson00,mathematical-expectations,086e1163c560c3840af0635b4c130f869cc190c95e71a4ef45b7f2575c2e7805, then , maka ,translated
O006-PSU-001-S0188,O006-PSU-001,Lesson00,mathematical-expectations,53c0d3d6c8055e9a2a658bdc93afdef61d9a2cc261da9c105ca706feed48f7ee,If ,Jika ,translated
O006-PSU-001-S0189,O006-PSU-001,Lesson00,mathematical-expectations,6b6fbf17a9018a5a576852656b16aa6c3b28045346d91d28e02eb41e199eafce,", then ",", maka ",translated
O006-PSU-001-S0190,O006-PSU-001,Lesson00,mathematical-expectations,1150f05446e4d34452b320c78645f5d7f717b745ab3165abde97c15ddc650da5,Note:,Catatan:,translated
O006-PSU-001-S0191,O006-PSU-001,Lesson00,mathematical-expectations,1f3cfed86e838d0eae9ce82b45b8993f7f143c8e33e99eb37ede84008d64a98c,"
Recall: ","
Ingat: ",translated
O006-PSU-001-S0192,O006-PSU-001,Lesson00,mathematical-expectations,3370c1eed1bc5a3cf40af87b9527ea20b53e4d38412e28ec0ac1913dce2fdcbb, and therefore , dan oleh karena itu ,translated
O006-PSU-001-S0193,O006-PSU-001,Lesson00,bivariate-distributions,efd74cff95ef6e357e9771fbf7cee5241dc2bd329f4c09b8e309f914302963f1,0.4: Bivariate Distributions,0.4: Distribusi Bivariat,translated
O006-PSU-001-S0194,O006-PSU-001,Lesson00,bivariate-distributions,d4440d1a75ae5098c6b4ba9ed22a89bb178fc528cf774e580b8313be30e763ad,"In this class, it will important to recall bivariate distributions, and be able to make the extension to multivariate distributions. A ","Dalam mata kuliah ini, penting untuk mengingat kembali distribusi bivariat dan mampu memperluasnya ke distribusi multivariat. Sebuah ",translated
O006-PSU-001-S0195,O006-PSU-001,Lesson00,bivariate-distributions,a0ecdee1d1bbed26581345d533a6f776f2de63db05199143eb1c42c1e57a12d7,joint (bivariate) probability distribution,distribusi peluang bersama (bivariat),translated
O006-PSU-001-S0196,O006-PSU-001,Lesson00,bivariate-distributions,dfa135c3368bb1348ed40eaed8890b8eb43fc4f8b646f86eff2767a91a5054e6, describes the probability that a randomly selected object from the population has two characteristics of interest., menyatakan peluang bahwa suatu objek yang dipilih secara acak dari populasi memiliki dua karakteristik yang diminati.,translated
O006-PSU-001-S0197,O006-PSU-001,Lesson00,bivariate-distributions,366aefd6fee3f7a246cae91b6310e82a7af50a094744577f05e1d30b55194337,Recall the definition of a joint (bivariate) probability mass function.,Ingat kembali definisi fungsi massa peluang bersama (bivariat).,translated
O006-PSU-001-S0198,O006-PSU-001,Lesson00,bivariate-distributions,6c7df130e2786e336bc1327153f0027ab305b672748607af505ea727e8a1eee5,Def. 11 (Joint Probability Mass Function),Def. 11 (Fungsi Massa Peluang Bersama),translated
O006-PSU-001-S0199,O006-PSU-001,Lesson00,bivariate-distributions,c99daa81da9a1194c3f4d33c7020a3736d3fa7de6904b5d7f1bd07ecffaf45cb, Let , Misalkan ,translated
O006-PSU-001-S0200,O006-PSU-001,Lesson00,bivariate-distributions,e3ee915a8e8c7aa02d2fced443314522b20824abd2535d5959c41dc8ab8a09e4, and , dan ,translated
O006-PSU-001-S0201,O006-PSU-001,Lesson00,bivariate-distributions,806b1ca7f50452124f0a5b5a5ce7e357856a274612dc48949c5b4d5f329df778," be two discrete random variabled, and let "," adalah dua peubah acak diskret, dan misalkan ",translated
O006-PSU-001-S0202,O006-PSU-001,Lesson00,bivariate-distributions,dd9270e6823d945cb168e4d1219096f26844e235e3fbd068b3bfb36883fb9b96, denote the two-dimensional support of , menyatakan himpunan dukungan dua dimensi bagi ,translated
O006-PSU-001-S0203,O006-PSU-001,Lesson00,bivariate-distributions,e3ee915a8e8c7aa02d2fced443314522b20824abd2535d5959c41dc8ab8a09e4, and , dan ,translated
O006-PSU-001-S0204,O006-PSU-001,Lesson00,bivariate-distributions,70486099fdf1deb55e500fc32467285baf904419d6e0356cb09a48a6d6233324,. The function ,. Fungsi ,translated
O006-PSU-001-S0205,O006-PSU-001,Lesson00,bivariate-distributions,fd45e3a64ca7c6b6f0b4a1ce0a098d84946e275ee529275f970fc7e2f7d19e84, is a , merupakan ,translated
O006-PSU-001-S0206,O006-PSU-001,Lesson00,bivariate-distributions,2c2b1d0f0cba92d29d9e032678296276c35c8dc36de90111abb993b3291f7e38,joint probability mass function,fungsi massa peluang bersama,translated
O006-PSU-001-S0207,O006-PSU-001,Lesson00,bivariate-distributions,400d9edb1632a0e8dfd945b69dcb957e33413b1fc37f0d23c44754b4f174ecdb, (pmf) if it satisfies the following three conditions:, (PMF) jika memenuhi tiga syarat berikut:,translated
O006-PSU-001-S0208,O006-PSU-001,Lesson00,bivariate-distributions,26c472d80e077c4b113da6c98d96b3d9fb63d21e6f3dade0707057b4a47a483c,", where ",", dengan ",translated
O006-PSU-001-S0209,O006-PSU-001,Lesson00,bivariate-distributions,1f6b613f461da1689eb637c06a899ba3720e7097499110effb6ef39c48b0938d, is a subset of the support , merupakan subhimpunan dari himpunan dukungan ,translated
O006-PSU-001-S0210,O006-PSU-001,Lesson00,bivariate-distributions,bf557c0b3b830a7e2efd969279ebd7d30a0c683db6bf05954692fafc035fc5c2,Def. 12 (Joint Probability Density Function),Def. 12 (Fungsi Kepadatan Peluang Bersama),translated
O006-PSU-001-S0211,O006-PSU-001,Lesson00,bivariate-distributions,c99daa81da9a1194c3f4d33c7020a3736d3fa7de6904b5d7f1bd07ecffaf45cb, Let , Misalkan ,translated
O006-PSU-001-S0212,O006-PSU-001,Lesson00,bivariate-distributions,e3ee915a8e8c7aa02d2fced443314522b20824abd2535d5959c41dc8ab8a09e4, and , dan ,translated
O006-PSU-001-S0213,O006-PSU-001,Lesson00,bivariate-distributions,afbef3c1a844f7373b9ca9bebf43b1fc231dbc9098d887c4e2caf489d4eb67de," be two continuous random variables, and let "," adalah dua peubah acak kontinu, dan misalkan ",translated
O006-PSU-001-S0214,O006-PSU-001,Lesson00,bivariate-distributions,dd9270e6823d945cb168e4d1219096f26844e235e3fbd068b3bfb36883fb9b96, denote the two-dimensional support of , menyatakan himpunan dukungan dua dimensi bagi ,translated
O006-PSU-001-S0215,O006-PSU-001,Lesson00,bivariate-distributions,e3ee915a8e8c7aa02d2fced443314522b20824abd2535d5959c41dc8ab8a09e4, and , dan ,translated
O006-PSU-001-S0216,O006-PSU-001,Lesson00,bivariate-distributions,827841e50e9d306f73608939e3c23f43d1dea5f198ce69e13e991572c4c93ece,". Then, the function ",. Maka fungsi ,translated
O006-PSU-001-S0217,O006-PSU-001,Lesson00,bivariate-distributions,fd45e3a64ca7c6b6f0b4a1ce0a098d84946e275ee529275f970fc7e2f7d19e84, is a , merupakan ,translated
O006-PSU-001-S0218,O006-PSU-001,Lesson00,bivariate-distributions,b420847f2bec577646f42e4c632fa13aec54394d331ccfee23b67bacea8a9127,joint probability density function,fungsi kepadatan peluang bersama,translated
O006-PSU-001-S0219,O006-PSU-001,Lesson00,bivariate-distributions,d810b5001427ad2acc65efdd189b09ac9b2a9ccc1997c2067728a03c6e0bd9db, (pdf) if it satisfies the following three conditions:, (PDF) jika memenuhi tiga syarat berikut:,translated
O006-PSU-001-S0220,O006-PSU-001,Lesson00,bivariate-distributions,2a8cbd075a36c54e845e09e26de107837aee337843deb58d43e35b16d7f00c7e,where ,dengan ,translated
O006-PSU-001-S0221,O006-PSU-001,Lesson00,bivariate-distributions,67c372c454ddda50b5eb423c4887701dbe8107c9b2a83a9260811d7dd66e1225, is an event in the , merupakan kejadian pada bidang ,translated
O006-PSU-001-S0222,O006-PSU-001,Lesson00,bivariate-distributions,99234c6be303b07a6b120e1bc281795234bd5e1ed8dc9197ff34bdb9b2ec2a17,-plane.,.,translated
O006-PSU-001-S0223,O006-PSU-001,Lesson00,bivariate-distributions,fe676b62b173835ed0248df38faf8b1807c0b1cc4e652147fecb8b1a9e7328dc,Def. 13 (Marginal PMFs),Def. 13 (Fungsi Massa Peluang Marginal),translated
O006-PSU-001-S0224,O006-PSU-001,Lesson00,bivariate-distributions,c99daa81da9a1194c3f4d33c7020a3736d3fa7de6904b5d7f1bd07ecffaf45cb, Let , Misalkan ,translated
O006-PSU-001-S0225,O006-PSU-001,Lesson00,bivariate-distributions,8948063be3c8d8cbd01ead924bad717d886f3b0f2e1995fd3a983caeb992ef61, be a discrete random variable with support , adalah peubah acak diskret dengan himpunan dukungan ,translated
O006-PSU-001-S0226,O006-PSU-001,Lesson00,bivariate-distributions,6a7ed048a8ef1881cdd09fd5a8f7721514632613e917ef747c475130fd497f53,", and let ",", dan misalkan ",translated
O006-PSU-001-S0227,O006-PSU-001,Lesson00,bivariate-distributions,8948063be3c8d8cbd01ead924bad717d886f3b0f2e1995fd3a983caeb992ef61, be a discrete random variable with support , adalah peubah acak diskret dengan himpunan dukungan ,translated
O006-PSU-001-S0228,O006-PSU-001,Lesson00,bivariate-distributions,883c209c2b222a9487ae361dbb9b49e0a580919dc95499807974a6f5ceb70a32,. Let ,. Misalkan ,translated
O006-PSU-001-S0229,O006-PSU-001,Lesson00,bivariate-distributions,e3ee915a8e8c7aa02d2fced443314522b20824abd2535d5959c41dc8ab8a09e4, and , dan ,translated
O006-PSU-001-S0230,O006-PSU-001,Lesson00,bivariate-distributions,cccfdda72516570c41bc10ecb3fbebce4a98b73fc4a1b2686b4ca4e3e67fc53b, have a joint probability mass function , memiliki fungsi massa peluang bersama ,translated
O006-PSU-001-S0231,O006-PSU-001,Lesson00,bivariate-distributions,4c193fd06ba1b20258fdbdc79a7bf0bd2066166efeaba9fd427fb2b26f467022, with support , dengan himpunan dukungan ,translated
O006-PSU-001-S0232,O006-PSU-001,Lesson00,bivariate-distributions,97b29d4c5706ebf0c2248bafc214b584ce4574b1f36bb4490b2439e04578ad20,". Then, the probability mass function of ",. Maka fungsi massa peluang ,translated
O006-PSU-001-S0233,O006-PSU-001,Lesson00,bivariate-distributions,f7f37ba8dafd99e3a1e77b32c1551131f2c71d7abe70b3d690aef4c3b88f081f," alone, which is called the "," saja, yang disebut ",translated
O006-PSU-001-S0234,O006-PSU-001,Lesson00,bivariate-distributions,2e977001b9dfa724caaa2495a4c379e9f710464dafdf385b25701d23f87c8e60,marginal probability mass function of,fungsi massa peluang marginal,translated
O006-PSU-001-S0235,O006-PSU-001,Lesson00,bivariate-distributions,8ae18b95f3e831e310b7a8f41a408d0014f2993c5336ad5a1fd9b2e861fdb3e5, is defined by: ," , didefinisikan sebagai: ",translated
O006-PSU-001-S0236,O006-PSU-001,Lesson00,bivariate-distributions,fa2dc4676e54fe00cb524d5e4544907f0ef81d227be3f19eacd871054ccde136," where, for each "," dengan penjumlahan, untuk setiap ",translated
O006-PSU-001-S0237,O006-PSU-001,Lesson00,bivariate-distributions,f35adbf4e6246bd9c827c8c17a3e719bd0bc264a30f8401d0f3a9c5278ada891, in the support , dalam himpunan dukungan ,translated
O006-PSU-001-S0238,O006-PSU-001,Lesson00,bivariate-distributions,3db23430f1cbd1c69d109d4489578464b21d2497beca9d9ce54a0670d43d459c,", the summation is taken over all possible values of ",", dilakukan atas semua nilai yang mungkin dari ",translated
O006-PSU-001-S0239,O006-PSU-001,Lesson00,bivariate-distributions,9eac942e7e120014e2cfe5044dab2c67ea61ff60a3975d70db96ad786c4ba6f3,"Similarly, the probability mass function of ","Demikian pula, fungsi massa peluang ",translated
O006-PSU-001-S0240,O006-PSU-001,Lesson00,bivariate-distributions,f7f37ba8dafd99e3a1e77b32c1551131f2c71d7abe70b3d690aef4c3b88f081f," alone, which is called the "," saja, yang disebut ",translated
O006-PSU-001-S0241,O006-PSU-001,Lesson00,bivariate-distributions,2e977001b9dfa724caaa2495a4c379e9f710464dafdf385b25701d23f87c8e60,marginal probability mass function of,fungsi massa peluang marginal,translated
O006-PSU-001-S0242,O006-PSU-001,Lesson00,bivariate-distributions,8ae18b95f3e831e310b7a8f41a408d0014f2993c5336ad5a1fd9b2e861fdb3e5, is defined by: ," , didefinisikan sebagai: ",translated
O006-PSU-001-S0243,O006-PSU-001,Lesson00,bivariate-distributions,fa2dc4676e54fe00cb524d5e4544907f0ef81d227be3f19eacd871054ccde136," where, for each "," dengan penjumlahan, untuk setiap ",translated
O006-PSU-001-S0244,O006-PSU-001,Lesson00,bivariate-distributions,f35adbf4e6246bd9c827c8c17a3e719bd0bc264a30f8401d0f3a9c5278ada891, in the support , dalam himpunan dukungan ,translated
O006-PSU-001-S0245,O006-PSU-001,Lesson00,bivariate-distributions,3db23430f1cbd1c69d109d4489578464b21d2497beca9d9ce54a0670d43d459c,", the summation is taken over all possible values of ",", dilakukan atas semua nilai yang mungkin dari ",translated
O006-PSU-001-S0246,O006-PSU-001,Lesson00,bivariate-distributions,73ad4ee2a74d7c2090ac17a739e17a0f1b8887350abb8f0a22dcc8bfa51cf683,Def. 14 (Marginal PDFs),Def. 14 (Fungsi Kepadatan Peluang Marginal),translated
O006-PSU-001-S0247,O006-PSU-001,Lesson00,bivariate-distributions,c99daa81da9a1194c3f4d33c7020a3736d3fa7de6904b5d7f1bd07ecffaf45cb, Let , Misalkan ,translated
O006-PSU-001-S0248,O006-PSU-001,Lesson00,bivariate-distributions,1bf797b9ec48f2a4925ed9edeba5a3361b51a79c89327949e2f503325ada34c8, be a continuous random variable with support , adalah peubah acak kontinu dengan himpunan dukungan ,translated
O006-PSU-001-S0249,O006-PSU-001,Lesson00,bivariate-distributions,6a7ed048a8ef1881cdd09fd5a8f7721514632613e917ef747c475130fd497f53,", and let ",", dan misalkan ",translated
O006-PSU-001-S0250,O006-PSU-001,Lesson00,bivariate-distributions,1bf797b9ec48f2a4925ed9edeba5a3361b51a79c89327949e2f503325ada34c8, be a continuous random variable with support , adalah peubah acak kontinu dengan himpunan dukungan ,translated
O006-PSU-001-S0251,O006-PSU-001,Lesson00,bivariate-distributions,883c209c2b222a9487ae361dbb9b49e0a580919dc95499807974a6f5ceb70a32,. Let ,. Misalkan ,translated
O006-PSU-001-S0252,O006-PSU-001,Lesson00,bivariate-distributions,e3ee915a8e8c7aa02d2fced443314522b20824abd2535d5959c41dc8ab8a09e4, and , dan ,translated
O006-PSU-001-S0253,O006-PSU-001,Lesson00,bivariate-distributions,d2ab384823e7d266d5887991847797778e0cd702298f44e72b692612ebde3002, have a joint probability denstiy function , memiliki fungsi kepadatan peluang bersama ,translated
O006-PSU-001-S0254,O006-PSU-001,Lesson00,bivariate-distributions,4c193fd06ba1b20258fdbdc79a7bf0bd2066166efeaba9fd427fb2b26f467022, with support , dengan himpunan dukungan ,translated
O006-PSU-001-S0255,O006-PSU-001,Lesson00,bivariate-distributions,14f9b02598daa70ebd5d0da4e7b6eb1681841a750739d0ee4bcf960fcf67e0d6,". Then, the probability density function of ",. Maka fungsi kepadatan peluang ,translated
O006-PSU-001-S0256,O006-PSU-001,Lesson00,bivariate-distributions,f7f37ba8dafd99e3a1e77b32c1551131f2c71d7abe70b3d690aef4c3b88f081f," alone, which is called the "," saja, yang disebut ",translated
O006-PSU-001-S0257,O006-PSU-001,Lesson00,bivariate-distributions,6bb043c6210275a03a40892642ad0701c6547626948ed9f54dc37aee84da377a,marginal probability density function of,fungsi kepadatan peluang marginal,translated
O006-PSU-001-S0258,O006-PSU-001,Lesson00,bivariate-distributions,8ae18b95f3e831e310b7a8f41a408d0014f2993c5336ad5a1fd9b2e861fdb3e5, is defined by: ," , didefinisikan sebagai: ",translated
O006-PSU-001-S0259,O006-PSU-001,Lesson00,bivariate-distributions,53bf446ef7f8a9a613b93e6ae5f592400f9c881bb83fa85ea5a79f739bf8010a,"Similarly, the probability density function of ","Demikian pula, fungsi kepadatan peluang ",translated
O006-PSU-001-S0260,O006-PSU-001,Lesson00,bivariate-distributions,f7f37ba8dafd99e3a1e77b32c1551131f2c71d7abe70b3d690aef4c3b88f081f," alone, which is called the "," saja, yang disebut ",translated
O006-PSU-001-S0261,O006-PSU-001,Lesson00,bivariate-distributions,6bb043c6210275a03a40892642ad0701c6547626948ed9f54dc37aee84da377a,marginal probability density function of,fungsi kepadatan peluang marginal,translated
O006-PSU-001-S0262,O006-PSU-001,Lesson00,bivariate-distributions,8ae18b95f3e831e310b7a8f41a408d0014f2993c5336ad5a1fd9b2e861fdb3e5, is defined by: ," , didefinisikan sebagai: ",translated
O006-PSU-001-S0263,O006-PSU-001,Lesson00,bivariate-distributions,e4a45c3f1683c3e0fbea20677d4be88d8b518fc572613cbc2ff639dad8d47e39,"Suppose we wish to determine if two random variables are independent, given the joint probability distribution and the marginal distributions. The random variables, ",Misalkan kita ingin menentukan apakah dua peubah acak saling bebas berdasarkan distribusi peluang bersama dan distribusi marginalnya. Peubah acak ,translated
O006-PSU-001-S0264,O006-PSU-001,Lesson00,bivariate-distributions,e3ee915a8e8c7aa02d2fced443314522b20824abd2535d5959c41dc8ab8a09e4, and , dan ,translated
O006-PSU-001-S0265,O006-PSU-001,Lesson00,bivariate-distributions,eb6b8af8b1fa371db0f651f5340384cd52162093b0c86586a7413859ef3b1011, are , adalah ,translated
O006-PSU-001-S0266,O006-PSU-001,Lesson00,bivariate-distributions,0275fca08c216c77b2a122787b6491a6796ab293e4097e5d62162c0ed4910f08,independent,saling bebas,translated
O006-PSU-001-S0267,O006-PSU-001,Lesson00,bivariate-distributions,e988c04da9973baa7e8dc378540f245638868467fb9506af54b1f82dae2fa70b, if and only if , jika dan hanya jika ,translated
O006-PSU-001-S0268,O006-PSU-001,Lesson00,bivariate-distributions,0804d52fa969ace6234836909e7ecd796ffb8760ec1c707d3f9a86f1733fbf7e, for all , untuk semua ,translated
O006-PSU-001-S0269,O006-PSU-001,Lesson00,bivariate-distributions,53c66c97c6be69bec8f36d79977e5b63277a6ff7139fd1bfabf20ee4dc78fb7a,". Otherwise, ",". Jika tidak, ",translated
O006-PSU-001-S0270,O006-PSU-001,Lesson00,bivariate-distributions,e3ee915a8e8c7aa02d2fced443314522b20824abd2535d5959c41dc8ab8a09e4, and , dan ,translated
O006-PSU-001-S0271,O006-PSU-001,Lesson00,bivariate-distributions,08628f9fbedb38a7168651aaa598dbf2f630d230a2039f4869ce351920a34518, are said to be , dikatakan ,translated
O006-PSU-001-S0272,O006-PSU-001,Lesson00,bivariate-distributions,75846e529667722d646a18ae052b393391cfe1ffe98c45f2952a63723938c003,dependent,saling bergantung,translated
O006-PSU-001-S0273,O006-PSU-001,Lesson00,conditional-distributions,85c456651b7d1fe24c5bd273311305842e5a24a83edb51ce250eb0876ff7e816,Conditional Distributions,Distribusi Bersyarat,translated
O006-PSU-001-S0274,O006-PSU-001,Lesson00,conditional-distributions,f280ea1fea24071a6485b25ab720bc3878f7aaba04d627158ccb9885e082087e,It is helpful to review conditional distributions for this course. They will be particularly useful when we cover Bayesian statistics.,"Distribusi bersyarat perlu diingat kembali karena akan sangat berguna dalam mata kuliah ini, khususnya ketika kita membahas statistika Bayes.",translated
O006-PSU-001-S0275,O006-PSU-001,Lesson00,conditional-distributions,7a7202fb1b53105f00a4308223160a22fd287678fcc8cf3681a36a57ee85e75a,A ,Sebuah ,translated
O006-PSU-001-S0276,O006-PSU-001,Lesson00,conditional-distributions,23b0ee8f1538e7a50486700350216f5791e346cb83d6530e8e09692696013176,conditional probability distribution,distribusi peluang bersyarat,translated
O006-PSU-001-S0277,O006-PSU-001,Lesson00,conditional-distributions,4ecb75be753b047200d23496947a2f22b5903a66a02de6744b730790e62cd6d1," is a probability distribution for a sub-population. That is, a conditional distribution describes the probability that a randomly selected object from a sub-population has the "," adalah distribusi peluang untuk suatu subpopulasi. Dengan kata lain, distribusi bersyarat menyatakan peluang bahwa objek yang dipilih secara acak dari suatu subpopulasi memiliki ",translated
O006-PSU-001-S0278,O006-PSU-001,Lesson00,conditional-distributions,996113caddb01779167d75d2307a86c6b8447a76016ad0df764dc00f4a8b35a2,one characteristic of interest,satu karakteristik yang diminati,translated
O006-PSU-001-S0279,O006-PSU-001,Lesson00,conditional-distributions,2fbba3e0a2c8cd1a0d8dc04fc81c2b1e20fde562debc6cc9012a9e7525a8bfd3,Def. 15 (Conditional probability mass function),Def. 15 (Fungsi Massa Peluang Bersyarat),translated
O006-PSU-001-S0280,O006-PSU-001,Lesson00,conditional-distributions,79e3f2a55928f9be8e9bf79254ff7e3ef670540a1c5ca07cfe875827d89757e0, The , Fungsi ,translated
O006-PSU-001-S0281,O006-PSU-001,Lesson00,conditional-distributions,898fb7bd7e02810dc5bc8c7d0dca17fe0d846b69573bd8ab42f874fc9304fed7,conditional probability mass function of,massa peluang bersyarat dari,translated
O006-PSU-001-S0282,O006-PSU-001,Lesson00,conditional-distributions,3d9ced6ab9039f8e48737dc031b1218c86328f45cc3cc0a9a2317c42574c7a83,", given ",", dengan diketahui ",translated
O006-PSU-001-S0283,O006-PSU-001,Lesson00,conditional-distributions,8ae18b95f3e831e310b7a8f41a408d0014f2993c5336ad5a1fd9b2e861fdb3e5, is defined by: ," , didefinisikan sebagai: ",translated
O006-PSU-001-S0284,O006-PSU-001,Lesson00,distributions-of-sums-of-several-random-variables,b7bb31b061ecc1e081d737e592a004ea5d10beba28cefc036575a625d1759e37,Distributions of Sums of Several Random Variables,Distribusi Jumlah Beberapa Peubah Acak,translated
O006-PSU-001-S0285,O006-PSU-001,Lesson00,distributions-of-sums-of-several-random-variables,be343fef7a6fc6f2b80dc7a01ebb2fadf84a7a6687ce416aaf87ffa174a592b0,"In this class, we will need to find the distributions of functions of random variables and also of functions of several random variables. Being able to recall some of the helpful There are some helpful theorems for the sum of several random variables.","Dalam mata kuliah ini, kita perlu menentukan distribusi fungsi dari satu maupun beberapa peubah acak. Teorema-teorema berikut berguna untuk menentukan distribusi jumlah beberapa peubah acak.",translated
O006-PSU-001-S0286,O006-PSU-001,Lesson00,distributions-of-sums-of-several-random-variables,074e90d168f99f9ed47bdfcfeb1a5854704c242af7b2c193efb052e088e7d051,Theorem 2,Teorema 2,translated
O006-PSU-001-S0287,O006-PSU-001,Lesson00,distributions-of-sums-of-several-random-variables,c99daa81da9a1194c3f4d33c7020a3736d3fa7de6904b5d7f1bd07ecffaf45cb, Let , Misalkan ,translated
O006-PSU-001-S0288,O006-PSU-001,Lesson00,distributions-of-sums-of-several-random-variables,c4d7218e81886b8cb5804c0c9745b59a91365b512b5e3d35c766d4cbefc0bc1d, be a random sample from a Bernoulli distribution with parameter p., adalah sampel acak dari distribusi Bernoulli dengan parameter p.,translated
O006-PSU-001-S0289,O006-PSU-001,Lesson00,distributions-of-sums-of-several-random-variables,98eaf2bb62f3aba5fc7f3bdb68d86f91ded26720525e436caa47409174c35f01,"
Then ","
Maka ",translated
O006-PSU-001-S0290,O006-PSU-001,Lesson00,distributions-of-sums-of-several-random-variables,c59e55a1843bd96048429ebbfc48c1e2291a7adeaefc7b66ce84ff38d6e5e123,Theorem 3,Teorema 3,translated
O006-PSU-001-S0291,O006-PSU-001,Lesson00,distributions-of-sums-of-several-random-variables,c99daa81da9a1194c3f4d33c7020a3736d3fa7de6904b5d7f1bd07ecffaf45cb, Let , Misalkan ,translated
O006-PSU-001-S0292,O006-PSU-001,Lesson00,distributions-of-sums-of-several-random-variables,41b700e0885c4039f6cddedbc147d36316cc65ab2b3273266c33fedee0137b22, be a random sample from a Binomial distribution with parameters , adalah sampel acak dari distribusi Binomial dengan parameter ,translated
O006-PSU-001-S0293,O006-PSU-001,Lesson00,distributions-of-sums-of-several-random-variables,5aac5cc996b18f2aea49b8dc5da86612fe1e2deeb29189f7b49b5b9eee58a421," and p, for "," dan p, untuk ",translated
O006-PSU-001-S0294,O006-PSU-001,Lesson00,distributions-of-sums-of-several-random-variables,98eaf2bb62f3aba5fc7f3bdb68d86f91ded26720525e436caa47409174c35f01,"
Then ","
Maka ",translated
O006-PSU-001-S0295,O006-PSU-001,Lesson00,distributions-of-sums-of-several-random-variables,f6362342f6fc040dd14ce8b3ee3b1ad817dd56a26d9755b7ea359a04ccb16637,Theorem 4,Teorema 4,translated
O006-PSU-001-S0296,O006-PSU-001,Lesson00,distributions-of-sums-of-several-random-variables,c99daa81da9a1194c3f4d33c7020a3736d3fa7de6904b5d7f1bd07ecffaf45cb, Let , Misalkan ,translated
O006-PSU-001-S0297,O006-PSU-001,Lesson00,distributions-of-sums-of-several-random-variables,67ceef7619b3b80f06c3a46a02d4488b7fd9a91ca48dd8811a96aef04e01f20c, be a random sample from a Poisson distribution with parameter , adalah sampel acak dari distribusi Poisson dengan parameter ,translated
O006-PSU-001-S0298,O006-PSU-001,Lesson00,distributions-of-sums-of-several-random-variables,1f406326921bec79f45d42910b78358c2d0f5b66470bd5e3fcfbe7f342f4edb9,", for ",", untuk ",translated
O006-PSU-001-S0299,O006-PSU-001,Lesson00,distributions-of-sums-of-several-random-variables,98eaf2bb62f3aba5fc7f3bdb68d86f91ded26720525e436caa47409174c35f01,"
Then ","
Maka ",translated
O006-PSU-001-S0300,O006-PSU-001,Lesson00,distributions-of-sums-of-several-random-variables,e6ab7e933ccbd850ff3a3d54be80349b43afca2e3c4f1a7f99393091d4a9d823,Theorem 5,Teorema 5,translated
O006-PSU-001-S0301,O006-PSU-001,Lesson00,distributions-of-sums-of-several-random-variables,c99daa81da9a1194c3f4d33c7020a3736d3fa7de6904b5d7f1bd07ecffaf45cb, Let , Misalkan ,translated
O006-PSU-001-S0302,O006-PSU-001,Lesson00,distributions-of-sums-of-several-random-variables,c1a2d5de4f225f93a4bdb7fc5e15c1e7f5c5a6efadc08407f66537044fe2a190, be a random sample from an Exponential distribution with parameter , adalah sampel acak dari distribusi Eksponensial dengan parameter ,translated
O006-PSU-001-S0303,O006-PSU-001,Lesson00,distributions-of-sums-of-several-random-variables,1f406326921bec79f45d42910b78358c2d0f5b66470bd5e3fcfbe7f342f4edb9,", for ",", untuk ",translated
O006-PSU-001-S0304,O006-PSU-001,Lesson00,distributions-of-sums-of-several-random-variables,98eaf2bb62f3aba5fc7f3bdb68d86f91ded26720525e436caa47409174c35f01,"
Then ","
Maka ",translated
O006-PSU-001-S0305,O006-PSU-001,Lesson00,distributions-of-sums-of-several-random-variables,5f7551a8458e45695e462420b38b763af6c74ff92de8b9c7dc75dc8941c1f3b8,Theorem 6,Teorema 6,translated
O006-PSU-001-S0306,O006-PSU-001,Lesson00,distributions-of-sums-of-several-random-variables,c99daa81da9a1194c3f4d33c7020a3736d3fa7de6904b5d7f1bd07ecffaf45cb, Let , Misalkan ,translated
O006-PSU-001-S0307,O006-PSU-001,Lesson00,distributions-of-sums-of-several-random-variables,4719f42613063a3b8ef69966d3d7e47a2b7ab81d452a597a79f9f8534dc18d5d, be a random sample from a Gamma distribution with parameters , adalah sampel acak dari distribusi Gamma dengan parameter ,translated
O006-PSU-001-S0308,O006-PSU-001,Lesson00,distributions-of-sums-of-several-random-variables,e3ee915a8e8c7aa02d2fced443314522b20824abd2535d5959c41dc8ab8a09e4, and , dan ,translated
O006-PSU-001-S0309,O006-PSU-001,Lesson00,distributions-of-sums-of-several-random-variables,1f406326921bec79f45d42910b78358c2d0f5b66470bd5e3fcfbe7f342f4edb9,", for ",", untuk ",translated
O006-PSU-001-S0310,O006-PSU-001,Lesson00,distributions-of-sums-of-several-random-variables,98eaf2bb62f3aba5fc7f3bdb68d86f91ded26720525e436caa47409174c35f01,"
Then ","
Maka ",translated
O006-PSU-001-S0311,O006-PSU-001,Lesson00,random-functions-associated-with-normal-distributions,04f4678bb13a22b59b89c591d1b1b7fd91f3381f804126ae4ef82febe2e12714,Random Functions Associated with Normal Distributions,Fungsi Acak yang Berkaitan dengan Distribusi Normal,translated
O006-PSU-001-S0312,O006-PSU-001,Lesson00,random-functions-associated-with-normal-distributions,f5c498e3d2a482991fe1e533810102023c8f97c906acb9062add959a8373b41b,There are many theorems for the previous statistics course that you may find useful to recall in this semester.,Ada banyak teorema dari mata kuliah statistika sebelumnya yang perlu diingat kembali karena akan berguna pada semester ini.,translated
O006-PSU-001-S0313,O006-PSU-001,Lesson00,random-functions-associated-with-normal-distributions,c53e26ca46711d975053b28fcdbcde8be2e893d8ed69b55bc40b62154d26103e,Theorem 7,Teorema 7,translated
O006-PSU-001-S0314,O006-PSU-001,Lesson00,random-functions-associated-with-normal-distributions,9b3640a69f29c29f339a62d0fb0e3b08a28f68d5d5c2c807d653b476de45f386, If , Jika ,translated
O006-PSU-001-S0315,O006-PSU-001,Lesson00,random-functions-associated-with-normal-distributions,fbde068f2241e3f70af517905a45bb43c525d56f4dedbec68730276c59a67f7d, are mutually independent normal random variables with means , merupakan peubah-peubah acak normal yang saling bebas dengan rataan ,translated
O006-PSU-001-S0316,O006-PSU-001,Lesson00,random-functions-associated-with-normal-distributions,85a3d47fac27f1ab899e0567e11f48b5e993ac33c03ffa84c4439b54c80fb913, and variances , dan varians ,translated
O006-PSU-001-S0317,O006-PSU-001,Lesson00,random-functions-associated-with-normal-distributions,327d97eb4e528b7e29189c55b0bf3082bd6d5ec467cee2b80ab791e72d44142d,", respectively, then the linear combination: ",", berturut-turut, maka kombinasi linearnya: ",translated
O006-PSU-001-S0318,O006-PSU-001,Lesson00,random-functions-associated-with-normal-distributions,b593a9831d1019017ac702ec1881f7c026bf62bde9541bb62018ca657159f77c, follows a Normal distribution: , mengikuti distribusi Normal: ,translated
O006-PSU-001-S0319,O006-PSU-001,Lesson00,random-functions-associated-with-normal-distributions,e9ce98260f40058ae8f69092ef0ac3e64634ef74018f88977fbdf497819d9855,Corollary 1,Akibat 1,translated
O006-PSU-001-S0320,O006-PSU-001,Lesson00,random-functions-associated-with-normal-distributions,9b3640a69f29c29f339a62d0fb0e3b08a28f68d5d5c2c807d653b476de45f386, If , Jika ,translated
O006-PSU-001-S0321,O006-PSU-001,Lesson00,random-functions-associated-with-normal-distributions,e79d9c9864320f2f41c185e12bef56835018a1085ab610efccd748e5f5232e67, are observations of a random sample of size , merupakan pengamatan dari sampel acak berukuran ,translated
O006-PSU-001-S0322,O006-PSU-001,Lesson00,random-functions-associated-with-normal-distributions,3f666d1c99567e8222e18c40c8d7c6f6807e185f723d33262293ff6d7f9dcaa1, from a , dari populasi ,translated
O006-PSU-001-S0323,O006-PSU-001,Lesson00,random-functions-associated-with-normal-distributions,9051a6e384e50f883099da1d37042c2f36a2bf1c614d64151066d1cba1ea5a19," population, then the sample mean: "," , maka rata-rata sampelnya: ",translated
O006-PSU-001-S0324,O006-PSU-001,Lesson00,random-functions-associated-with-normal-distributions,8207e1610fc250d48cda900d6085b05f5f65920575ae7761fea4b3710954cbfa, is normally distributed with mean , berdistribusi normal dengan rataan ,translated
O006-PSU-001-S0325,O006-PSU-001,Lesson00,random-functions-associated-with-normal-distributions,4c80b273a8ad328f21eb75690c49cc0750c7b2e428081bbaf24a6490bef91a95, and variance , dan varians ,translated
O006-PSU-001-S0326,O006-PSU-001,Lesson00,random-functions-associated-with-normal-distributions,67adea5d9871be9cafe58977bc95c6048e8d22141880d20f2fb4d7c00b55fdb6,Theorem 8,Teorema 8,translated
O006-PSU-001-S0327,O006-PSU-001,Lesson00,random-functions-associated-with-normal-distributions,c99daa81da9a1194c3f4d33c7020a3736d3fa7de6904b5d7f1bd07ecffaf45cb, Let , Misalkan ,translated
O006-PSU-001-S0328,O006-PSU-001,Lesson00,random-functions-associated-with-normal-distributions,a64ce4c0b6791d08a99b299458cf8ecb608df8b0d6e12e816cf496c65ba4a42c, be observations of a random sample of size , merupakan pengamatan dari sampel acak berukuran ,translated
O006-PSU-001-S0329,O006-PSU-001,Lesson00,random-functions-associated-with-normal-distributions,41d433986596e0136567a866d6c544bb55bec7758c964826468bff609e5cb2f2, from the Normal distribution , dari distribusi Normal ,translated
O006-PSU-001-S0330,O006-PSU-001,Lesson00,random-functions-associated-with-normal-distributions,883c209c2b222a9487ae361dbb9b49e0a580919dc95499807974a6f5ceb70a32,. Let ,. Misalkan ,translated
O006-PSU-001-S0331,O006-PSU-001,Lesson00,random-functions-associated-with-normal-distributions,e3ee915a8e8c7aa02d2fced443314522b20824abd2535d5959c41dc8ab8a09e4, and , dan ,translated
O006-PSU-001-S0332,O006-PSU-001,Lesson00,random-functions-associated-with-normal-distributions,ef531af1b663c0e69e06b76d36a4d1a6e93aef7c5f6ee7f28eb9ce0f0ae3a2d3," be the sample mean and sample variance, respectively. Then, "," masing-masing adalah rata-rata sampel dan varians sampel. Maka, ",translated
O006-PSU-001-S0333,O006-PSU-001,Lesson00,random-functions-associated-with-normal-distributions,e3ee915a8e8c7aa02d2fced443314522b20824abd2535d5959c41dc8ab8a09e4, and , dan ,translated
O006-PSU-001-S0334,O006-PSU-001,Lesson00,random-functions-associated-with-normal-distributions,d5693907a9942bb5edb26c76c4cfd50e15ea76ad72b8c8a3f5fcdfe19333ee62," are independent. Also, "," saling bebas. Selain itu, ",translated
O006-PSU-001-S0335,O006-PSU-001,Lesson00,random-functions-associated-with-normal-distributions,1b2985fe7068da08e94ecff616543ac856a6d5f1961f36c5b947d6d7f7856b00, follows a Chi-square distribution with , mengikuti distribusi khi-kuadrat dengan ,translated
O006-PSU-001-S0336,O006-PSU-001,Lesson00,random-functions-associated-with-normal-distributions,4f70112bc952e054abb198c4893e6c5cf67fcdc1fd68e9cb179327a2d332464b, degrees of freedom., derajat kebebasan.,translated
O006-PSU-001-S0337,O006-PSU-001,Lesson00,random-functions-associated-with-normal-distributions,201bf5e42bc7b2fd988b3ef014801ed04eecabc22d754a97f89ae7c1d3837250,Def. 16 (t-distribution),Def. 16 (Distribusi t),translated
O006-PSU-001-S0338,O006-PSU-001,Lesson00,random-functions-associated-with-normal-distributions,9b3640a69f29c29f339a62d0fb0e3b08a28f68d5d5c2c807d653b476de45f386, If , Jika ,translated
O006-PSU-001-S0339,O006-PSU-001,Lesson00,random-functions-associated-with-normal-distributions,e3ee915a8e8c7aa02d2fced443314522b20824abd2535d5959c41dc8ab8a09e4, and , dan ,translated
O006-PSU-001-S0340,O006-PSU-001,Lesson00,random-functions-associated-with-normal-distributions,8d5ac62d6635c2e7cc413e824ba8666a45fd943ee9ade4913cdcdc60d6d2ae00," are independent, then the random variable "," saling bebas, maka peubah acak ",translated
O006-PSU-001-S0341,O006-PSU-001,Lesson00,random-functions-associated-with-normal-distributions,645fd1bc4a77503c64346e69e6b2ff0c61ea50d8ae9b0df130d8eb8dfb841a88, follows at , mengikuti distribusi ,translated
O006-PSU-001-S0342,O006-PSU-001,Lesson00,random-functions-associated-with-normal-distributions,e41de5b73d12cb7b8f0b73c063c924e73cc437a21ee09d84265bda268a84bb6e,-distribution with ,dengan ,translated
O006-PSU-001-S0343,O006-PSU-001,Lesson00,random-functions-associated-with-normal-distributions,4f70112bc952e054abb198c4893e6c5cf67fcdc1fd68e9cb179327a2d332464b, degrees of freedom., derajat kebebasan.,translated
O006-PSU-001-S0344,O006-PSU-001,Lesson00,random-functions-associated-with-normal-distributions,55b000ff9896f214a322d42771adefec6c7628bb2c02fb15be17f78db7d3f7fc,Theorem 9 (Central Limit Theorem),Teorema 9 (Teorema Limit Pusat),translated
O006-PSU-001-S0345,O006-PSU-001,Lesson00,random-functions-associated-with-normal-distributions,c99daa81da9a1194c3f4d33c7020a3736d3fa7de6904b5d7f1bd07ecffaf45cb, Let , Misalkan ,translated
O006-PSU-001-S0346,O006-PSU-001,Lesson00,random-functions-associated-with-normal-distributions,e36bd05bdc7dadd44cbe8a8ce57570bfdacbe3345dc331c656da4c1dccf91463, be a random sample from a distribution with finite mean , adalah sampel acak dari suatu distribusi dengan rataan hingga ,translated
O006-PSU-001-S0347,O006-PSU-001,Lesson00,random-functions-associated-with-normal-distributions,1b62edb034bf69cacfd868a58a157b9d67e202903df5f833c081b328df31c1af, and finite variance , dan varians hingga ,translated
O006-PSU-001-S0348,O006-PSU-001,Lesson00,random-functions-associated-with-normal-distributions,a209ccef4c7518631d589c7102a87281d65ed409eede4b1eb8ea663a5225a923,". If the sample size, ",". Jika ukuran sampel, ",translated
O006-PSU-001-S0349,O006-PSU-001,Lesson00,random-functions-associated-with-normal-distributions,413b7da94c02a9c678b182087c861326f74b8076e6a23a0148ac3f11aaaffae0,", is ",", ",translated
O006-PSU-001-S0350,O006-PSU-001,Lesson00,random-functions-associated-with-normal-distributions,5b9949d9c83f8a8cca5fa5ae6c93db7f185372571e908696fd9f88a8ffc262d3,sufficiently large,cukup besar,translated
O006-PSU-001-S0351,O006-PSU-001,Lesson00,random-functions-associated-with-normal-distributions,1e418b2e58442c47b79d7ba71f9bf054a47809f3782303b84bb12321f961a698,", then:",", maka:",translated
O006-PSU-001-S0352,O006-PSU-001,Lesson00,random-functions-associated-with-normal-distributions,f2e96d0eef76a3fd66704846ad1dd9a35632ee5014d32cc926989ddeac6d40df,the sample mean ,rata-rata sampel ,translated
O006-PSU-001-S0353,O006-PSU-001,Lesson00,random-functions-associated-with-normal-distributions,c7f703dc6bfbeba65ffdcf175e50631c67385915943d3b9de4150f310e5eb205, follows an approximate normal distribution, mengikuti distribusi normal secara hampiran,translated
O006-PSU-001-S0354,O006-PSU-001,Lesson00,random-functions-associated-with-normal-distributions,bede55300fd4b92369ea0b412e67eb484d928dca79da8a4e380569a82961ca4d,with mean ,dengan rataan ,translated
O006-PSU-001-S0355,O006-PSU-001,Lesson00,random-functions-associated-with-normal-distributions,c9be86730a2f84c838f65b01050a7e0915c81828fe061754219dbd73c41059ea,and variance ,dan varians ,translated
O006-PSU-001-S0356,O006-PSU-001,Lesson00,review-examples,2c9d8cce0e52b960c5d58901119a6facf81ddde0f09e52da7283c4e5b32a1b7f,0.5: Review Examples,0.5: Contoh Tinjauan,translated
O006-PSU-001-S0357,O006-PSU-001,Lesson00,review-examples,1cdc239f4654e606e4d6a5a294251e033c33b79e7b53baafdac7f62ec348e4c7,"In this section, we present some examples to help you recall some of the information from the Introduction to Probability course.","Pada bagian ini, kami menyajikan beberapa contoh untuk membantu Anda mengingat kembali materi dari mata kuliah Pengantar Peluang.",translated
O006-PSU-001-S0358,O006-PSU-001,Lesson00,review-examples,c12c3fde894b9b0591df5d7d14809b43fd8f4f9ee064b42ce884bef9780e8ab4,Example 1,Contoh 1,translated
O006-PSU-001-S0359,O006-PSU-001,Lesson00,review-examples,2237a8f3e947d917bd6e1c9914a7739826e01cc1ee30a7d11eb0298cd1f25384," A woman who was initially thougth to have a 1% risk of cancer ended up with a positive mammogram result. A mammogram accurately classifies about 80% of cancerous tumors and 90% of benign tumors. What is the probability that the woman has cancer, given the positive result?", Seorang perempuan yang semula diperkirakan memiliki risiko kanker sebesar 1% memperoleh hasil mamogram positif. Mamogram mengklasifikasikan dengan tepat sekitar 80% tumor ganas dan 90% tumor jinak. Berapakah peluang perempuan tersebut mengidap kanker jika diketahui hasil mamogramnya positif?,translated
O006-PSU-001-S0360,O006-PSU-001,Lesson00,review-examples,22927695994eab589c7601a6b15df4d9dc67c5aceb9a74cdb965444b9b8362a6,Solution,Penyelesaian,translated
O006-PSU-001-S0361,O006-PSU-001,Lesson00,review-examples,6f4813e8a73480ecbd6cfd9379234ed4eac360e773be10a31915da393aa7ffa6, Let the event , Misalkan kejadian ,translated
O006-PSU-001-S0362,O006-PSU-001,Lesson00,review-examples,f4d5d39aefeaf046e920d0faf89657df323bc7617d0adffa8db7debc03df3480, denote cancer and event , menyatakan kanker dan kejadian ,translated
O006-PSU-001-S0363,O006-PSU-001,Lesson00,review-examples,0a54f6a5294c0f2fe4c223ac0a35d2566073814548b55dac08357ad41d9ded7d, denote a positive result. We know: , menyatakan hasil positif. Kita mengetahui: ,translated
O006-PSU-001-S0364,O006-PSU-001,Lesson00,review-examples,9b7eacf385b191395c596283f8ee6ea93d32545f9a8cbf30842bd08c214401ff, and thus , dan dengan demikian ,translated
O006-PSU-001-S0365,O006-PSU-001,Lesson00,review-examples,828a8f620ad0e81ca9d1ac161c7424cb7d778ac2da714dc8a147391a07f5b799,". Also, ",". Selain itu, ",translated
O006-PSU-001-S0366,O006-PSU-001,Lesson00,review-examples,e3ee915a8e8c7aa02d2fced443314522b20824abd2535d5959c41dc8ab8a09e4, and , dan ,translated
O006-PSU-001-S0367,O006-PSU-001,Lesson00,review-examples,26a44cf44a3231d2c2cecedd44fbcd5f96cad4845cba2c424ff481cfb365ce56,", which implies ",", yang menyiratkan ",translated
O006-PSU-001-S0368,O006-PSU-001,Lesson00,review-examples,6cd7da3c950c27f3fd8014dbf74bce0cbc360d9215407d4a31307f98a7511ba8,". Putting this all together, we get” ",". Dengan menggabungkan semuanya, kita memperoleh: ",translated
O006-PSU-001-S0369,O006-PSU-001,Lesson00,review-examples,6f159f3ab6ff3b5b532d5314bcf067199bdd3dba237f1656edffbc23cc3fc867,Example 2,Contoh 2,translated
O006-PSU-001-S0370,O006-PSU-001,Lesson00,review-examples,a77cbfffa208c336a5c537181c891d1e8725b25484e31335b143c44d5ab7190e," When you put your money into the coffee machine at the Student Center, a paper cup comes down and some coffee is put into it. You are supposed to get 8 oz of coffee. However, the actual amount of coffee is dispensed is a normal random variable with mean equal to the machine setting and variance of 0.0625 oz."," Ketika Anda memasukkan uang ke mesin kopi di Student Center, sebuah gelas kertas turun lalu diisi kopi. Anda seharusnya memperoleh 8 oz kopi. Namun, banyaknya kopi yang benar-benar dikeluarkan merupakan peubah acak normal dengan nilai harapan yang sama dengan setelan mesin dan varians sebesar 0,0625 oz.",translated
O006-PSU-001-S0371,O006-PSU-001,Lesson00,review-examples,70ac88de88e39f3deb0d4f2b96e62aebe707edb0c7cdc3a61cdf447a1bb3deed,"What should the machine setting be so that, in the long run, only at 2% of the drinks will contain less than 8 oz?","Berapakah setelan mesin yang diperlukan agar, dalam jangka panjang, hanya 2% minuman berisi kurang dari 8 oz?",translated
O006-PSU-001-S0372,O006-PSU-001,Lesson00,review-examples,888e03d237e6f35cd2ba864f87780cf711f31295c8bfde3651788bb19b9d74b0,"Solution
","Penyelesaian
",translated
O006-PSU-001-S0373,O006-PSU-001,Lesson00,review-examples,4dff4e73b269a758f727245ac63ca998d48601a6b2d32a3293e2611609f94215,Example 3,Contoh 3,translated
O006-PSU-001-S0374,O006-PSU-001,Lesson00,review-examples,72f927724b8534b05763c0d1babf42430d63959af2ba5cdab6782bacef1a2a34, Let the random variable , Misalkan peubah acak ,translated
O006-PSU-001-S0375,O006-PSU-001,Lesson00,review-examples,c2b42b5e48dfb8d5fb33bf9a401596286ba2bb0cf0fcba61beec1e05e7bead13, have the following pdf , memiliki fungsi kepadatan peluang (pdf) berikut ,translated
O006-PSU-001-S0376,O006-PSU-001,Lesson00,review-examples,3458f758ca399139fd3d8915dddd39ce62d0109a1fb2314e401d2e21bb568103, where , dengan ,translated
O006-PSU-001-S0377,O006-PSU-001,Lesson00,review-examples,7a073bebf54f638c5c212d2208098364f12156168dbe3611baeadcaf9051eb54, is a constant., merupakan suatu konstanta.,translated
O006-PSU-001-S0378,O006-PSU-001,Lesson00,review-examples,256f4ba7448e204dd76dbe7ea8b3ba196b87ea557ed26cdd3ac0a906abccd070,Find the value ,Tentukan nilai ,translated
O006-PSU-001-S0379,O006-PSU-001,Lesson00,review-examples,d969f4f7a8f3ebb9595e67f5d8c3448ecaf9219259097fee766b5024274b8276, such that the above is a valid probability density function., agar fungsi di atas merupakan fungsi kepadatan peluang yang sah.,translated
O006-PSU-001-S0380,O006-PSU-001,Lesson00,review-examples,e33da7b2683f61f7128b1faac93ca212cf37b770361e27959e89b263e2c08425,Find the mean of the random variable.,Tentukan nilai harapan peubah acak tersebut.,translated
O006-PSU-001-S0381,O006-PSU-001,Lesson00,review-examples,359cbb924a3ad0445ab8450f940bec39dcea46bc050aac464fa9b508635c0346,Find the cdf of ,Tentukan fungsi distribusi kumulatif (cdf) dari ,translated
O006-PSU-001-S0382,O006-PSU-001,Lesson00,review-examples,603f22376621c5f81eb508f8949bb4ec1a65dda461adf059bb54dc15afff56cf,Find the median of the random variable.,Tentukan median peubah acak tersebut.,translated
O006-PSU-001-S0383,O006-PSU-001,Lesson00,review-examples,888e03d237e6f35cd2ba864f87780cf711f31295c8bfde3651788bb19b9d74b0,"Solution
","Penyelesaian
",translated
O006-PSU-001-S0384,O006-PSU-001,Lesson00,review-examples,b196708660e1bc4d07a5431270809a50755b2843be20a079b630dba809d7eecf,Example 4,Contoh 4,translated
O006-PSU-001-S0385,O006-PSU-001,Lesson00,review-examples,eeebb1233c778379d0b7e83060589311cba41d7bd64127092ce01d1837bc7989, The lifetime (in months) of two components of a machine have joint probability density function , Masa pakai (dalam bulan) dua komponen sebuah mesin memiliki fungsi kepadatan peluang bersama ,translated
O006-PSU-001-S0386,O006-PSU-001,Lesson00,review-examples,fa0ebf7c8df1c1c205443527ed237a1ddbe8f1aa54528dece2af91ff08433145, and zero otherwise., dan bernilai nol untuk kasus lainnya.,translated
O006-PSU-001-S0387,O006-PSU-001,Lesson00,review-examples,14e8072a912e58523998b0ee2d2d98edd69a623def9100bff4724740714697b4,"Find the constant, ",Tentukan konstanta ,translated
O006-PSU-001-S0388,O006-PSU-001,Lesson00,review-examples,3e47e341023ff0d8fcff2738c98412f5aed886cc6bf54dbb0d71533c015284bd,", such that ",", agar ",translated
O006-PSU-001-S0389,O006-PSU-001,Lesson00,review-examples,d7428368eba2e868f340a3eae445ae7da881f092faf5cfb0f6467f14c26e533a, is valid joint pdf. You may leave the constant as , merupakan fungsi kepadatan peluang bersama yang sah. Anda boleh membiarkan konstanta tersebut dalam bentuk ,translated
O006-PSU-001-S0390,O006-PSU-001,Lesson00,review-examples,eb3f1c954bc2b7fd1a74d581c7ee583c732bc472117542074edcc205bede9740,Find the marginal distributions.,Tentukan distribusi marginalnya.,translated
O006-PSU-001-S0391,O006-PSU-001,Lesson00,review-examples,0b194286bf8570e78cf778b1a3ed2f1aed83fc2c351751c3124614b8067d2814,Find the conditional distribution of ,Tentukan distribusi bersyarat dari ,translated
O006-PSU-001-S0392,O006-PSU-001,Lesson00,review-examples,c268d7c22458414a581a855c1cbec0d47685d6579669aecb82da281a80ce32f8, given , jika diketahui ,translated
O006-PSU-001-S0393,O006-PSU-001,Lesson00,review-examples,de9b22f8858f01a8f455825b54371a658e5659b713bdc822f2407d3ecb0b4b4a,". If convenient, you may leave the constant as ",". Jika memudahkan, Anda boleh membiarkan konstanta tersebut dalam bentuk ",translated
O006-PSU-001-S0394,O006-PSU-001,Lesson00,review-examples,888e03d237e6f35cd2ba864f87780cf711f31295c8bfde3651788bb19b9d74b0,"Solution
","Penyelesaian
",translated
O006-PSU-001-S0395,O006-PSU-001,Lesson00,review-examples,7ce5a933ca4355074564547305eaf5946c52f78124ee4acd87fde2975c5164c1,Example 5,Contoh 5,translated
O006-PSU-001-S0396,O006-PSU-001,Lesson00,review-examples,f0c5eb997f466565bf57169153a16b07c589b9f21405a2aab947f305a8e81e56, Suppose the cdf for the discrete random variable , Misalkan cdf dari peubah acak diskret ,translated
O006-PSU-001-S0397,O006-PSU-001,Lesson00,review-examples,81afb10b461acd8f2b7eee698fb0c314c454f7acb574a34baded7f6912fc7a0f, is , adalah ,translated
O006-PSU-001-S0398,O006-PSU-001,Lesson00,review-examples,8f1f0d4694c2da30bcdb9c9970005d80ca0a0d84a453c01532f7b6cb8f695571,Find the pdf of ,Tentukan fungsi massa peluang (pmf) dari ,translated
O006-PSU-001-S0399,O006-PSU-001,Lesson00,review-examples,7b5cfafabba0d5714ce496ee59ed96b95d59121b99a40c92c0ae7a8ea6dc1258,. You may put in table form.,. Anda boleh menyajikannya dalam bentuk tabel.,translated
O006-PSU-001-S0400,O006-PSU-001,Lesson00,review-examples,bdd615cefe7a9493e2bac6fde6094fbcf5a5f39232caa34d403233619565f78f,Derive the ,Tentukan persentil ,translated
O006-PSU-001-S0401,O006-PSU-001,Lesson00,review-examples,7cef7ad9259363718d394e6d69b3b0dbf7200094cf70f6991d4b15aa8ba30325, percentile of , dari ,translated
O006-PSU-001-S0402,O006-PSU-001,Lesson00,review-examples,cf330040a6024f5c12daa4e7ef281f5f8583b611f563a04db57e8bdc8fc2e87a,Derive the mean of ,Tentukan nilai harapan dari ,translated
O006-PSU-001-S0403,O006-PSU-001,Lesson00,review-examples,c5c48e73884515cb42fa4d138f73ae0add1ed7ddc2edc2eac91ce19caf240a14,Derive the standard deviation of ,Tentukan simpangan baku dari ,translated
O006-PSU-001-S0404,O006-PSU-001,Lesson00,review-examples,888e03d237e6f35cd2ba864f87780cf711f31295c8bfde3651788bb19b9d74b0,"Solution
","Penyelesaian
",translated
O006-PSU-001-S0405,O006-PSU-001,Lesson00,review-examples,ea2e64d5500707aa4f651ca3e5610d23d009688e49a80a0e9f33347989920df8,Recall that the cdf is defined as ,Ingat bahwa cdf didefinisikan sebagai ,translated
O006-PSU-001-S0406,O006-PSU-001,Lesson00,review-examples,cf3d698d68f6f7fe3797c432e691cd7a4be0811319ead9998f9fae59c71741ae,. Start with ,. Mulailah dengan ,translated
O006-PSU-001-S0407,O006-PSU-001,Lesson00,review-examples,80bcd2f0f015f4d4e3e1cae1578eb1d2a34bc2841a8053b8f83a9fe44efcf6cc,. We know ,. Kita mengetahui ,translated
O006-PSU-001-S0408,O006-PSU-001,Lesson00,review-examples,aa949b225816285eaf2b51cb0897f247b030ca6853d7a425b3d99917c9a3bab1,". Since there are no values less than 1, it follows that ",". Karena tidak ada nilai yang lebih kecil dari 1, diperoleh ",translated
O006-PSU-001-S0409,O006-PSU-001,Lesson00,review-examples,337c64ed21f60c8889d033e3151cf421eb40bb5510f352f03ee47744bca99784," Next, consider "," Selanjutnya, tinjau ",translated
O006-PSU-001-S0410,O006-PSU-001,Lesson00,review-examples,f804219e1361a750a69f213672202cf03d580de869bbc659e9b7f4753e4928ed, We also know that , Kita juga mengetahui bahwa ,translated
O006-PSU-001-S0411,O006-PSU-001,Lesson00,review-examples,d037eae27f2f4a17c85a26a235d564012ad3681dbe739207fa1858ec818a31b5,"Thus, ","Dengan demikian, ",translated
O006-PSU-001-S0412,O006-PSU-001,Lesson00,review-examples,58f4e2d1db43cab2af5eaa862b4ca9695bcea55f87f3c61594511f907a131b11,. We can continue on in the same manner to find the pmf for the other values of ,". Dengan cara yang sama, kita dapat melanjutkan untuk menentukan pmf bagi nilai-nilai ",translated
O006-PSU-001-S0413,O006-PSU-001,Lesson00,review-examples,cf483f8a87a0b2646a4a7c332f5d1a8d1e6192801f6777c81a6fb58b45ba39b8,. The tabular form of the pmf of ,lainnya. Bentuk tabel pmf dari ,translated
O006-PSU-001-S0414,O006-PSU-001,Lesson00,review-examples,ccd4554f9c2a0a240cbe274a4447ae7d6933d28a26c80815a1475dff5ad731bd, is:, adalah:,translated
O006-PSU-001-S0415,O006-PSU-001,Lesson00,review-examples,bdd615cefe7a9493e2bac6fde6094fbcf5a5f39232caa34d403233619565f78f,Derive the ,Tentukan persentil ,translated
O006-PSU-001-S0416,O006-PSU-001,Lesson00,review-examples,7cef7ad9259363718d394e6d69b3b0dbf7200094cf70f6991d4b15aa8ba30325, percentile of , dari ,translated
O006-PSU-001-S0417,O006-PSU-001,Lesson00,review-examples,cf330040a6024f5c12daa4e7ef281f5f8583b611f563a04db57e8bdc8fc2e87a,Derive the mean of ,Tentukan nilai harapan dari ,translated
O006-PSU-001-S0418,O006-PSU-001,Lesson00,review-examples,c5c48e73884515cb42fa4d138f73ae0add1ed7ddc2edc2eac91ce19caf240a14,Derive the standard deviation of ,Tentukan simpangan baku dari ,translated
O006-PSU-001-S0419,O006-PSU-001,Lesson00,outline-of-stat-415,49f46d7c72eb63d97478bb0682d88405c5384938ff489fc36da54c0acf6f6afc,0.6: Outline of STAT 415,0.6: Garis Besar STAT 415,translated
O006-PSU-001-S0420,O006-PSU-001,Lesson00,outline-of-stat-415,54258a6cae260325031a58037c4c35c3313048d7aa7da9f5c2db781642263837,Suppose that we obtain data ,Misalkan kita memperoleh data ,translated
O006-PSU-001-S0421,O006-PSU-001,Lesson00,outline-of-stat-415,0da808595105c5b80d3bc2a8c35ce99395a5ea38417c39e7839b9651ca22ca0a, from a statistical model with an unknown parameter , dari suatu model statistik dengan parameter yang tidak diketahui ,translated
O006-PSU-001-S0422,O006-PSU-001,Lesson00,outline-of-stat-415,29184b9dbe5e738c6a5a54a00d3fac0a3afb38f7aadcfd18fec53748279ef8bf,. %Imagine that ,. Bayangkan bahwa ,translated
O006-PSU-001-S0423,O006-PSU-001,Lesson00,outline-of-stat-415,cd49bda003081e9aa85770e1bfc3091c4dce96fa63f38ca6c7bd2d0ec146ff62, indexes a family of possible distributions for , mengindeks suatu keluarga distribusi yang mungkin bagi ,translated
O006-PSU-001-S0424,O006-PSU-001,Lesson00,outline-of-stat-415,40bbe2f42d7c9d620b5fe51e07af700a6b769ca435f6f9d98c6b1a08c59f4220,", and that the true value of ",", dan bahwa nilai sebenarnya dari ",translated
O006-PSU-001-S0425,O006-PSU-001,Lesson00,outline-of-stat-415,7c3e18b43d0a54b6412f93ec3999fa7a37085ae6abef3f5aa09e515dd6562d54, determines the true data-generating process. We will then consider questions such as:," menentukan proses pembangkitan data yang sebenarnya. Selanjutnya, kita akan mempertimbangkan pertanyaan-pertanyaan seperti:",translated
O006-PSU-001-S0426,O006-PSU-001,Lesson00,outline-of-stat-415,2ba51b28da5b3a4e834a788db58084caf1b37e52630af7cd05852b315dcb817f,Point Estimation,Estimasi Titik,translated
O006-PSU-001-S0427,O006-PSU-001,Lesson00,outline-of-stat-415,849b0966a7b9a7a39d41b89261c25bd7380517b9cb3362731473a3741f7e9afc,: What is a ,: Apa yang dimaksud dengan penaksir yang ,translated
O006-PSU-001-S0428,O006-PSU-001,Lesson00,outline-of-stat-415,770e607624d689265ca6c44884d0807d9b054d23c473c106c72be9de08b7376c,good,baik,translated
O006-PSU-001-S0429,O006-PSU-001,Lesson00,outline-of-stat-415,68b08bd8df9e6d2566282a903e8dd8ae1a99b5b0de8d9fbf37fa1d0287ae0a23, estimator for , untuk ,translated
O006-PSU-001-S0430,O006-PSU-001,Lesson00,outline-of-stat-415,5be17d33a53a081ab1cc1b636c734a85dd58ff4ec5375f53757e96edab9edce1,"? This depends on the definition of `good’, and we will introduce several criteria by which estimators can be judged. Just providing a point estimator ","? Jawabannya bergantung pada definisi ‘baik’, dan kita akan memperkenalkan beberapa kriteria untuk menilai penaksir. Menyajikan penaksir titik ",translated
O006-PSU-001-S0431,O006-PSU-001,Lesson00,outline-of-stat-415,30641a16d2ec25756638651add19f62f8be7e0a3edf5fa5557c80f30c03ff223,", without any sense of its uncertainty, is usually unsatisfying. Thus, statistical inference emphasizes accompanying point estimators with information about their uncertainties, e.g., we may be able to describe the distribution of ","saja tanpa gambaran mengenai ketidakpastiannya biasanya tidak memuaskan. Karena itu, inferensi statistik menekankan agar penaksir titik disertai informasi mengenai ketidakpastiannya; misalnya, kita mungkin dapat menjelaskan distribusi ",translated
O006-PSU-001-S0432,O006-PSU-001,Lesson00,outline-of-stat-415,52c7bab775b438fa50d5d0b124c34e81cfd87e9958d3e20a71cf36352fe29e9c, or at least say what its standard deviation is. The standard deviation of an estimator is called its standard error., atau setidaknya menyebutkan simpangan bakunya. Simpangan baku suatu penaksir disebut galat baku.,translated
O006-PSU-001-S0433,O006-PSU-001,Lesson00,outline-of-stat-415,8c06e5cf8d80348032cc8074cad5083cbb0983fa3a8f807dbff16dc049b41b61,Interval Estimation,Estimasi Interval,translated
O006-PSU-001-S0434,O006-PSU-001,Lesson00,outline-of-stat-415,a17fb01ae85c4d72c50f4e58a1a17cbf62bab5a15274a9085ef2e64f705d0493,": Intuitively, much more informative than just saying something like ``I estimate ",": Secara intuitif, pernyataan seperti “Saya menaksir ",translated
O006-PSU-001-S0435,O006-PSU-001,Lesson00,outline-of-stat-415,7508dd516d51a848b2b94d7e05d91b998885bf83965ab25ea5790369a879571b," as 2.5’’ is to provide an interval, such as saying"," sebesar 2,5” akan jauh lebih informatif jika disertai suatu interval, misalnya dengan mengatakan:",translated
O006-PSU-001-S0436,O006-PSU-001,Lesson00,outline-of-stat-415,4b98b016ef132b29d77cbb2bd54a1839648a50cb833fadc0cde4b980f1e1d767,`I am 95% confident that ,“Saya yakin 95% bahwa ,translated
O006-PSU-001-S0437,O006-PSU-001,Lesson00,outline-of-stat-415,d5340ccd2c4ae1061f6565e17acb9c79cc6bcd102575aeff921116f119fa8afa, is inclusively between 2.3 and 2.8.’," berada dalam interval tertutup antara 2,3 dan 2,8.”",translated
O006-PSU-001-S0438,O006-PSU-001,Lesson00,outline-of-stat-415,42a0d945877ede2c90be4467942a5da8a7432aa7e0b99e2bf31bdc22be2d94a0,"But what does `confident’ mean? In this course we will define precisely what it means to give an interval estimate, and study ways of constructing such estimates.","Namun, apa arti ‘yakin’ di sini? Dalam mata kuliah ini, kita akan mendefinisikan secara tepat makna pemberian estimasi interval dan mempelajari berbagai cara untuk menyusun estimasi tersebut.",translated
O006-PSU-001-S0439,O006-PSU-001,Lesson00,outline-of-stat-415,53c0d3d6c8055e9a2a658bdc93afdef61d9a2cc261da9c105ca706feed48f7ee,If ,Jika ,translated
O006-PSU-001-S0440,O006-PSU-001,Lesson00,outline-of-stat-415,d95f9a2478e38713cdaebf4694b8ec78066a75efa63b23cc65a8340fad543588," is a constant, then it either is or isn’t in the interval "," merupakan konstanta, maka nilainya pasti berada atau tidak berada dalam interval ",translated
O006-PSU-001-S0441,O006-PSU-001,Lesson00,outline-of-stat-415,d992e184af72e10f336221c0792541a951a4f97d2d00806b232fade31a674b85,", so what does the 95% mean?","; jadi, apa arti 95% tersebut?",translated
O006-PSU-001-S0442,O006-PSU-001,Lesson00,outline-of-stat-415,8a109ee8d97ba3f3c0163b5cf8c73f6b763caafaa38cfbd125dd440559d008e3,Hypothesis Testing (model evaluation),Uji Hipotesis (evaluasi model),translated
O006-PSU-001-S0443,O006-PSU-001,Lesson00,outline-of-stat-415,91973fa8cc5d546550d7eaef74a9b2bb8be8a53b1aabb843376aaa8fa41d05de,": In many applications in the physical, biological, and social sciences, a researcher is interested in testing a hypothesis which can be expressed in the form ",": Dalam banyak penerapan di bidang ilmu fisik, biologi, dan sosial, seorang peneliti ingin menguji hipotesis yang dapat dinyatakan dalam bentuk ",translated
O006-PSU-001-S0444,O006-PSU-001,Lesson00,outline-of-stat-415,d5dce72162c0a73d821d8e5f5598309ebf64a06874aa7b5a1cc14409cfec8985," or, more generally, as "," atau, secara lebih umum, sebagai ",translated
O006-PSU-001-S0445,O006-PSU-001,Lesson00,outline-of-stat-415,7fa969c9d9afcfd97145996c6bb88c8c6bdbfddbf67a9ae2e81578727d2a1cef, for some set , untuk suatu himpunan ,translated
O006-PSU-001-S0446,O006-PSU-001,Lesson00,outline-of-stat-415,9aa24a04e469263c6cbf434415d503e31cf38ee88f740a2c17f398326a78e48e,". Hypothesis testing is closely related to interval estimation (and arguably the latter is more useful), and can be approached via various perspectives.",. Uji hipotesis berkaitan erat dengan estimasi interval—dan dapat dikatakan bahwa estimasi interval lebih berguna—serta dapat ditinjau dari berbagai sudut pandang.,translated
