segment_id,document_id,component_id,section_id,source_sha256,source_text,target_text,status
O006-PSU-004-S0001,O006-PSU-004,Lesson03,,cb4ad503e340ebd1a921e3ed6dcbfc0a80660936d8bfc9d190f70694b9ccb51b,Lessons,Pelajaran,translated
O006-PSU-004-S0002,O006-PSU-004,Lesson03,,bc1026625a5d2407383a965242810e061becec830246d59c292880149decf029,Estimation (Part II),Pendugaan (Bagian II),translated
O006-PSU-004-S0003,O006-PSU-004,Lesson03,,bc1026625a5d2407383a965242810e061becec830246d59c292880149decf029,Estimation (Part II),Pendugaan (Bagian II),translated
O006-PSU-004-S0004,O006-PSU-004,Lesson03,,2ba51b28da5b3a4e834a788db58084caf1b37e52630af7cd05852b315dcb817f,Point Estimation,Pendugaan Titik,translated
O006-PSU-004-S0005,O006-PSU-004,Lesson03,,3aa98e8fe10c2baf025b4f445d10a432701a6fd01f49a880d162a6bf3084df0c,Unbiased Estimation,Pendugaan Tak Bias,translated
O006-PSU-004-S0006,O006-PSU-004,Lesson03,,5c2470002888bd8e7f0965f8d11c9e0ba6372a06eaad763b70d77b7dc029268d,Bias,Bias,translated
O006-PSU-004-S0007,O006-PSU-004,Lesson03,,6a99db7f7b3f908afd6b459725e38efdc31b65bc5fbc1abd3d9f2b76985ef088,Variance and Mean Square,Varians dan Rataan Kuadrat,translated
O006-PSU-004-S0008,O006-PSU-004,Lesson03,,183ebddaaa90c204b6bb019d6c78a043efafc4348d28f675b047abe015711282,Factorization,Faktorisasi,translated
O006-PSU-004-S0009,O006-PSU-004,Lesson03,,c375e59facbffc276c02435a035c9b8cf7a9acda90503a636cc9f03c333802b0,Sufficiency,Kecukupan,translated
O006-PSU-004-S0010,O006-PSU-004,Lesson03,,6785164b561cbacfa7597f5e4af41d564dd21c0f54f04ca9094e07ecdd5bd644,Method of Moments,Metode Momen,translated
O006-PSU-004-S0011,O006-PSU-004,Lesson03,overview,d4b1ea5708dd532930a85188b45aff6f0a3ed458500c7577e0127a538eb0d100,Overview,Gambaran Umum,translated
O006-PSU-004-S0012,O006-PSU-004,Lesson03,overview,a00587e34645b3db60a85f1f3ccd51cb009bb53287eee52dd7b20414d9a227b4,"Building on the foundational concepts of point estimation from Lesson 2, this lesson delves deeper into the critical concept of sufficiency and introduces the method of moments as a technique for deriving estimators. You will explore how sufficient statistics capture all relevant information about a population parameter from sample data, using tools like the Factorization Theorem and the Exponential Criterion. Through examples involving Bernoulli, Poisson, normal, and exponential distributions, you will learn to identify sufficient statistics for both single and multiple parameters. Additionally, you will be introduced to the method of moments, a practical approach to estimating parameters by equating sample moments with their theoretical counterparts. By the end of this lesson, you will be equipped to evaluate and construct estimators with a deeper understanding of their properties, preparing you for advanced statistical inference techniques.","Berlandaskan konsep-konsep dasar pendugaan titik dari Pelajaran 2, pelajaran ini membahas lebih dalam konsep penting kecukupan dan memperkenalkan metode momen sebagai teknik untuk menurunkan penduga. Anda akan mempelajari bagaimana statistik cukup menangkap seluruh informasi yang relevan tentang suatu parameter populasi dari data sampel dengan menggunakan perangkat seperti Teorema Faktorisasi dan Kriteria Eksponensial. Melalui contoh-contoh yang melibatkan distribusi Bernoulli, Poisson, normal, dan eksponensial, Anda akan belajar mengidentifikasi statistik cukup bagi satu maupun beberapa parameter. Selain itu, Anda akan diperkenalkan dengan metode momen, yaitu pendekatan praktis untuk menduga parameter dengan menyamakan momen sampel dengan padanan teoretisnya. Pada akhir pelajaran ini, Anda akan mampu mengevaluasi dan menyusun penduga dengan pemahaman yang lebih mendalam mengenai sifat-sifatnya, sebagai persiapan untuk mempelajari teknik inferensi statistik tingkat lanjut.",translated
O006-PSU-004-S0013,O006-PSU-004,Lesson03,objectives,eba92953899468e3f79c084370cc455f39c256e77b5277ff480e3384ff9ecc27,Objectives,Tujuan,translated
O006-PSU-004-S0014,O006-PSU-004,Lesson03,objectives,25aef8be8be2a587942663b20614423b057589f18636ba6d72bd7bf691a84629,"Upon completion of this lesson, you should be able to:","Setelah menyelesaikan pelajaran ini, Anda diharapkan mampu:",translated
O006-PSU-004-S0015,O006-PSU-004,Lesson03,objectives,a0307f919e26bc8fd7fa2a338b3f3e5c0a8fedf632930cea6a291b6b27e537ff,"Apply the Factorization Theorem to identify a sufficient statistic for distributions with one parameter,","Menerapkan Teorema Faktorisasi untuk mengidentifikasi statistik cukup bagi distribusi berparameter tunggal,",translated
O006-PSU-004-S0016,O006-PSU-004,Lesson03,objectives,b2eb8fc23db58224cdf4f1d055806abb5c5e1f58b55660c811e28fc20016e31d,"Apply the Exponential Criterion to identify a sufficient statistic for distributions with one parameter, and","Menerapkan Kriteria Eksponensial untuk mengidentifikasi statistik cukup bagi distribusi berparameter tunggal, serta",translated
O006-PSU-004-S0017,O006-PSU-004,Lesson03,objectives,1cf6f7aac43f4ab3cb97b8e9f4db39191d2de8ea3ec27fbcfb3b1e9f0427b19c,Find an estimator of a population parameter (or parameters) using the Method of Moments.,Menentukan penduga bagi satu atau beberapa parameter populasi dengan menggunakan Metode Momen.,translated
O006-PSU-004-S0018,O006-PSU-004,Lesson03,sufficiency,a1851d59cdfddc1044c66d7d5114212108d84d6462b9b60a9a55f6980b0dcf44, Sufficiency, Kecukupan,translated
O006-PSU-004-S0019,O006-PSU-004,Lesson03,sufficiency,0cc6e5730218463258e52c0e1bc2e5a6b1cfd9e345aa11a9f3a6c2ec9bd9bd6a,"In the process of estimating such a parameter, we summarize, or reduce, the information in a sample of size ","Dalam proses menduga parameter semacam itu, kita merangkum, atau mereduksi, informasi dalam sampel berukuran ",translated
O006-PSU-004-S0020,O006-PSU-004,Lesson03,sufficiency,2d4aba26460635f8f807e79fc4eb31a24edbdd5231faaeacc100b920a4f00ac0,", to a single number, such as the sample mean ",", menjadi satu bilangan, seperti rataan sampel ",translated
O006-PSU-004-S0021,O006-PSU-004,Lesson03,sufficiency,f42b21b7066f2f8bb8dc9c6ef2f63ac7c0a838c3299e1a0205cb0c85e23a84ca," The actual sample values are no longer important to us. That is, if we use a sample mean of 3 to estimate the population mean "," Nilai sampel yang sebenarnya tidak lagi penting bagi kita. Artinya, jika kita menggunakan rataan sampel 3 untuk menduga rataan populasi ",translated
O006-PSU-004-S0022,O006-PSU-004,Lesson03,sufficiency,a8090417d4b74a76307c0f6f8f28b2e7c2c1032224a113f62741af1b5b52192f,", it doesn’t matter if the original data values were (1, 3, 5) or (2, 3, 4). Has this process of reducing the ",", tidak menjadi masalah apakah nilai data semula adalah (1, 3, 5) atau (2, 3, 4). Apakah proses mereduksi ",translated
O006-PSU-004-S0023,O006-PSU-004,Lesson03,sufficiency,fa5cb42dbe19659a785bcf1fdf39ac66afa69a72ed5ac5418b8f6ab06c2b7fd7, data points to a single number retained all the information about , titik data menjadi satu bilangan ini telah mempertahankan seluruh informasi mengenai ,translated
O006-PSU-004-S0024,O006-PSU-004,Lesson03,sufficiency,c1980f9bcca1d10b62bdf761bdb4fc220887a9b5f5630d2608570938906d6af0, that was contained in the original , yang terkandung dalam ,translated
O006-PSU-004-S0025,O006-PSU-004,Lesson03,sufficiency,cef0a0503b56c71be75530228c5d678256dcea6ba797cf741d6e1896638945ac," data points? Or has some information about the parameters been lost through the process of summarizing the data? In this lesson, we will learn how to find statistics that summarize all of the information in a sample about the desired parameter. Such statistics are called "," titik data semula? Ataukah sebagian informasi mengenai parameter telah hilang dalam proses perangkuman data? Dalam pelajaran ini, kita akan mempelajari cara menemukan statistik yang merangkum seluruh informasi dalam sampel mengenai parameter yang dikehendaki. Statistik semacam itu disebut ",translated
O006-PSU-004-S0026,O006-PSU-004,Lesson03,sufficiency,6af6059ce2e9dfe4d76dea4cd0765656ae5e125637ee4e9ea6c6563553795cdb,sufficient statistics,statistik cukup,translated
O006-PSU-004-S0027,O006-PSU-004,Lesson03,sufficiency,2a93b311b3fb01766a3cbb34ecd886c568ddb8c57027f53ab8726fe7952cafa8,", and hence the name of this lesson.",", dan itulah asal nama pelajaran ini.",translated
O006-PSU-004-S0028,O006-PSU-004,Lesson03,definition-of-sufficiency,b50b921f96bdaeded91074bbf85600fe5135c0f32f6583330f322981511f73fb,Definition of Sufficiency,Definisi Kecukupan,translated
O006-PSU-004-S0029,O006-PSU-004,Lesson03,definition-of-sufficiency,b5e4ee9a7a6705b60eba585219e97c5e8ec4be6c954156826bd9989a1e766145,Sufficiency is the kind of topic in which it is probably best to just jump right in and state its definition. Let’s do that!,Kecukupan adalah jenis topik yang barangkali paling baik dipelajari dengan langsung masuk ke dalamnya dan menyatakan definisinya. Mari kita lakukan!,translated
O006-PSU-004-S0030,O006-PSU-004,Lesson03,definition-of-sufficiency,fdb95113e9eb0f652e6bef2d08bef5442621fda42c96aab2cc89f2eb4f6828c1,Def. 3.1 (Sufficient),Def. 3.1 (Cukup),translated
O006-PSU-004-S0031,O006-PSU-004,Lesson03,definition-of-sufficiency,c99daa81da9a1194c3f4d33c7020a3736d3fa7de6904b5d7f1bd07ecffaf45cb, Let , Misalkan ,translated
O006-PSU-004-S0032,O006-PSU-004,Lesson03,definition-of-sufficiency,10c53d9bc9973ce482109dbc2de3b4214786e2b2cd09c73d83063bf7817e0bb7, be a random sample from a probability distribution with unknown parameter , merupakan sampel acak dari suatu distribusi peluang dengan parameter tak diketahui ,translated
O006-PSU-004-S0033,O006-PSU-004,Lesson03,definition-of-sufficiency,f881183261c35bf4c6d356e82040d062afdcccaf86d8d1e3bc00e649b092805d," Then, the statistic:"," Maka, statistik berikut:",translated
O006-PSU-004-S0034,O006-PSU-004,Lesson03,definition-of-sufficiency,92e1d9e8878e61abec0877eb2d659a083d55564ec5ec938c792b941acb5a4371,is said to be sufficient for ,dikatakan cukup bagi ,translated
O006-PSU-004-S0035,O006-PSU-004,Lesson03,definition-of-sufficiency,579be05acd973662bf776952f4918f83909f65973d034a53c0a45d0129b1a79d, if the conditional distribution of , jika distribusi bersyarat dari ,translated
O006-PSU-004-S0036,O006-PSU-004,Lesson03,definition-of-sufficiency,5b7db1912bf1c10f7290d4fb061a9377c13c46cd86630651e8255e686b02b2fd,", given the statistic ",", dengan diketahui statistik ",translated
O006-PSU-004-S0037,O006-PSU-004,Lesson03,definition-of-sufficiency,60e41fd057ca0d477e3d39ccb558ac16a66c68d4ecbea2e61d0c1f694276cb0b,", does not depend on the parameter ",", tidak bergantung pada parameter ",translated
O006-PSU-004-S0038,O006-PSU-004,Lesson03,definition-of-sufficiency,a804095d9fd8df7a8dbee2590247bb0654a32a6f94687d7854da616e20dab8e2,Example 3.1,Contoh 3.1,translated
O006-PSU-004-S0039,O006-PSU-004,Lesson03,definition-of-sufficiency,c99daa81da9a1194c3f4d33c7020a3736d3fa7de6904b5d7f1bd07ecffaf45cb, Let , Misalkan ,translated
O006-PSU-004-S0040,O006-PSU-004,Lesson03,definition-of-sufficiency,a4a5e3a5bf7b9e27ea0db30fa9492cd15eda7c862806607a926ef0e9d04e84d4, be a random sample of , merupakan sampel acak dari ,translated
O006-PSU-004-S0041,O006-PSU-004,Lesson03,definition-of-sufficiency,382cec038d1dde2d95823e5ce89793beac8bb9b250732b0ae8007fb050fba6ea, Bernoulli trials in which:, percobaan Bernoulli dengan ketentuan:,translated
O006-PSU-004-S0042,O006-PSU-004,Lesson03,definition-of-sufficiency,fcee5c20544f8d780f382c64e281bfea4263cde1c1694f6bad31a93c950e59df, if the , jika subjek ,translated
O006-PSU-004-S0043,O006-PSU-004,Lesson03,definition-of-sufficiency,bb7a74fea50e43a21e5a604223e8edd9e7996a9d35794de27d4b6db8915611ad, subject likes Pepsi, menyukai Pepsi,translated
O006-PSU-004-S0044,O006-PSU-004,Lesson03,definition-of-sufficiency,fcee5c20544f8d780f382c64e281bfea4263cde1c1694f6bad31a93c950e59df, if the , jika subjek ,translated
O006-PSU-004-S0045,O006-PSU-004,Lesson03,definition-of-sufficiency,0fd2687d66799a8b929bcdf8cfb767010e70791cc889cf325c9b3bdbc9ce3c89, subject does not like Pepsi, tidak menyukai Pepsi,translated
O006-PSU-004-S0046,O006-PSU-004,Lesson03,definition-of-sufficiency,53c0d3d6c8055e9a2a658bdc93afdef61d9a2cc261da9c105ca706feed48f7ee,If ,Jika ,translated
O006-PSU-004-S0047,O006-PSU-004,Lesson03,definition-of-sufficiency,a998c3cefeada4ae448de8093753c79e38a3f1aef11392808f42ddf370a23a94, is the probability that subject , adalah peluang bahwa subjek ,translated
O006-PSU-004-S0048,O006-PSU-004,Lesson03,definition-of-sufficiency,ddaf8a9788a1e7c553f5d7d92fc4e71c0033be3f57a4c91455e7ee51d9a5ec0a," likes Pepsi, for "," menyukai Pepsi, untuk ",translated
O006-PSU-004-S0049,O006-PSU-004,Lesson03,definition-of-sufficiency,1e418b2e58442c47b79d7ba71f9bf054a47809f3782303b84bb12321f961a698,", then:",", maka:",translated
O006-PSU-004-S0050,O006-PSU-004,Lesson03,definition-of-sufficiency,6949f3be4538c702966107b68ae445e7a5a10c8a820282e1841a35338cb193eb, with probability , dengan peluang ,translated
O006-PSU-004-S0051,O006-PSU-004,Lesson03,definition-of-sufficiency,6949f3be4538c702966107b68ae445e7a5a10c8a820282e1841a35338cb193eb, with probability , dengan peluang ,translated
O006-PSU-004-S0052,O006-PSU-004,Lesson03,definition-of-sufficiency,3af1c89357584193b0cb64ae6b832cac1e313f77296db43907ddd9cb86675234,"Suppose, in a random sample of ","Misalkan, dalam sampel acak berisi ",translated
O006-PSU-004-S0053,O006-PSU-004,Lesson03,definition-of-sufficiency,ac5a2d7895f13a53613fc0172696880d90fb432a96af4e8298b69c1309996610," people, that "," orang, terdapat ",translated
O006-PSU-004-S0054,O006-PSU-004,Lesson03,definition-of-sufficiency,3ec5e2a4534f2199138e79c52520e99d07e842a7e3fb35554562fb03345469c7, people like Pepsi. If we know the value of , orang yang menyukai Pepsi. Jika kita mengetahui nilai ,translated
O006-PSU-004-S0055,O006-PSU-004,Lesson03,definition-of-sufficiency,a532df1a805932b5ce033188dca65743a8e2c87bb7eca7067af649cf5571ffd5,", the number of successes in ",", yaitu jumlah keberhasilan dalam ",translated
O006-PSU-004-S0056,O006-PSU-004,Lesson03,definition-of-sufficiency,75102ff7e31550ece44910d0951593429c30b315e72dede66dd0f53f928263c2," trials, can we gain any further information about the parameter "," percobaan, dapatkah kita memperoleh informasi lebih lanjut mengenai parameter ",translated
O006-PSU-004-S0057,O006-PSU-004,Lesson03,definition-of-sufficiency,fa0d17a250ba0e15341226c0e9403dacedb19005e254c4f7db24a5143cd079ad, by considering other functions of the data , dengan mempertimbangkan fungsi-fungsi lain dari data ,translated
O006-PSU-004-S0058,O006-PSU-004,Lesson03,definition-of-sufficiency,37b8ec281f54e6ea3b273371ca2f1f1a47767115db03952ca40bdaa225694d6f,"? That is, is ","? Dengan kata lain, apakah ",translated
O006-PSU-004-S0059,O006-PSU-004,Lesson03,definition-of-sufficiency,744c4772d439c880ba6e8f56ea8e686ba92074517028b81b8311bd0bd68da26c, sufficient for , cukup bagi ,translated
O006-PSU-004-S0060,O006-PSU-004,Lesson03,solution,22927695994eab589c7601a6b15df4d9dc67c5aceb9a74cdb965444b9b8362a6,Solution,Penyelesaian,translated
O006-PSU-004-S0061,O006-PSU-004,Lesson03,solution,e2c766df73119929c75e3d2b7e555c1be698b41208ade1cfcaa26d399141dfd9,The definition of sufficiency tells us that if the conditional distribution of ,Definisi kecukupan menyatakan bahwa jika distribusi bersyarat dari ,translated
O006-PSU-004-S0062,O006-PSU-004,Lesson03,solution,5b7db1912bf1c10f7290d4fb061a9377c13c46cd86630651e8255e686b02b2fd,", given the statistic ",", dengan diketahui statistik ",translated
O006-PSU-004-S0063,O006-PSU-004,Lesson03,solution,f9ccaad6550f73607795ad039e0199de3b8ee0a05110c6e4ee5783c21c6f3d43,", does not depend on ",", tidak bergantung pada ",translated
O006-PSU-004-S0064,O006-PSU-004,Lesson03,solution,6b6fbf17a9018a5a576852656b16aa6c3b28045346d91d28e02eb41e199eafce,", then ",", maka ",translated
O006-PSU-004-S0065,O006-PSU-004,Lesson03,solution,90fe1c308793693034c49874053eee72e52766b3cfe2c33ce020e826f7f6f47c, is a sufficient statistic for , merupakan statistik cukup bagi ,translated
O006-PSU-004-S0066,O006-PSU-004,Lesson03,solution,f110610eaff933fe83cbc59d8a690d86bc8f42a45287b11890f4110968fcb125, The conditional distribution of , Distribusi bersyarat dari ,translated
O006-PSU-004-S0067,O006-PSU-004,Lesson03,solution,3d9ced6ab9039f8e48737dc031b1218c86328f45cc3cc0a9a2317c42574c7a83,", given ",", dengan diketahui ",translated
O006-PSU-004-S0068,O006-PSU-004,Lesson03,solution,e6e8c4b843b1018b3abd7e0b75a8ada1eb66674706b679fdf4b1cebf316ce5e2,", is by definition:",", menurut definisi adalah:",translated
O006-PSU-004-S0069,O006-PSU-004,Lesson03,solution,a118aa4b4cfa856cbf2676561c7763f867d7010212055288f39ef32ee87d3ee5,"Now, for the sake of concreteness, suppose we were to observe a random sample of size ","Sekarang, agar lebih konkret, misalkan kita mengamati sampel acak berukuran ",translated
O006-PSU-004-S0070,O006-PSU-004,Lesson03,solution,35d45c0639908cf99a7d65e9b98c17da83925be8c0be7d216a3f926cc2ba6900, in which , dengan ,translated
O006-PSU-004-S0071,O006-PSU-004,Lesson03,solution,0c6d0008176fd4c192b6747357316a858e3ce9a6f72ddd19521bf0bb54a64449, In this case:, Dalam hal ini:,translated
O006-PSU-004-S0072,O006-PSU-004,Lesson03,solution,d782911af728e06541f2d8550372e8e93938a12829d12b1b0e5fc3cde3ee4667,"because the sum of the data values, ","karena jumlah nilai data, ",translated
O006-PSU-004-S0073,O006-PSU-004,Lesson03,solution,aee959b4fddf8636960d50505dd532f4f58da285935fce51987aff383d9312fe,", is 1 + 0 + 1 = 2, but ",", adalah 1 + 0 + 1 = 2, tetapi ",translated
O006-PSU-004-S0074,O006-PSU-004,Lesson03,solution,985028cf66168c82356ba3b90ad35c8ea7a99aebde895656f0a60ce4b4ee2bf4,", which is defined to be the sum of the ",", yang didefinisikan sebagai jumlah semua ",translated
O006-PSU-004-S0075,O006-PSU-004,Lesson03,solution,07e36482f850df4a1fdfa49c41e5397c860e60d71801a644e8bf838bf4a058b6,’s is 1. That is because ,", bernilai 1. Hal ini karena ",translated
O006-PSU-004-S0076,O006-PSU-004,Lesson03,solution,89a6f549eb363dbf3a0f013ed5bac8514ec98f7ff56b83fa55dfc5fd52686f07,", the event in the numerator of ",", kejadian pada pembilang ",translated
O006-PSU-004-S0077,O006-PSU-004,Lesson03,solution,9ab44c7d5342305f1df0739f4f98d33c85cb3c63090335c6d59e88d2565e5913,Equation ,Persamaan ,translated
O006-PSU-004-S0078,O006-PSU-004,Lesson03,solution,a9526d606970aeb726a9f107e49f1f4eb0937829cf8fedc587035680ac931fed, is an impossible event and therefore its probability is 0., merupakan kejadian mustahil sehingga peluangnya 0.,translated
O006-PSU-004-S0079,O006-PSU-004,Lesson03,solution,e8e9895de84b38fd6d0c7c40d6f6954b2734f0759f43c17751249be49b624c2d,"Now, let’s consider an event that is possible, namely ( ","Sekarang, mari kita tinjau kejadian yang mungkin, yaitu ( ",translated
O006-PSU-004-S0080,O006-PSU-004,Lesson03,solution,d3772699ba9b2fc57e850ba5fbe1029cf85aaad7758316f2b1ca966ea27db0a0,"). In that case, we have, by independence:","). Dalam hal ini, berdasarkan kebebasan, kita peroleh:",translated
O006-PSU-004-S0081,O006-PSU-004,Lesson03,solution,535eb872b2751752bf2873045507fcbd5b8ee3cc2956d987574ee5c806219f64,"So, in general:","Jadi, secara umum:",translated
O006-PSU-004-S0082,O006-PSU-004,Lesson03,solution,42c9595bc4ea5f2baa2ad222e0dddf95e6eeb4f9c2d4a9c62dfe69cc1334d9f4,and:,dan:,translated
O006-PSU-004-S0083,O006-PSU-004,Lesson03,solution,81da9967ae8bc2734af18807dd69e5c856eadd8d518fc025076d0cf7445400f8,"Now, the denominator in the ","Sekarang, penyebut dalam ",translated
O006-PSU-004-S0084,O006-PSU-004,Lesson03,solution,9ab44c7d5342305f1df0739f4f98d33c85cb3c63090335c6d59e88d2565e5913,Equation ,Persamaan ,translated
O006-PSU-004-S0085,O006-PSU-004,Lesson03,solution,e76c53fbddf3fec66e966114b48565cfb407dc4b53210374695c339a2bf4c7b6, equation above is the binomial probability of getting exactly , di atas adalah peluang binomial untuk memperoleh tepat ,translated
O006-PSU-004-S0086,O006-PSU-004,Lesson03,solution,51807cefee0f486cd21b747ca436919d32c390321ee45a3483d11335c12e80d3, successes in , keberhasilan dalam ,translated
O006-PSU-004-S0087,O006-PSU-004,Lesson03,solution,e9d6c74b031aa2e04a6a78f5a843fa28239e3c5addc2e22b3fb69756409a1461, trials with a probability of success , percobaan dengan peluang keberhasilan ,translated
O006-PSU-004-S0088,O006-PSU-004,Lesson03,solution,9526e1506db02531f041d08420353bcc6d31d816f1498d8ae13bc5cd53087c64," That is, the denominator is:"," Artinya, penyebutnya adalah:",translated
O006-PSU-004-S0089,O006-PSU-004,Lesson03,solution,21f4c696f93fb96f5f71545f752d435f4a46341ea57dc4558b6c2795bd97604d,for ,untuk ,translated
O006-PSU-004-S0090,O006-PSU-004,Lesson03,solution,f9edf3a1042328dca70441d27edc7a0aac4988a3f1c7bcc4f53a5fcac6cda827," Putting the numerator and denominator together, we get, if "," Dengan menggabungkan pembilang dan penyebut, jika ",translated
O006-PSU-004-S0091,O006-PSU-004,Lesson03,solution,53901e74f9accc05c823d70ce57159023dba0655e02e6976f6585a18ac06dc01,", that the conditional probability is:",", kita peroleh peluang bersyarat:",translated
O006-PSU-004-S0092,O006-PSU-004,Lesson03,solution,42c9595bc4ea5f2baa2ad222e0dddf95e6eeb4f9c2d4a9c62dfe69cc1334d9f4,and:,dan:,translated
O006-PSU-004-S0093,O006-PSU-004,Lesson03,solution,4372022dd152619737ffa34e2fa2534845b6a3daea201ad2ab3178e29764943b,Aha! We have just shown that the conditional distribution of ,Nah! Kita baru saja menunjukkan bahwa distribusi bersyarat dari ,translated
O006-PSU-004-S0094,O006-PSU-004,Lesson03,solution,c268d7c22458414a581a855c1cbec0d47685d6579669aecb82da281a80ce32f8, given , dengan diketahui ,translated
O006-PSU-004-S0095,O006-PSU-004,Lesson03,solution,7e75f823712cf042aa782dbec78ea5656e10b0cc5354e5ce0ccb678eeedb89f2, does not depend on , tidak bergantung pada ,translated
O006-PSU-004-S0096,O006-PSU-004,Lesson03,solution,81aabe5f7168adf4f73c91b0fc7b9c45fac61a906f58f629b51fe6d133fab49b," Therefore, "," Oleh karena itu, ",translated
O006-PSU-004-S0097,O006-PSU-004,Lesson03,solution,0fd8715e265a96486bf6fd277b969a2da557b861b5ff066d409231f8af209133, is indeed sufficient for , memang cukup bagi ,translated
O006-PSU-004-S0098,O006-PSU-004,Lesson03,solution,1820ccc93fbc1aff83d53411cdb6c64d084a5cd93ed1de66973a12578e3d68f4," That is, once the value of "," Artinya, setelah nilai ",translated
O006-PSU-004-S0099,O006-PSU-004,Lesson03,solution,a82d2039ea955ed5f0e7034b0c051610f27e5d14c259944e581f1d6cc61704a2," is known, no other function of "," diketahui, tidak ada fungsi lain dari ",translated
O006-PSU-004-S0100,O006-PSU-004,Lesson03,solution,f06ff1ae891abbc74fcd102a4dec12f5e85a2d691a82ed6d5accf63ad020480d, will provide any additional information about the possible value of , yang akan memberikan informasi tambahan mengenai kemungkinan nilai ,translated
O006-PSU-004-S0101,O006-PSU-004,Lesson03,factorization-theorem,b0228a9bef0edbc8bf19ab869337df117caf539b9169572304433c2d52f48d20,Factorization Theorem,Teorema Faktorisasi,translated
O006-PSU-004-S0102,O006-PSU-004,Lesson03,factorization-theorem,182d123728853300d1a6e4bc551c0fe6c5ebeb53555e9a0cf55b5a167d2b76a7,"While the definition of sufficiency provided on the previous page may make sense intuitively, it is not always all that easy to find the conditional distribution of ","Walaupun definisi kecukupan yang diberikan pada halaman sebelumnya mungkin masuk akal secara intuitif, tidak selalu mudah menentukan distribusi bersyarat dari ",translated
O006-PSU-004-S0103,O006-PSU-004,Lesson03,factorization-theorem,c268d7c22458414a581a855c1cbec0d47685d6579669aecb82da281a80ce32f8, given , dengan diketahui ,translated
O006-PSU-004-S0104,O006-PSU-004,Lesson03,factorization-theorem,2bc18ee6c3e43cb1eb270dd9811171e416e5aa2383135e063e0ad886c06b4448, Not to mention that we’d have to find the conditional distribution of ," Belum lagi, kita harus menentukan distribusi bersyarat dari ",translated
O006-PSU-004-S0105,O006-PSU-004,Lesson03,factorization-theorem,c268d7c22458414a581a855c1cbec0d47685d6579669aecb82da281a80ce32f8, given , dengan diketahui ,translated
O006-PSU-004-S0106,O006-PSU-004,Lesson03,factorization-theorem,c512c3efdd78ec607aaa10b5cc5162d70fc7a4110dc4c6e0b935ce50d7a16510, for every , untuk setiap ,translated
O006-PSU-004-S0107,O006-PSU-004,Lesson03,factorization-theorem,a1cecc2b5a5151f186d5898cad1db4bc2a0ae2fa806a739a33deb7564e2dc43d," that we’d want to consider a possible sufficient statistic! Therefore, using the formal definition of sufficiency as a way of identifying a sufficient statistic for a parameter "," yang ingin kita pertimbangkan sebagai statistik cukup yang mungkin! Oleh karena itu, menggunakan definisi formal kecukupan sebagai cara mengidentifikasi statistik cukup bagi parameter ",translated
O006-PSU-004-S0108,O006-PSU-004,Lesson03,factorization-theorem,44940835993fddd3015b671c454c0a82a54185555f332a0ebeb3a3d3f18bbbdc," can often be a daunting road to follow. Thankfully, a theorem often referred to as the Factorization Theorem provides an easier alternative! We state it here without proof."," sering kali merupakan jalan yang sulit ditempuh. Syukurlah, suatu teorema yang sering disebut Teorema Faktorisasi menyediakan alternatif yang lebih mudah! Kita nyatakan teorema itu di sini tanpa bukti.",translated
O006-PSU-004-S0109,O006-PSU-004,Lesson03,factorization-theorem,cbff1beb061f0de47eae0a78d0395107a80483c8dee4bcdca3cb330cc570776b,Theorem 3.1 (Factorization),Teorema 3.1 (Faktorisasi),translated
O006-PSU-004-S0110,O006-PSU-004,Lesson03,factorization-theorem,c99daa81da9a1194c3f4d33c7020a3736d3fa7de6904b5d7f1bd07ecffaf45cb, Let , Misalkan ,translated
O006-PSU-004-S0111,O006-PSU-004,Lesson03,factorization-theorem,a6dab14a4e409def38e023eae60b3cf591464520a69ce9049eeacdf4223d0e9b, denote random variables with joint probability density function or joint probability mass function , menyatakan peubah-peubah acak dengan fungsi kepadatan peluang bersama atau fungsi massa peluang bersama ,translated
O006-PSU-004-S0112,O006-PSU-004,Lesson03,factorization-theorem,1026adf4f5de07ebcc264db0f3c9345bfe8a76d9cfbbad81f688b9c46f941df6,", which depends on the parameter ",", yang bergantung pada parameter ",translated
O006-PSU-004-S0113,O006-PSU-004,Lesson03,factorization-theorem,f6c019364e27dcb26592c783c00bacb2d9a51e71eef437b95db9641f0511aabc," Then, the statistic "," Maka, statistik ",translated
O006-PSU-004-S0114,O006-PSU-004,Lesson03,factorization-theorem,23647d3387263addc07be28c60db7bd3febbd2c45799326a004bfef26e66c603, is sufficient for , cukup bagi ,translated
O006-PSU-004-S0115,O006-PSU-004,Lesson03,factorization-theorem,8b91e597d4c9c7990e1164ea99ad93422e4628195e27eed0701e4a3ca12daf7d," if and only if the p.d.f (or p.m.f.) can be factored into two components, that is:"," jika dan hanya jika PDF (atau PMF) tersebut dapat difaktorkan menjadi dua komponen, yaitu:",translated
O006-PSU-004-S0116,O006-PSU-004,Lesson03,factorization-theorem,53e44550b63d1f3210820d29879160b76e3bdb07a69815b260c6e20213a1ea99,where:,dengan:,translated
O006-PSU-004-S0117,O006-PSU-004,Lesson03,factorization-theorem,8c2c76221c8a311e7eaa877b18611bbbb52dad4704b8782bdd498627323b9e25, is a function that depends on the data , merupakan fungsi yang bergantung pada data ,translated
O006-PSU-004-S0118,O006-PSU-004,Lesson03,factorization-theorem,76294b6c37a1cae1c075bb584532087161a57b183d79cd50bdf03fd01fef2e01, only through the function , hanya melalui fungsi ,translated
O006-PSU-004-S0119,O006-PSU-004,Lesson03,factorization-theorem,4aa9bfd2f175a94ad5a7cb321e1aea9790c73eb366a3415b47a00aeaa9fbf24a,", and",", dan",translated
O006-PSU-004-S0120,O006-PSU-004,Lesson03,factorization-theorem,7967b6e7c962da80cf72e85c1a65b2aa633caa80759044db3af38dadd85f1133,the function ,fungsi ,translated
O006-PSU-004-S0121,O006-PSU-004,Lesson03,factorization-theorem,f9ec35eee6613ba145d99fe3c15d66a078c5ce8a41591cab8956e2e0da486f0a, does not depend on the parameter , tidak bergantung pada parameter ,translated
O006-PSU-004-S0122,O006-PSU-004,Lesson03,factorization-theorem,def77ad9febb94167efce64cc518a0e9a5db9664900851e67ce2584552515d19,Let’s put the theorem to work on a few examples!,Mari kita terapkan teorema ini pada beberapa contoh!,translated
O006-PSU-004-S0123,O006-PSU-004,Lesson03,factorization-theorem,c2e81ab00bcfa95fe4d2482e24665d7de1c5316720628324f50c2d1bedf5c150,Example 3.2,Contoh 3.2,translated
O006-PSU-004-S0124,O006-PSU-004,Lesson03,factorization-theorem,c99daa81da9a1194c3f4d33c7020a3736d3fa7de6904b5d7f1bd07ecffaf45cb, Let , Misalkan ,translated
O006-PSU-004-S0125,O006-PSU-004,Lesson03,factorization-theorem,64b493cd2d436d25afec23e9ece60a70f5dbc9e4560a5875098002a6607fb24c, denote a random sample from a Poisson distribution with parameter , menyatakan sampel acak dari distribusi Poisson dengan parameter ,translated
O006-PSU-004-S0126,O006-PSU-004,Lesson03,factorization-theorem,fd1638dfd3c6a79ca7f890b5425eecf46b6cb63aa5e28a9a74d0e4bde85d7fc0, Find a sufficient statistic for the parameter , Tentukan statistik cukup bagi parameter ,translated
O006-PSU-004-S0127,O006-PSU-004,Lesson03,solution-1,22927695994eab589c7601a6b15df4d9dc67c5aceb9a74cdb965444b9b8362a6,Solution,Penyelesaian,translated
O006-PSU-004-S0128,O006-PSU-004,Lesson03,solution-1,b2d8eb756ebd5335a7919742604c521fc1b1c38fe2ab91f51af5ab31a376f396,Because ,Karena ,translated
O006-PSU-004-S0129,O006-PSU-004,Lesson03,solution-1,692e74060947abe7a266cb943b63d637bebc66654be66f3132f4439b2a44b0dd," is a random sample, the joint probability mass function of "," merupakan sampel acak, fungsi massa peluang bersama dari ",translated
O006-PSU-004-S0130,O006-PSU-004,Lesson03,solution-1,663944de97ee3bd0700f50f6fb4cdf3818c0252b6d454304caeb33d40a3ac85d," is, by independence:", berdasarkan kebebasan adalah:,translated
O006-PSU-004-S0131,O006-PSU-004,Lesson03,solution-1,fedfe588ffeb423bafe811a7375a432f4052b45994b388806897554bd6b4630b,Inserting what we know to be the probability mass function of a Poisson random variable with parameter ,Dengan memasukkan fungsi massa peluang peubah acak Poisson berparameter ,translated
O006-PSU-004-S0132,O006-PSU-004,Lesson03,solution-1,2970982878a47ecdfde8f022373547d6883149aa9276f72f48d125185ab548f3,", the joint p.m.f. is therefore:",", fungsi massa peluang bersama tersebut menjadi:",translated
O006-PSU-004-S0133,O006-PSU-004,Lesson03,solution-1,9bbf97ed379565a34ccecf9dd2ea2dbe83f92e6a60a13d29821379f826d921e0,"Now, simplifying, by adding up all ","Sekarang, dengan menyederhanakannya melalui penjumlahan seluruh ",translated
O006-PSU-004-S0134,O006-PSU-004,Lesson03,solution-1,a138f78c3191995b5c688d9516bd09fa2af80a3b3730dbbf0ded262c6233ed56, of the , buah ,translated
O006-PSU-004-S0135,O006-PSU-004,Lesson03,solution-1,3676a0bb7c75160d63070bdf7a81f521eb9757774c8e90039e911cb3e2f950e7,"s in the exponents, as well as all "," pada eksponen, serta seluruh ",translated
O006-PSU-004-S0136,O006-PSU-004,Lesson03,solution-1,a138f78c3191995b5c688d9516bd09fa2af80a3b3730dbbf0ded262c6233ed56, of the , buah ,translated
O006-PSU-004-S0137,O006-PSU-004,Lesson03,solution-1,c4112365bcf2afbede6310182c87550992d33559d0759c05b3f46a6134ed3086,"’s in the exponents, we get:"," pada eksponen, kita peroleh:",translated
O006-PSU-004-S0138,O006-PSU-004,Lesson03,solution-1,6224f1c208e4a8b10aee2a9dfe4242e2ffda24185f2067e667b9683e4d0d57cb,"Hey, look at that! We just factored the joint p.m.f. into two functions, one (","Hei, lihatlah! Kita baru saja memfaktorkan PMF bersama menjadi dua fungsi, satu (",translated
O006-PSU-004-S0139,O006-PSU-004,Lesson03,solution-1,4b81d2b8d5a10963525671b7a63eafed414bb778596be55ea99054a5cef45515,) being only a function of the statistic ,) yang hanya merupakan fungsi dari statistik ,translated
O006-PSU-004-S0140,O006-PSU-004,Lesson03,solution-1,deabcaa85e6cce269e9d685400cf6395eed0fdc9dbaade412e748ec4a61640c1, and the other (, dan yang lain (,translated
O006-PSU-004-S0141,O006-PSU-004,Lesson03,solution-1,13c55a850410cb9fc2243184bd943f98e0c3ad31c9365f8d44a3105e5ba9df55,) not depending on the parameter ,) tidak bergantung pada parameter ,translated
O006-PSU-004-S0142,O006-PSU-004,Lesson03,solution-1,6411061394c32752e982a32608c0cb8f67d1a40f208f9dbdd8b4e50f66c857ac,"Therefore, the Factorization Theorem tells us that ","Oleh karena itu, Teorema Faktorisasi menyatakan bahwa ",translated
O006-PSU-004-S0143,O006-PSU-004,Lesson03,solution-1,90fe1c308793693034c49874053eee72e52766b3cfe2c33ce020e826f7f6f47c, is a sufficient statistic for , merupakan statistik cukup bagi ,translated
O006-PSU-004-S0144,O006-PSU-004,Lesson03,solution-1,a2c51c1f76cd5cc481eddae42d4b3d8dc076b5573940ec9006b82dd4b6f5e13d," But, wait a second! We can also write the joint p.m.f. as:"," Namun, tunggu sebentar! Kita juga dapat menulis PMF bersama tersebut sebagai:",translated
O006-PSU-004-S0145,O006-PSU-004,Lesson03,solution-1,6411061394c32752e982a32608c0cb8f67d1a40f208f9dbdd8b4e50f66c857ac,"Therefore, the Factorization Theorem tells us that ","Oleh karena itu, Teorema Faktorisasi menyatakan bahwa ",translated
O006-PSU-004-S0146,O006-PSU-004,Lesson03,solution-1,0b64dcbc5ef1ce8802497a013647c2c8506a21baf111fc88f6e147914acc4f3b, is also a sufficient statistic for , juga merupakan statistik cukup bagi ,translated
O006-PSU-004-S0147,O006-PSU-004,Lesson03,solution-1,070014a2748b4a49ee11c57969f4b69d27dc858c4337aa44d08a6ef903fae1fb,"If you think about it, it makes sense that ","Jika dipikirkan, masuk akal bahwa ",translated
O006-PSU-004-S0148,O006-PSU-004,Lesson03,solution-1,e3ee915a8e8c7aa02d2fced443314522b20824abd2535d5959c41dc8ab8a09e4, and , dan ,translated
O006-PSU-004-S0149,O006-PSU-004,Lesson03,solution-1,29c170b628ff063bb90e44db572d0c76c8e9d3a76f699e0066574438af3b35bb," are both sufficient statistics, because if we know ", keduanya merupakan statistik cukup karena jika kita mengetahui ,translated
O006-PSU-004-S0150,O006-PSU-004,Lesson03,solution-1,8e7119f2942ad1b0be742f28ac99c0bdbea4ac79226844a30321ba71875f4a32,", we can easily find ",", kita dapat dengan mudah menentukan ",translated
O006-PSU-004-S0151,O006-PSU-004,Lesson03,solution-1,9c1d78100eb3306daa6281379047f4d9b72f041c2a410afabee592d3c888d3ec," And, if we know ", Dan jika kita mengetahui ,translated
O006-PSU-004-S0152,O006-PSU-004,Lesson03,solution-1,8e7119f2942ad1b0be742f28ac99c0bdbea4ac79226844a30321ba71875f4a32,", we can easily find ",", kita dapat dengan mudah menentukan ",translated
O006-PSU-004-S0153,O006-PSU-004,Lesson03,factorization-theorem,1cf905160db64e71892e494e580d0048f53bf9ea0f0459952ffc80b535e757f4,The previous example suggests that there can be more than one sufficient statistic for a parameter ,Contoh sebelumnya menunjukkan bahwa dapat ada lebih dari satu statistik cukup bagi parameter ,translated
O006-PSU-004-S0154,O006-PSU-004,Lesson03,factorization-theorem,0169834c5e67fcaacb5e53aa0dd9db30a7f5a85cb9e6c5726d8b7162807de348," In general, if "," Secara umum, jika ",translated
O006-PSU-004-S0155,O006-PSU-004,Lesson03,factorization-theorem,696ec8c800b34a01a91c95474d787d65e167dec6a314b594babb4fbc518dc451, is a sufficient statistic for a parameter , merupakan statistik cukup bagi parameter ,translated
O006-PSU-004-S0156,O006-PSU-004,Lesson03,factorization-theorem,4d7cc0068316c0d0f828c49db9749797fb73c8b80dfd510248dc957bd4818cff,", then every one-to-one function of ",", maka setiap fungsi satu-satu dari ",translated
O006-PSU-004-S0157,O006-PSU-004,Lesson03,factorization-theorem,5ba0aaae9ceba4335690c40d5c2367f06ec5d2f6c8698a568708ca1716ed010f, not involving , yang tidak melibatkan ,translated
O006-PSU-004-S0158,O006-PSU-004,Lesson03,factorization-theorem,0b64dcbc5ef1ce8802497a013647c2c8506a21baf111fc88f6e147914acc4f3b, is also a sufficient statistic for , juga merupakan statistik cukup bagi ,translated
O006-PSU-004-S0159,O006-PSU-004,Lesson03,factorization-theorem,25521af5e626520a7606942b0fda4dbd687bca05421021b4a92e3cdf52b2b805, Let’s take a look at another example., Mari kita lihat contoh lain.,translated
O006-PSU-004-S0160,O006-PSU-004,Lesson03,factorization-theorem,34785dffc39335846f8583261cdcdaeea0cb2ca5e72a6eed307e0b6086218258,Example 3.3,Contoh 3.3,translated
O006-PSU-004-S0161,O006-PSU-004,Lesson03,factorization-theorem,c99daa81da9a1194c3f4d33c7020a3736d3fa7de6904b5d7f1bd07ecffaf45cb, Let , Misalkan ,translated
O006-PSU-004-S0162,O006-PSU-004,Lesson03,factorization-theorem,791f0ed3a22fe2ebefb5000acd88ef1af3366ee821ee81d034f96e57704b44ea, be a random sample from a normal distribution with mean , merupakan sampel acak dari distribusi normal dengan rataan ,translated
O006-PSU-004-S0163,O006-PSU-004,Lesson03,factorization-theorem,c67a65e3e49c4bfaf53bdc01ed4c72bbf77ddae7cc510dc044fe006dd033a977, and variance 1. Find a sufficient statistic for the parameter , dan varians 1. Tentukan statistik cukup bagi parameter ,translated
O006-PSU-004-S0164,O006-PSU-004,Lesson03,solution-2,22927695994eab589c7601a6b15df4d9dc67c5aceb9a74cdb965444b9b8362a6,Solution,Penyelesaian,translated
O006-PSU-004-S0165,O006-PSU-004,Lesson03,solution-2,b2d8eb756ebd5335a7919742604c521fc1b1c38fe2ab91f51af5ab31a376f396,Because ,Karena ,translated
O006-PSU-004-S0166,O006-PSU-004,Lesson03,solution-2,3f5e5f4d00ba3adedfc87b851bde96eb7f676f25f8baf26051fd379ccc6a1a2b," is a random sample, the joint probability density function of "," merupakan sampel acak, fungsi kepadatan peluang bersama dari ",translated
O006-PSU-004-S0167,O006-PSU-004,Lesson03,solution-2,663944de97ee3bd0700f50f6fb4cdf3818c0252b6d454304caeb33d40a3ac85d," is, by independence:", berdasarkan kebebasan adalah:,translated
O006-PSU-004-S0168,O006-PSU-004,Lesson03,solution-2,75f8acff7323a4d357ea35a067c49aeae4ce6f99a89d032eeeaef5a72c5f7c16,Inserting what we know to be the probability density function of a normal random variable with mean ,"Dengan memasukkan fungsi kepadatan peluang peubah acak normal yang kita ketahui, dengan rataan ",translated
O006-PSU-004-S0169,O006-PSU-004,Lesson03,solution-2,3b35afb96688e1fe00ab8370e533619942d98eb0ae9f1aed6ac7e4f3b4968c47," and variance 1, the joint p.d.f. is:"," dan varians 1, fungsi kepadatan peluang bersama tersebut menjadi:",translated
O006-PSU-004-S0170,O006-PSU-004,Lesson03,solution-2,0255bc47178d84ca224bd8d6df60426ec9b020f93d67fde277a7882ec668bca4,"Collecting like terms, we get:","Dengan menggabungkan suku-suku sejenis, kita peroleh:",translated
O006-PSU-004-S0171,O006-PSU-004,Lesson03,solution-2,a6ce941652d5522e6883db8f2e2692a375fd44c47663d9d69c364a07d661605c,A trick to making the factoring of the joint p.d.f. an easier task is to add 0 to the quantity in parentheses in the summation. That is:,Salah satu cara agar pemfaktoran PDF bersama lebih mudah adalah menambahkan 0 pada kuantitas di dalam tanda kurung dalam penjumlahan tersebut. Yaitu:,translated
O006-PSU-004-S0172,O006-PSU-004,Lesson03,solution-2,d376e21fb94dc8185f949948d7cbefc20f5386d714cd9d738d2355c015aa744f,"Now, squaring the quantity in parentheses, we get:","Sekarang, dengan menguadratkan kuantitas di dalam tanda kurung, kita peroleh:",translated
O006-PSU-004-S0173,O006-PSU-004,Lesson03,solution-2,d0905374d2b5ea3cf925dad8599a2de6e58b91aee3c4149e8a8859fccda5e880,"And then distributing the summation, we get:","Kemudian, dengan mendistribusikan penjumlahan, kita peroleh:",translated
O006-PSU-004-S0174,O006-PSU-004,Lesson03,solution-2,ef163e7960f9162ddf8b07362bb27655b0c3819934f2b571a7acab8645432450,"But, the middle term in the exponent is 0, and the last term, because it doesn’t depend on the index ","Namun, suku tengah pada eksponen bernilai 0, sedangkan suku terakhir, karena tidak bergantung pada indeks ",translated
O006-PSU-004-S0175,O006-PSU-004,Lesson03,solution-2,13ce592617bd92fd931e3f5501cbe98f4110b450b2d6b8c4bfb4b1c86c3b63b6,", can be added up ",", dapat dijumlahkan sebanyak ",translated
O006-PSU-004-S0176,O006-PSU-004,Lesson03,solution-2,3d947e7db2d9a586b3d086c0013c06ba3febe30b5b50dcde29b39128af465753, times:, kali:,translated
O006-PSU-004-S0177,O006-PSU-004,Lesson03,solution-2,f9e2fef72112889ce0cdc6548a23f664c76fd138e7d854c8b3f4c93998737b81,"So, simplifying, we get:","Jadi, setelah disederhanakan, kita peroleh:",translated
O006-PSU-004-S0178,O006-PSU-004,Lesson03,solution-2,4f18fe7f0aa5a25975ead9a0abc794c2cdeb7adb4286903270da451a2d23038e,"In summary, we have factored the joint p.d.f. into two functions, one (","Ringkasnya, kita telah memfaktorkan fungsi kepadatan peluang bersama menjadi dua fungsi, yang satu (",translated
O006-PSU-004-S0179,O006-PSU-004,Lesson03,solution-2,4b81d2b8d5a10963525671b7a63eafed414bb778596be55ea99054a5cef45515,) being only a function of the statistic ,) hanya merupakan fungsi dari statistik ,translated
O006-PSU-004-S0180,O006-PSU-004,Lesson03,solution-2,deabcaa85e6cce269e9d685400cf6395eed0fdc9dbaade412e748ec4a61640c1, and the other (, dan yang lain (,translated
O006-PSU-004-S0181,O006-PSU-004,Lesson03,solution-2,13c55a850410cb9fc2243184bd943f98e0c3ad31c9365f8d44a3105e5ba9df55,) not depending on the parameter ,) tidak bergantung pada parameter ,translated
O006-PSU-004-S0182,O006-PSU-004,Lesson03,solution-2,6411061394c32752e982a32608c0cb8f67d1a40f208f9dbdd8b4e50f66c857ac,"Therefore, the Factorization Theorem tells us that ","Oleh karena itu, Teorema Faktorisasi menyatakan bahwa ",translated
O006-PSU-004-S0183,O006-PSU-004,Lesson03,solution-2,90fe1c308793693034c49874053eee72e52766b3cfe2c33ce020e826f7f6f47c, is a sufficient statistic for , merupakan statistik cukup bagi ,translated
O006-PSU-004-S0184,O006-PSU-004,Lesson03,solution-2,295e522c451d5bccf396916de0713972acf1b7ffb052812892f91b2052fd7a06," Now, "," Sekarang, ",translated
O006-PSU-004-S0185,O006-PSU-004,Lesson03,solution-2,b6347c1c9362d994b18e0a5158699b1b8b9aa30b2403fddf83e8f7270ab77be5, is also sufficient for , juga cukup bagi ,translated
O006-PSU-004-S0186,O006-PSU-004,Lesson03,solution-2,3d515992df20ee990a9c24dc7892d1e259c0b8b8c917f48345eb88c63a74b811,", because if we are given the value of ",", karena jika kita diberikan nilai ",translated
O006-PSU-004-S0187,O006-PSU-004,Lesson03,solution-2,a1623ba6586e629cb7d8e24d76ae7d3c9d5b7ae651e30b26ae822ef4f25e9db6,", we can easily get the value of ",", kita dapat dengan mudah memperoleh nilai ",translated
O006-PSU-004-S0188,O006-PSU-004,Lesson03,solution-2,d744e6e61d119994a47bbf596bc85d89f25a2f7e2675094561c550ad9c06dbd1, through the one-to-one function , melalui fungsi satu-satu ,translated
O006-PSU-004-S0189,O006-PSU-004,Lesson03,solution-2,0f03a681d83cd34a0146aa311f8e042b8db2fcce8720fd8d181f86b12067e143, That is:, Artinya:,translated
O006-PSU-004-S0190,O006-PSU-004,Lesson03,solution-2,030ac1842b53712467017f101defae6a217a85bf8fbd43e6b649f8dc31168774,"On the other hand, ","Sebaliknya, ",translated
O006-PSU-004-S0191,O006-PSU-004,Lesson03,solution-2,1f87fe9e71d532df03fd324036c1cb26e0f4f767144305378dbe554dd1bfdcb6, is not a sufficient statistic for , bukan merupakan statistik cukup bagi ,translated
O006-PSU-004-S0192,O006-PSU-004,Lesson03,solution-2,964a5c5e6e72aae4844a0c49fc9c528933e96568c2211d2c0eda2083050233e4,", because it is not a one-to-one function. That is, if we are given the value of ",", karena bukan fungsi satu-satu. Artinya, jika kita diberikan nilai ",translated
O006-PSU-004-S0193,O006-PSU-004,Lesson03,solution-2,1ff676b32c39908d501bc37bd299bd3965803ac0b8b4603232bb1f92f079c489,", using the inverse function:",", dengan menggunakan fungsi invers:",translated
O006-PSU-004-S0194,O006-PSU-004,Lesson03,solution-2,4becc5723ff5fe0bf14c2a36582963aa8aeb9958647ed665599067fce20704a5,"we get two possible values, namely:","kita memperoleh dua nilai yang mungkin, yaitu:",translated
O006-PSU-004-S0195,O006-PSU-004,Lesson03,solution-2,a1cdf94d1981f8cdd97e222a30c8559f389b72b62b709cc6562a1989b58eec37,"We’re getting so good at this, let’s take a look at one more example!",Kita makin mahir dalam hal ini; mari kita lihat satu contoh lagi!,translated
O006-PSU-004-S0196,O006-PSU-004,Lesson03,factorization-theorem,ff30ed3114437375886d8c3665f08334e228667f31e342962bbef2c73d74dfbd,Example 3.4,Contoh 3.4,translated
O006-PSU-004-S0197,O006-PSU-004,Lesson03,factorization-theorem,c99daa81da9a1194c3f4d33c7020a3736d3fa7de6904b5d7f1bd07ecffaf45cb, Let , Misalkan ,translated
O006-PSU-004-S0198,O006-PSU-004,Lesson03,factorization-theorem,fba317bcd5b5d5177fa9f013f28ef1a6a64cfa588b5f251c488354b691bda2db, be a random sample from an exponential distribution with parameter , merupakan sampel acak dari distribusi eksponensial dengan parameter ,translated
O006-PSU-004-S0199,O006-PSU-004,Lesson03,factorization-theorem,fd1638dfd3c6a79ca7f890b5425eecf46b6cb63aa5e28a9a74d0e4bde85d7fc0, Find a sufficient statistic for the parameter , Tentukan statistik cukup bagi parameter ,translated
O006-PSU-004-S0200,O006-PSU-004,Lesson03,solution-3,22927695994eab589c7601a6b15df4d9dc67c5aceb9a74cdb965444b9b8362a6,Solution,Penyelesaian,translated
O006-PSU-004-S0201,O006-PSU-004,Lesson03,solution-3,b2d8eb756ebd5335a7919742604c521fc1b1c38fe2ab91f51af5ab31a376f396,Because ,Karena ,translated
O006-PSU-004-S0202,O006-PSU-004,Lesson03,solution-3,3f5e5f4d00ba3adedfc87b851bde96eb7f676f25f8baf26051fd379ccc6a1a2b," is a random sample, the joint probability density function of "," merupakan sampel acak, fungsi kepadatan peluang bersama dari ",translated
O006-PSU-004-S0203,O006-PSU-004,Lesson03,solution-3,663944de97ee3bd0700f50f6fb4cdf3818c0252b6d454304caeb33d40a3ac85d," is, by independence:"," dapat ditulis, berdasarkan sifat saling bebas, sebagai:",translated
O006-PSU-004-S0204,O006-PSU-004,Lesson03,solution-3,9b7993c171c653285aaf9c59395da5ca91b0884fead9cc930e737a3639192ae1,Inserting what we know to be the probability density function of an exponential random variable with parameter ,Dengan menyubstitusikan fungsi kepadatan peluang peubah acak eksponensial berparameter ,translated
O006-PSU-004-S0205,O006-PSU-004,Lesson03,solution-3,51b09a8bcf6a610a9f92fe384e0ab70a2c7402d47bde497d86f7a999e59472a3,", the joint p.d.f. is:",", fungsi kepadatan peluang bersamanya adalah:",translated
O006-PSU-004-S0206,O006-PSU-004,Lesson03,solution-3,9bbf97ed379565a34ccecf9dd2ea2dbe83f92e6a60a13d29821379f826d921e0,"Now, simplifying, by adding up all ","Sekarang, dengan menyederhanakan, yaitu mengalikan seluruh ",translated
O006-PSU-004-S0207,O006-PSU-004,Lesson03,solution-3,a138f78c3191995b5c688d9516bd09fa2af80a3b3730dbbf0ded262c6233ed56, of the , faktor yang memuat ,translated
O006-PSU-004-S0208,O006-PSU-004,Lesson03,solution-3,339daaddf6e7e75cad6dc2de2db5d82c58a0d2c453d9d7eac9cf94077794d273,s and the , dan menjumlahkan seluruh ,translated
O006-PSU-004-S0209,O006-PSU-004,Lesson03,solution-3,c4112365bcf2afbede6310182c87550992d33559d0759c05b3f46a6134ed3086,"’s in the exponents, we get:"," pada eksponen, diperoleh:",translated
O006-PSU-004-S0210,O006-PSU-004,Lesson03,solution-3,52c77ab1a4be532b4e4b5c439c35da3bcb8713383fb96040dcbf430a0c4637e0,"We have again factored the joint p.d.f. into two functions, one (","Sekali lagi, kita telah memfaktorkan fungsi kepadatan peluang bersama menjadi dua fungsi, yang satu (",translated
O006-PSU-004-S0211,O006-PSU-004,Lesson03,solution-3,4b81d2b8d5a10963525671b7a63eafed414bb778596be55ea99054a5cef45515,) being only a function of the statistic ,) hanya merupakan fungsi dari statistik ,translated
O006-PSU-004-S0212,O006-PSU-004,Lesson03,solution-3,ab440ebb0957b7c31789eb5370fe45b088513b8e03a724145181564c7c774120, and the other (h) not depending on the parameter , dan yang lain (h) tidak bergantung pada parameter ,translated
O006-PSU-004-S0213,O006-PSU-004,Lesson03,solution-3,6411061394c32752e982a32608c0cb8f67d1a40f208f9dbdd8b4e50f66c857ac,"Therefore, the Factorization Theorem tells us that ","Oleh karena itu, Teorema Faktorisasi menyatakan bahwa ",translated
O006-PSU-004-S0214,O006-PSU-004,Lesson03,solution-3,90fe1c308793693034c49874053eee72e52766b3cfe2c33ce020e826f7f6f47c, is a sufficient statistic for , merupakan statistik cukup bagi ,translated
O006-PSU-004-S0215,O006-PSU-004,Lesson03,solution-3,c5630fd7713f6258e48fb57ca2b1f9a6a45a02f6899642a05a28494b0900f0a2," And, since "," Dan, karena ",translated
O006-PSU-004-S0216,O006-PSU-004,Lesson03,solution-3,74558dd5ca82f1ea05935c4b7684bb26efec52ea1f76083bc675635474c92946, is a one-to-one function of , merupakan fungsi satu-satu dari ,translated
O006-PSU-004-S0217,O006-PSU-004,Lesson03,solution-3,c4e5a6c31d563cbb0498b7ddddbd2a6e3c17f7b4e8aa1d7775a72ebc46c9415e,", it implies that ",", hal ini menyiratkan bahwa ",translated
O006-PSU-004-S0218,O006-PSU-004,Lesson03,solution-3,0b64dcbc5ef1ce8802497a013647c2c8506a21baf111fc88f6e147914acc4f3b, is also a sufficient statistic for , juga merupakan statistik cukup bagi ,translated
O006-PSU-004-S0219,O006-PSU-004,Lesson03,exponential-form,8e3a5bffb7c48676580f5792a4caaa48d83393e2cf468d433641aea4496ee207,Exponential Form,Bentuk Eksponensial,translated
O006-PSU-004-S0220,O006-PSU-004,Lesson03,exponential-form,d81bf8a0b68e41a545147ec1660cf4c04af2a6f5b8185abc8e2171ae3cf1ac14,"You might not have noticed that in all of the examples we have considered so far in this lesson, every p.d.f. or p.m.f. could be written in what is often called ","Mungkin Anda belum menyadari bahwa dalam semua contoh yang telah kita bahas sejauh ini, setiap fungsi kepadatan peluang atau fungsi massa peluang dapat disajikan dalam representasi yang lazim disebut ",translated
O006-PSU-004-S0221,O006-PSU-004,Lesson03,exponential-form,1e3a2829bbd8b018ab2a31761cb7bfba2bc971419ae3c866c90576809be45681,exponential form,bentuk eksponensial,translated
O006-PSU-004-S0222,O006-PSU-004,Lesson03,exponential-form,b7047b46a3ac5328244ff1982cb14d3549029a1ea40c0265cd44512b75da6fe3,", that is:",", yaitu:",translated
O006-PSU-004-S0223,O006-PSU-004,Lesson03,exponential-form,0695b563acde461fc2f8d9aebccf35c7596ac458b8d8e067c602fb7b4e5f1578,with,dengan,translated
O006-PSU-004-S0224,O006-PSU-004,Lesson03,exponential-form,e3ee915a8e8c7aa02d2fced443314522b20824abd2535d5959c41dc8ab8a09e4, and , dan ,translated
O006-PSU-004-S0225,O006-PSU-004,Lesson03,exponential-form,45f164c92472e166105c2adfc46cf5e64e7333d2ded4de84e10df4dcf3021b28, being functions only of , merupakan fungsi yang hanya bergantung pada ,translated
O006-PSU-004-S0226,O006-PSU-004,Lesson03,exponential-form,e3ee915a8e8c7aa02d2fced443314522b20824abd2535d5959c41dc8ab8a09e4, and , dan ,translated
O006-PSU-004-S0227,O006-PSU-004,Lesson03,exponential-form,f2db1b2b26354d147650baee160d65a72b0132dcff182b74caf0a90d4c96ec44, being functions only of the parameter , merupakan fungsi yang hanya bergantung pada parameter ,translated
O006-PSU-004-S0228,O006-PSU-004,Lesson03,exponential-form,9d56fe17aff0d75c291f5dd1d5925e285b35eeb8f86acb09e679ba81278a8024,The support being free of the parameter ,Himpunan dukungannya tidak bergantung pada parameter ,translated
O006-PSU-004-S0229,O006-PSU-004,Lesson03,exponential-form,2e1a446c5fb7f44f737d623369339e540ce41bd5df74bd82e66bf0cab72f46af,"First, we had Bernoulli random variables with p.m.f. written in exponential form as:","Pertama, kita memiliki peubah acak Bernoulli dengan fungsi massa peluang yang ditulis dalam bentuk eksponensial sebagai:",translated
O006-PSU-004-S0230,O006-PSU-004,Lesson03,exponential-form,4d508ac828047f3b851a9a966ef8175c6bcc21c614fa7626ff57ca8c584dfb7d,with:,dengan:,translated
O006-PSU-004-S0231,O006-PSU-004,Lesson03,exponential-form,e3ee915a8e8c7aa02d2fced443314522b20824abd2535d5959c41dc8ab8a09e4, and , dan ,translated
O006-PSU-004-S0232,O006-PSU-004,Lesson03,exponential-form,45f164c92472e166105c2adfc46cf5e64e7333d2ded4de84e10df4dcf3021b28, being functions only of , merupakan fungsi yang hanya bergantung pada ,translated
O006-PSU-004-S0233,O006-PSU-004,Lesson03,exponential-form,e3ee915a8e8c7aa02d2fced443314522b20824abd2535d5959c41dc8ab8a09e4, and , dan ,translated
O006-PSU-004-S0234,O006-PSU-004,Lesson03,exponential-form,f2db1b2b26354d147650baee160d65a72b0132dcff182b74caf0a90d4c96ec44, being functions only of the parameter , merupakan fungsi yang hanya bergantung pada parameter ,translated
O006-PSU-004-S0235,O006-PSU-004,Lesson03,exponential-form,186fe6a6ef67566af661ae746414c30893ab4f65306c69da0a99c929a3b4a110,The support ,Himpunan dukungan ,translated
O006-PSU-004-S0236,O006-PSU-004,Lesson03,exponential-form,c70f56cba8129272bc4d3ab89711807f4136e9d52fc8508d42f815f502524032,", 1 not depending on the parameter ",", 1 tidak bergantung pada parameter ",translated
O006-PSU-004-S0237,O006-PSU-004,Lesson03,exponential-form,4891447f1c35ac95e588e492eafa51e9af8f368fcebaded674c45feaf8f7ee99,"Okay, we just skipped a lot of steps in that second equality sign, that is, in getting from point A (the typical p.m.f.) to point B (the p.m.f. written in exponential form). So, let’s take a look at that more closely. We start with:","Baiklah, kita baru saja melewatkan banyak langkah pada tanda sama dengan kedua, yaitu saat beralih dari titik A (fungsi massa peluang yang lazim) ke titik B (fungsi massa peluang yang ditulis dalam bentuk eksponensial). Jadi, mari kita telaah peralihan itu lebih cermat. Kita mulai dengan:",translated
O006-PSU-004-S0238,O006-PSU-004,Lesson03,exponential-form,8511806e24e70b95a044b0c14dba0ea698e1646298e52800c29d3744de1f854e,"Is the p.m.f. in exponential form? Doesn’t look like it to me! We clearly need an “exp” to appear upfront. The only way we are going to get that without changing the underlying function is by taking the inverse function, that is, the natural log (“ln”), at the same time. Doing so, we get:","Apakah fungsi massa peluang tersebut sudah berbentuk eksponensial? Tampaknya belum! Kita jelas memerlukan ‘exp’ di bagian depan. Satu-satunya cara untuk memunculkannya tanpa mengubah fungsi yang mendasarinya adalah dengan sekaligus menerapkan fungsi inversnya, yaitu logaritma natural (‘ln’). Dengan demikian, diperoleh:",translated
O006-PSU-004-S0239,O006-PSU-004,Lesson03,exponential-form,51133386fd93d6f33e556cab88d22ab21f6aa6cfc54c2266ef277518ad84f762,"Is the p.m.f. now in exponential form? Nope, not yet, but at least it’s looking more hopeful. All of the steps that follow now involve using what we know about the properties of logarithms. Recognizing that the natural log of a product is the sum of the natural logs, we get:","Apakah fungsi massa peluang tersebut sekarang sudah berbentuk eksponensial? Belum, tetapi setidaknya bentuknya tampak lebih menjanjikan. Semua langkah berikutnya menggunakan sifat-sifat logaritma yang telah kita ketahui. Karena logaritma natural suatu hasil kali adalah jumlah logaritma natural faktor-faktornya, diperoleh:",translated
O006-PSU-004-S0240,O006-PSU-004,Lesson03,exponential-form,05e09d1aa7303211bb93853ececd463e37d9202f9c9ffb3b051d9c3cb4165c43,"Is the p.m.f. now in exponential form? Nope, still not yet, because ","Apakah fungsi massa peluang tersebut sekarang sudah berbentuk eksponensial? Belum, karena ",translated
O006-PSU-004-S0241,O006-PSU-004,Lesson03,exponential-form,0a63e3f63f232f0c18f3bfe678607aad0b9f7ac6c73e037f74c79c0b2ba103f8,", and ",", dan ",translated
O006-PSU-004-S0242,O006-PSU-004,Lesson03,exponential-form,080efcaa6089369bf4576037e98f8e5b0d7519388f553000f3f7ba1888d65795," can’t yet be identified as following exponential form, but we are certainly getting closer. Recognizing that the log of a power is the power times the log of the base, we get:"," belum dapat dikenali sesuai dengan bentuk eksponensial, tetapi kita jelas makin dekat. Karena logaritma suatu pangkat sama dengan pangkat tersebut dikalikan logaritma basisnya, diperoleh:",translated
O006-PSU-004-S0243,O006-PSU-004,Lesson03,exponential-form,33f712430b16bfa6627bbd281caa06a00f55f3e40791b8db71a1535616bb2048,"This is getting tiring. Is the p.m.f. in exponential form yet? Nope, afraid not yet. Let’s distribute that ","Ini mulai melelahkan. Apakah fungsi massa peluang tersebut sudah berbentuk eksponensial? Sayangnya, belum. Mari kita distribusikan ",translated
O006-PSU-004-S0244,O006-PSU-004,Lesson03,exponential-form,a5843bead7ac6ca1ae50f9a9442eb250ad01f65b7154824140bd10b717b84389," in that last term. Doing so, we get:"," pada suku terakhir tersebut. Dengan demikian, diperoleh:",translated
O006-PSU-004-S0245,O006-PSU-004,Lesson03,exponential-form,967b530669d2016e9c1ee340f3750676a58755a3f68f4546ab8de26cfff17ea5,"Is the p.m.f. now in exponential form? Let’s take a closer look. Well, in the first term, we can identify the ","Apakah fungsi massa peluang tersebut sekarang sudah berbentuk eksponensial? Mari kita periksa lebih cermat. Pada suku pertama, kita dapat mengenali ",translated
O006-PSU-004-S0246,O006-PSU-004,Lesson03,exponential-form,1c56871db1f22130680a9a8b198909002d1db9e3a68778f9e7d345deb9024f28," and in the middle term, we see a function that depends only on the parameter ",", dan pada suku tengah terlihat fungsi yang hanya bergantung pada parameter ",translated
O006-PSU-004-S0247,O006-PSU-004,Lesson03,exponential-form,06479980b412e58a85df899684f7bb136610b2fba6957ae0454f331413dc6027,"Now, all we need is the last term to depend only on ","Sekarang, kita hanya perlu membuat suku terakhir bergantung pada ",translated
O006-PSU-004-S0248,O006-PSU-004,Lesson03,exponential-form,681e4e0c29b56ffe6042bb17d8ee4649703b5bc31d15b2b833959551d98a69a5," and we’re as good as gold. Oh, rats! The last term depends on both ",", lalu semuanya beres. Aduh! Suku terakhir bergantung pada ",translated
O006-PSU-004-S0249,O006-PSU-004,Lesson03,exponential-form,e3ee915a8e8c7aa02d2fced443314522b20824abd2535d5959c41dc8ab8a09e4, and , dan ,translated
O006-PSU-004-S0250,O006-PSU-004,Lesson03,exponential-form,f251cff0ab9b50a94f8ecf77418449c8db87a4f94254f34ddd0257011dee2faf," So back to work some more! Recognizing that the log of a quotient is the difference between the logs of the numerator and denominator, we get:"," Jadi, kita masih harus melanjutkan! Karena logaritma suatu hasil bagi adalah selisih antara logaritma pembilang dan penyebutnya, diperoleh:",translated
O006-PSU-004-S0251,O006-PSU-004,Lesson03,exponential-form,42121ede370effc65cb0a969b3b4462a5a165cc306bfe71314e8f229afd910be,"Is the p.m.f. now in exponential form? So close! Let’s just add 0 in (by way of the natural log of 1) to make it obvious. Doing so, we get:","Apakah fungsi massa peluang tersebut sekarang sudah berbentuk eksponensial? Hampir! Mari tambahkan 0 (dalam bentuk logaritma natural dari 1) agar hal itu tampak jelas. Dengan demikian, diperoleh:",translated
O006-PSU-004-S0252,O006-PSU-004,Lesson03,exponential-form,40b3796ad53bae2c5872dfb500c30fba507cbb3eeba60d2969d62d293a620f2b,"Yes, we have finally written the Bernoulli p.m.f. in exponential form:","Ya, akhirnya kita telah menulis fungsi massa peluang Bernoulli dalam bentuk eksponensial:",translated
O006-PSU-004-S0253,O006-PSU-004,Lesson03,exponential-form,11c6cd900c9e66ba240559c42071353e62c73551053b860c80f94d7f923b347c,Whew!,Fiuh!,translated
O006-PSU-004-S0254,O006-PSU-004,Lesson03,exponential-form,5d76211240c2e224466df1b925e4eab98d4e70f3171fe8cc089789f24ba250d7," So, we’ve fully explored writing the Bernoulli p.m.f. in exponential form! Let’s get back to reviewing all of the p.m.f.’s we’ve encountered in this lesson. We had Poisson random variables whose p.m.f. can be written in exponential form as:"," Jadi, kita telah membahas tuntas cara menulis fungsi massa peluang Bernoulli dalam bentuk eksponensial! Mari kembali meninjau semua fungsi massa peluang yang telah kita jumpai dalam pelajaran ini. Kita memiliki peubah acak Poisson yang fungsi massa peluangnya dapat ditulis dalam bentuk eksponensial sebagai:",translated
O006-PSU-004-S0255,O006-PSU-004,Lesson03,exponential-form,0695b563acde461fc2f8d9aebccf35c7596ac458b8d8e067c602fb7b4e5f1578,with,dengan,translated
O006-PSU-004-S0256,O006-PSU-004,Lesson03,exponential-form,e3ee915a8e8c7aa02d2fced443314522b20824abd2535d5959c41dc8ab8a09e4, and , dan ,translated
O006-PSU-004-S0257,O006-PSU-004,Lesson03,exponential-form,45f164c92472e166105c2adfc46cf5e64e7333d2ded4de84e10df4dcf3021b28, being functions only of , merupakan fungsi yang hanya bergantung pada ,translated
O006-PSU-004-S0258,O006-PSU-004,Lesson03,exponential-form,e3ee915a8e8c7aa02d2fced443314522b20824abd2535d5959c41dc8ab8a09e4, and , dan ,translated
O006-PSU-004-S0259,O006-PSU-004,Lesson03,exponential-form,f2db1b2b26354d147650baee160d65a72b0132dcff182b74caf0a90d4c96ec44, being functions only of the parameter , merupakan fungsi yang hanya bergantung pada parameter ,translated
O006-PSU-004-S0260,O006-PSU-004,Lesson03,exponential-form,186fe6a6ef67566af661ae746414c30893ab4f65306c69da0a99c929a3b4a110,The support ,Himpunan dukungan ,translated
O006-PSU-004-S0261,O006-PSU-004,Lesson03,exponential-form,27029a7703c49d5527d08e5c9783909e1f355873548d0a8da98baba09bea8ce7, not depending on the parameter , tidak bergantung pada parameter ,translated
O006-PSU-004-S0262,O006-PSU-004,Lesson03,exponential-form,97bcff02382fd35825815ff2814c2aa4746a2b6c96a0c64568b587da396e8e75,"Then, we had ","Kemudian, kita memiliki peubah acak yang berdistribusi ",translated
O006-PSU-004-S0263,O006-PSU-004,Lesson03,exponential-form,8ce292965f060eb0fdcee0a31895210026e2bcd9d51e508c89681c00a5f3f30d, random variables whose p.d.f. can be written in exponential form as:, dengan fungsi kepadatan peluang yang dapat ditulis dalam bentuk eksponensial sebagai:,translated
O006-PSU-004-S0264,O006-PSU-004,Lesson03,exponential-form,0695b563acde461fc2f8d9aebccf35c7596ac458b8d8e067c602fb7b4e5f1578,with,dengan,translated
O006-PSU-004-S0265,O006-PSU-004,Lesson03,exponential-form,e3ee915a8e8c7aa02d2fced443314522b20824abd2535d5959c41dc8ab8a09e4, and , dan ,translated
O006-PSU-004-S0266,O006-PSU-004,Lesson03,exponential-form,45f164c92472e166105c2adfc46cf5e64e7333d2ded4de84e10df4dcf3021b28, being functions only of , merupakan fungsi yang hanya bergantung pada ,translated
O006-PSU-004-S0267,O006-PSU-004,Lesson03,exponential-form,e3ee915a8e8c7aa02d2fced443314522b20824abd2535d5959c41dc8ab8a09e4, and , dan ,translated
O006-PSU-004-S0268,O006-PSU-004,Lesson03,exponential-form,f2db1b2b26354d147650baee160d65a72b0132dcff182b74caf0a90d4c96ec44, being functions only of the parameter , merupakan fungsi yang hanya bergantung pada parameter ,translated
O006-PSU-004-S0269,O006-PSU-004,Lesson03,exponential-form,186fe6a6ef67566af661ae746414c30893ab4f65306c69da0a99c929a3b4a110,The support ,Himpunan dukungan ,translated
O006-PSU-004-S0270,O006-PSU-004,Lesson03,exponential-form,27029a7703c49d5527d08e5c9783909e1f355873548d0a8da98baba09bea8ce7, not depending on the parameter , tidak bergantung pada parameter ,translated
O006-PSU-004-S0271,O006-PSU-004,Lesson03,exponential-form,6bc0ba5bda667d6c2e8ac272d306063f5f7d25fd390d2639be728d604e1609f0,"Then, we had exponential random variables random variables whose p.d.f. can be written in exponential form as:","Kemudian, kita memiliki peubah acak eksponensial yang fungsi kepadatan peluangnya dapat ditulis dalam bentuk eksponensial sebagai:",translated
O006-PSU-004-S0272,O006-PSU-004,Lesson03,exponential-form,0695b563acde461fc2f8d9aebccf35c7596ac458b8d8e067c602fb7b4e5f1578,with,dengan,translated
O006-PSU-004-S0273,O006-PSU-004,Lesson03,exponential-form,e3ee915a8e8c7aa02d2fced443314522b20824abd2535d5959c41dc8ab8a09e4, and , dan ,translated
O006-PSU-004-S0274,O006-PSU-004,Lesson03,exponential-form,45f164c92472e166105c2adfc46cf5e64e7333d2ded4de84e10df4dcf3021b28, being functions only of , merupakan fungsi yang hanya bergantung pada ,translated
O006-PSU-004-S0275,O006-PSU-004,Lesson03,exponential-form,e3ee915a8e8c7aa02d2fced443314522b20824abd2535d5959c41dc8ab8a09e4, and , dan ,translated
O006-PSU-004-S0276,O006-PSU-004,Lesson03,exponential-form,f2db1b2b26354d147650baee160d65a72b0132dcff182b74caf0a90d4c96ec44, being functions only of the parameter , merupakan fungsi yang hanya bergantung pada parameter ,translated
O006-PSU-004-S0277,O006-PSU-004,Lesson03,exponential-form,186fe6a6ef67566af661ae746414c30893ab4f65306c69da0a99c929a3b4a110,The support ,Himpunan dukungan ,translated
O006-PSU-004-S0278,O006-PSU-004,Lesson03,exponential-form,27029a7703c49d5527d08e5c9783909e1f355873548d0a8da98baba09bea8ce7, not depending on the parameter , tidak bergantung pada parameter ,translated
O006-PSU-004-S0279,O006-PSU-004,Lesson03,exponential-form,10920b4de843d3740a0d9ee550dc76832a4feaadbb9f5a17990d1ae1368072f7,"Happily, it turns out that writing p.d.f.s and p.m.f.s in exponential form provides us yet a third way of identifying sufficient statistics for our parameters. The following theorem tells us how.","Syukurlah, ternyata menulis fungsi kepadatan peluang dan fungsi massa peluang dalam bentuk eksponensial memberi kita cara ketiga untuk mengidentifikasi statistik cukup bagi parameter. Teorema berikut menjelaskan caranya.",translated
O006-PSU-004-S0280,O006-PSU-004,Lesson03,exponential-form,5403b90dddead38b16badf1cb1a7fdb23820c2f4ca1d600e87added4e6c02f90,Theorem 3.2 (Exponential Criterion),Teorema 3.2 (Kriteria Eksponensial),translated
O006-PSU-004-S0281,O006-PSU-004,Lesson03,exponential-form,c99daa81da9a1194c3f4d33c7020a3736d3fa7de6904b5d7f1bd07ecffaf45cb, Let , Misalkan ,translated
O006-PSU-004-S0282,O006-PSU-004,Lesson03,exponential-form,d16d80a32a949735a2a6273dd3dbe5f2eb4c0eb6210e2f24649782eef578986a, be a random sample from a distribution with a p.d.f. or p.m.f. of the exponential form:, merupakan sampel acak dari suatu distribusi dengan fungsi kepadatan peluang atau fungsi massa peluang berbentuk eksponensial:,translated
O006-PSU-004-S0283,O006-PSU-004,Lesson03,exponential-form,f3fe6115ed0b9f64b206f7016fad69a5a38bc3ccf9de3162087f3bd09f661d0e,with a support that does not depend on ,dengan himpunan dukungan yang tidak bergantung pada ,translated
O006-PSU-004-S0284,O006-PSU-004,Lesson03,exponential-form,f881183261c35bf4c6d356e82040d062afdcccaf86d8d1e3bc00e649b092805d," Then, the statistic:"," Maka, statistik:",translated
O006-PSU-004-S0285,O006-PSU-004,Lesson03,exponential-form,6ed49d37471092d1dea42e98d5d69253f47e03dbd8f0378f1213fc0279f579f1,is sufficient for ,merupakan statistik cukup bagi ,translated
O006-PSU-004-S0286,O006-PSU-004,Lesson03,proof,7fbb3ccf9640651f69af3626de6836fb302a0a088c7cd27721c367b8b530e502,Proof,Bukti,translated
O006-PSU-004-S0287,O006-PSU-004,Lesson03,proof,b2d8eb756ebd5335a7919742604c521fc1b1c38fe2ab91f51af5ab31a376f396,Because ,Karena ,translated
O006-PSU-004-S0288,O006-PSU-004,Lesson03,proof,ccb2f75a8a01422d68f7559dec5d9fbc30452dd470bbb44d5b9f16089e8ad340," is a random sample, the joint p.d.f. (or joint p.m.f.) of "," merupakan sampel acak, fungsi kepadatan peluang bersama (atau fungsi massa peluang bersama) dari ",translated
O006-PSU-004-S0289,O006-PSU-004,Lesson03,proof,663944de97ee3bd0700f50f6fb4cdf3818c0252b6d454304caeb33d40a3ac85d," is, by independence:"," dapat ditulis, berdasarkan sifat saling bebas, sebagai:",translated
O006-PSU-004-S0290,O006-PSU-004,Lesson03,proof,bc29db327188ffbdb462ebca1513ca3b785586bad5d5fd135a7ddd5ce2af8062,"Inserting what we know to be the p.m.f. or p.d.f. in exponential form, we get:","Dengan menyubstitusikan fungsi massa peluang atau fungsi kepadatan peluang dalam bentuk eksponensial, diperoleh:",translated
O006-PSU-004-S0291,O006-PSU-004,Lesson03,proof,2de8e587e1cd0d305a911795e9c6774aabba374b5bf84ab73900c054bccc9270,"Collecting like terms in the exponents, we get:","Dengan menggabungkan suku-suku sejenis pada eksponen, diperoleh:",translated
O006-PSU-004-S0292,O006-PSU-004,Lesson03,proof,5fa302d7072de4e381527df0960de0e07556ea954c0cb801de98ead667a1ed62,which can be factored as:,yang dapat difaktorkan sebagai:,translated
O006-PSU-004-S0293,O006-PSU-004,Lesson03,proof,1c72efd2431d4fc1da4f420ad57c543ad535ecdff734c3851fa1fde8471f3738,"We have factored the joint p.m.f. or p.d.f. into two functions, one (","Kita telah memfaktorkan fungsi massa peluang bersama atau fungsi kepadatan peluang bersama menjadi dua fungsi, yang satu (",translated
O006-PSU-004-S0294,O006-PSU-004,Lesson03,proof,4b81d2b8d5a10963525671b7a63eafed414bb778596be55ea99054a5cef45515,) being only a function of the statistic ,) hanya merupakan fungsi dari statistik ,translated
O006-PSU-004-S0295,O006-PSU-004,Lesson03,proof,ab440ebb0957b7c31789eb5370fe45b088513b8e03a724145181564c7c774120, and the other (h) not depending on the parameter , dan yang lain (h) tidak bergantung pada parameter ,translated
O006-PSU-004-S0296,O006-PSU-004,Lesson03,proof,6411061394c32752e982a32608c0cb8f67d1a40f208f9dbdd8b4e50f66c857ac,"Therefore, the Factorization Theorem tells us that ","Oleh karena itu, Teorema Faktorisasi menyatakan bahwa ",translated
O006-PSU-004-S0297,O006-PSU-004,Lesson03,proof,90fe1c308793693034c49874053eee72e52766b3cfe2c33ce020e826f7f6f47c, is a sufficient statistic for , merupakan statistik cukup bagi ,translated
O006-PSU-004-S0298,O006-PSU-004,Lesson03,exponential-form,9c97e40e6670240a3b75f09d5bd3c4ac5bc033b69a4b27205a5ae4f772734468,Let’s try the Exponential Criterion out on an example.,Mari kita terapkan Kriteria Eksponensial pada sebuah contoh.,translated
O006-PSU-004-S0299,O006-PSU-004,Lesson03,exponential-form,cd02e3a1bea3f586afdf32c3247d01430bf9311803ebd3e5062e1b109f23e1fa,Example 3.5,Contoh 3.5,translated
O006-PSU-004-S0300,O006-PSU-004,Lesson03,exponential-form,c99daa81da9a1194c3f4d33c7020a3736d3fa7de6904b5d7f1bd07ecffaf45cb, Let , Misalkan ,translated
O006-PSU-004-S0301,O006-PSU-004,Lesson03,exponential-form,1618fbf5cdcb4be417d18f274b0a6f9da84432422b3a96561800acb3c822784d, be a random sample from a geometric distribution with parameter , merupakan sampel acak dari distribusi geometrik dengan parameter ,translated
O006-PSU-004-S0302,O006-PSU-004,Lesson03,exponential-form,fd1638dfd3c6a79ca7f890b5425eecf46b6cb63aa5e28a9a74d0e4bde85d7fc0, Find a sufficient statistic for the parameter , Tentukan statistik cukup bagi parameter ,translated
O006-PSU-004-S0303,O006-PSU-004,Lesson03,solution-4,22927695994eab589c7601a6b15df4d9dc67c5aceb9a74cdb965444b9b8362a6,Solution,Penyelesaian,translated
O006-PSU-004-S0304,O006-PSU-004,Lesson03,solution-4,3d6dafeeab3ad358c5672c35ba7f4c2a8361950b7c31313b772d4b57a078da1f,The probability mass function of a geometric random variable is:,Fungsi massa peluang peubah acak geometrik adalah:,translated
O006-PSU-004-S0305,O006-PSU-004,Lesson03,solution-4,21f4c696f93fb96f5f71545f752d435f4a46341ea57dc4558b6c2795bd97604d,for ,untuk ,translated
O006-PSU-004-S0306,O006-PSU-004,Lesson03,solution-4,73079792f58b34cfeb83633c290af4d757268a14f2491d31076b97961f225a62, The p.m.f. can be written in exponential form as:,. Fungsi massa peluang tersebut dapat ditulis dalam bentuk eksponensial sebagai:,translated
O006-PSU-004-S0307,O006-PSU-004,Lesson03,solution-4,488c9199d1cf5ba6f85f8271a5820ea0f6e72932a8217117fc7769bed5d3d184,"Therefore, ","Oleh karena itu, ",translated
O006-PSU-004-S0308,O006-PSU-004,Lesson03,solution-4,23647d3387263addc07be28c60db7bd3febbd2c45799326a004bfef26e66c603, is sufficient for , merupakan statistik cukup bagi ,translated
O006-PSU-004-S0309,O006-PSU-004,Lesson03,solution-4,1c60338efecc3862210cc16ecfc8d2975199517102ec2ba1065f650fd711caec, Easy as pie!, Mudah sekali!,translated
O006-PSU-004-S0310,O006-PSU-004,Lesson03,solution-4,751cd51981ca21fc1f9802ce8c2ab166a325d17b85eefa1bdcc7ed3cd68476c5,"By the way, you might want to note that almost every p.m.f. or p.d.f. we encounter in this course can be written in exponential form. With that noted, you might want to make the Exponential Criterion the first tool you grab out of your toolbox when trying to find a sufficient statistic for a parameter.","Perlu dicatat bahwa hampir setiap fungsi massa peluang atau fungsi kepadatan peluang yang kita jumpai dalam mata kuliah ini dapat ditulis dalam bentuk eksponensial. Karena itu, saat mencoba menentukan statistik cukup bagi suatu parameter, Anda dapat menjadikan Kriteria Eksponensial sebagai alat pertama yang digunakan.",translated
O006-PSU-004-S0311,O006-PSU-004,Lesson03,two-or-more-parameters,cf44d2a726fe78a4a7f68efd4fdc4dbfdf2803687198f4ac27a868d8197f72d0,Two or More Parameters,Dua Parameter atau Lebih,translated
O006-PSU-004-S0312,O006-PSU-004,Lesson03,two-or-more-parameters,f8500b0d1de069ba8135e9f82cd563780f9b32509c4533021909cc291aa41bac,"In each of the examples we considered so far in this lesson, there is one and only one parameter. What happens if a probability distribution has two parameters, ","Dalam setiap contoh yang telah kita bahas sejauh ini dalam pelajaran ini, hanya ada satu parameter. Apa yang terjadi jika suatu distribusi peluang memiliki dua parameter, ",translated
O006-PSU-004-S0313,O006-PSU-004,Lesson03,two-or-more-parameters,e3ee915a8e8c7aa02d2fced443314522b20824abd2535d5959c41dc8ab8a09e4, and , dan ,translated
O006-PSU-004-S0314,O006-PSU-004,Lesson03,two-or-more-parameters,e530c34822397ed33ba890d6e20ac4129471202904a3da51423b80f1c997b2d5,", say, for which we want to find sufficient statistics, ",", misalnya, dan kita ingin menentukan pasangan statistik yang secara bersama-sama cukup bagi kedua parameter itu, katakanlah ",translated
O006-PSU-004-S0315,O006-PSU-004,Lesson03,two-or-more-parameters,e3ee915a8e8c7aa02d2fced443314522b20824abd2535d5959c41dc8ab8a09e4, and , dan ,translated
O006-PSU-004-S0316,O006-PSU-004,Lesson03,two-or-more-parameters,cbd50d56b572377636512e5242d0e7da7811682feb0f998b503738acbfb0a723,"? Fortunately, the definitions of sufficiency can easily be extended to accommodate two (or more) parameters. Let’s start by extending the Factorization Theorem.","? Untungnya, definisi kecukupan dapat dengan mudah diperluas untuk mencakup dua (atau lebih) parameter. Mari kita mulai dengan memperluas Teorema Faktorisasi.",translated
O006-PSU-004-S0317,O006-PSU-004,Lesson03,factorization-theorem-1,a48cfffc5fcabf13015c6e61d2cddce62945a6716271fa8aa5ab20ac555f7cd1, Factorization Theorem, Teorema Faktorisasi,translated
O006-PSU-004-S0318,O006-PSU-004,Lesson03,factorization-theorem-1,3988f7afb44a169e39bdb01b76321cc2d85908b921fd09efbba09ad027ff4549,Let ,Misalkan ,translated
O006-PSU-004-S0319,O006-PSU-004,Lesson03,factorization-theorem-1,a8ce074fd6e0dd898647564093dda7d5b35670cb7b14834126253de660d4d95a, denote random variables with a joint p.d.f. (or joint p.m.f.):, menyatakan peubah-peubah acak dengan fungsi kepadatan peluang bersama (atau fungsi massa peluang bersama):,translated
O006-PSU-004-S0320,O006-PSU-004,Lesson03,factorization-theorem-1,a68e823c4f30b7222698cf1a2c644d1db55b41a18b52e20c6704d437b072e15a,which depends on the parameters ,yang bergantung pada parameter ,translated
O006-PSU-004-S0321,O006-PSU-004,Lesson03,factorization-theorem-1,e3ee915a8e8c7aa02d2fced443314522b20824abd2535d5959c41dc8ab8a09e4, and , dan ,translated
O006-PSU-004-S0322,O006-PSU-004,Lesson03,factorization-theorem-1,0beaad2cc9d2241b099340d28c9524d73179c416eea9a350bf0f04b9e8e82a07," Then, the statistics "," Maka, statistik ",translated
O006-PSU-004-S0323,O006-PSU-004,Lesson03,factorization-theorem-1,e3ee915a8e8c7aa02d2fced443314522b20824abd2535d5959c41dc8ab8a09e4, and , dan ,translated
O006-PSU-004-S0324,O006-PSU-004,Lesson03,factorization-theorem-1,0e76be1b2186e4791e73dd39326964afe0168e7fa6305f4daafa5318c85c6ae0, are joint sufficient statistics for , merupakan statistik yang secara bersama-sama cukup bagi ,translated
O006-PSU-004-S0325,O006-PSU-004,Lesson03,factorization-theorem-1,e3ee915a8e8c7aa02d2fced443314522b20824abd2535d5959c41dc8ab8a09e4, and , dan ,translated
O006-PSU-004-S0326,O006-PSU-004,Lesson03,factorization-theorem-1,d2c5b23f323f1f3462811b4332fd79e36872db90e499885633442915c281a58b, if and only if:, jika dan hanya jika:,translated
O006-PSU-004-S0327,O006-PSU-004,Lesson03,factorization-theorem-1,53e44550b63d1f3210820d29879160b76e3bdb07a69815b260c6e20213a1ea99,where:,dengan:,translated
O006-PSU-004-S0328,O006-PSU-004,Lesson03,factorization-theorem-1,8c2c76221c8a311e7eaa877b18611bbbb52dad4704b8782bdd498627323b9e25, is a function that depends on the data , adalah fungsi yang bergantung pada data ,translated
O006-PSU-004-S0329,O006-PSU-004,Lesson03,factorization-theorem-1,74f1d45d158e6020ca5da466f6da67c1954401c6cdf5eeac3ba256b729838978, only through the functions , hanya melalui fungsi ,translated
O006-PSU-004-S0330,O006-PSU-004,Lesson03,factorization-theorem-1,e3ee915a8e8c7aa02d2fced443314522b20824abd2535d5959c41dc8ab8a09e4, and , dan ,translated
O006-PSU-004-S0331,O006-PSU-004,Lesson03,factorization-theorem-1,4aa9bfd2f175a94ad5a7cb321e1aea9790c73eb366a3415b47a00aeaa9fbf24a,", and",", serta",translated
O006-PSU-004-S0332,O006-PSU-004,Lesson03,factorization-theorem-1,7967b6e7c962da80cf72e85c1a65b2aa633caa80759044db3af38dadd85f1133,the function ,fungsi ,translated
O006-PSU-004-S0333,O006-PSU-004,Lesson03,factorization-theorem-1,f5b00b2d593dab25100c3f6f2df5af8b4d7b6688349c07c018a044a8d7456747, does not depend on either of the parameters , tidak bergantung pada parameter ,translated
O006-PSU-004-S0334,O006-PSU-004,Lesson03,factorization-theorem-1,e1a3e78cb5c8858631bf81f94369a0be3fd2aebb9e852e66368b381c8feef91f, or , maupun ,translated
O006-PSU-004-S0335,O006-PSU-004,Lesson03,sufficiency,eb475d813abd577f619870c3214ce89803c3225674399db5bfb0a7fcf219be5a,Let’s try the extended theorem out for size on an example.,Mari kita uji teorema yang telah diperluas ini pada sebuah contoh.,translated
O006-PSU-004-S0336,O006-PSU-004,Lesson03,sufficiency,6b261f47af6db4ef1efb75219fec8e0b41940f815a35bd392121ca285f2e109e,Example 3.6,Contoh 3.6,translated
O006-PSU-004-S0337,O006-PSU-004,Lesson03,sufficiency,c99daa81da9a1194c3f4d33c7020a3736d3fa7de6904b5d7f1bd07ecffaf45cb, Let , Misalkan ,translated
O006-PSU-004-S0338,O006-PSU-004,Lesson03,sufficiency,9db4aad95ff629540b131b5c435f7d25fb4ff9d41fe639f54ee4a8cac2304c07, denote a random sample from a normal distribution , menyatakan sampel acak dari distribusi normal ,translated
O006-PSU-004-S0339,O006-PSU-004,Lesson03,sufficiency,ea956e363bbd98f33f815c03cfb4696247bd4cb8f9d793d52854819c4871b58b," That is, "," Artinya, ",translated
O006-PSU-004-S0340,O006-PSU-004,Lesson03,sufficiency,978e0132311d7d1cc956e39f5f74a9eefd83aae59f0e1c7d6e57215d43ce5c7f, denotes the mean , menyatakan rataan ,translated
O006-PSU-004-S0341,O006-PSU-004,Lesson03,sufficiency,e3ee915a8e8c7aa02d2fced443314522b20824abd2535d5959c41dc8ab8a09e4, and , dan ,translated
O006-PSU-004-S0342,O006-PSU-004,Lesson03,sufficiency,746b82311261f0180d2dccabbb574bf76a7df1aadb2733f6e369e1d1cca63b30, denotes the variance , menyatakan varians ,translated
O006-PSU-004-S0343,O006-PSU-004,Lesson03,sufficiency,320812bb8dd20e8d8919c7819c7a9f829db13f23c73491e5cc309d010124c80e, Use the Factorization Theorem to find joint sufficient statistics for , Gunakan Teorema Faktorisasi untuk menentukan statistik yang secara bersama-sama cukup bagi ,translated
O006-PSU-004-S0344,O006-PSU-004,Lesson03,sufficiency,e3ee915a8e8c7aa02d2fced443314522b20824abd2535d5959c41dc8ab8a09e4, and , dan ,translated
O006-PSU-004-S0345,O006-PSU-004,Lesson03,solution-5,22927695994eab589c7601a6b15df4d9dc67c5aceb9a74cdb965444b9b8362a6,Solution,Penyelesaian,translated
O006-PSU-004-S0346,O006-PSU-004,Lesson03,solution-5,b2d8eb756ebd5335a7919742604c521fc1b1c38fe2ab91f51af5ab31a376f396,Because ,Karena ,translated
O006-PSU-004-S0347,O006-PSU-004,Lesson03,solution-5,3f5e5f4d00ba3adedfc87b851bde96eb7f676f25f8baf26051fd379ccc6a1a2b," is a random sample, the joint probability density function of "," merupakan sampel acak, fungsi kepadatan peluang bersama dari ",translated
O006-PSU-004-S0348,O006-PSU-004,Lesson03,solution-5,663944de97ee3bd0700f50f6fb4cdf3818c0252b6d454304caeb33d40a3ac85d," is, by independence:"," dapat ditulis, berdasarkan sifat saling bebas, sebagai:",translated
O006-PSU-004-S0349,O006-PSU-004,Lesson03,solution-5,75f8acff7323a4d357ea35a067c49aeae4ce6f99a89d032eeeaef5a72c5f7c16,Inserting what we know to be the probability density function of a normal random variable with mean ,Dengan menyubstitusikan fungsi kepadatan peluang peubah acak normal dengan rataan ,translated
O006-PSU-004-S0350,O006-PSU-004,Lesson03,solution-5,4c80b273a8ad328f21eb75690c49cc0750c7b2e428081bbaf24a6490bef91a95, and variance , dan varians ,translated
O006-PSU-004-S0351,O006-PSU-004,Lesson03,solution-5,51b09a8bcf6a610a9f92fe384e0ab70a2c7402d47bde497d86f7a999e59472a3,", the joint p.d.f. is:",", fungsi kepadatan peluang bersamanya adalah:",translated
O006-PSU-004-S0352,O006-PSU-004,Lesson03,solution-5,7e57b62387052ddf5684cc56ea40cb842fc01a421542a9395deb2299b55bd4ae,"Simplifying by collecting like terms, we get:","Dengan menyederhanakan melalui penggabungan suku-suku sejenis, diperoleh:",translated
O006-PSU-004-S0353,O006-PSU-004,Lesson03,solution-5,c3457e561a2bbd39b00b3ec3be63c2509b154db9cb1305e2fa5d6fac6ac2c8e9,"Rewriting the first factor, squaring the quantity in parentheses, and distributing the summation, in the second factor, we get:","Dengan menuliskan ulang faktor pertama, menguadratkan besaran dalam tanda kurung, serta mendistribusikan penjumlahan pada faktor kedua, diperoleh:",translated
O006-PSU-004-S0354,O006-PSU-004,Lesson03,solution-5,908b063090fefb1b3e4649dbc86e9d731a3ff674012dcd81bea0644ef208b99b,"Simplifying yet more, we get:","Dengan menyederhanakannya lebih lanjut, diperoleh:",translated
O006-PSU-004-S0355,O006-PSU-004,Lesson03,solution-5,d939359c76fdc8707b51ec7dda41043fac94ae0bce6001c4159f852f56c8288d,"Look at that! We have factored the joint p.d.f. into two functions, one (","Perhatikan! Kita telah memfaktorkan fungsi kepadatan peluang bersama (PDF) menjadi dua fungsi, fungsi pertama (",translated
O006-PSU-004-S0356,O006-PSU-004,Lesson03,solution-5,cd42da65b81a2508a353068df0ebe0fae5d66e89993f9956b24c398e05f7d16e,) being only a function of the statistics ,) hanya merupakan fungsi dari statistik ,translated
O006-PSU-004-S0357,O006-PSU-004,Lesson03,solution-5,e3ee915a8e8c7aa02d2fced443314522b20824abd2535d5959c41dc8ab8a09e4, and , dan ,translated
O006-PSU-004-S0358,O006-PSU-004,Lesson03,solution-5,e8a03aff8925b881e66e16a824e56bcaf482757328a71ebbf8f774ea5fccdb8e,", and the other (h) not depending on the parameters ",", sedangkan fungsi lainnya (h) tidak bergantung pada parameter ",translated
O006-PSU-004-S0359,O006-PSU-004,Lesson03,solution-5,e3ee915a8e8c7aa02d2fced443314522b20824abd2535d5959c41dc8ab8a09e4, and , dan ,translated
O006-PSU-004-S0360,O006-PSU-004,Lesson03,solution-5,6411061394c32752e982a32608c0cb8f67d1a40f208f9dbdd8b4e50f66c857ac,"Therefore, the Factorization Theorem tells us that ","Oleh karena itu, Teorema Faktorisasi menyatakan bahwa ",translated
O006-PSU-004-S0361,O006-PSU-004,Lesson03,solution-5,e3ee915a8e8c7aa02d2fced443314522b20824abd2535d5959c41dc8ab8a09e4, and , dan ,translated
O006-PSU-004-S0362,O006-PSU-004,Lesson03,solution-5,0e76be1b2186e4791e73dd39326964afe0168e7fa6305f4daafa5318c85c6ae0, are joint sufficient statistics for , secara bersama-sama merupakan statistik cukup bagi ,translated
O006-PSU-004-S0363,O006-PSU-004,Lesson03,solution-5,e3ee915a8e8c7aa02d2fced443314522b20824abd2535d5959c41dc8ab8a09e4, and , dan ,translated
O006-PSU-004-S0364,O006-PSU-004,Lesson03,solution-5,e0dfb56b35a1cd754aa17914ad425b659eef79506a44f4e21ca91e8c20b1a2f8," And, the one-to-one functions of "," Selain itu, fungsi satu-satu dari ",translated
O006-PSU-004-S0365,O006-PSU-004,Lesson03,solution-5,e3ee915a8e8c7aa02d2fced443314522b20824abd2535d5959c41dc8ab8a09e4, and , dan ,translated
O006-PSU-004-S0366,O006-PSU-004,Lesson03,solution-5,dd139a734d4b0d141faca863f91926ad3f2ef0eb5753e13c4f34320dea2338a8,", namely:",", yaitu:",translated
O006-PSU-004-S0367,O006-PSU-004,Lesson03,solution-5,5cb462583512438e9d5ef032031c7c1be15c2ff80e5b8bf1cfc0f99a6991ff74,are also joint sufficient statistics for ,juga secara bersama-sama merupakan statistik cukup bagi ,translated
O006-PSU-004-S0368,O006-PSU-004,Lesson03,solution-5,e3ee915a8e8c7aa02d2fced443314522b20824abd2535d5959c41dc8ab8a09e4, and , dan ,translated
O006-PSU-004-S0369,O006-PSU-004,Lesson03,solution-5,c32d80b3393bafffa0819f99e79309fe3443a13a41a821c411453bb9421cff0e, Aha! We have just shown that the intuitive estimators of , Nah! Kita baru saja menunjukkan bahwa penduga intuitif bagi ,translated
O006-PSU-004-S0370,O006-PSU-004,Lesson03,solution-5,e3ee915a8e8c7aa02d2fced443314522b20824abd2535d5959c41dc8ab8a09e4, and , dan ,translated
O006-PSU-004-S0371,O006-PSU-004,Lesson03,solution-5,47865e31c566ef0e56375e28df2f6ebe6776ed5dc94074ec23ee4136e9dd9aef," are also sufficient estimators. That is, the data contain no more information than the estimators "," juga merupakan penduga cukup. Artinya, data tidak memuat informasi lebih banyak daripada yang dimuat oleh penduga ",translated
O006-PSU-004-S0372,O006-PSU-004,Lesson03,solution-5,e3ee915a8e8c7aa02d2fced443314522b20824abd2535d5959c41dc8ab8a09e4, and , dan ,translated
O006-PSU-004-S0373,O006-PSU-004,Lesson03,solution-5,7c2a099e07363ce80082fcc7edb83d3ea8462689a960c7fde5478514fd94be4c, do about the parameters , mengenai parameter ,translated
O006-PSU-004-S0374,O006-PSU-004,Lesson03,solution-5,e3ee915a8e8c7aa02d2fced443314522b20824abd2535d5959c41dc8ab8a09e4, and , dan ,translated
O006-PSU-004-S0375,O006-PSU-004,Lesson03,solution-5,aa9ee7c310d8ea5c37a1462a1c339ba8e7d2930913fe305faf84ef81b3c62ced,! That seems like a good thing!,! Tampaknya ini hal yang baik!,translated
O006-PSU-004-S0376,O006-PSU-004,Lesson03,solution-5,2a3d7f349f0d795431fdb3b6e58747f93dcd0956174fd7d0916209d67ee3aace,"We have just extended the Factorization Theorem. Now, the Exponential Criterion can also be extended to accommodate two (or more) parameters. It is stated here without proof.",Kita baru saja memperluas Teorema Faktorisasi. Kriteria Eksponensial juga dapat diperluas untuk menangani dua (atau lebih) parameter. Bentuk perluasannya dinyatakan di sini tanpa bukti.,translated
O006-PSU-004-S0377,O006-PSU-004,Lesson03,sufficiency,d8da2c49df39d91df7ecd199b92da7bf264f026242ccc69b08daeadfe587c45b,Note,Catatan,translated
O006-PSU-004-S0378,O006-PSU-004,Lesson03,sufficiency,a35a8168862cc45c3f6aaf6df6c414b57a8c8c79e020700b6c17ee47b62df8d0,"Exponential Criterion
","Kriteria Eksponensial
",translated
O006-PSU-004-S0379,O006-PSU-004,Lesson03,sufficiency,3988f7afb44a169e39bdb01b76321cc2d85908b921fd09efbba09ad027ff4549,Let ,Misalkan ,translated
O006-PSU-004-S0380,O006-PSU-004,Lesson03,sufficiency,d16d80a32a949735a2a6273dd3dbe5f2eb4c0eb6210e2f24649782eef578986a, be a random sample from a distribution with a p.d.f. or p.m.f. of the exponential form:, merupakan sampel acak dari suatu distribusi dengan fungsi kepadatan peluang (PDF) atau fungsi massa peluang (PMF) berbentuk eksponensial:,translated
O006-PSU-004-S0381,O006-PSU-004,Lesson03,sufficiency,671d12ff88fa0c6d0f3957fc91dfe3a69978bf22af59daad2db2fd3952947457,with a support that does not depend on the parameters ,dengan himpunan dukungan yang tidak bergantung pada parameter ,translated
O006-PSU-004-S0382,O006-PSU-004,Lesson03,sufficiency,e3ee915a8e8c7aa02d2fced443314522b20824abd2535d5959c41dc8ab8a09e4, and , dan ,translated
O006-PSU-004-S0383,O006-PSU-004,Lesson03,sufficiency,0beaad2cc9d2241b099340d28c9524d73179c416eea9a350bf0f04b9e8e82a07," Then, the statistics "," Maka, statistik ",translated
O006-PSU-004-S0384,O006-PSU-004,Lesson03,sufficiency,e3ee915a8e8c7aa02d2fced443314522b20824abd2535d5959c41dc8ab8a09e4, and , dan ,translated
O006-PSU-004-S0385,O006-PSU-004,Lesson03,sufficiency,d309a0b84998a38d71bbdc1981b9080da956bade3aba92b8c98660138abc0356, are jointly sufficient for , secara bersama-sama cukup bagi ,translated
O006-PSU-004-S0386,O006-PSU-004,Lesson03,sufficiency,e3ee915a8e8c7aa02d2fced443314522b20824abd2535d5959c41dc8ab8a09e4, and , dan ,translated
O006-PSU-004-S0387,O006-PSU-004,Lesson03,sufficiency,26b1aa0b7a0fdcd72d19d5bf70f930a7928133eeead2d5ded7cd1d9e00adee3a,Let’s try applying the extended exponential criterion to our previous example.,Mari kita terapkan kriteria eksponensial yang diperluas pada contoh sebelumnya.,translated
O006-PSU-004-S0388,O006-PSU-004,Lesson03,sufficiency,338e34d6645b6b8fffc8b4a9b1ca7452dd148270eeb9405c2f55a4549d5ed5b2,Example 3.7,Contoh 3.7,translated
O006-PSU-004-S0389,O006-PSU-004,Lesson03,sufficiency,c99daa81da9a1194c3f4d33c7020a3736d3fa7de6904b5d7f1bd07ecffaf45cb, Let , Misalkan ,translated
O006-PSU-004-S0390,O006-PSU-004,Lesson03,sufficiency,9db4aad95ff629540b131b5c435f7d25fb4ff9d41fe639f54ee4a8cac2304c07, denote a random sample from a normal distribution , merupakan sampel acak dari distribusi normal ,translated
O006-PSU-004-S0391,O006-PSU-004,Lesson03,sufficiency,ea956e363bbd98f33f815c03cfb4696247bd4cb8f9d793d52854819c4871b58b," That is, "," Artinya, ",translated
O006-PSU-004-S0392,O006-PSU-004,Lesson03,sufficiency,978e0132311d7d1cc956e39f5f74a9eefd83aae59f0e1c7d6e57215d43ce5c7f, denotes the mean , menyatakan rataan ,translated
O006-PSU-004-S0393,O006-PSU-004,Lesson03,sufficiency,e3ee915a8e8c7aa02d2fced443314522b20824abd2535d5959c41dc8ab8a09e4, and , dan ,translated
O006-PSU-004-S0394,O006-PSU-004,Lesson03,sufficiency,746b82311261f0180d2dccabbb574bf76a7df1aadb2733f6e369e1d1cca63b30, denotes the variance , menyatakan varians ,translated
O006-PSU-004-S0395,O006-PSU-004,Lesson03,sufficiency,c86d89ef27141a8bd7a3c5fbc7f581d86d5c7d6032a2937a2ce654fb627c161d, Use the Exponential Criterion to find joint sufficient statistics for , Gunakan Kriteria Eksponensial untuk menentukan pasangan statistik yang secara bersama-sama cukup bagi ,translated
O006-PSU-004-S0396,O006-PSU-004,Lesson03,sufficiency,e3ee915a8e8c7aa02d2fced443314522b20824abd2535d5959c41dc8ab8a09e4, and , dan ,translated
O006-PSU-004-S0397,O006-PSU-004,Lesson03,solution-6,22927695994eab589c7601a6b15df4d9dc67c5aceb9a74cdb965444b9b8362a6,Solution,Penyelesaian,translated
O006-PSU-004-S0398,O006-PSU-004,Lesson03,solution-6,f164f3fa96e920aaf8eb92b36e614898331d736a5f840ac011e1fed71500a081,The probability density function of a normal random variable with mean ,Fungsi kepadatan peluang suatu peubah acak normal dengan rataan ,translated
O006-PSU-004-S0399,O006-PSU-004,Lesson03,solution-6,4c80b273a8ad328f21eb75690c49cc0750c7b2e428081bbaf24a6490bef91a95, and variance , dan varians ,translated
O006-PSU-004-S0400,O006-PSU-004,Lesson03,solution-6,4dc86d27021b5c2805d6ea43c1e2830dfe3895e330f96b9d09fe48fca4608fba, can be written in exponential form as:, dapat dituliskan dalam bentuk eksponensial sebagai berikut:,translated
O006-PSU-004-S0401,O006-PSU-004,Lesson03,solution-6,ef40fc3b84b2352c468018a326833df3a17ea40234517bcc0934ff8330aaabe0,"Therefore, the statistics ","Oleh karena itu, statistik ",translated
O006-PSU-004-S0402,O006-PSU-004,Lesson03,solution-6,e3ee915a8e8c7aa02d2fced443314522b20824abd2535d5959c41dc8ab8a09e4, and , dan ,translated
O006-PSU-004-S0403,O006-PSU-004,Lesson03,solution-6,0e76be1b2186e4791e73dd39326964afe0168e7fa6305f4daafa5318c85c6ae0, are joint sufficient statistics for , secara bersama-sama merupakan statistik cukup bagi ,translated
O006-PSU-004-S0404,O006-PSU-004,Lesson03,solution-6,e3ee915a8e8c7aa02d2fced443314522b20824abd2535d5959c41dc8ab8a09e4, and , dan ,translated
O006-PSU-004-S0405,O006-PSU-004,Lesson03,method-of-moments,f39b042de5989f7ec265019cb672af9a77cb3db8640e70114d29377142ae67e4, Method of Moments, Metode Momen,translated
O006-PSU-004-S0406,O006-PSU-004,Lesson03,method-of-moments,9fae9eecdaafe26f9c2a2a20b4d5bd9976ae5bf86a9b51907420f4a336dce29b,"So far, we have been provided with an estimator and we calculated properties associated with the estimator. What if we do not have an estimator? How would we go about finding one?","Sejauh ini, kita selalu diberi suatu penduga lalu menghitung sifat-sifat penduga tersebut. Bagaimana jika kita belum memiliki penduga? Bagaimana cara menentukannya?",translated
O006-PSU-004-S0407,O006-PSU-004,Lesson03,method-of-moments,4510c968778e0343431db870c97ddf21332d05186f810090fc7ed55143d68ab4,"In this lesson, we introduce a crude method of finding an estimator, the method of moments. In the next section, we dive into detail for finding maximum likelihood estimators.","Pada pelajaran ini, kita memperkenalkan suatu metode sederhana untuk menentukan penduga, yaitu Metode Momen. Pada bagian berikutnya, kita akan membahas secara terperinci cara menentukan penduga kemungkinan maksimum.",translated
O006-PSU-004-S0408,O006-PSU-004,Lesson03,method-of-moments,56d5b61193345c2da438635c32a7c964c5697f4a7f40bc7d5cf2203730fbcef9,"In short, the method of moments involves equating sample moments with theoretical moments. So, let’s start by making sure we recall the definitions of theoretical moments, as well as learn the definitions of sample moments.","Singkatnya, Metode Momen dilakukan dengan menyamakan momen sampel dengan momen teoretis. Mari kita mulai dengan mengingat kembali definisi momen teoretis serta mempelajari definisi momen sampel.",translated
O006-PSU-004-S0409,O006-PSU-004,Lesson03,definitions,8775bbb39cb0805e30a731b00808ae5b246fcde24b445f1734656bf34ac5e2af,Definitions,Definisi,translated
O006-PSU-004-S0410,O006-PSU-004,Lesson03,definitions,2b7e84e534a190a7942050b85337a6c400d74cbb874a6b770f6c2846c946824d, is the , adalah momen teoretis orde ,translated
O006-PSU-004-S0411,O006-PSU-004,Lesson03,definitions,41532948d7be99037a75edf23f53a38e889f595d3e9a6b762d11368ccf7f4ff8, (theoretical) moment of the distribution (, dari distribusi (,translated
O006-PSU-004-S0412,O006-PSU-004,Lesson03,definitions,ed4dec60a0c90d20110c8f35855de94158ee686c1ccefadb5382aaf5b68f0ee0,about the origin,terhadap titik asal,translated
O006-PSU-004-S0413,O006-PSU-004,Lesson03,definitions,fe3cd62f9484621d4c4120c030a4427ed6ada1670650537354029c5dbc81e1dc,"), for ","), untuk ",translated
O006-PSU-004-S0414,O006-PSU-004,Lesson03,definitions,2b7e84e534a190a7942050b85337a6c400d74cbb874a6b770f6c2846c946824d, is the , adalah momen teoretis orde ,translated
O006-PSU-004-S0415,O006-PSU-004,Lesson03,definitions,41532948d7be99037a75edf23f53a38e889f595d3e9a6b762d11368ccf7f4ff8, (theoretical) moment of the distribution (, dari distribusi (,translated
O006-PSU-004-S0416,O006-PSU-004,Lesson03,definitions,f9691896384e70cf8542b0d738195d637260d7f9aae48b2b78405bba374c5eda,about the mean,"terhadap rataan, yaitu momen pusat",translated
O006-PSU-004-S0417,O006-PSU-004,Lesson03,definitions,fe3cd62f9484621d4c4120c030a4427ed6ada1670650537354029c5dbc81e1dc,"), for ","), untuk ",translated
O006-PSU-004-S0418,O006-PSU-004,Lesson03,definitions,2b7e84e534a190a7942050b85337a6c400d74cbb874a6b770f6c2846c946824d, is the , adalah momen sampel orde ,translated
O006-PSU-004-S0419,O006-PSU-004,Lesson03,definitions,bba42278784cac35a1990a2fbce34d156669faac635f121d4f0d0f79e1b82d63," sample moment, for ",", untuk ",translated
O006-PSU-004-S0420,O006-PSU-004,Lesson03,definitions,2b7e84e534a190a7942050b85337a6c400d74cbb874a6b770f6c2846c946824d, is the , adalah momen sampel orde ,translated
O006-PSU-004-S0421,O006-PSU-004,Lesson03,definitions,a843ab287fe6ea709999c61da9559c976b93dd0df6dc387ea3f219da764423fd," sample moment about the mean, for "," terhadap rataan, untuk ",translated
O006-PSU-004-S0422,O006-PSU-004,Lesson03,one-form-of-the-method,32a400d1affefb52f16cb50a3e583b8ee9dbd6dfe8ccd90e890801c95cd8267c,One Form of the Method,Salah Satu Bentuk Metode Ini,translated
O006-PSU-004-S0423,O006-PSU-004,Lesson03,one-form-of-the-method,4f583936e8344ddc1974ae27892f7c4f3a3791a1d5216d92d371e06cba1b71d9,The basic idea behind this form of the method is to:,Gagasan dasar bentuk metode ini adalah:,translated
O006-PSU-004-S0424,O006-PSU-004,Lesson03,one-form-of-the-method,a6d9ef24f087e0555ee7efa579dac09302d04943d7a10b28afc4b9448c72b90f,Equate the first sample moment about the origin ,Samakan momen sampel pertama terhadap titik asal ,translated
O006-PSU-004-S0425,O006-PSU-004,Lesson03,one-form-of-the-method,66305c09785b881da9541cb2bac1e21312e0d63f3a84091581eb3e439e114737, to the first theoretical moment , dengan momen teoretis pertama ,translated
O006-PSU-004-S0426,O006-PSU-004,Lesson03,one-form-of-the-method,61374d8be3fe84792d36515e3c61ae16ca3e7d7ac6b5580faa5e3d45518ecc29,Equate the second sample moment about the origin ,Samakan momen sampel kedua terhadap titik asal ,translated
O006-PSU-004-S0427,O006-PSU-004,Lesson03,one-form-of-the-method,ffd378299cedabbc26187713710ed0f6f7554a615212c4757ee8fb88874280dd, to the second theoretical moment , dengan momen teoretis kedua ,translated
O006-PSU-004-S0428,O006-PSU-004,Lesson03,one-form-of-the-method,89a53c5c4a5e59a3da56340cd3e1244a116a0bb589f26cf938cf24bd21b0412a,"Continue equating sample moments about the origin, ","Lanjutkan dengan menyamakan momen sampel terhadap titik asal, ",translated
O006-PSU-004-S0429,O006-PSU-004,Lesson03,one-form-of-the-method,9b9f9a57a9df2d1537b5e8653c7eced5d5cc0812ddf810191de50e1d29f58ce6,", with the corresponding theoretical moments ",", dengan momen teoretis yang bersesuaian ",translated
O006-PSU-004-S0430,O006-PSU-004,Lesson03,one-form-of-the-method,1834d87fc160f5002d26e0814f867b1a29c891f588d059a8ffb078e8ce1f4fba, until you have as many equations as you have parameters., hingga jumlah persamaannya sama dengan jumlah parameter.,translated
O006-PSU-004-S0431,O006-PSU-004,Lesson03,one-form-of-the-method,fe3b358b62fbcfe83ceb22f10ed675341954f1d42abc7438e0d0130992990ab0,Solve for the parameters.,Selesaikan persamaan-persamaan tersebut untuk memperoleh parameternya.,translated
O006-PSU-004-S0432,O006-PSU-004,Lesson03,one-form-of-the-method,6db863d0940cb54ce006653920af6b4ba15bd190f2cb45da597b1fb77c19b2a0,The resulting values are called ,Nilai yang dihasilkan disebut ,translated
O006-PSU-004-S0433,O006-PSU-004,Lesson03,one-form-of-the-method,aeb2ab21e01e2c871db16e43ee6b04f9cec39c9bfac707b33a0d64e066d2ad7a,method of moments estimators,penduga metode momen,translated
O006-PSU-004-S0434,O006-PSU-004,Lesson03,one-form-of-the-method,36a5abfc80fe404c528c0321cab711f030b6eb64f42f71d701697cb5d719ec18,". It seems reasonable that this method would provide good estimates since the empirical distribution converges in some sense to the probability distribution. Therefore, the corresponding moments should be about equal.",". Metode ini wajar diharapkan menghasilkan nilai dugaan yang baik karena distribusi empiris berkonvergensi, dalam pengertian tertentu, ke distribusi peluang. Oleh karena itu, momen-momen yang bersesuaian seharusnya kurang lebih sama.",translated
O006-PSU-004-S0435,O006-PSU-004,Lesson03,one-form-of-the-method,f5370b3b754c603d7b4a6e34cd700d50fb3d5f34f27f26e1d25475c1f5bf4602,Example 3.8,Contoh 3.8,translated
O006-PSU-004-S0436,O006-PSU-004,Lesson03,one-form-of-the-method,c99daa81da9a1194c3f4d33c7020a3736d3fa7de6904b5d7f1bd07ecffaf45cb, Let , Misalkan ,translated
O006-PSU-004-S0437,O006-PSU-004,Lesson03,one-form-of-the-method,f7aee08e615d69deb7326d7dfd05f4ca6c3e2f585b295eca0cb93bab8b2149b9, be Bernoulli random variables with parameter , merupakan peubah acak Bernoulli dengan parameter ,translated
O006-PSU-004-S0438,O006-PSU-004,Lesson03,one-form-of-the-method,739289a75f8ffc51b6f2386873f146b1f26555fe6ddd48f6ed490f6394f489c4, What is the method of moments estimator of , Berapakah penduga metode momen bagi ,translated
O006-PSU-004-S0439,O006-PSU-004,Lesson03,solution-7,22927695994eab589c7601a6b15df4d9dc67c5aceb9a74cdb965444b9b8362a6,Solution,Penyelesaian,translated
O006-PSU-004-S0440,O006-PSU-004,Lesson03,solution-7,ef3fa61e0b5c48d078615531e129a0cbbb5146ce98f3b7934e992ae50694b792,"Here, the first theoretical moment about the origin is:","Di sini, momen teoretis pertama terhadap titik asal adalah:",translated
O006-PSU-004-S0441,O006-PSU-004,Lesson03,solution-7,39ae90b11d8dacced32b80c81a161b41c480629963bfdb9abf53035693b49680,"We have just one parameter for which we are trying to derive the method of moments estimator. Therefore, we need just one equation. Equating the first theoretical moment about the origin with the corresponding sample moment, we get:","Kita hanya hendak menurunkan penduga metode momen bagi satu parameter. Oleh karena itu, kita hanya memerlukan satu persamaan. Dengan menyamakan momen teoretis pertama terhadap titik asal dengan momen sampel yang bersesuaian, diperoleh:",translated
O006-PSU-004-S0442,O006-PSU-004,Lesson03,solution-7,35834a98ba4b604fad0f6c2ea660345faf7e292b07652445b7a6e2b7007c91bc,"Now, we just have to solve for ","Sekarang, kita hanya perlu menyelesaikan persamaan tersebut untuk ",translated
O006-PSU-004-S0443,O006-PSU-004,Lesson03,solution-7,8eb6347a2b6926591b262d3454a8f766189af296e76a349ca8399e40df9a5698," Whoops! In this case, the equation is already solved for "," Ternyata, dalam kasus ini, persamaannya sudah terselesaikan untuk ",translated
O006-PSU-004-S0444,O006-PSU-004,Lesson03,solution-7,39e431d9cd8326bc1cd650fe529e4eaec2d8e45b90480d7c8fc79f33b65da31f, Our work is done! We just need to put a hat (^) on the parameter to make it clear that it is an estimator. We can also subscript the estimator with an “MM” to indicate that the estimator is the method of moments estimator:, Selesai! Kita hanya perlu membubuhkan tanda topi (^) pada parameter untuk memperjelas bahwa parameter tersebut kini menjadi penduga. Kita juga dapat memberi subskrip “MM” pada penduga untuk menandai bahwa penduga itu adalah penduga metode momen:,translated
O006-PSU-004-S0445,O006-PSU-004,Lesson03,solution-7,11ed39d537ddb1ee3b3b82baf1f0d5ff60bc92cd319ed86488ebf009fad88cb8,"So, in this case, the method of moments estimator is the same as the maximum likelihood estimator, namely, the sample proportion.","Jadi, dalam kasus ini, penduga metode momen sama dengan penduga kemungkinan maksimum, yaitu proporsi sampel.",translated
O006-PSU-004-S0446,O006-PSU-004,Lesson03,one-form-of-the-method,b65a7f33b9f5c9d1f11ce1a77e807e0b4d36c55018fa0d4d8f14cf332605a5cf,Example 3.9,Contoh 3.9,translated
O006-PSU-004-S0447,O006-PSU-004,Lesson03,one-form-of-the-method,c99daa81da9a1194c3f4d33c7020a3736d3fa7de6904b5d7f1bd07ecffaf45cb, Let , Misalkan ,translated
O006-PSU-004-S0448,O006-PSU-004,Lesson03,one-form-of-the-method,bd58ac1a41ada5843c8919d6697b1b46bf21a26dfb67ef0333c210b9ce6b0db5, be normal random variables with mean , merupakan peubah acak normal dengan rataan ,translated
O006-PSU-004-S0449,O006-PSU-004,Lesson03,one-form-of-the-method,4c80b273a8ad328f21eb75690c49cc0750c7b2e428081bbaf24a6490bef91a95, and variance , dan varians ,translated
O006-PSU-004-S0450,O006-PSU-004,Lesson03,one-form-of-the-method,d59fb42201bddfe0e9d6ffd9e1c9be6e1344d3e60d414e4c9f9d0a6b73371c29, What are the method of moments estimators of the mean , Berapakah penduga metode momen bagi rataan ,translated
O006-PSU-004-S0451,O006-PSU-004,Lesson03,one-form-of-the-method,4c80b273a8ad328f21eb75690c49cc0750c7b2e428081bbaf24a6490bef91a95, and variance , dan varians ,translated
O006-PSU-004-S0452,O006-PSU-004,Lesson03,solution-8,22927695994eab589c7601a6b15df4d9dc67c5aceb9a74cdb965444b9b8362a6,Solution,Penyelesaian,translated
O006-PSU-004-S0453,O006-PSU-004,Lesson03,solution-8,0468cd24bc6a42542959128d5396d903b194e6fac32fd2405e4911ef57056834,The first and second theoretical moments about the origin are:,Momen teoretis pertama dan kedua terhadap titik asal adalah:,translated
O006-PSU-004-S0454,O006-PSU-004,Lesson03,solution-8,d96c8eaec2a338dd0fe29e2208357e8c1d8f140573fa452768a6bf7857802169,"(Incidentally, in case it’s not obvious, that second moment can be derived from manipulating the shortcut formula for the variance.) In this case, we have two parameters for which we are trying to derive the method of moments estimators. Therefore, we need two equations here. Equating the first theoretical moment about the origin with the corresponding sample moment, we get:","(Sebagai tambahan, jika belum jelas, momen kedua tersebut dapat diturunkan dengan memanipulasi rumus ringkas varians.) Dalam kasus ini, kita hendak menurunkan penduga metode momen bagi dua parameter. Oleh karena itu, kita memerlukan dua persamaan. Dengan menyamakan momen teoretis pertama terhadap titik asal dengan momen sampel yang bersesuaian, diperoleh:",translated
O006-PSU-004-S0455,O006-PSU-004,Lesson03,solution-8,a5cfc19f15a315bbabae4bb16644f2e0ef2753f7200d4dc6a53f9d0fb0f55971,"And, equating the second theoretical moment about the origin with the corresponding sample moment, we get:","Selanjutnya, dengan menyamakan momen teoretis kedua terhadap titik asal dengan momen sampel yang bersesuaian, diperoleh:",translated
O006-PSU-004-S0456,O006-PSU-004,Lesson03,solution-8,53de1ec2dcc7419752e62dc7d3f782f40a1274a514eeda7625bd0f2d96dc7ab2,"Now, the first equation tells us that the method of moments estimator for the mean ","Sekarang, persamaan pertama menunjukkan bahwa penduga metode momen bagi rataan ",translated
O006-PSU-004-S0457,O006-PSU-004,Lesson03,solution-8,4d28bbe7ad372e7c31040838e3754ede326d745e233ede11439ddf91512d1f9a, is the sample mean:, adalah rataan sampel:,translated
O006-PSU-004-S0458,O006-PSU-004,Lesson03,solution-8,50c6e39bea5ed98827392baf46e85a66504fa16b4241503b5281b354d6f7b1d2,"And, substituting the sample mean for ","Selanjutnya, dengan menyubstitusikan rataan sampel untuk ",translated
O006-PSU-004-S0459,O006-PSU-004,Lesson03,solution-8,b8a56195ee20a81aee3695e1f2872e53be07665ed1d6f9194bbb2abbdb813841, in the second equation and solving for , dalam persamaan kedua lalu menyelesaikannya terhadap ,translated
O006-PSU-004-S0460,O006-PSU-004,Lesson03,solution-8,22c6642c1a76cfc5a02ab9d26f25fb4a51d5245b6214fd433f77d60f0719e6b4,", we get that the method of moments estimator for the variance ",", diperoleh bahwa penduga metode momen bagi varians ",translated
O006-PSU-004-S0461,O006-PSU-004,Lesson03,solution-8,ccd4554f9c2a0a240cbe274a4447ae7d6933d28a26c80815a1475dff5ad731bd, is:, adalah:,translated
O006-PSU-004-S0462,O006-PSU-004,Lesson03,solution-8,99fb06ecc326ede2d70be2ea6841b8b423eb94c62e2c25e7edf15926550a4b15,which can be rewritten as:,yang dapat ditulis ulang sebagai:,translated
O006-PSU-004-S0463,O006-PSU-004,Lesson03,solution-8,1e35963480524fe6a6471d31e7248e2c8666363a81af54334cb6c066de530411,"Again, for this example, the method of moments estimators are the same as the maximum likelihood estimators.","Sekali lagi, dalam contoh ini, penduga metode momen sama dengan penduga kemungkinan maksimum.",translated
O006-PSU-004-S0464,O006-PSU-004,Lesson03,solution-8,4b6d405b8151cbc31a8cbf8241abad9c12a96db59afdfe4690306a103817910f,"In some cases, rather than using the sample moments about the origin, it is easier to use the sample moments about the mean. Doing so provides us with an alternative form of the method of moments.","Dalam beberapa kasus, alih-alih menggunakan momen sampel terhadap titik asal, lebih mudah menggunakan momen sampel terhadap rataan. Cara ini menghasilkan bentuk alternatif Metode Momen.",translated
O006-PSU-004-S0465,O006-PSU-004,Lesson03,another-form-of-the-method,a069921a312d54f933fa9da700eecbc55c8f2e4a35f72484cd2fc79673308507,Another Form of the Method,Bentuk Lain Metode Ini,translated
O006-PSU-004-S0466,O006-PSU-004,Lesson03,another-form-of-the-method,4f583936e8344ddc1974ae27892f7c4f3a3791a1d5216d92d371e06cba1b71d9,The basic idea behind this form of the method is to:,Gagasan dasar bentuk metode ini adalah:,translated
O006-PSU-004-S0467,O006-PSU-004,Lesson03,another-form-of-the-method,a6d9ef24f087e0555ee7efa579dac09302d04943d7a10b28afc4b9448c72b90f,Equate the first sample moment about the origin ,Samakan momen sampel pertama terhadap titik asal ,translated
O006-PSU-004-S0468,O006-PSU-004,Lesson03,another-form-of-the-method,66305c09785b881da9541cb2bac1e21312e0d63f3a84091581eb3e439e114737, to the first theoretical moment , dengan momen teoretis pertama ,translated
O006-PSU-004-S0469,O006-PSU-004,Lesson03,another-form-of-the-method,ba194523727bc9961564f0d66dd4db59659972980f027402cd1725e662b9a0ab,Equate the second sample moment about the mean ,Samakan momen sampel kedua terhadap rataan ,translated
O006-PSU-004-S0470,O006-PSU-004,Lesson03,another-form-of-the-method,5a2c25b73e534eb6e0aa950a9c25b20f781a64f4ec90511a45de3d0ec4db0846, to the second theoretical moment about the mean , dengan momen teoretis kedua terhadap rataan ,translated
O006-PSU-004-S0471,O006-PSU-004,Lesson03,another-form-of-the-method,18350d114912d1d825a56d521206b1070054c93ff8c54efcc4e11dd355175e9c,Continue equating sample moments about the mean ,Lanjutkan dengan menyamakan momen sampel terhadap rataan ,translated
O006-PSU-004-S0472,O006-PSU-004,Lesson03,another-form-of-the-method,1069efcb940c8300b82fa62399b1f3aa521a7833458de0475ce00bd3cc5030fc, with the corresponding theoretical moments about the mean , dengan momen teoretis terhadap rataan yang bersesuaian ,translated
O006-PSU-004-S0473,O006-PSU-004,Lesson03,another-form-of-the-method,1834d87fc160f5002d26e0814f867b1a29c891f588d059a8ffb078e8ce1f4fba, until you have as many equations as you have parameters., hingga jumlah persamaannya sama dengan jumlah parameter.,translated
O006-PSU-004-S0474,O006-PSU-004,Lesson03,another-form-of-the-method,fe3b358b62fbcfe83ceb22f10ed675341954f1d42abc7438e0d0130992990ab0,Solve for the parameters.,Selesaikan persamaan-persamaan tersebut untuk memperoleh parameternya.,translated
O006-PSU-004-S0475,O006-PSU-004,Lesson03,another-form-of-the-method,48aba9acb29a13e77e49151d7631576702dcd2e6b39927b0981d73dfcf25de2c,"Again, the resulting values are called ","Sekali lagi, nilai yang dihasilkan disebut ",translated
O006-PSU-004-S0476,O006-PSU-004,Lesson03,another-form-of-the-method,aeb2ab21e01e2c871db16e43ee6b04f9cec39c9bfac707b33a0d64e066d2ad7a,method of moments estimators,penduga metode momen,translated
O006-PSU-004-S0477,O006-PSU-004,Lesson03,another-form-of-the-method,595d7ea95c23b7db5c1182a91dae18548567cc7ead9519c56ffea0466c0e3415,Example 3.10,Contoh 3.10,translated
O006-PSU-004-S0478,O006-PSU-004,Lesson03,another-form-of-the-method,c99daa81da9a1194c3f4d33c7020a3736d3fa7de6904b5d7f1bd07ecffaf45cb, Let , Misalkan ,translated
O006-PSU-004-S0479,O006-PSU-004,Lesson03,another-form-of-the-method,80859be1125a49cacaadcef35314da254bfa612ca29c493c4eba456186e770e1, be gamma random variables with parameters , merupakan peubah acak gamma dengan parameter ,translated
O006-PSU-004-S0480,O006-PSU-004,Lesson03,another-form-of-the-method,e3ee915a8e8c7aa02d2fced443314522b20824abd2535d5959c41dc8ab8a09e4, and , dan ,translated
O006-PSU-004-S0481,O006-PSU-004,Lesson03,another-form-of-the-method,d0f9ee3dc76ba5fe4d723e404f7760cdb481f07cd979dc583372862b8aecbb7c,", so that the probability density function is:",", sehingga fungsi kepadatan peluangnya adalah:",translated
O006-PSU-004-S0482,O006-PSU-004,Lesson03,another-form-of-the-method,21f4c696f93fb96f5f71545f752d435f4a46341ea57dc4558b6c2795bd97604d,for ,untuk ,translated
O006-PSU-004-S0483,O006-PSU-004,Lesson03,another-form-of-the-method,0afa01e8f3e538d4af1c18cac97447857b56f57cee41b16d70105c2377842c4b," Therefore, the likelihood function:"," Oleh karena itu, fungsi kemungkinan:",translated
O006-PSU-004-S0484,O006-PSU-004,Lesson03,another-form-of-the-method,a20c019f57c0a74648c91fcf39d579decf2ec14fbad3aa4fb8362787e65bbfb8,is difficult to differentiate because of the gamma function ,sulit didiferensiasikan karena adanya fungsi gamma ,translated
O006-PSU-004-S0485,O006-PSU-004,Lesson03,another-form-of-the-method,aff5333a5c1be12e100e04c6b8ebcbbe5105a6d0b53456fb55c5abc7ddc01814," So, rather than finding the maximum likelihood estimators, what are the method of moments estimators of "," Jadi, alih-alih menentukan penduga kemungkinan maksimum, berapakah penduga metode momen bagi ",translated
O006-PSU-004-S0486,O006-PSU-004,Lesson03,another-form-of-the-method,e3ee915a8e8c7aa02d2fced443314522b20824abd2535d5959c41dc8ab8a09e4, and , dan ,translated
O006-PSU-004-S0487,O006-PSU-004,Lesson03,solution-9,22927695994eab589c7601a6b15df4d9dc67c5aceb9a74cdb965444b9b8362a6,Solution,Penyelesaian,translated
O006-PSU-004-S0488,O006-PSU-004,Lesson03,solution-9,6f50f749fa5dc39a39f401eca05f30d4e35ccd7738ea66780922e2b3cc4e9a0e,The first theoretical moment about the origin is:,Momen teoretis pertama terhadap titik asal adalah:,translated
O006-PSU-004-S0489,O006-PSU-004,Lesson03,solution-9,4a60563cf75a921f1840d76caddeebcca1ec37c435775079cc62bf2025664c99,And the second theoretical moment about the mean is:,"Selanjutnya, momen teoretis kedua terhadap rataan adalah:",translated
O006-PSU-004-S0490,O006-PSU-004,Lesson03,solution-9,d029b31174e5cbeccb3a3e91de6b5bbb3dbc5c2c5c1f75c690858f1a583a935c,"Again, since we have two parameters for which we are trying to derive method of moments estimators, we need two equations. Equating the first theoretical moment about the origin with the corresponding sample moment, we get:","Sekali lagi, karena kita hendak menurunkan penduga metode momen bagi dua parameter, kita memerlukan dua persamaan. Dengan menyamakan momen teoretis pertama terhadap titik asal dengan momen sampel yang bersesuaian, diperoleh:",translated
O006-PSU-004-S0491,O006-PSU-004,Lesson03,solution-9,dddf3671b184f5e2268e39c99fb2c5cab35dac6029067c8592572f015e5a6abe,"And, equating the second theoretical moment about the mean with the corresponding sample moment, we get:","Selanjutnya, dengan menyamakan momen teoretis kedua terhadap rataan dengan momen sampel yang bersesuaian, diperoleh:",translated
O006-PSU-004-S0492,O006-PSU-004,Lesson03,solution-9,1d7c6f40f25fefc3282159795fc0ddf318611b92410edf7e490994f0ac1ef2ee,"Now, we just have to solve for the two parameters ","Sekarang, kita hanya perlu menyelesaikan kedua persamaan tersebut terhadap parameter ",translated
O006-PSU-004-S0493,O006-PSU-004,Lesson03,solution-9,e3ee915a8e8c7aa02d2fced443314522b20824abd2535d5959c41dc8ab8a09e4, and , dan ,translated
O006-PSU-004-S0494,O006-PSU-004,Lesson03,solution-9,a96a3f73153bfe3a8141788e8d998679ed4256611ac1c9982764cfb24d574e34, Let’s start by solving for , Mari mulai dengan menentukan ,translated
O006-PSU-004-S0495,O006-PSU-004,Lesson03,solution-9,caa69036eda16a23da0cc300224c04fef22b9b447efd4a35ed02cc11af072d59, in the first equation , dari persamaan pertama ,translated
O006-PSU-004-S0496,O006-PSU-004,Lesson03,solution-9,f73da4bafab9a8aed2b9ac8333edf93af2e93f4dc4f2f4d3e4ceab331463ead5," Doing so, we get:"," Dengan demikian, diperoleh:",translated
O006-PSU-004-S0497,O006-PSU-004,Lesson03,solution-9,967e950ebf3f783e94868c603bd29ec1e263a145690eaf8e0424e0c9b6ee366a,"Now, substituting ","Sekarang, dengan menyubstitusikan ",translated
O006-PSU-004-S0498,O006-PSU-004,Lesson03,solution-9,5dd869a010750fadb32464e63ba1561f031524d0561f35fa4d22f7e2e7fb99a9, into the second equation (, ke dalam persamaan kedua (,translated
O006-PSU-004-S0499,O006-PSU-004,Lesson03,solution-9,82c216458cc8893431d28525c5a87581abed98d58b6b5de5340c8ae8bc72c19e,"), we get:","), diperoleh:",translated
O006-PSU-004-S0500,O006-PSU-004,Lesson03,solution-9,d304b156428ea065438af3d5892ba34f43d9d709500d4367139a6cea292b8cbb,"Now, solving for ","Sekarang, dengan menentukan ",translated
O006-PSU-004-S0501,O006-PSU-004,Lesson03,solution-9,6bccf4138d4c6fd5e10962627d9129db1a69b5adb2c5b3f55fffeaa82fb40d86,"in that last equation, and putting on its hat, we get that the method of moment estimator for "," dari persamaan terakhir tersebut, lalu membubuhkan tanda topi, diperoleh bahwa penduga metode momen bagi ",translated
O006-PSU-004-S0502,O006-PSU-004,Lesson03,solution-9,ccd4554f9c2a0a240cbe274a4447ae7d6933d28a26c80815a1475dff5ad731bd, is:, adalah:,translated
O006-PSU-004-S0503,O006-PSU-004,Lesson03,solution-9,c6ee2052717e186594930d548d046514848b67f995071674613a302cf228b0fe,"And, substituting that value of ","Selanjutnya, dengan menyubstitusikan nilai ",translated
O006-PSU-004-S0504,O006-PSU-004,Lesson03,solution-9,7a5d53f726ddae37feffccd354be611d778356edc8e04a377d782d7903b56353,back into the equation we have for , tersebut kembali ke dalam persamaan untuk ,translated
O006-PSU-004-S0505,O006-PSU-004,Lesson03,solution-9,e9ca544cb45e60573429a8e895de9178dc9fb6b9f9920e88e099277f8dd7e207,", and putting on its hat, we get that the method of moment estimator for ",", lalu membubuhkan tanda topi, diperoleh bahwa penduga metode momen bagi ",translated
O006-PSU-004-S0506,O006-PSU-004,Lesson03,solution-9,ccd4554f9c2a0a240cbe274a4447ae7d6933d28a26c80815a1475dff5ad731bd, is:, adalah:,translated
O006-PSU-004-S0507,O006-PSU-004,Lesson03,another-form-of-the-method,51cd7e450ac3f588d062a7912101038b88aaf2462c363391d639a7226d240e07,Example 3.11,Contoh 3.11,translated
O006-PSU-004-S0508,O006-PSU-004,Lesson03,another-form-of-the-method,2e0e1eaea4610ccd00d1d8699cece7436b192e435c32c94092b01d1e54be4de8, Let’s return to the example in which , Mari kita kembali ke contoh dengan ,translated
O006-PSU-004-S0509,O006-PSU-004,Lesson03,another-form-of-the-method,9adaee9da7fd77d551b5c72b91db36b5c7f54a138c0c5da72051a12d601061d1, are normal random variables with mean , merupakan peubah acak normal dengan rataan ,translated
O006-PSU-004-S0510,O006-PSU-004,Lesson03,another-form-of-the-method,4c80b273a8ad328f21eb75690c49cc0750c7b2e428081bbaf24a6490bef91a95, and variance , dan varians ,translated
O006-PSU-004-S0511,O006-PSU-004,Lesson03,another-form-of-the-method,d59fb42201bddfe0e9d6ffd9e1c9be6e1344d3e60d414e4c9f9d0a6b73371c29, What are the method of moments estimators of the mean , Berapakah penduga metode momen bagi rataan ,translated
O006-PSU-004-S0512,O006-PSU-004,Lesson03,another-form-of-the-method,4c80b273a8ad328f21eb75690c49cc0750c7b2e428081bbaf24a6490bef91a95, and variance , dan varians ,translated
O006-PSU-004-S0513,O006-PSU-004,Lesson03,solution-10,22927695994eab589c7601a6b15df4d9dc67c5aceb9a74cdb965444b9b8362a6,Solution,Penyelesaian,translated
O006-PSU-004-S0514,O006-PSU-004,Lesson03,solution-10,6f50f749fa5dc39a39f401eca05f30d4e35ccd7738ea66780922e2b3cc4e9a0e,The first theoretical moment about the origin is:,Momen teoretis pertama terhadap titik asal adalah:,translated
O006-PSU-004-S0515,O006-PSU-004,Lesson03,solution-10,c82847ba6f5355c1c9363e74c2a6fe5a59e47d4cd4706bdecced65e66869b84a,"And, the second theoretical moment about the mean is:","Selanjutnya, momen teoretis kedua terhadap rataan adalah:",translated
O006-PSU-004-S0516,O006-PSU-004,Lesson03,solution-10,d029b31174e5cbeccb3a3e91de6b5bbb3dbc5c2c5c1f75c690858f1a583a935c,"Again, since we have two parameters for which we are trying to derive method of moments estimators, we need two equations. Equating the first theoretical moment about the origin with the corresponding sample moment, we get:","Sekali lagi, karena kita hendak menurunkan penduga metode momen bagi dua parameter, kita memerlukan dua persamaan. Dengan menyamakan momen teoretis pertama terhadap titik asal dengan momen sampel yang bersesuaian, diperoleh:",translated
O006-PSU-004-S0517,O006-PSU-004,Lesson03,solution-10,dddf3671b184f5e2268e39c99fb2c5cab35dac6029067c8592572f015e5a6abe,"And, equating the second theoretical moment about the mean with the corresponding sample moment, we get:","Selanjutnya, dengan menyamakan momen teoretis kedua terhadap rataan dengan momen sampel yang bersesuaian, diperoleh:",translated
O006-PSU-004-S0518,O006-PSU-004,Lesson03,solution-10,b94d5e17f3b4510c87346407ff136573cb5c4d120e4945978fd97723d65d402d,"Now, we just have to solve for the two parameters. Oh! Well, in this case, the equations are already solved for ","Sekarang, kita hanya perlu menyelesaikan kedua persamaan itu terhadap kedua parameter tersebut. Ternyata, dalam kasus ini, persamaannya sudah terselesaikan terhadap ",translated
O006-PSU-004-S0519,O006-PSU-004,Lesson03,solution-10,e3ee915a8e8c7aa02d2fced443314522b20824abd2535d5959c41dc8ab8a09e4, and , dan ,translated
O006-PSU-004-S0520,O006-PSU-004,Lesson03,solution-10,0a5d81fc0fb45af47e4503c4ec6271710ffa1b2065d2f9b79fb33bcdbb33cbf1," Our work is done! We just need to put a hat (^) on the parameters to make it clear that they are estimators. Doing so, we get that the method of moments estimator of "," Selesai! Kita hanya perlu membubuhkan tanda topi (^) pada parameter untuk memperjelas bahwa keduanya adalah penduga. Dengan demikian, diperoleh bahwa penduga metode momen bagi ",translated
O006-PSU-004-S0521,O006-PSU-004,Lesson03,solution-10,c3838a4c8b5c260cea7daa08b1bbbe3fd8c3cf14f632807577886a933f0b97b4,is:, adalah:,translated
O006-PSU-004-S0522,O006-PSU-004,Lesson03,solution-10,f2806f2acf7cc40bd7931a52d2a4f9f08577170524b69a62ab40f333e5dc6b9e,"(which we know, from our previous work, is unbiased). The method of moments estimator of ","(yang, berdasarkan pembahasan sebelumnya, kita ketahui bersifat tak bias). Penduga metode momen bagi ",translated
O006-PSU-004-S0523,O006-PSU-004,Lesson03,solution-10,c3838a4c8b5c260cea7daa08b1bbbe3fd8c3cf14f632807577886a933f0b97b4,is:, adalah:,translated
O006-PSU-004-S0524,O006-PSU-004,Lesson03,solution-10,16a0d19c052dd02cb7bb33e1d0cbd681f17cefaeafbae1d114e9c58cd3a914fb,"(which we know, from our previous work, is biased). This example, in conjunction with the second example, illustrates how the two different forms of the method can require varying amounts of work depending on the situation.","(yang, berdasarkan pembahasan sebelumnya, kita ketahui bersifat bias). Bersama contoh kedua, contoh ini menunjukkan bahwa kedua bentuk metode tersebut dapat memerlukan tingkat usaha yang berbeda, bergantung pada situasi.",translated
O006-PSU-004-S0525,O006-PSU-004,Lesson03,summary,1ef08bdefdb2fba4d4db153a477421a071a38cbc62cabd95702139270855caf1, Summary, Ringkasan,translated
O006-PSU-004-S0526,O006-PSU-004,Lesson03,summary,7867bc394e71338d243c5daa196dc55ca067eee6ad909c44418d20b02ada881a,"In this lesson, we explored how estimators are derived. We introduced the method of moments, which matches sample moments to population moments to estimate parameters. We also developed a deeper understanding of sufficiency, learning how to identify statistics that capture all the information about a parameter using the Factorization Theorem and the Exponential Criterion. These tools help simplify complex data while preserving what’s essential for inference.","Dalam pelajaran ini, kita menelaah cara menurunkan penduga. Kita memperkenalkan Metode Momen, yang menyamakan momen sampel dengan momen populasi untuk menduga parameter. Kita juga memperdalam pemahaman tentang kecukupan dengan mempelajari cara mengidentifikasi statistik yang menangkap seluruh informasi mengenai suatu parameter menggunakan Teorema Faktorisasi dan Kriteria Eksponensial. Perangkat ini membantu menyederhanakan data yang kompleks sekaligus mempertahankan hal-hal yang esensial bagi inferensi.",translated
O006-PSU-004-S0527,O006-PSU-004,Lesson03,summary,cc3f7f0f4513969e418b56fb93ec0876fd96dd6498395b04301f70dbddff8a45,Key Takeaways,Pokok-Pokok Penting,translated
O006-PSU-004-S0528,O006-PSU-004,Lesson03,summary,d49d43f90be2857968e14f0ecd42abf78192419198b6eae8b26a3fead64e4db0,The method of moments provides a straightforward way to find estimators.,Metode Momen menyediakan cara langsung untuk menentukan penduga.,translated
O006-PSU-004-S0529,O006-PSU-004,Lesson03,summary,b681c52ca607ecf44737c6f37d41e4b8a235ab9a61af0bd1bba1d52979651ab5,A sufficient statistic contains all information needed to estimate a parameter and allows us to reduce the data without losing inferential power.,Statistik cukup memuat seluruh informasi yang diperlukan untuk menduga suatu parameter dan memungkinkan kita mereduksi data tanpa kehilangan daya inferensial.,translated
O006-PSU-004-S0530,O006-PSU-004,Lesson03,summary,fba545bba6ba3f5310625c6861d495312df885ce86b883ac4ec0d12b9efe07b7,The Factorization Theorem helps determine whether a statistic is sufficient.,Teorema Faktorisasi membantu menentukan apakah suatu statistik bersifat cukup.,translated
O006-PSU-004-S0531,O006-PSU-004,Lesson03,summary,01ce64a0a8ee3ab78103ae8582583163cebbb5d5c16c25bcd9fd37369d171cb7,The Exponential Criterion is a shortcut for checking sufficiency in exponential family models.,Kriteria Eksponensial merupakan jalan pintas untuk memeriksa kecukupan pada model keluarga eksponensial.,translated
