row_id,source_record,source_line,fitted_mpa,residual_mpa,leverage,internal_standardized_residual,deleted_studentized_residual,deleted_residual_mpa,cook_distance,leverage_screen_2p_over_n,cook_screen_4_over_n,screen_union
CP01-R0001,1,2,53.46346329,26.52653671,0.01367349,2.56845916,2.57553517,26.89427537,0.01016159,false,true,true
CP01-R0002,2,3,53.73475651,8.15524349,0.01289670,0.78932907,0.78918325,8.26179336,0.00090446,false,false,false
CP01-R0003,3,4,56.81258504,-16.54258504,0.01701091,-1.60446959,-1.60570924,-16.82885921,0.00494993,false,true,true
CP01-R0004,4,5,67.66368153,-26.61368153,0.02871622,-2.59677519,-2.60411695,-27.40052105,0.02215172,true,true,true
CP01-R0005,5,6,60.91205585,-16.61205585,0.03056990,-1.62243608,-1.62373583,-17.13589849,0.00922296,true,true,true
CP01-R0006,6,7,26.85991563,20.17008437,0.00694433,1.94636095,1.94902675,20.31113165,0.00294348,false,false,false
CP01-R0007,7,8,68.42076149,-24.72076149,0.02869396,-2.41204977,-2.41776670,-25.45105291,0.01909697,true,true,true
CP01-R0008,8,9,29.92792448,6.52207552,0.01036458,0.63045003,0.63026391,6.59038205,0.00046253,false,false,false
CP01-R0009,9,10,19.77814740,26.07185260,0.00801744,2.51722676,2.52383751,26.28257166,0.00569029,false,true,true
CP01-R0010,10,11,31.44208441,7.84791559,0.01500301,0.76039515,0.76023797,7.96745131,0.00097854,false,false,false
CP01-R0011,11,12,30.07209741,7.99790259,0.00451316,0.77083391,0.77068062,8.03416208,0.00029931,false,false,false
CP01-R0012,12,13,22.99032918,5.02967082,0.00413609,0.48466541,0.48448374,5.05056039,0.00010840,false,false,false
CP01-R0013,13,14,58.32674497,-15.31674497,0.01842641,-1.48664582,-1.48752847,-15.60427569,0.00460989,true,true,true
CP01-R0014,14,15,25.64858768,16.68141232,0.00774228,1.61036023,1.61161942,16.81157214,0.00224827,false,false,false
CP01-R0015,15,16,20.38381137,27.42618863,0.00863337,2.64880981,2.65665618,27.66503115,0.00678899,false,true,true
CP01-R0016,16,17,28.67690755,24.23309245,0.01009970,2.34215470,2.34732184,24.48033660,0.00621879,false,true,true
CP01-R0017,17,18,31.86648277,7.49351723,0.01312217,0.72536480,0.72519638,7.59315593,0.00077734,false,false,false
CP01-R0018,18,19,59.48231235,-3.34231235,0.02766775,-0.32594337,-0.32580066,-3.43741798,0.00033589,true,false,true
CP01-R0019,19,20,37.00969271,3.55030729,0.00909296,0.34296670,0.34281845,3.58288632,0.00011993,false,false,false
CP01-R0020,20,21,48.80383879,-6.18383879,0.01472612,-0.59907630,-0.59888812,-6.27626381,0.00059601,false,false,false
CP01-R0021,21,22,48.04675882,-6.20675882,0.01239619,-0.60058704,-0.60039892,-6.28466472,0.00050305,false,false,false
CP01-R0022,22,23,24.78471453,3.45528547,0.01230979,0.33433052,0.33418505,3.49834942,0.00015479,false,false,false
CP01-R0023,23,24,21.92916283,-13.86916283,0.01257461,-1.34214849,-1.34267603,-14.04578305,0.00254888,false,false,false
CP01-R0024,24,25,42.14646891,2.06353109,0.01802736,0.20024597,0.20015181,2.10141403,0.00008179,true,false,true
CP01-R0025,25,26,60.08797633,-7.56797633,0.02865917,-0.73840802,-0.73824348,-7.79126761,0.00178748,true,false,true
CP01-R0026,26,27,49.23687984,4.06312016,0.01759031,0.39419927,0.39403616,4.13587142,0.00030915,true,false,true
CP01-R0027,27,28,57.56966500,-16.41966500,0.01726529,-1.59275365,-1.59395494,-16.70813589,0.00495213,false,true,true
CP01-R0028,28,29,38.35122972,13.76877028,0.01021645,1.33084508,1.33134844,13.91089015,0.00203129,false,false,false
CP01-R0029,29,30,30.68500444,6.74499556,0.01223043,0.65261389,0.65243031,6.82851118,0.00058594,false,false,false
CP01-R0030,30,31,29.04342098,9.55657902,0.01603076,0.92643330,0.92636895,9.71227411,0.00155367,false,false,false
CP01-R0031,31,32,58.87664838,-3.61664838,0.02725663,-0.35262217,-0.35247091,-3.71798822,0.00038712,true,false,true
CP01-R0032,32,33,58.27098441,-5.36098441,0.02742582,-0.52273989,-0.52255376,-5.51215991,0.00085618,true,false,true
CP01-R0033,33,34,40.35208356,1.36791644,0.00878646,0.13212300,0.13205941,1.38004213,0.00001719,false,false,false
CP01-R0034,34,35,59.08382494,-16.95382494,0.02049424,-1.64727711,-1.64866250,-17.30855057,0.00630835,true,true,true
CP01-R0035,35,36,57.05965646,-3.36965646,0.02950511,-0.32892090,-0.32877720,-3.47210118,0.00036546,true,false,true
CP01-R0036,36,37,55.29842511,-16.88842511,0.01922231,-1.63985832,-1.64121783,-17.21942220,0.00585606,true,true,true
CP01-R0037,37,38,27.65668458,2.42331542,0.01020738,0.23422881,0.23412036,2.44830620,0.00006286,false,false,false
CP01-R0038,38,39,36.25261275,1.46738725,0.00831439,0.14169685,0.14162884,1.47968997,0.00001870,false,false,false
CP01-R0039,39,40,38.52385264,3.70614736,0.01337028,0.35879638,0.35864324,3.75637109,0.00019384,false,false,false
CP01-R0040,40,41,45.01843896,-8.76843896,0.01214372,-0.84835547,-0.84823893,-8.87622943,0.00098304,false,false,false
CP01-R0041,41,42,28.07124357,22.38875643,0.00846761,2.16211596,2.16602124,22.57995467,0.00443577,false,true,true
CP01-R0042,42,43,69.17784146,-25.47784146,0.02957841,-2.48705203,-2.49339802,-26.25440514,0.02094796,true,true,true
CP01-R0043,43,44,66.14952159,-27.14952159,0.03148094,-2.65283696,-2.66072327,-28.03199504,0.02541664,true,true,true
CP01-R0044,44,45,38.95689369,14.14310631,0.01163887,1.36801053,1.36859530,14.30965446,0.00244868,false,false,false
CP01-R0045,45,46,37.76677268,3.77322732,0.01077826,0.36481157,0.36465664,3.81433925,0.00016112,false,false,false
CP01-R0046,46,47,28.28634101,6.79365899,0.01319702,0.65764418,0.65746131,6.88451408,0.00064267,false,false,false
CP01-R0047,47,48,25.26669009,-10.21669009,0.00681591,-0.98582041,-0.98580681,-10.28680398,0.00074105,false,false,false
CP01-R0048,48,49,47.28967886,-6.52967886,0.01097299,-0.63137911,-0.63119307,-6.60212387,0.00049142,false,false,false
CP01-R0049,49,50,25.25802115,1.00197885,0.01092935,0.09688295,0.09683594,1.01305084,0.00001152,false,false,false
CP01-R0050,50,51,27.52926104,5.29073896,0.01127002,0.51165821,0.51147316,5.35104533,0.00033156,false,false,false
CP01-R0051,51,52,46.53259889,-6.75259889,0.01045651,-0.65276367,-0.65258011,-6.82395360,0.00050029,false,false,false
CP01-R0052,52,53,35.92857383,11.00142617,0.01032981,1.06342339,1.06349162,11.11625498,0.00131151,false,false,false
CP01-R0053,53,54,34.73845282,-1.61845282,0.00947742,-0.15637608,-0.15630135,-1.63393833,0.00002600,false,false,false
CP01-R0054,54,55,27.46557960,21.72442040,0.00741582,2.09684819,2.10034836,21.88672843,0.00364992,false,false,false
CP01-R0055,55,56,22.38605110,-7.79605110,0.01250936,-0.75441558,-0.75425629,-7.89481012,0.00080109,false,false,false
CP01-R0056,56,57,20.59166574,-5.95166574,0.00448310,-0.57360995,-0.57342138,-5.97846780,0.00016463,false,false,false
CP01-R0057,57,58,69.93492142,-28.00492142,0.03136960,-2.73626260,-2.74500556,-28.91187532,0.02694163,true,true,true
CP01-R0058,58,59,20.13477747,-11.00477747,0.00457643,-1.06066874,-1.06073375,-11.05537161,0.00057469,false,false,false
CP01-R0059,59,60,37.74556575,13.20443425,0.00937433,1.27575557,1.27614821,13.32938836,0.00171129,false,false,false
CP01-R0060,60,61,29.17084451,3.84915549,0.00940545,0.37189467,0.37173768,3.88570227,0.00014591,false,false,false
CP01-R0061,61,62,48.02555189,6.35444811,0.01574513,0.61592313,0.61573583,6.45610021,0.00067429,false,false,false
CP01-R0062,62,63,47.41988792,4.31011208,0.01569299,0.41775893,0.41758999,4.37882899,0.00030916,false,false,false
CP01-R0063,63,64,20.10208706,-10.23208706,0.00525995,-0.98653362,-0.98652068,-10.28619193,0.00057181,false,false,false
CP01-R0064,64,65,46.20855998,4.45144002,0.01732963,0.43181633,0.43164423,4.52994224,0.00036537,false,false,false
CP01-R0065,65,66,37.13990178,11.56009822,0.00911252,1.11673935,1.11687464,11.66640861,0.00127431,false,false,false
CP01-R0066,66,67,48.63121587,6.42878413,0.01637757,0.62332866,0.62314191,6.53582504,0.00071881,false,false,false
CP01-R0067,67,68,62.70644121,-18.00644121,0.04107458,-1.76822667,-1.77007287,-18.77772857,0.01488064,true,true,true
CP01-R0068,68,69,26.77218108,3.50781892,0.01024974,0.33906020,0.33891320,3.54414548,0.00013228,false,false,false
CP01-R0069,69,70,18.56681945,22.29318055,0.00852650,2.15294999,2.15679675,22.48489804,0.00442910,false,true,true
CP01-R0070,70,71,52.49285882,19.49714118,0.01843220,1.89240135,1.89480033,19.86326476,0.00747207,true,true,true
CP01-R0071,71,72,50.94771229,-16.54771229,0.00569609,-1.59580879,-1.59702001,-16.64250953,0.00162098,false,false,false
CP01-R0072,72,73,49.26912976,-20.46912976,0.01142051,-1.97968479,-1.98252372,-20.70559821,0.00503064,false,true,true
CP01-R0073,73,74,54.10058283,-20.70058283,0.00931266,-1.99993892,-2.00288627,-20.89517254,0.00417761,false,true,true
CP01-R0074,74,75,54.86264131,-18.56264131,0.00866364,-1.79279949,-1.79474850,-18.72486689,0.00312105,false,false,false
CP01-R0075,75,76,54.99128071,-25.99128071,0.01795953,-2.52211829,-2.52877261,-26.46660849,0.01292569,true,true,true
CP01-R0076,76,77,52.89836581,-15.09836581,0.00887924,-1.45837470,-1.45918095,-15.23362888,0.00211712,false,false,false
CP01-R0077,77,78,66.50488583,-26.30488583,0.02868571,-2.56660477,-2.57366359,-27.08174501,0.02161630,true,true,true
CP01-R0078,78,79,54.10058283,-20.70058283,0.00931266,-1.99993892,-2.00288627,-20.89517254,0.00417761,false,true,true
CP01-R0079,79,80,47.61805790,-19.51805790,0.00919992,-1.88558472,-1.88795116,-19.69928972,0.00366815,false,false,false
CP01-R0080,80,81,61.10117769,-19.80117769,0.02572013,-1.92908614,-1.93166472,-20.32391140,0.01091567,true,true,true
CP01-R0081,81,82,54.10058283,-20.70058283,0.00931266,-1.99993892,-2.00288627,-20.89517254,0.00417761,false,true,true
CP01-R0082,82,83,51.29992143,-26.09992143,0.00970407,-2.52208180,-2.52873579,-26.35567879,0.00692572,false,true,true
CP01-R0083,83,84,50.54653807,-9.44653807,0.00611309,-0.91118520,-0.91110939,-9.50464076,0.00056741,false,false,false
CP01-R0084,84,85,51.09731466,-15.79731466,0.00542996,-1.52323899,-1.52422576,-15.88356177,0.00140752,false,false,false
CP01-R0085,85,86,50.99376174,-22.69376174,0.01030983,-2.19360955,-2.19772003,-22.93016792,0.00556966,false,true,true
CP01-R0086,86,87,52.48599010,-23.88599010,0.01906515,-2.31913287,-2.32412642,-24.35023091,0.01161472,true,true,true
CP01-R0087,87,88,51.09731466,-15.79731466,0.00542996,-1.52323899,-1.52422576,-15.88356177,0.00140752,false,false,false
CP01-R0088,88,89,48.15419138,-23.75419138,0.00755999,-2.29292888,-2.29772930,-23.93514090,0.00444996,false,true,true
CP01-R0089,89,90,51.09731466,-15.79731466,0.00542996,-1.52323899,-1.52422576,-15.88356177,0.00140752,false,false,false
CP01-R0090,90,91,53.64591171,-14.34591171,0.00847651,-1.38541254,-1.38603733,-14.46855450,0.00182318,false,false,false
CP01-R0091,91,92,60.25555875,-19.65555875,0.01283837,-1.90236447,-1.90481147,-19.91118590,0.00522958,false,true,true
CP01-R0092,92,93,51.09731466,-15.79731466,0.00542996,-1.52323899,-1.52422576,-15.88356177,0.00140752,false,false,false
CP01-R0093,93,94,46.02529176,-21.92529176,0.00495278,-2.11361557,-2.11721725,-22.03442331,0.00247067,false,false,false
CP01-R0094,94,95,51.40460056,-5.20460056,0.00563814,-0.50190051,-0.50171656,-5.23411121,0.00015870,false,false,false
CP01-R0095,95,96,49.72601803,-6.92601803,0.01134812,-0.66982968,-0.66964872,-7.00551750,0.00057223,false,false,false
CP01-R0096,96,97,54.55747111,-5.35747111,0.00926990,-0.51758851,-0.51740286,-5.40759900,0.00027851,false,false,false
CP01-R0097,97,98,55.31952958,-8.51952958,0.00860446,-0.82280060,-0.82267035,-8.59347177,0.00065286,false,false,false
CP01-R0098,98,99,55.44816899,-9.74816899,0.01795589,-0.94593221,-0.94588343,-9.92640642,0.00181783,true,false,true
CP01-R0099,99,100,53.35525408,2.24474592,0.00879755,0.21681457,0.21671336,2.26466946,0.00004636,false,false,false
CP01-R0100,100,101,66.96177410,-12.06177410,0.02863463,-1.17685335,-1.17707550,-12.41734000,0.00453640,true,true,true
CP01-R0101,101,102,54.55747111,-5.35747111,0.00926990,-0.51758851,-0.51740286,-5.40759900,0.00027851,false,false,false
CP01-R0102,102,103,48.07494618,-13.17494618,0.00916107,-1.27276957,-1.27315653,-13.29675875,0.00166418,false,false,false
CP01-R0103,103,104,61.55806596,-14.65806596,0.02564978,-1.42797825,-1.42870618,-15.04393978,0.00596444,true,true,true
CP01-R0104,104,105,54.55747111,-5.35747111,0.00926990,-0.51758851,-0.51740286,-5.40759900,0.00027851,false,false,false
CP01-R0105,105,106,51.75680970,-18.35680970,0.00968562,-1.77383463,-1.77570401,-18.53634574,0.00341931,false,false,false
CP01-R0106,106,107,51.00342634,3.09657366,0.00607646,0.29868086,0.29854760,3.11550489,0.00006060,false,false,false
CP01-R0107,107,108,51.55420294,4.34579706,0.00537549,0.41902731,0.41885807,4.36928410,0.00010544,false,false,false
CP01-R0108,108,109,51.45065001,-1.65065001,0.01023812,-0.15954827,-0.15947211,-1.66772437,0.00002926,false,false,false
CP01-R0109,109,110,52.94287837,-5.84287837,0.01898023,-0.56727080,-0.56708231,-5.95592319,0.00069177,true,false,true
CP01-R0110,110,111,51.55420294,4.34579706,0.00537549,0.41902731,0.41885807,4.36928410,0.00010544,false,false,false
CP01-R0111,111,112,48.61107965,-10.61107965,0.00754276,-1.02425039,-1.02427503,-10.69172474,0.00088591,false,false,false
CP01-R0112,112,113,51.55420294,4.34579706,0.00537549,0.41902731,0.41885807,4.36928410,0.00010544,false,false,false
CP01-R0113,113,114,54.10279998,1.99720002,0.00838510,0.19286459,0.19277363,2.01408834,0.00003495,false,false,false
CP01-R0114,114,115,60.71244702,-1.62244702,0.01279414,-0.15702512,-0.15695010,-1.64347385,0.00003551,false,false,false
CP01-R0115,115,116,51.55420294,-28.65420294,0.00537549,-2.76287488,-2.77190300,-28.80906576,0.00458394,false,true,true
CP01-R0116,116,117,46.48218003,-11.38218003,0.00488646,-1.09721465,-1.09732432,-11.43807172,0.00065684,false,false,false
CP01-R0117,117,118,53.80326399,7.28673601,0.00547689,0.70263222,0.70245790,7.32686446,0.00030209,false,false,false
CP01-R0118,118,119,52.12468147,7.67531853,0.01111109,0.74220713,0.74204377,7.76155789,0.00068773,false,false,false
CP01-R0119,119,120,56.95613454,3.33386546,0.00918837,0.32207350,0.32193209,3.36478234,0.00010688,false,false,false
CP01-R0120,120,121,57.71819302,4.08180698,0.00843673,0.39418012,0.39401702,4.11653711,0.00014689,false,false,false
CP01-R0121,121,122,57.84683242,-1.14683242,0.01807977,-0.11129210,-0.11123826,-1.16794866,0.00002534,true,false,true
CP01-R0122,122,123,55.75391752,12.54608248,0.00851167,1.21162102,1.21189909,12.65378737,0.00140029,false,false,false
CP01-R0123,123,124,69.36043754,-2.46043754,0.02850941,-0.24004657,-0.23993576,-2.53264167,0.00018789,true,false,true
CP01-R0124,124,125,56.95613454,3.33386546,0.00918837,0.32207350,0.32193209,3.36478234,0.00010688,false,false,false
CP01-R0125,125,126,50.47360961,0.22639039,0.00910014,0.02186984,0.02185913,0.22846949,0.00000049,false,false,false
CP01-R0126,126,127,63.95672939,-7.55672939,0.02542345,-0.73608566,-0.73592039,-7.75385922,0.00157048,true,false,true
CP01-R0127,127,128,56.95613454,3.33386546,0.00918837,0.32207350,0.32193209,3.36478234,0.00010688,false,false,false
CP01-R0128,128,129,54.15547314,1.34452686,0.00973176,0.12992584,0.12986327,1.35774006,0.00001843,false,false,false
CP01-R0129,129,130,53.40208978,15.09791022,0.00602715,1.45623694,1.45703754,15.18945936,0.00142876,false,false,false
CP01-R0130,130,131,53.95286637,17.34713363,0.00523251,1.67251259,1.67398807,17.43838007,0.00163487,false,false,false
CP01-R0131,131,132,53.84931344,20.85068656,0.01000462,2.01514471,2.01817505,21.06139774,0.00455971,false,true,true
CP01-R0132,132,133,55.34154181,-3.14154181,0.01867742,-0.30495757,-0.30482207,-3.20133446,0.00019667,true,false,true
CP01-R0133,133,134,53.95286637,17.34713363,0.00523251,1.67251259,1.67398807,17.43838007,0.00163487,false,false,false
CP01-R0134,134,135,51.00974308,16.69025692,0.00759526,1.61109471,1.61235634,16.81799394,0.00220726,false,false,false
CP01-R0135,135,136,53.95286637,17.34713363,0.00523251,1.67251259,1.67398807,17.43838007,0.00163487,false,false,false
CP01-R0136,136,137,56.50146342,9.49853658,0.00804819,0.91709405,0.91702261,9.57560286,0.00075822,false,false,false
CP01-R0137,137,138,63.11111045,11.38888955,0.01270492,1.10219988,1.10231598,11.53544643,0.00173701,false,false,false
CP01-R0138,138,139,53.95286637,17.34713363,0.00523251,1.67251259,1.67398807,17.43838007,0.00163487,false,false,false
CP01-R0139,139,140,48.88084347,1.01915653,0.00468130,0.09823410,0.09818645,1.02394995,0.00000504,false,false,false
CP01-R0140,140,141,57.00148191,6.39851809,0.00563558,0.61703398,0.61684675,6.43478181,0.00023976,false,false,false
CP01-R0141,141,142,55.32289938,9.57710062,0.01116873,0.92613739,0.92607281,9.68527279,0.00107644,false,false,false
CP01-R0142,142,143,60.15435245,4.14564755,0.00945336,0.40055059,0.40038585,4.18521186,0.00017013,false,false,false
CP01-R0143,143,144,60.91641093,3.98358907,0.00858678,0.38472432,0.38456375,4.01809155,0.00014244,false,false,false
CP01-R0144,144,145,61.04505033,-0.84505033,0.01861862,-0.08202876,-0.08198885,-0.86108250,0.00001418,true,false,true
CP01-R0145,145,146,58.95213543,13.34786457,0.00850418,1.28904718,1.28946546,13.46235083,0.00158357,false,false,false
CP01-R0146,146,147,72.55865545,-3.25865545,0.02871614,-0.31795658,-0.31781657,-3.35499805,0.00033210,true,false,true
CP01-R0147,147,148,60.15435245,4.14564755,0.00945336,0.40055059,0.40038585,4.18521186,0.00017013,false,false,false
CP01-R0148,148,149,53.67182752,1.52817248,0.00939257,0.14764680,0.14757606,1.54266203,0.00002297,false,false,false
CP01-R0149,149,150,67.15494731,-8.35494731,0.02549534,-0.81386846,-0.81373380,-8.57353246,0.00192550,true,false,true
CP01-R0150,150,151,60.15435245,4.14564755,0.00945336,0.40055059,0.40038585,4.18521186,0.00017013,false,false,false
CP01-R0151,151,152,57.35369105,8.74630895,0.01016696,0.84536897,0.84525075,8.83614566,0.00081560,false,false,false
CP01-R0152,152,153,56.60030769,17.09969231,0.00633509,1.64957013,1.65096358,17.20871098,0.00192758,false,false,false
CP01-R0153,153,154,57.15108428,20.14891572,0.00541554,1.94282334,1.94547113,20.25862722,0.00228362,false,false,false
CP01-R0154,154,155,57.04753136,23.15246864,0.01006696,2.23767423,2.24208270,23.38791383,0.00565775,false,true,true
CP01-R0155,155,156,58.53975972,-3.63975972,0.01864734,-0.35331545,-0.35316397,-3.70892124,0.00026356,true,false,true
CP01-R0156,156,157,57.15108428,20.14891572,0.00541554,1.94282334,1.94547113,20.25862722,0.00228362,false,false,false
CP01-R0157,157,158,54.20796100,18.78203900,0.00803894,1.81341787,1.81545560,18.93425037,0.00296113,false,false,false
CP01-R0158,158,159,57.15108428,20.14891572,0.00541554,1.94282334,1.94547113,20.25862722,0.00228362,false,false,false
CP01-R0159,159,160,59.69968133,12.00031867,0.00797266,1.15859973,1.15879422,12.09676208,0.00119868,false,false,false
CP01-R0160,160,161,66.30932837,13.09067163,0.01295964,1.26705929,1.26743550,13.26254946,0.00234212,false,false,false
CP01-R0161,161,162,57.15108428,20.14891572,0.00541554,1.94282334,1.94547113,20.25862722,0.00228362,false,false,false
CP01-R0162,162,163,52.07906138,7.81093862,0.00478144,0.75291588,0.75275608,7.84846557,0.00030262,false,false,false
CP01-R0163,163,164,60.99925430,3.90074570,0.00643450,0.37631528,0.37615703,3.92600758,0.00010190,false,false,false
CP01-R0164,164,165,59.32067177,7.27932823,0.01184133,0.70417471,0.70400076,7.36655811,0.00066023,false,false,false
CP01-R0165,165,166,64.15212484,1.04787516,0.01038515,0.10129288,0.10124377,1.05887170,0.00001196,false,false,false
CP01-R0166,166,167,64.91418332,1.78581668,0.00937490,0.17253797,0.17245597,1.80271698,0.00003130,false,false,false
CP01-R0167,167,168,65.04282272,-2.54282272,0.01989275,-0.24699135,-0.24687774,-2.59443313,0.00013758,true,false,true
CP01-R0168,168,169,62.94990782,11.24009218,0.00909538,1.08581643,1.08591172,11.34326343,0.00120243,false,false,false
CP01-R0169,169,170,76.55642784,-5.85642784,0.02957512,-0.57168171,-0.57149316,-6.03491103,0.00110670,true,false,true
CP01-R0170,170,171,64.15212484,1.04787516,0.01038515,0.10129288,0.10124377,1.05887170,0.00001196,false,false,false
CP01-R0171,171,172,57.66959991,-0.06959991,0.01035867,-0.00672779,-0.00672449,-0.07032842,0.00000005,false,false,false
CP01-R0172,172,173,71.15271970,-11.95271970,0.02618578,-1.16474577,-1.16494945,-12.27412724,0.00405330,true,true,true
CP01-R0173,173,174,64.15212484,1.04787516,0.01038515,0.10129288,0.10124377,1.05887170,0.00001196,false,false,false
CP01-R0174,174,175,61.35146344,6.74853656,0.01131151,0.65265299,0.65246941,6.82574608,0.00054148,false,false,false
CP01-R0175,175,176,60.59808008,14.90191992,0.00732057,1.43826919,1.43902320,15.01181494,0.00169502,false,false,false
CP01-R0176,176,177,61.14885667,18.15114333,0.00624490,1.75092187,1.75269757,18.26520779,0.00214061,false,false,false
CP01-R0177,177,178,62.53753211,-6.03753211,0.01921031,-0.58623801,-0.58604949,-6.15578667,0.00074794,true,false,true
CP01-R0178,178,179,61.14885667,18.15114333,0.00624490,1.75092187,1.75269757,18.26520779,0.00214061,false,false,false
CP01-R0179,179,180,58.20573339,18.59426661,0.00919411,1.79633457,1.79829863,18.76681071,0.00332700,false,false,false
CP01-R0180,180,181,61.14885667,18.15114333,0.00624490,1.75092187,1.75269757,18.26520779,0.00214061,false,false,false
CP01-R0181,181,182,63.69745372,9.60254628,0.00847881,0.92733761,0.92727396,9.68466072,0.00081708,false,false,false
CP01-R0182,182,183,70.30710076,12.29289924,0.01387860,1.19039637,1.19063980,12.46590858,0.00221593,false,false,false
CP01-R0183,183,184,61.14885667,18.15114333,0.00624490,1.75092187,1.75269757,18.26520779,0.00214061,false,false,false
CP01-R0184,184,185,56.07683377,11.72316623,0.00550717,1.13043751,1.13059153,11.78808521,0.00078628,false,false,false
CP01-R0185,185,186,20.15748033,-8.57748033,0.00606126,-0.82733688,-0.82720895,-8.62978769,0.00046379,false,false,false
CP01-R0186,186,187,21.41392309,3.03607691,0.00586342,0.29281425,0.29268311,3.05398371,0.00005619,false,false,false
CP01-R0187,187,188,23.01303204,1.87696796,0.00570696,0.18100981,0.18092405,1.88774122,0.00002090,false,false,false
CP01-R0188,188,189,26.21124995,3.23875005,0.00571434,0.31233763,0.31219955,3.25736371,0.00006230,false,false,false
CP01-R0189,189,190,31.23702096,9.47297904,0.00658877,0.91395436,0.91388059,9.53580829,0.00061558,false,false,false
CP01-R0190,190,191,19.34953346,-8.96953346,0.00676967,-0.86546066,-0.86535421,-9.03066813,0.00056724,false,false,false
CP01-R0191,191,192,20.60597621,1.53402379,0.00652424,0.14799803,0.14792712,1.54409785,0.00001598,false,false,false
CP01-R0192,192,193,22.20508516,0.63491484,0.00630719,0.06124799,0.06121810,0.63894478,0.00000265,false,false,false
CP01-R0193,193,194,25.40330308,2.25669692,0.00619340,0.21768312,0.21758154,2.27076065,0.00003281,false,false,false
CP01-R0194,194,195,30.42907408,4.13092592,0.00687743,0.39861023,0.39844598,4.15953279,0.00012226,false,false,false
CP01-R0195,195,196,23.03235575,-10.58235575,0.00492862,-1.02013513,-1.02015547,-10.63477052,0.00057272,false,false,false
CP01-R0196,196,197,24.28879850,0.70120150,0.00482698,0.06759211,0.06755915,0.70460260,0.00000246,false,false,false
CP01-R0197,197,198,25.88790746,-0.16790746,0.00479294,-0.01618511,-0.01617719,-0.16871610,0.00000014,false,false,false
CP01-R0198,198,199,29.08612537,4.87387463,0.00504517,0.46986721,0.46968783,4.89858885,0.00012439,false,false,false
CP01-R0199,199,200,34.11189637,3.22810363,0.00630437,0.31140332,0.31126557,3.24858391,0.00006836,false,false,false
CP01-R0200,200,201,24.80969565,-9.76969565,0.00499188,-0.94182494,-0.94177279,-9.81870949,0.00049446,false,false,false
CP01-R0201,201,202,26.06613840,-5.00613840,0.00487461,-0.48257677,-0.48239541,-5.03066092,0.00012675,false,false,false
CP01-R0202,202,203,27.66524736,-1.26524736,0.00482068,-0.12196276,-0.12190390,-1.27137626,0.00000801,false,false,false
CP01-R0203,203,204,30.86346527,4.47653473,0.00503313,0.43155894,0.43138689,4.49917969,0.00010468,false,false,false
CP01-R0204,204,205,35.88923627,4.68076373,0.00622982,0.45151918,0.45134307,4.71010685,0.00014200,false,false,false
CP01-R0205,205,206,22.61247608,-10.14247608,0.00424446,-0.97739495,-0.97737354,-10.18570891,0.00045245,false,false,false
CP01-R0206,206,207,23.86891883,-2.94891883,0.00405282,-0.28414965,-0.28402170,-2.96091889,0.00003651,false,false,false
CP01-R0207,207,208,25.46802778,-0.56802778,0.00390423,-0.05472950,-0.05470277,-0.57025419,0.00000130,false,false,false
CP01-R0208,208,209,28.66624570,5.53375430,0.00392736,0.53318366,0.53299670,5.55557306,0.00012454,false,false,false
CP01-R0209,209,210,33.69201670,5.91798330,0.00482656,0.57046212,0.57027358,5.94668533,0.00017537,false,false,false
CP01-R0210,210,211,20.93861185,-10.90861185,0.00559281,-1.05193723,-1.05199219,-10.96996480,0.00069152,false,false,false
CP01-R0211,211,212,22.19505461,-2.11505461,0.00533594,-0.20393221,-0.20383647,-2.12640095,0.00002479,false,false,false
CP01-R0212,212,213,23.79416356,0.68583644,0.00510434,0.06612021,0.06608797,0.68935514,0.00000249,false,false,false
CP01-R0213,213,214,26.99238147,4.54761853,0.00496143,0.43839595,0.43822246,4.57029374,0.00010648,false,false,false
CP01-R0214,214,215,32.01815248,3.32184752,0.00559972,0.32033290,0.32019208,3.34055368,0.00006420,false,false,false
CP01-R0215,215,216,25.32521209,-15.87521209,0.00547156,-1.53078218,-1.53179116,-15.96255215,0.00143245,false,false,false
CP01-R0216,216,217,26.58165484,-3.86165484,0.00534454,-0.37233990,-0.37218279,-3.88240451,0.00008277,false,false,false
CP01-R0217,217,218,28.18076379,0.28923621,0.00527821,0.02788716,0.02787351,0.29077096,0.00000046,false,false,false
CP01-R0218,218,219,31.37898170,7.18101830,0.00546584,0.69243442,0.69225780,7.22048434,0.00029279,false,false,false
CP01-R0219,219,220,36.40475271,3.98524729,0.00662354,0.38450395,0.38434344,4.01181976,0.00010953,false,false,false
CP01-R0220,220,221,21.02159687,-10.26159687,0.00593861,-0.98971650,-0.98970657,-10.32290054,0.00065021,false,false,false
CP01-R0221,221,222,22.27803962,3.20196038,0.00580416,0.30880367,0.30866682,3.22065356,0.00006186,false,false,false
CP01-R0222,222,223,23.87714858,-2.33714858,0.00572837,-0.22539084,-0.22528604,-2.35061376,0.00003252,false,false,false
CP01-R0223,223,224,27.07536649,1.55463351,0.00589708,0.14993907,0.14986728,1.56385570,0.00001482,false,false,false
CP01-R0224,224,225,32.10113750,1.43886250,0.00702506,0.13885215,0.13878545,1.44904210,0.00001516,false,false,false
CP01-R0225,225,226,34.21895848,-26.46895848,0.03448556,-2.59035885,-2.59763984,-27.41435809,0.02662907,true,true,true
CP01-R0226,226,227,35.47540123,-17.65540123,0.03454212,-1.72787925,-1.72956349,-18.28707552,0.01186861,true,true,true
CP01-R0227,227,228,37.07451019,-12.83451019,0.03470942,-1.25618247,-1.25653854,-13.29600686,0.00630452,true,true,true
CP01-R0228,228,229,40.27272810,-7.42272810,0.03536432,-0.72674886,-0.72658082,-7.69485130,0.00215143,true,false,true
CP01-R0229,229,230,45.29849911,-6.06849911,0.03725630,-0.59474173,-0.59455341,-6.30333818,0.00152091,true,false,true
CP01-R0230,230,231,24.86722807,-6.86722807,0.00588829,-0.66231767,-0.66213550,-6.90790384,0.00028870,false,false,false
CP01-R0231,231,232,26.12367083,4.26632917,0.00566335,0.41142446,0.41125702,4.29062852,0.00010712,false,false,false
CP01-R0232,232,233,27.72277978,17.98722022,0.00547239,1.73443527,1.73614525,18.08619502,0.00183922,false,false,false
CP01-R0233,233,234,30.92099769,19.84900231,0.00541078,1.91390013,1.91640344,19.95698507,0.00221417,false,false,false
CP01-R0234,234,235,35.94676870,17.95323130,0.00617679,1.73177124,1.73347073,18.06481389,0.00207106,false,false,false
CP01-R0235,235,236,24.82639987,-11.64639987,0.00576078,-1.12317833,-1.12332235,-11.71388091,0.00081217,false,false,false
CP01-R0236,236,237,26.08284262,-8.24284262,0.00553679,-0.79484988,-0.79470645,-8.28873564,0.00039084,false,false,false
CP01-R0237,237,238,27.68195157,12.54804843,0.00534705,1.20988158,1.21015675,12.61550420,0.00087435,false,false,false
CP01-R0238,238,239,30.88016949,16.24983051,0.00528787,1.56676043,1.56787889,16.33621430,0.00144993,false,false,false
CP01-R0239,239,240,35.90594049,14.06405951,0.00605772,1.35653991,1.35709897,14.14977482,0.00124615,false,false,false
CP01-R0240,240,241,21.33348711,-7.97348711,0.00600314,-0.76905651,-0.76890254,-8.02164217,0.00039689,false,false,false
CP01-R0241,241,242,22.58992986,-0.26992986,0.00573980,-0.02603175,-0.02601901,-0.27148815,0.00000043,false,false,false
CP01-R0242,242,243,24.18903882,0.35096118,0.00549997,0.03384224,0.03382569,0.35290213,0.00000070,false,false,false
CP01-R0243,243,244,27.38725673,3.96274327,0.00534060,0.38208607,0.38192622,3.98402033,0.00008710,false,false,false
CP01-R0244,244,245,32.41302773,8.44697227,0.00595301,0.81470443,0.81457017,8.49755832,0.00044166,false,false,false
CP01-R0245,245,246,22.14861045,-2.21861045,0.00378601,-0.21375053,-0.21365061,-2.22704205,0.00001929,false,false,false
CP01-R0246,246,247,23.40505320,2.28494680,0.00355878,0.22011656,0.22001396,2.29310746,0.00001923,false,false,false
CP01-R0247,247,248,25.00416216,5.22583784,0.00336491,0.50337345,0.50318932,5.24348166,0.00009505,false,false,false
CP01-R0248,248,249,28.20238007,11.38761993,0.00329746,1.09686365,1.09697288,11.42529437,0.00044226,false,false,false
CP01-R0249,249,250,33.22815108,11.07184892,0.00405432,1.06685351,1.06692578,11.11692046,0.00051481,false,false,false
CP01-R0250,250,251,23.58500365,-9.76500365,0.00539109,-0.94156152,-0.94150916,-9.81793297,0.00053392,false,false,false
CP01-R0251,251,252,24.84144640,0.07855360,0.00519462,0.00757355,0.00756984,0.07896378,0.00000003,false,false,false
CP01-R0252,252,253,26.44055536,2.77944464,0.00503990,0.26795241,0.26783057,2.79352372,0.00004041,false,false,false
CP01-R0253,253,254,29.63877327,8.69122673,0.00505076,0.83788243,0.83776008,8.73534686,0.00039599,false,false,false
CP01-R0254,254,255,34.66454427,7.68545573,0.00593067,0.74124837,0.74108472,7.73130756,0.00036423,false,false,false
CP01-R0255,255,256,26.43011792,-12.89011792,0.00457169,-1.24237974,-1.24271087,-12.94931813,0.00078765,false,false,false
CP01-R0256,256,257,27.68656067,-1.37656067,0.00449047,-0.13267073,-0.13260688,-1.38276996,0.00000882,false,false,false
CP01-R0257,257,258,29.28566963,2.35433037,0.00448244,0.22690570,0.22680027,2.36493104,0.00002576,false,false,false
CP01-R0258,258,259,32.48388754,10.06611246,0.00478667,0.97030027,0.97027244,10.11452739,0.00050314,false,false,false
CP01-R0259,259,260,37.50965854,5.41034146,0.00612760,0.52186939,0.52168334,5.44369825,0.00018657,false,false,false
CP01-R0260,260,261,26.85558153,-13.52558153,0.00474167,-1.30373853,-1.30418595,-13.59002090,0.00089977,false,false,false
CP01-R0261,261,262,28.11202428,-2.74202428,0.00465254,-0.26429345,-0.26417303,-2.75484129,0.00003628,false,false,false
CP01-R0262,262,263,29.71113324,7.68886676,0.00463443,0.74109433,0.74093063,7.72466619,0.00028413,false,false,false
CP01-R0263,263,264,32.90935115,11.49064885,0.00491851,1.10768862,1.10781188,11.54744509,0.00067386,false,false,false
CP01-R0264,264,265,37.93512216,9.80487784,0.00622777,0.94580417,0.94575528,9.86632305,0.00062288,false,false,false
CP01-R0265,265,266,27.59946131,-8.07946131,0.00474896,-0.77878675,-0.77863657,-8.11801346,0.00032156,false,false,false
CP01-R0266,266,267,28.85590406,2.49409594,0.00464410,0.24039555,0.24028459,2.50573281,0.00002996,false,false,false
CP01-R0267,267,268,30.45501302,8.04498698,0.00460597,0.77540803,0.77525651,8.08221340,0.00030913,false,false,false
CP01-R0268,268,269,33.65323093,11.42676907,0.00485000,1.10149275,1.10160793,11.48245899,0.00065701,false,false,false
CP01-R0269,269,270,38.67900194,9.14099806,0.00609632,0.88170628,0.88161009,9.19706636,0.00052982,false,false,false
CP01-R0270,270,271,26.17147636,-10.73147636,0.00372178,-1.03388354,-1.03391847,-10.77156578,0.00044368,false,false,false
CP01-R0271,271,272,27.42791912,-0.65791912,0.00355276,-0.06337936,-0.06334843,-0.66026488,0.00000159,false,false,false
CP01-R0272,272,273,29.02702807,4.70297193,0.00343298,0.45302440,0.45284801,4.71917275,0.00007855,false,false,false
CP01-R0273,273,274,32.22524598,10.47475402,0.00351371,1.00904523,1.00905422,10.51168899,0.00039891,false,false,false
CP01-R0274,274,275,37.25101699,8.58898301,0.00450341,0.82779790,0.82767021,8.62783769,0.00034444,false,false,false
CP01-R0275,275,276,24.86626553,-7.64626553,0.00445158,-0.73692052,-0.73675550,-7.68045571,0.00026981,false,false,false
CP01-R0276,276,277,26.12270828,3.80729172,0.00421941,0.36689077,0.36673523,3.82342432,0.00006338,false,false,false
CP01-R0277,277,278,27.72181724,1.92818276,0.00401925,0.18579122,0.18570335,1.93596388,0.00001548,false,false,false
CP01-R0278,278,279,30.92003515,6.04996485,0.00393922,0.58292462,0.58273606,6.07389126,0.00014932,false,false,false
CP01-R0279,279,280,35.94580615,7.63419385,0.00467631,0.73584015,0.73567480,7.67006146,0.00028266,false,false,false
CP01-R0280,280,281,25.04160029,-11.92160029,0.00465266,-1.14907848,-1.14925899,-11.97732673,0.00068578,false,false,false
CP01-R0281,281,282,26.29804304,-1.86804304,0.00441839,-0.18003250,-0.17994717,-1.87633341,0.00001598,false,false,false
CP01-R0282,282,283,27.89715199,4.76284801,0.00421556,0.45897235,0.45879486,4.78301106,0.00009909,false,false,false
CP01-R0283,283,284,31.09536991,5.54463009,0.00413019,0.53428596,0.53409891,5.56762542,0.00013154,false,false,false
CP01-R0284,284,285,36.12114091,8.08885909,0.00485888,0.77973566,0.77958587,8.12835377,0.00032984,false,false,false
CP01-R0285,285,286,25.01959707,-11.39959707,0.00536789,-1.09915952,-1.09927169,-11.46111908,0.00072447,false,false,false
CP01-R0286,286,287,26.27603982,-4.67603982,0.00525139,-0.45084161,-0.45066564,-4.70072515,0.00011922,false,false,false
CP01-R0287,287,288,27.87514877,-0.10514877,0.00519844,-0.01013768,-0.01013271,-0.10569824,0.00000006,false,false,false
CP01-R0288,288,289,31.07336668,4.49663332,0.00541285,0.43357928,0.43340680,4.52110538,0.00011368,false,false,false
CP01-R0289,289,290,36.09913769,9.27086231,0.00661262,0.89446485,0.89437720,9.33257511,0.00059175,false,false,false
CP01-R0290,290,291,26.04183310,-18.72183310,0.00394948,-1.80389042,-1.80588687,-18.79606784,0.00143363,false,false,false
CP01-R0291,291,292,27.29827585,-5.79827585,0.00381719,-0.55863973,-0.55845144,-5.82049377,0.00013287,false,false,false
CP01-R0292,292,293,28.89738481,2.37261519,0.00374414,0.22858321,0.22847709,2.38153198,0.00002182,false,false,false
CP01-R0293,293,294,32.09560272,11.40439728,0.00391834,1.09882196,1.09893370,11.44925939,0.00052774,false,false,false
CP01-R0294,294,295,37.12137372,11.54862628,0.00505493,1.11335392,1.11348468,11.60730042,0.00069975,false,false,false
CP01-R0295,295,296,27.60685640,-20.20685640,0.00539368,-1.94838875,-1.95106490,-20.31643674,0.00228740,false,false,false
CP01-R0296,296,297,28.86329915,-5.35329915,0.00530163,-0.51615278,-0.51596728,-5.38183163,0.00015777,false,false,false
CP01-R0297,297,298,30.46240811,0.65759189,0.00527980,0.06340280,0.06337187,0.66108227,0.00000237,false,false,false
CP01-R0298,298,299,33.66062602,5.48937398,0.00555644,0.52934061,0.52915394,5.52004581,0.00017396,false,false,false
CP01-R0299,299,300,38.68639703,9.46360297,0.00685402,0.91317167,0.91309732,9.52891431,0.00063943,false,false,false
CP01-R0300,300,301,32.65666139,-10.15666139,0.00352320,-0.97840766,-0.97838717,-10.19257191,0.00037607,false,false,false
CP01-R0301,301,302,33.91310414,0.75689586,0.00339274,0.07290823,0.07287271,0.75947255,0.00000201,false,false,false
CP01-R0302,302,303,35.51221310,-0.77221310,0.00332202,-0.07438103,-0.07434480,-0.77478696,0.00000205,false,false,false
CP01-R0303,303,304,38.71043101,6.36956899,0.00350089,0.61358404,0.61339658,6.39194648,0.00014696,false,false,false
CP01-R0304,304,305,43.73620202,5.23379798,0.00464481,0.50446423,0.50427998,5.25822142,0.00013195,false,false,false
CP01-R0305,305,306,33.43822475,-10.29822475,0.00372964,-0.99214746,-0.99213985,-10.33677720,0.00040945,false,false,false
CP01-R0306,306,307,34.69466750,7.19533250,0.00362138,0.69317219,0.69299574,7.22148426,0.00019404,false,false,false
CP01-R0307,307,308,36.29377646,11.98622354,0.00357893,1.15468463,1.15487333,12.02927547,0.00053210,false,false,false
CP01-R0308,308,309,39.49199437,11.54800563,0.00381432,1.11260064,1.11273040,11.59222209,0.00052664,false,false,false
CP01-R0309,309,310,44.51776537,11.12223463,0.00504707,1.07224307,1.07232177,11.17865407,0.00064801,false,false,false
CP01-R0310,310,311,32.35559890,-9.40559890,0.00362600,-0.90610333,-0.90602384,-9.43982773,0.00033199,false,false,false
CP01-R0311,311,312,33.61204165,1.61795835,0.00348172,0.15585731,0.15578282,1.62361131,0.00000943,false,false,false
CP01-R0312,312,313,35.21115061,4.72884939,0.00339343,0.45550807,0.45533121,4.74495103,0.00007850,false,false,false
CP01-R0313,313,314,38.40936852,10.31063148,0.00353713,0.99324679,0.99324023,10.34723098,0.00038910,false,false,false
CP01-R0314,314,315,43.43513953,8.60486047,0.00462580,0.82937914,0.82925227,8.64484979,0.00035519,false,false,false
CP01-R0315,315,316,34.04533672,-13.02533672,0.00492213,-1.25563349,-1.25598855,-13.08976631,0.00086652,false,false,false
CP01-R0316,316,317,35.30177947,-1.94177947,0.00487896,-0.18718214,-0.18709366,-1.95129978,0.00001909,false,false,false
CP01-R0317,317,318,36.90088842,-2.96088842,0.00491933,-0.28542720,-0.28529877,-2.97552603,0.00004475,false,false,false
CP01-R0318,318,319,40.09910634,4.04089366,0.00532038,0.38961734,0.38945545,4.06250777,0.00009022,false,false,false
CP01-R0319,319,320,45.12487734,0.24512266,0.00681345,0.02365214,0.02364056,0.24680425,0.00000043,false,false,false
CP01-R0320,320,321,31.39578117,-16.03578117,0.00455117,-1.54555020,-1.54660341,-16.10909644,0.00121347,false,false,false
CP01-R0321,321,322,32.65222392,-3.97222392,0.00445247,-0.38282932,-0.38266926,-3.98998922,0.00007283,false,false,false
CP01-R0322,322,323,34.25133287,-3.40133287,0.00442218,-0.32780381,-0.32766048,-3.41644098,0.00005303,false,false,false
CP01-R0323,323,324,37.44955079,4.58044921,0.00468189,0.44149886,0.44132472,4.60199523,0.00010188,false,false,false
CP01-R0324,324,325,42.47532179,8.58467821,0.00595285,0.82798600,0.82785841,8.63608754,0.00045616,false,false,false
CP01-R0325,325,326,33.95730682,-12.17730682,0.00540656,-1.17416984,-1.17438785,-12.24350210,0.00083271,false,false,false
CP01-R0326,326,327,35.21374957,7.07625043,0.00533514,0.68228728,0.68210859,7.11420573,0.00027743,false,false,false
CP01-R0327,327,328,36.81285852,13.78714148,0.00533957,1.32934980,1.32985001,13.86115403,0.00105406,false,false,false
CP01-R0328,328,329,40.01107643,15.81892357,0.00566872,1.52550572,1.52649914,15.90910777,0.00147414,false,false,false
CP01-R0329,329,330,45.03684744,15.91315256,0.00704880,1.53565882,1.53668229,16.02611740,0.00186009,false,false,false
CP01-R0330,330,331,35.42968212,-11.90968212,0.00635369,-1.14891189,-1.14909215,-11.98583643,0.00093783,false,false,false
CP01-R0331,331,332,36.68612487,5.53387513,0.00629712,0.53383070,0.53364369,5.56894341,0.00020065,false,false,false
CP01-R0332,332,333,38.28523383,14.21476617,0.00632044,1.37125747,1.37184961,14.30518115,0.00132891,false,false,false
CP01-R0333,333,334,41.48345174,18.83654826,0.00668738,1.81744305,1.81949837,18.96336341,0.00247086,false,false,false
CP01-R0334,334,335,46.50922274,19.91077726,0.00812684,1.92248345,1.92502914,20.07391483,0.00336472,false,false,false
CP01-R0335,335,336,34.37952121,-10.57952121,0.00381783,-1.01929313,-1.01931259,-10.62006683,0.00044242,false,false,false
CP01-R0336,336,337,35.63596396,3.13403604,0.00369708,0.30193312,0.30179869,3.14566581,0.00003759,false,false,false
CP01-R0337,337,338,37.23507292,14.09492708,0.00363872,1.35786589,1.35842789,14.14640191,0.00074818,false,false,false
CP01-R0338,338,339,40.43329083,16.41670917,0.00384231,1.58170149,1.58286717,16.48003052,0.00107219,false,false,false
CP01-R0339,339,340,45.45906184,13.15093816,0.00502507,1.26780696,1.26818457,13.21735636,0.00090197,false,false,false
CP01-R0340,340,341,33.23198766,-11.32198766,0.00361112,-1.09071355,-1.09081496,-11.36302094,0.00047906,false,false,false
CP01-R0341,341,342,34.48843041,2.50156959,0.00341924,0.24096768,0.24085650,2.51015241,0.00002214,false,false,false
CP01-R0342,342,343,36.08753937,11.31246063,0.00327036,1.08960944,1.08970947,11.34957782,0.00043283,false,false,false
CP01-R0343,343,344,39.28575728,12.67424272,0.00329289,1.22078928,1.22108281,12.71611546,0.00054708,false,false,false
CP01-R0344,344,345,44.31152828,12.42847172,0.00419114,1.19765629,1.19791139,12.48078037,0.00067078,false,false,false
CP01-R0345,345,346,32.47870035,-14.90870035,0.00613942,-1.43806832,-1.43882181,-15.00079654,0.00141944,false,false,false
CP01-R0346,346,347,33.73514310,-0.00514310,0.00608062,-0.00049608,-0.00049584,-0.00517457,0.00000000,false,false,false
CP01-R0347,347,348,35.33425206,4.81574794,0.00610112,0.46451005,0.46433158,4.84530975,0.00014717,false,false,false
CP01-R0348,348,349,38.53246997,8.10753003,0.00646241,0.78216590,0.78201710,8.16026498,0.00044215,false,false,false
CP01-R0349,349,350,43.55824098,6.52175902,0.00789299,0.62963368,0.62944748,6.57364476,0.00035044,false,false,false
CP01-R0350,350,351,32.83921813,-15.46921813,0.00603982,-1.49206017,-1.49295785,-15.56321721,0.00150309,false,false,false
CP01-R0351,351,352,34.09566088,-0.39566088,0.00597385,-0.03816161,-0.03814294,-0.39803870,0.00000097,false,false,false
CP01-R0352,352,353,35.69476983,10.24523017,0.00598522,0.98816112,0.98814972,10.30691934,0.00065328,false,false,false
CP01-R0353,353,354,38.89298775,12.53701225,0.00632825,1.20941414,1.20968854,12.61685486,0.00103502,false,false,false
CP01-R0354,354,355,43.91875875,15.38124125,0.00773014,1.48483758,1.48571524,15.50106672,0.00190842,false,false,false
CP01-R0355,355,356,36.71579063,-6.26579063,0.00513501,-0.60408252,-0.60389455,-6.29813161,0.00020928,false,false,false
CP01-R0356,356,357,37.97223338,9.73776662,0.00498021,0.93874139,0.93868674,9.78650542,0.00049008,false,false,false
CP01-R0357,357,358,39.57134234,23.56865766,0.00487851,2.27195256,2.27660177,23.68420119,0.00281169,false,false,false
CP01-R0358,358,359,42.76956025,24.05043975,0.00499541,2.31853120,2.32352026,24.17118468,0.00299867,false,false,false
CP01-R0359,359,360,47.79533126,19.15466874,0.00604196,1.84753674,1.84972633,19.27110392,0.00230544,false,false,false
CP01-R0360,360,361,37.53929243,-10.11929243,0.00653313,-0.97628342,-0.97626099,-10.18583778,0.00069643,false,false,false
CP01-R0361,361,362,38.79573518,-2.83573518,0.00651919,-0.27358255,-0.27345856,-2.85434318,0.00005457,false,false,false
CP01-R0362,362,363,40.39484413,15.11515587,0.00659678,1.45831825,1.45912435,15.21552931,0.00156916,false,false,false
CP01-R0363,363,364,43.59306205,18.39693795,0.00707225,1.77537126,1.77724702,18.52797245,0.00249446,false,false,false
CP01-R0364,364,365,48.61883305,14.91116695,0.00868228,1.44014978,1.44090860,15.04176368,0.00201834,false,false,false
CP01-R0365,365,366,32.64806426,-14.62806426,0.00496624,-1.41016658,-1.41085043,-14.70107335,0.00110278,false,false,false
CP01-R0366,366,367,33.90450701,4.69549299,0.00487376,0.45263129,0.45245497,4.71848980,0.00011149,false,false,false
CP01-R0367,367,368,35.50361596,16.69638404,0.00485139,1.60946271,1.61071891,16.77777961,0.00140313,false,false,false
CP01-R0368,368,369,38.70183388,15.25816612,0.00512694,1.47102810,1.47186812,15.33679703,0.00123905,false,false,false
CP01-R0369,369,370,43.72760488,12.90239512,0.00642280,1.24472094,1.24505625,12.98580035,0.00111282,false,false,false
CP01-R0370,370,371,29.24824923,-13.90824923,0.00521484,-1.34094288,-1.34146782,-13.98115868,0.00104734,false,false,false
CP01-R0371,371,372,30.50469198,-4.45469198,0.00509387,-0.42946630,-0.42929471,-4.47749978,0.00010493,false,false,false
CP01-R0372,372,373,32.10380094,-1.88380094,0.00503524,-0.18160743,-0.18152141,-1.89333433,0.00001855,false,false,false
CP01-R0373,373,374,35.30201885,1.96798115,0.00523827,0.18974217,0.18965257,1.97834425,0.00002106,false,false,false
CP01-R0374,374,375,40.32778986,5.90221014,0.00642017,0.56939775,0.56920923,5.94034821,0.00023277,false,false,false
CP01-R0375,375,376,23.42802988,-7.14802988,0.01075034,-0.69109201,-0.69091510,-7.22570870,0.00057669,false,false,false
CP01-R0376,376,377,24.68447263,0.93552737,0.01034153,0.09043078,0.09038685,0.94530325,0.00000949,false,false,false
CP01-R0377,377,378,26.28358159,5.68641841,0.00991656,0.54954768,0.54935975,5.74337292,0.00033609,false,false,false
CP01-R0378,378,379,29.48179950,6.81820050,0.00938692,0.65874936,0.65856665,6.88280886,0.00045690,false,false,false
CP01-R0379,379,380,34.50757051,8.55242949,0.00941747,0.82631690,0.82618844,8.63373743,0.00072126,false,false,false
CP01-R0380,380,381,54.64314426,12.92685574,0.01640083,1.25339019,1.25374115,13.14240207,0.00291057,false,false,false
CP01-R0381,381,382,54.02967831,3.20032169,0.02670102,0.31194136,0.31180342,3.28811777,0.00029661,true,false,true
CP01-R0382,382,383,47.30017415,34.44982585,0.01020119,3.32978376,3.34637213,34.80487686,0.01269677,false,true,true
CP01-R0383,383,384,47.75888326,16.26111674,0.01329710,1.57419899,1.57534083,16.48025631,0.00371063,false,false,false
CP01-R0384,384,385,46.13497077,32.66502923,0.00714528,3.15240976,3.16631259,32.90010969,0.00794651,false,true,true
CP01-R0385,385,386,50.47521834,-9.10521834,0.02687573,-0.88758239,-0.88749008,-9.35668608,0.00241750,true,false,true
CP01-R0386,386,387,50.92515875,9.35484125,0.01171283,0.90489317,0.90481282,9.46571154,0.00107828,false,false,false
CP01-R0387,387,388,48.58150552,8.24849448,0.00772620,0.79627190,0.79612910,8.31272026,0.00054855,false,false,false
CP01-R0388,388,389,49.43734232,1.58265768,0.00986340,0.15294733,0.15287416,1.59842357,0.00002589,false,false,false
CP01-R0389,389,390,51.94616413,3.60383587,0.00866494,0.34806250,0.34791265,3.63533584,0.00011766,false,false,false
CP01-R0390,390,391,43.39100520,0.73899480,0.01684967,0.07166942,0.07163449,0.75166003,0.00000978,false,false,false
CP01-R0391,391,392,42.59407892,-3.21407892,0.01584856,-0.31155020,-0.31141239,-3.26583775,0.00017368,false,false,false
CP01-R0392,392,393,54.42119739,1.22880261,0.01482321,0.11904948,0.11899199,1.24729147,0.00002369,false,false,false
CP01-R0393,393,394,47.28521690,-0.00521690,0.01131126,-0.00050453,-0.00050428,-0.00527659,0.00000000,false,false,false
CP01-R0394,394,395,42.00963015,2.32036985,0.01150492,0.22442562,0.22432122,2.34737624,0.00006513,false,false,false
CP01-R0395,395,396,36.44089105,15.85910895,0.00792291,1.53111756,1.53212753,15.98576271,0.00208024,false,false,false
CP01-R0396,396,397,30.15088106,19.09911894,0.01176801,1.84750807,1.84969753,19.32655399,0.00451621,false,true,true
CP01-R0397,397,398,50.50444080,-9.13444080,0.02676368,-0.89037975,-0.89028932,-9.38563491,0.00242234,true,false,true
CP01-R0398,398,399,26.66526789,2.49473211,0.00842146,0.24091444,0.24080327,2.51591984,0.00005477,false,false,false
CP01-R0399,399,400,30.29395335,9.10604665,0.00904414,0.87964042,0.87954289,9.18915461,0.00078466,false,false,false
CP01-R0400,400,401,30.58107224,8.71892776,0.00315844,0.83975477,0.83963343,8.74655326,0.00024826,false,false,false
CP01-R0401,401,402,47.51322472,20.35677528,0.00897377,1.96638644,1.96915551,20.54110636,0.00389032,false,true,true
CP01-R0402,402,403,47.51143365,11.00856635,0.01562171,1.06697001,1.06704242,11.18326806,0.00200737,false,false,false
CP01-R0403,403,404,44.00722592,9.57277408,0.00829859,0.92437844,0.92431251,9.65287932,0.00079447,false,false,false
CP01-R0404,404,405,45.97498755,13.02501245,0.01139114,1.25970358,1.26006612,13.17509182,0.00203159,false,false,false
CP01-R0405,405,406,51.27068926,24.96931074,0.01151563,2.41503881,2.42078003,25.26019770,0.00754959,false,true,true
CP01-R0406,406,407,51.66925151,18.17074849,0.02425596,1.76891648,1.77076553,18.62245406,0.00864281,true,true,true
CP01-R0407,407,408,21.22688424,-6.82688424,0.01197630,-0.66045210,-0.66026964,-6.90963614,0.00058748,false,false,false
CP01-R0408,408,409,31.12358314,-11.70358314,0.00463851,-1.12805661,-1.12820733,-11.75812334,0.00065890,false,false,false
CP01-R0409,409,410,29.62550000,-8.89550000,0.00562456,-0.85782290,-0.85771185,-8.94581632,0.00046248,false,false,false
CP01-R0410,410,411,31.11016391,-16.17016391,0.00456355,-1.55851188,-1.55960472,-16.24429549,0.00123728,false,false,false
CP01-R0411,411,412,27.42025927,-6.13025927,0.00979596,-0.59240533,-0.59221694,-6.19090511,0.00038576,false,false,false
CP01-R0412,412,413,29.67008379,-6.59008379,0.00643355,-0.63576255,-0.63557695,-6.63275596,0.00029080,false,false,false
CP01-R0413,413,414,31.02407729,-15.50407729,0.00568204,-1.49515338,-1.49605971,-15.59267545,0.00141941,false,false,false
CP01-R0414,414,415,31.88939716,-16.06939716,0.00517407,-1.54927495,-1.55033947,-16.15297371,0.00138707,false,false,false
CP01-R0415,415,416,24.38130666,-11.83130666,0.00537757,-1.14079091,-1.14095950,-11.89527437,0.00078180,false,false,false
CP01-R0416,416,417,22.64146657,-14.15146657,0.00609970,-1.36499954,-1.36557750,-14.23831608,0.00127054,false,false,false
CP01-R0417,417,418,31.91955807,-16.30955807,0.00564550,-1.57280194,-1.57393937,-16.40215637,0.00156051,false,false,false
CP01-R0418,418,419,22.10802638,-9.92802638,0.00499721,-0.95709101,-0.95705162,-9.97788796,0.00051117,false,false,false
CP01-R0419,419,420,24.41288776,-12.43288776,0.00715172,-1.19986679,-1.20012548,-12.52244471,0.00115226,false,false,false
CP01-R0420,420,421,22.48332699,-5.60332699,0.01195366,-0.54207550,-0.54188795,-5.67111761,0.00039500,false,false,false
CP01-R0421,421,422,32.38002589,0.70997411,0.00454386,0.06842801,0.06839465,0.71321485,0.00000237,false,false,false
CP01-R0422,422,423,30.88194276,3.35805724,0.00552122,0.32381190,0.32366990,3.37670076,0.00006468,false,false,false
CP01-R0423,423,424,32.36660666,-0.55660666,0.00446655,-0.05364422,-0.05361802,-0.55910393,0.00000143,false,false,false
CP01-R0424,424,425,28.67670203,1.07329797,0.00980067,0.10371975,0.10366949,1.08392113,0.00001183,false,false,false
CP01-R0425,425,426,30.92652655,2.08347345,0.00639353,0.20099406,0.20089958,2.09687992,0.00002888,false,false,false
CP01-R0426,426,427,32.28052004,0.61947996,0.00563321,0.05973879,0.05970963,0.62298939,0.00000225,false,false,false
CP01-R0427,427,428,33.14583991,-3.59583991,0.00508849,-0.34666547,-0.34651605,-3.61423089,0.00006829,false,false,false
CP01-R0428,428,429,25.63774941,-6.21774941,0.00523024,-0.59947958,-0.59929141,-6.25044069,0.00020994,false,false,false
CP01-R0429,429,430,23.89790932,0.76209068,0.00588463,0.07350057,0.07346476,0.76660185,0.00000355,false,false,false
CP01-R0430,430,431,33.17600082,-3.58600082,0.00555976,-0.34579882,-0.34564967,-3.60604960,0.00007428,false,false,false
CP01-R0431,431,432,23.36446913,0.91553087,0.00487544,0.08825448,0.08821158,0.92001636,0.00000424,false,false,false
CP01-R0432,432,433,25.66933051,-4.93933051,0.00691228,-0.47662492,-0.47644446,-4.97371017,0.00017569,false,false,false
CP01-R0433,433,434,24.08243594,2.11756406,0.01202017,0.20486369,0.20476755,2.14332722,0.00005673,false,false,false
CP01-R0434,434,435,33.97913485,12.41086515,0.00451872,1.19615641,1.19640908,12.46720090,0.00072163,false,false,false
CP01-R0435,435,436,32.48105171,6.67894829,0.00548502,0.64402820,0.64384352,6.71578451,0.00025418,false,false,false
CP01-R0436,436,437,33.96571562,7.23428438,0.00443843,0.69721060,0.69703503,7.26653637,0.00024079,false,false,false
CP01-R0437,437,438,30.27581098,3.41418902,0.00990200,0.32995213,0.32980809,3.44833444,0.00012098,false,false,false
CP01-R0438,438,439,32.52563550,5.67436450,0.00643792,0.54742193,0.54723410,5.71113232,0.00021575,false,false,false
CP01-R0439,439,440,33.87962899,7.53037101,0.00566640,0.72619421,0.72602602,7.57328424,0.00033392,false,false,false
CP01-R0440,440,441,34.74494887,3.06505113,0.00507490,0.29549150,0.29535939,3.08068531,0.00004949,false,false,false
CP01-R0441,441,442,27.23685837,-2.38685837,0.00513804,-0.23011647,-0.23000971,-2.39918549,0.00003039,false,false,false
CP01-R0442,442,443,25.49701827,1.72298173,0.00570622,0.16615973,0.16608058,1.73286987,0.00001761,false,false,false
CP01-R0443,443,444,34.77510977,9.86489023,0.00554597,0.95126686,0.95122252,9.91990577,0.00056073,false,false,false
CP01-R0444,444,445,24.96357808,12.30642192,0.00481580,1.18626722,1.18650409,12.36597393,0.00075664,false,false,false
CP01-R0445,445,446,27.26843946,6.00156054,0.00670286,0.57906466,0.57887608,6.04205963,0.00025142,false,false,false
CP01-R0446,446,447,27.28065386,9.27934614,0.01247349,0.89793616,0.89785090,9.39655397,0.00113159,false,false,false
CP01-R0447,447,448,37.17735276,16.54264724,0.00478873,1.59459292,1.59580018,16.62224673,0.00135945,false,false,false
CP01-R0448,448,449,35.67926962,12.91073038,0.00573292,1.24509287,1.24542885,12.98517335,0.00099319,false,false,false
CP01-R0449,449,450,37.16393353,14.55606647,0.00470248,1.40303994,1.40370653,14.62483952,0.00103341,false,false,false
CP01-R0450,450,451,33.47402889,2.37597111,0.01042496,0.22967792,0.22957135,2.40100146,0.00006175,false,false,false
CP01-R0451,451,452,35.72385341,18.04614659,0.00684701,1.74132112,1.74305838,18.17056053,0.00232274,false,false,false
CP01-R0452,452,453,37.07784690,16.38215310,0.00605307,1.58012646,1.58128712,16.48191924,0.00168948,false,false,false
CP01-R0453,453,454,37.94316678,11.04683322,0.00536803,1.06514579,1.06521604,11.10645296,0.00068034,false,false,false
CP01-R0454,454,455,30.43507628,1.28492372,0.00527396,0.12388766,0.12382791,1.29173628,0.00000904,false,false,false
CP01-R0455,455,456,28.69523618,10.94476382,0.00566971,1.05546424,1.05552323,11.00717130,0.00070579,false,false,false
CP01-R0456,456,457,37.97332769,13.28667231,0.00583870,1.28141635,1.28181983,13.36470479,0.00107151,false,false,false
CP01-R0457,457,458,28.16179600,15.22820400,0.00501680,1.46805821,1.46889024,15.30498609,0.00120741,false,false,false
CP01-R0458,458,459,30.46665738,8.80334262,0.00660433,0.84935440,0.84923843,8.86186937,0.00053290,false,false,false
CP01-R0459,459,460,32.30642486,5.65357514,0.01404869,0.54751737,0.54732953,5.73413221,0.00047461,false,false,false
CP01-R0460,460,461,42.20312377,12.81687623,0.00607589,1.23625495,1.23657524,12.89522619,0.00103808,false,false,false
CP01-R0461,461,462,40.70504063,9.28495937,0.00698532,0.89599305,0.89590645,9.35027406,0.00062748,false,false,false
CP01-R0462,462,463,42.18970454,11.47029546,0.00598027,1.10631695,1.10643842,11.53930364,0.00081817,false,false,false
CP01-R0463,463,464,38.49979990,-0.81979990,0.01210960,-0.07931511,-0.07927651,-0.82984904,0.00000857,false,false,false
CP01-R0464,464,465,40.74962442,15.31037558,0.00835270,1.47846039,1.47932056,15.43933571,0.00204572,false,false,false
CP01-R0465,465,466,42.10361791,14.70638209,0.00752354,1.41954185,1.42024874,14.81786483,0.00169729,false,false,false
CP01-R0466,466,467,42.96893778,7.97106222,0.00669150,0.76908898,0.76893502,8.02475987,0.00044274,false,false,false
CP01-R0467,467,468,35.46084729,-1.90084729,0.00635038,-0.18337201,-0.18328521,-1.91299553,0.00002388,false,false,false
CP01-R0468,468,469,33.72100719,7.43899281,0.00647518,0.71767405,0.71750351,7.48747557,0.00037298,false,false,false
CP01-R0469,469,470,42.99909869,9.96090131,0.00716154,0.96130634,0.96127058,10.03275124,0.00074064,false,false,false
CP01-R0470,470,471,33.18756700,11.09243300,0.00619551,1.06998774,1.07006374,11.16158476,0.00079303,false,false,false
CP01-R0471,471,472,35.49242838,4.65757162,0.00731235,0.44952691,0.44935119,4.69188029,0.00016539,false,false,false
CP01-R0472,472,473,53.70724943,3.32275057,0.00564540,0.32042734,0.32028649,3.34161532,0.00006477,false,false,false
CP01-R0473,473,474,53.70724943,-9.28724943,0.00564540,-0.89560999,-0.89552313,-9.33997732,0.00050600,false,false,false
CP01-R0474,474,475,53.70724943,-2.68724943,0.00564540,-0.25914319,-0.25902477,-2.70250615,0.00004236,false,false,false
CP01-R0475,475,476,53.32735746,0.06264254,0.00592135,0.00604173,0.00603877,0.06301568,0.00000002,false,false,false
CP01-R0476,476,477,50.85169772,-15.49169772,0.00596700,-1.49417366,-1.49507725,-15.58469152,0.00148907,false,false,false
CP01-R0477,477,478,50.85169772,-25.83169772,0.00596700,-2.49146627,-2.49785057,-25.98676063,0.00414021,false,true,true
CP01-R0478,478,479,50.85169772,-27.50169772,0.00596700,-2.65253771,-2.66042105,-27.66678533,0.00469284,false,true,true
CP01-R0479,479,480,51.30858600,0.70141400,0.00589266,0.06764882,0.06761584,0.70557170,0.00000301,false,false,false
CP01-R0480,480,481,51.30858600,-13.28858600,0.00589266,-1.28163570,-1.28203960,-13.36735531,0.00108184,false,false,false
CP01-R0481,481,482,51.30858600,-12.00858600,0.00589266,-1.15818436,-1.15837823,-12.07976799,0.00088347,false,false,false
CP01-R0482,482,483,56.90546734,4.16453266,0.00568939,0.40161294,0.40144793,4.18836190,0.00010255,false,false,false
CP01-R0483,483,484,56.90546734,-0.76546734,0.00568939,-0.07381899,-0.07378303,-0.76984731,0.00000346,false,false,false
CP01-R0484,484,485,56.90546734,-1.65546734,0.00568939,-0.15964747,-0.15957126,-1.66493984,0.00001620,false,false,false
CP01-R0485,485,486,56.52557537,-1.75557537,0.00597693,-0.16932602,-0.16924546,-1.76613141,0.00001916,false,false,false
CP01-R0486,486,487,51.24176024,-1.00176024,0.00639629,-0.09664061,-0.09659371,-1.00820904,0.00000668,false,false,false
CP01-R0487,487,488,51.12487041,-4.44487041,0.00628078,-0.42877526,-0.42860383,-4.47296412,0.00012911,false,false,false
CP01-R0488,488,489,50.45275384,-3.77275384,0.00611781,-0.36390957,-0.36375491,-3.79597692,0.00009057,false,false,false
CP01-R0489,489,490,48.38620854,-25.63620854,0.00646877,-2.47323565,-2.47946266,-25.80312290,0.00442515,false,true,true
CP01-R0490,490,491,48.26931870,-22.75931870,0.00635008,-2.19555854,-2.19968193,-22.90476572,0.00342289,false,false,false
CP01-R0491,491,492,47.59720213,-12.82720213,0.00616882,-1.23730878,-1.23763093,-12.90682197,0.00105585,false,false,false
CP01-R0492,492,493,48.84309681,-12.00309681,0.00643429,-1.15797045,-1.15816400,-12.08082838,0.00096484,false,false,false
CP01-R0493,493,494,48.72620697,-2.82620697,0.00631611,-0.27263544,-0.27251181,-2.84417107,0.00005250,false,false,false
CP01-R0494,494,495,48.05409040,-6.38409040,0.00613778,-0.61579818,-0.61561087,-6.42351653,0.00026021,false,false,false
CP01-R0495,495,496,54.43997816,1.90002184,0.00671930,0.18332642,0.18323964,1.91287503,0.00002526,false,false,false
CP01-R0496,496,497,54.32308832,-6.35308832,0.00660736,-0.61295260,-0.61276510,-6.39534465,0.00027766,false,false,false
CP01-R0497,497,498,53.65097175,7.80902825,0.00646488,0.75336917,0.75320953,7.85984115,0.00041035,false,false,false
CP01-R0498,498,499,50.06575957,-6.03575957,0.00606395,-0.58217718,-0.58198861,-6.07258344,0.00022976,false,false,false
CP01-R0499,499,500,49.83197989,5.61802011,0.00618177,0.54191638,0.54172884,5.65296545,0.00020297,false,false,false
CP01-R0500,500,501,51.92926993,3.62073007,0.02963212,0.35345197,0.35330045,3.73129628,0.00042388,true,false,true
CP01-R0501,501,502,52.19336281,5.72663719,0.01936401,0.55609401,0.55590581,5.83971755,0.00067849,true,false,true
CP01-R0502,502,503,49.07371822,-23.46371822,0.03006962,-2.29102072,-2.29580727,-24.19113646,0.01808019,true,true,true
CP01-R0503,503,504,49.53060649,-16.04060649,0.02997674,-1.56614575,-1.56726229,-16.53631119,0.00842217,true,true,true
CP01-R0504,504,505,55.12748784,4.46251216,0.02954630,0.43560662,0.43543371,4.59837720,0.00064191,true,false,true
CP01-R0505,505,506,49.33781110,-19.78781110,0.01981613,-1.92196929,-1.92451243,-20.18785621,0.00829777,true,true,true
CP01-R0506,506,507,49.79469937,-11.87469937,0.01972091,-1.15332105,-1.15350775,-12.11359039,0.00297328,true,false,true
CP01-R0507,507,508,55.39158072,6.46841928,0.01926183,0.62809320,0.62790685,6.59545991,0.00086089,true,false,true
CP01-R0508,508,509,50.36448274,11.68551726,0.01172830,1.13034815,1.13050204,11.82419494,0.00168477,false,false,false
CP01-R0509,509,510,48.59410392,-16.58410392,0.01001786,-1.60280539,-1.60403955,-16.75192229,0.00288846,false,false,false
CP01-R0510,510,511,51.98055676,20.11944324,0.01488556,1.94928383,1.95196456,20.42345776,0.00637949,false,true,true
CP01-R0511,511,512,47.96581930,-8.96581930,0.01195927,-0.86737125,-0.86726596,-9.07434177,0.00101181,false,false,false
CP01-R0512,512,513,53.56270065,12.13729935,0.01179402,1.17408838,1.17430627,12.28215536,0.00182799,false,false,false
CP01-R0513,513,514,49.12500506,-17.01500506,0.01513250,-1.64871521,-1.65010566,-17.27644088,0.00464068,false,true,true
CP01-R0514,514,515,49.58189333,-9.29189333,0.01507011,-0.90033477,-0.90025119,-9.43406578,0.00137809,false,false,false
CP01-R0515,515,516,55.17877468,19.18122532,0.01501316,1.85850442,1.86074417,19.47358538,0.00584960,false,true,true
CP01-R0516,516,517,20.43201618,1.53798382,0.00815588,0.14850207,0.14843094,1.55063058,0.00002015,false,false,false
CP01-R0517,517,518,17.57646447,-7.72646447,0.00860360,-0.74620750,-0.74604544,-7.79351677,0.00053692,false,false,false
CP01-R0518,518,519,18.03335274,-2.96335274,0.00850909,-0.28618143,-0.28605272,-2.98878457,0.00007810,false,false,false
CP01-R0519,519,520,23.63023409,-0.38023409,0.00805861,-0.03671221,-0.03669425,-0.38332314,0.00000122,false,false,false
CP01-R0520,520,521,34.02106413,9.70893587,0.01118848,0.93889568,0.93884115,9.81879325,0.00110828,false,false,false
CP01-R0521,521,522,31.16551243,-17.76551243,0.01150211,-1.71827365,-1.71992056,-17.97223097,0.00381719,false,false,false
CP01-R0522,522,523,31.62240070,-7.49240070,0.01142905,-0.72463539,-0.72446675,-7.57902171,0.00067453,false,false,false
CP01-R0523,523,524,37.21928205,7.30071795,0.01124140,0.70602958,0.70585608,7.38372136,0.00062970,false,false,false
CP01-R0524,524,525,50.55644723,12.38355277,0.00686555,1.19493340,1.19518410,12.46916047,0.00109676,false,false,false
CP01-R0525,525,526,50.55644723,8.93355277,0.00686555,0.86203053,0.86192200,8.99531056,0.00057078,false,false,false
CP01-R0526,526,527,47.70089552,-22.58089552,0.00685464,-2.17889959,-2.18291343,-22.73674781,0.00364086,false,false,false
CP01-R0527,527,528,47.70089552,-24.06089552,0.00685464,-2.32170931,-2.32672211,-24.22696270,0.00413376,false,true,true
CP01-R0528,528,529,48.15778380,-12.40778380,0.00683351,-1.19725223,-1.19750667,-12.49315591,0.00109585,false,false,false
CP01-R0529,529,530,48.15778380,-9.54778380,0.00683351,-0.92128503,-0.92121673,-9.61347759,0.00064888,false,false,false
CP01-R0530,530,531,53.75466514,14.99533486,0.00728196,1.44725706,1.44803420,15.10533130,0.00170715,false,false,false
CP01-R0531,531,532,53.75466514,13.02533486,0.00728196,1.25712483,1.25748263,13.12088061,0.00128806,false,false,false
CP01-R0532,532,533,29.11395698,-5.26395698,0.01375232,-0.50970841,-0.50952357,-5.33735802,0.00040252,false,false,false
CP01-R0533,533,534,27.38064145,4.68935855,0.00740508,0.45261598,0.45243966,4.72434268,0.00016981,false,false,false
CP01-R0534,534,535,17.44332151,-5.79332151,0.00806007,-0.55935485,-0.55916654,-5.84039548,0.00028248,false,false,false
CP01-R0535,535,536,28.18365307,-8.98365307,0.00636524,-0.86664662,-0.86654089,-9.04120250,0.00053460,false,false,false
CP01-R0536,536,537,38.12097301,10.72902699,0.00541057,1.03452474,1.03456037,10.78739290,0.00064690,false,false,false
CP01-R0537,537,538,31.03920478,8.56079522,0.00566875,0.82556454,0.82543570,8.60960087,0.00043173,false,false,false
CP01-R0538,538,539,39.90063077,4.03936923,0.00905251,0.39020308,0.39004103,4.07626971,0.00015455,false,false,false
CP01-R0539,539,540,37.50196733,-2.93196733,0.00966535,-0.28331568,-0.28318803,-2.96058241,0.00008704,false,false,false
CP01-R0540,540,541,46.98239900,7.33760100,0.00864474,0.70866649,0.70849363,7.40158580,0.00048659,false,false,false
CP01-R0541,541,542,37.04507906,-12.64507906,0.00980932,-1.22198140,-1.22227697,-12.77034752,0.00164364,false,false,false
CP01-R0542,542,543,21.97623259,-6.35623259,0.00643964,-0.61320420,-0.61301672,-6.39742975,0.00027079,false,false,false
CP01-R0543,543,544,23.88753710,-2.02753710,0.01029319,-0.19598282,-0.19589050,-2.04862396,0.00004439,false,false,false
CP01-R0544,544,545,14.40710543,-4.18710543,0.01068202,-0.40480737,-0.40464155,-4.23231512,0.00019659,false,false,false
CP01-R0545,545,546,17.90020978,-3.30020978,0.00793953,-0.31862140,-0.31848116,-3.32662158,0.00009027,false,false,false
CP01-R0546,546,547,16.80576886,1.94423114,0.01022903,0.18792433,0.18783552,1.96432426,0.00004055,false,false,false
CP01-R0547,547,548,24.83178430,7.13821570,0.00578552,0.68841780,0.68824034,7.17975431,0.00030642,false,false,false
CP01-R0548,548,549,22.43312086,0.96687914,0.00631210,0.09327165,0.09322636,0.97302095,0.00000614,false,false,false
CP01-R0549,549,550,20.29887321,5.27112679,0.00744969,0.50877957,0.50859483,5.31068977,0.00021588,false,false,false
CP01-R0550,550,551,31.91355253,9.76644747,0.00563242,0.94181500,0.94176285,9.82176777,0.00055826,false,false,false
CP01-R0551,551,552,28.64054134,-0.90054134,0.00623092,-0.08686871,-0.08682648,-0.90618773,0.00000526,false,false,false
CP01-R0552,552,553,13.95021715,-5.75021715,0.01079555,-0.55596017,-0.55577197,-5.81297135,0.00037480,false,false,false
CP01-R0553,553,554,27.04054440,-17.42054440,0.00800262,-1.68193390,-1.68344382,-17.56107897,0.00253569,false,false,false
CP01-R0554,554,555,46.10541082,-20.68541082,0.01866754,-2.00797607,-2.01096711,-21.07890203,0.00852208,true,true,true
CP01-R0555,555,556,28.30606333,-12.61606333,0.00457136,-1.21596551,-1.21625087,-12.67400070,0.00075446,false,false,false
CP01-R0556,556,557,34.88660667,-6.94660667,0.00937998,-0.67115314,-0.67097241,-7.01238269,0.00047391,false,false,false
CP01-R0557,557,558,37.62487426,-4.99487426,0.01063628,-0.48289092,-0.48270950,-5.04857230,0.00027854,false,false,false
CP01-R0558,558,559,31.11802460,-13.87802460,0.00480095,-1.33775056,-1.33826863,-13.94497368,0.00095923,false,false,false
CP01-R0559,559,560,33.93675521,-14.16675521,0.00530715,-1.36592973,-1.36650979,-14.24234146,0.00110608,false,false,false
CP01-R0560,560,561,48.50407426,-9.06407426,0.01859138,-0.87983450,-0.87973709,-9.23578015,0.00162938,true,false,true
CP01-R0561,561,562,27.87763297,-2.12763297,0.00428398,-0.20503662,-0.20494040,-2.13678692,0.00002010,false,false,false
CP01-R0562,562,563,33.23576463,-0.15576463,0.00477742,-0.01501451,-0.01500716,-0.15651235,0.00000012,false,false,false
CP01-R0563,563,564,29.33111085,-5.26111085,0.00514219,-0.50722355,-0.50703898,-5.28830433,0.00014776,false,false,false
CP01-R0564,564,565,39.29068681,-17.47068681,0.01318188,-1.69119577,-1.69273998,-17.70405956,0.00424508,false,true,true
CP01-R0565,565,566,29.43920783,-8.36920783,0.00777722,-0.80794579,-0.80780831,-8.43480722,0.00056851,false,false,false
CP01-R0566,566,567,20.33834454,-5.49834454,0.00581479,-0.53027453,-0.53008778,-5.53050326,0.00018274,false,false,false
CP01-R0567,567,568,33.51668804,-1.46668804,0.00448723,-0.14135683,-0.14128897,-1.47329907,0.00001001,false,false,false
CP01-R0568,568,569,22.89818076,-10.93818076,0.00528183,-1.05462372,-1.05468175,-10.99626119,0.00065620,false,false,false
CP01-R0569,569,570,30.83710120,-5.38710120,0.00530949,-0.51941395,-0.51922813,-5.41585661,0.00016001,false,false,false
CP01-R0570,570,571,33.53385231,-11.04385231,0.01076725,-1.06776040,-1.06783375,-11.16405850,0.00137883,false,false,false
CP01-R0571,571,572,22.73700798,2.48299202,0.00528713,0.23940263,0.23929208,2.49618970,0.00003385,false,false,false
CP01-R0572,572,573,45.77619324,-6.07619324,0.01615390,-0.58907482,-0.58888635,-6.17595907,0.00063307,false,false,false
CP01-R0573,573,574,25.47896953,-12.38896953,0.00462548,-1.19411015,-1.19435953,-12.44654072,0.00073623,false,false,false
CP01-R0574,574,575,43.36927084,-4.66927084,0.00751262,-0.45070153,-0.45052558,-4.70461481,0.00017084,false,false,false
CP01-R0575,575,576,21.81754873,-14.30754873,0.00818809,-1.38150684,-1.38212253,-14.42566735,0.00175072,false,false,false
CP01-R0576,576,577,16.72366719,0.85633281,0.00731214,0.08264921,0.08260900,0.86264056,0.00000559,false,false,false
CP01-R0577,577,578,24.83348343,-3.65348343,0.00511822,-0.35222799,-0.35207685,-3.67227896,0.00007092,false,false,false
CP01-R0578,578,579,24.21621216,-6.01621216,0.00793643,-0.58083912,-0.58065054,-6.06434138,0.00029989,false,false,false
CP01-R0579,579,580,35.22621083,-18.02621083,0.01079748,-1.74286722,-1.74461064,-18.22297294,0.00368403,false,false,false
CP01-R0580,580,581,25.29684420,-2.66684420,0.00494289,-0.25708462,-0.25696701,-2.68009158,0.00003648,false,false,false
CP01-R0581,581,582,36.76746625,-14.90746625,0.00609461,-1.43791687,-1.43866997,-14.99887863,0.00140873,false,false,false
CP01-R0582,582,583,32.48794323,-20.11794323,0.00956271,-1.94389387,-1.94654711,-20.31218271,0.00405375,false,true,true
CP01-R0583,583,584,21.77214476,3.95785524,0.00936770,0.38238965,0.38222971,3.99528184,0.00015364,false,false,false
CP01-R0584,584,585,41.68935025,-3.87935025,0.01305238,-0.37550386,-0.37534584,-3.93065464,0.00020720,false,false,false
CP01-R0585,585,586,43.37752981,-21.45752981,0.01625135,-2.08036776,-2.08376987,-21.81200440,0.00794407,false,true,true
CP01-R0586,586,587,39.16612969,-6.12612969,0.00580892,-0.59081800,-0.59062957,-6.16192382,0.00022662,false,false,false
CP01-R0587,587,588,31.13518888,-16.59518888,0.01115946,-1.60480228,-1.60604303,-16.78247227,0.00322937,false,false,false
CP01-R0588,588,589,30.70472676,-3.79472676,0.00424374,-0.36568442,-0.36552923,-3.81089922,0.00006332,false,false,false
CP01-R0589,589,590,19.85189489,-11.85189489,0.00556002,-1.14288088,-1.14305245,-11.91816013,0.00081144,false,false,false
CP01-R0590,590,591,27.23214686,4.66785314,0.00458830,0.44990237,0.44972657,4.68936936,0.00010367,false,false,false
CP01-R0591,591,592,14.32500375,-3.98500375,0.00783867,-0.38471583,-0.38455525,-4.01648768,0.00012993,false,false,false
CP01-R0592,592,593,18.21767710,1.55232290,0.00668613,0.14977567,0.14970395,1.56277180,0.00001678,false,false,false
CP01-R0593,593,594,31.72977428,5.71022572,0.00461065,0.55037569,0.55018772,5.73667554,0.00015590,false,false,false
CP01-R0594,594,595,15.81901367,-4.33901367,0.00721330,-0.41876031,-0.41859113,-4.37053969,0.00014157,false,false,false
CP01-R0595,595,596,40.97060741,-16.53060741,0.00777781,-1.59583068,-1.59704197,-16.66018726,0.00221809,false,false,false
CP01-R0596,596,597,22.25055833,-4.65055833,0.00519086,-0.44837117,-0.44819567,-4.67482467,0.00011656,false,false,false
CP01-R0597,597,598,19.37348133,-8.64348133,0.00981028,-0.83527976,-0.83515600,-8.72911638,0.00076804,false,false,false
CP01-R0598,598,599,36.33541864,-4.95541864,0.00500739,-0.47771941,-0.47753878,-4.98035725,0.00012761,false,false,false
CP01-R0599,599,600,21.36731358,-8.14731358,0.00593848,-0.78579682,-0.78564951,-8.19598527,0.00040986,false,false,false
CP01-R0600,600,601,21.82420186,-0.85420186,0.00579141,-0.08238046,-0.08234038,-0.85917770,0.00000439,false,false,false
CP01-R0601,601,602,22.62375633,4.41624367,0.00555500,0.42585829,0.42568750,4.44091295,0.00011256,false,false,false
CP01-R0602,602,603,24.22286529,7.81713471,0.00516227,0.75365735,0.75349780,7.85769826,0.00032749,false,false,false
CP01-R0603,603,604,31.30463352,3.86536648,0.00470639,0.37257828,0.37242110,3.88364443,0.00007293,false,false,false
CP01-R0604,604,605,41.58461967,-5.13461967,0.00777056,-0.49568376,-0.49550058,-5.17483101,0.00021380,false,false,false
CP01-R0605,605,606,62.71570230,-23.82570230,0.02792561,-2.32379827,-2.32882670,-24.51016345,0.01723683,true,true,true
CP01-R0606,606,607,11.57701890,-5.10701890,0.00753895,-0.49296172,-0.49277889,-5.14581294,0.00020511,false,false,false
CP01-R0607,607,608,12.83346165,0.00653835,0.00720938,0.00063102,0.00063071,0.00658583,0.00000000,false,false,false
CP01-R0608,608,609,14.43257060,3.98742940,0.00688525,0.38476517,0.38460459,4.01507418,0.00011404,false,false,false
CP01-R0609,609,610,21.51433884,0.43566116,0.00673319,0.04203571,0.04201515,0.43861444,0.00000133,false,false,false
CP01-R0610,610,611,31.94424340,-7.84424340,0.01034550,-0.75824879,-0.75809085,-7.92624439,0.00066780,false,false,false
CP01-R0611,611,612,53.07532604,-27.99532604,0.03145035,-2.73543910,-2.74417332,-28.90437883,0.02699698,true,true,true
CP01-R0612,612,613,17.60967444,3.65032556,0.00604412,0.35208742,0.35193632,3.67252272,0.00008376,false,false,false
CP01-R0613,613,614,19.20878340,6.76121660,0.00572240,0.65203887,0.65185521,6.80012967,0.00027188,false,false,false
CP01-R0614,614,615,16.35323169,-4.99323169,0.00637179,-0.48169510,-0.48151386,-5.02525156,0.00016533,false,false,false
CP01-R0615,615,616,26.29055163,4.95944837,0.00558103,0.47824577,0.47806506,4.98728253,0.00014263,false,false,false
CP01-R0616,616,617,36.57053778,-4.24053778,0.00910174,-0.40964614,-0.40947913,-4.27948855,0.00017127,false,false,false
CP01-R0617,617,618,57.13051007,-23.43051007,0.02938000,-2.28696537,-2.29172250,-24.13973544,0.01759054,true,true,true
CP01-R0618,618,619,12.68963552,-3.37963552,0.00683056,-0.32610740,-0.32596464,-3.40287910,0.00008127,false,false,false
CP01-R0619,619,620,22.62695546,4.31304454,0.00584895,0.41596829,0.41579976,4.33841976,0.00011311,false,false,false
CP01-R0620,620,621,32.90694161,-5.27694161,0.00917224,-0.50978338,-0.50959853,-5.32579104,0.00026730,false,false,false
CP01-R0621,621,622,54.03802424,-24.24802424,0.02985991,-2.36734523,-2.37270654,-24.99435339,0.01916614,true,true,true
CP01-R0622,622,623,38.97645553,-4.48645553,0.00872915,-0.43332093,-0.43314850,-4.52596332,0.00018372,false,false,false
CP01-R0623,623,624,60.10753816,-23.95753816,0.02927615,-2.33828155,-2.34341923,-24.68007574,0.01832185,true,true,true
CP01-R0624,624,625,18.75914944,-6.21914944,0.00652206,-0.60000427,-0.59981612,-6.25997736,0.00026260,false,false,false
CP01-R0625,625,626,21.61470115,5.91529885,0.00579881,0.57048209,0.57029355,5.94980063,0.00021091,false,false,false
CP01-R0626,626,627,28.69646938,4.22353062,0.00547429,0.40725845,0.40709203,4.24677873,0.00010144,false,false,false
CP01-R0627,627,628,12.18382559,-2.19382559,0.00747816,-0.21175542,-0.21165634,-2.21035497,0.00003754,false,false,false
CP01-R0628,628,629,11.85173068,-4.01173068,0.00896715,-0.38751651,-0.38735518,-4.04802999,0.00015097,false,false,false
CP01-R0629,629,630,14.25039412,-2.00039412,0.00854040,-0.19318817,-0.19309707,-2.01762544,0.00003572,false,false,false
CP01-R0630,630,631,14.23760183,-3.06760183,0.00766745,-0.29612347,-0.29599113,-3.09130425,0.00007528,false,false,false
CP01-R0631,631,632,16.63626527,0.70373473,0.00722872,0.06791831,0.06788519,0.70885888,0.00000373,false,false,false
CP01-R0632,632,633,23.85445173,-6.31445173,0.00475394,-0.60865736,-0.60846962,-6.34461365,0.00019662,false,false,false
CP01-R0633,633,634,26.25311517,4.31688483,0.00426648,0.41600770,0.41583916,4.33538167,0.00008239,false,false,false
CP01-R0634,634,635,18.97106757,-4.77106757,0.00572342,-0.46011292,-0.45993523,-4.79853160,0.00013541,false,false,false
CP01-R0635,635,636,21.36973101,3.13026899,0.00525788,0.30180669,0.30167232,3.14681455,0.00005350,false,false,false
CP01-R0636,636,637,21.31866216,-5.73866216,0.00509623,-0.55325148,-0.55306339,-5.76805750,0.00017421,false,false,false
CP01-R0637,637,638,23.71732559,3.13267441,0.00461583,0.30194119,0.30180676,3.14720137,0.00004697,false,false,false
CP01-R0638,638,639,28.58791747,-2.52791747,0.00468182,-0.24366008,-0.24354781,-2.53980841,0.00003103,false,false,false
CP01-R0639,639,640,30.98658091,7.22341909,0.00416755,0.69606876,0.69589293,7.25364903,0.00022530,false,false,false
CP01-R0640,640,641,33.33417549,10.36582451,0.00448466,0.99903876,0.99903782,10.41252114,0.00049958,false,false,false
CP01-R0641,641,642,30.93551206,-0.79551206,0.00501378,-0.07669035,-0.07665300,-0.79952068,0.00000329,false,false,false
CP01-R0642,642,643,16.58519642,-3.85519642,0.00656914,-0.37194622,-0.37178922,-3.88068921,0.00010165,false,false,false
CP01-R0643,643,644,18.98385985,1.88614015,0.00611556,0.18193174,0.18184557,1.89774593,0.00002263,false,false,false
CP01-R0644,644,645,26.05212790,-5.77212790,0.00454842,-0.55632470,-0.55613649,-5.79850192,0.00015713,false,false,false
CP01-R0645,645,646,28.45079133,5.83920867,0.00404121,0.56264670,0.56245830,5.86290187,0.00014272,false,false,false
CP01-R0646,646,647,33.19453667,-13.65453667,0.01080020,-1.32019299,-1.32067403,-13.80361856,0.00211437,false,false,false
CP01-R0647,647,648,35.43544198,12.27455802,0.00377771,1.18257910,1.18281018,12.32110356,0.00058924,false,false,false
CP01-R0648,648,649,34.17659511,9.20340489,0.00751838,0.88836156,0.88826977,9.27312377,0.00066426,false,false,false
CP01-R0649,649,650,20.99517133,8.89482867,0.00583109,0.85784725,0.85773621,8.94699941,0.00047959,false,false,false
CP01-R0650,650,651,24.10239105,-17.20239105,0.00733014,-1.66030877,-1.66174030,-17.32941813,0.00226174,false,false,false
CP01-R0651,651,652,23.71381887,9.47618113,0.00632336,0.91414119,0.91406755,9.53648375,0.00059086,false,false,false
CP01-R0652,652,653,14.76959773,-9.86959773,0.00508489,-0.95150024,-0.95145610,-9.92004004,0.00051413,false,false,false
CP01-R0653,653,654,11.40041028,-6.83041028,0.01188485,-0.66076264,-0.66058023,-6.91256510,0.00058349,false,false,false
CP01-R0654,654,655,21.33773022,4.12226978,0.01216360,0.39883785,0.39867354,4.17302883,0.00021763,false,false,false
CP01-R0655,655,656,16.63205064,7.65794936,0.00619785,0.73869471,0.73853025,7.70570816,0.00037812,false,false,false
CP01-R0656,656,657,26.95794275,6.99205725,0.00680623,0.67466852,0.67448841,7.03997292,0.00034659,false,false,false
CP01-R0657,657,658,19.74002846,-8.33002846,0.00446727,-0.80282554,-0.80268568,-8.36740797,0.00032136,false,false,false
CP01-R0658,658,659,13.31131763,7.27868237,0.00749606,0.70256921,0.70239487,7.33365591,0.00041423,false,false,false
CP01-R0659,659,660,34.87344135,-8.98344135,0.00687172,-0.86684715,-0.86674155,-9.04560022,0.00057770,false,false,false
CP01-R0660,660,661,20.39308587,8.83691413,0.00764766,0.85304148,0.85292763,8.90501666,0.00062310,false,false,false
CP01-R0661,661,662,24.49313620,6.52686380,0.00934894,0.63058939,0.63040328,6.58845891,0.00041696,false,false,false
CP01-R0662,662,663,18.59650790,-8.20650790,0.00626281,-0.79163518,-0.79149035,-8.25822760,0.00043884,false,false,false
CP01-R0663,663,664,27.09482687,6.56517313,0.00691908,0.63351416,0.63332833,6.61091459,0.00031069,false,false,false
CP01-R0664,664,665,21.50670437,6.36329563,0.00710396,0.61409092,0.61390350,6.40882367,0.00029979,false,false,false
CP01-R0665,665,666,25.95501031,-6.60501031,0.00443057,-0.63656124,-0.63637572,-6.63440449,0.00020037,false,false,false
CP01-R0666,666,667,15.88170911,-4.49170911,0.00587107,-0.43320427,-0.43303187,-4.51823598,0.00012315,false,false,false
CP01-R0667,667,668,32.41777428,-19.62777428,0.00973884,-1.89670001,-1.89911965,-19.82080600,0.00393108,false,true,true
CP01-R0668,668,669,35.27332599,4.04667401,0.00942527,0.39098227,0.39082001,4.08517791,0.00016161,false,false,false
CP01-R0669,669,670,12.25357069,-7.47357069,0.01052289,-0.72248317,-0.72231394,-7.55305061,0.00061680,false,false,false
CP01-R0670,670,671,34.02198601,-17.91198601,0.00598959,-1.72763001,-1.72931327,-18.01991786,0.00199832,false,false,false
CP01-R0671,671,672,37.27210479,6.10789521,0.00636638,0.58922464,0.58903618,6.14702951,0.00024716,false,false,false
CP01-R0672,672,673,25.98000389,-5.56000389,0.00410435,-0.53576044,-0.53557329,-5.58291811,0.00013144,false,false,false
CP01-R0673,673,674,15.42482084,-8.48482084,0.00597133,-0.81836244,-0.81822997,-8.53579088,0.00044701,false,false,false
CP01-R0674,674,675,19.78258513,-4.75258513,0.00414205,-0.45796646,-0.45778915,-4.77235247,0.00009693,false,false,false
CP01-R0675,675,676,25.52311561,-11.95311561,0.00420788,-1.15185880,-1.15204335,-12.00362547,0.00062295,false,false,false
CP01-R0676,676,677,24.70691767,7.82308233,0.00434476,0.75392106,0.75376160,7.85722003,0.00027559,false,false,false
CP01-R0677,677,678,24.55927932,-8.80927932,0.00722344,-0.85019214,-0.85007665,-8.87337559,0.00058436,false,false,false
CP01-R0678,678,679,11.85729856,-4.17729856,0.01180724,-0.40408911,-0.40392347,-4.22721026,0.00021678,false,false,false
CP01-R0679,679,680,36.87753772,1.92246228,0.00553525,0.18538116,0.18529347,1.93316283,0.00002125,false,false,false
CP01-R0680,680,681,22.18124856,10.81875144,0.00362372,1.04224043,1.04228451,10.85809812,0.00043896,false,false,false
CP01-R0681,681,682,14.25596199,3.02403801,0.01154279,0.29248983,0.29235881,3.05935146,0.00011100,false,false,false
CP01-R0682,682,683,18.28037255,5.99962745,0.00548767,0.57852438,0.57833579,6.03273312,0.00020520,false,false,false
CP01-R0683,683,684,17.62514944,6.42485056,0.00445004,0.61920430,0.61901724,6.45356924,0.00019043,false,false,false
CP01-R0684,684,685,28.58847260,8.00152740,0.00768110,0.77241328,0.77226059,8.06346368,0.00051313,false,false,false
CP01-R0685,685,686,42.35509422,8.37490578,0.01011673,0.80945070,0.80931392,8.46049836,0.00074404,false,false,false
CP01-R0686,686,687,19.10804093,-5.44804093,0.00738321,-0.52583806,-0.52565167,-5.48856414,0.00022852,false,false,false
CP01-R0687,687,688,34.41655308,-20.27655308,0.00699522,-1.95668503,-1.95940378,-20.41939114,0.00299674,false,false,false
CP01-R0688,688,689,35.46043555,12.31956445,0.00392268,1.18700157,1.18723961,12.36808047,0.00061652,false,false,false
CP01-R0689,689,690,10.45576593,-8.12576593,0.00802733,-0.78454330,-0.78439547,-8.19152194,0.00055343,false,false,false
CP01-R0690,690,691,24.69616344,-7.80616344,0.00719082,-0.75336808,-0.75320843,-7.86270274,0.00045676,false,false,false
CP01-R0691,691,692,34.47887428,-10.95887428,0.00589401,-1.05694421,-1.05700490,-11.02384900,0.00073594,false,false,false
CP01-R0692,692,693,19.32569685,-12.51569685,0.00426802,-1.20610821,-1.20637713,-12.56934308,0.00069281,false,false,false
CP01-R0693,693,694,29.26301679,10.43698321,0.00349497,1.00539727,1.00540260,10.47358807,0.00039391,false,false,false
CP01-R0694,694,695,15.10912240,2.85087760,0.01010631,0.27554134,0.27541661,2.87998362,0.00008613,false,false,false
CP01-R0695,695,696,28.37866732,4.50133268,0.00370377,0.43365997,0.43348747,4.51806654,0.00007768,false,false,false
CP01-R0696,696,697,17.41136796,4.93863204,0.00876483,0.47700264,0.47682212,4.98230105,0.00022355,false,false,false
CP01-R0697,697,698,15.22648600,-4.43648600,0.00496044,-0.42768243,-0.42751123,-4.45860262,0.00010132,false,false,false
CP01-R0698,698,699,10.91265420,-3.19265420,0.00791944,-0.30823424,-0.30809759,-3.21814008,0.00008427,false,false,false
CP01-R0699,699,700,35.59320010,6.08679990,0.01042210,0.58839164,0.58820316,6.15090527,0.00040513,false,false,false
CP01-R0700,700,701,32.73764839,-23.17764839,0.01089946,-2.24105036,-2.24548219,-23.43305602,0.00614929,false,true,true
CP01-R0701,701,702,18.65115266,-11.77115266,0.00746363,-1.13618288,-1.13634494,-11.85966889,0.00107859,false,false,false
CP01-R0702,702,703,43.95930595,6.57069405,0.00587763,0.63371471,0.63352890,6.60954251,0.00026382,false,false,false
CP01-R0703,703,704,20.19691673,-3.02691673,0.00436506,-0.29171105,-0.29158031,-3.04018734,0.00004145,false,false,false
CP01-R0704,704,705,22.59558016,7.84441984,0.00397144,0.75583569,0.75567690,7.87569767,0.00025310,false,false,false
CP01-R0705,705,706,25.49812204,-15.76812204,0.00455681,-1.51975716,-1.52073377,-15.84030335,0.00117476,false,false,false
CP01-R0706,706,707,13.77649893,-10.45649893,0.00673963,-1.00892111,-1.00892997,-10.52745000,0.00076744,false,false,false
CP01-R0707,707,708,22.19089063,4.12910937,0.01054233,0.39917216,0.39900776,4.17310361,0.00018863,false,false,false
CP01-R0708,708,709,29.67734840,13.57265160,0.00421089,1.30792692,1.30838280,13.63004617,0.00080377,false,false,false
CP01-R0709,709,710,14.55581625,-8.27581625,0.00912169,-0.79947179,-0.79933041,-8.35200061,0.00065376,false,false,false
CP01-R0710,710,711,25.36214078,6.73785922,0.00575733,0.64979774,0.64961379,6.77687592,0.00027167,false,false,false
CP01-R0711,711,712,28.35367374,8.60632626,0.00391077,0.82922263,0.82909568,8.64011577,0.00029996,false,false,false
CP01-R0712,712,713,44.35387302,10.24612698,0.00627598,0.98839219,0.98838101,10.31083756,0.00068554,false,false,false
CP01-R0713,713,714,32.87466255,-11.39466255,0.00966579,-1.10106522,-1.10117984,-11.50587596,0.00131474,false,false,false
CP01-R0714,714,715,24.23927517,-14.54927517,0.00726982,-1.40419755,-1.40486693,-14.65582033,0.00160438,false,false,false
CP01-R0715,715,716,12.71045896,-4.34045896,0.01043336,-0.41958079,-0.41941142,-4.38622199,0.00020624,false,false,false
CP01-R0716,716,717,28.07693956,11.58306044,0.00595806,1.11718072,1.11731661,11.65248669,0.00083120,false,false,false
CP01-R0717,717,718,15.01270453,-4.92270453,0.00904171,-0.47553069,-0.47535040,-4.96762032,0.00022925,false,false,false
CP01-R0718,718,719,18.13961962,-13.30961962,0.00637228,-1.28397409,-1.28438250,-13.39497614,0.00117474,false,false,false
CP01-R0719,719,720,14.23338720,-3.88338720,0.00663006,-0.37467753,-0.37451975,-3.90930615,0.00010411,false,false,false
CP01-R0720,720,721,34.03971099,9.53028901,0.00697605,0.91966292,0.91959340,9.59723988,0.00066018,false,false,false
CP01-R0721,721,722,42.67496834,9.18503166,0.01070739,0.88801590,0.88792388,9.28444383,0.00094833,false,false,false
CP01-R0722,722,723,20.42770063,-8.57770063,0.00490490,-0.82687727,-0.82674911,-8.61998075,0.00037446,false,false,false
CP01-R0723,723,724,20.88458891,-3.64458891,0.00478238,-0.35131119,-0.35116033,-3.66210248,0.00006590,false,false,false
CP01-R0724,724,725,23.28325234,4.54674766,0.00428217,0.43816247,0.43798902,4.56630135,0.00009174,false,false,false
CP01-R0725,725,726,30.36502057,5.39497943,0.00420694,0.51988551,0.51969964,5.41777167,0.00012687,false,false,false
CP01-R0726,726,727,33.79168262,4.90831738,0.00492226,0.47315845,0.47297853,4.93259691,0.00012305,false,false,false
CP01-R0727,727,728,22.99699929,-8.68699929,0.00544427,-0.83764054,-0.83751806,-8.73455253,0.00042676,false,false,false
CP01-R0728,728,729,23.45388756,-6.01388756,0.00532516,-0.57985206,-0.57966348,-6.04608391,0.00020001,false,false,false
CP01-R0729,729,730,25.85255100,5.88744900,0.00484282,0.56752341,0.56733491,5.91609960,0.00017415,false,false,false
CP01-R0730,730,731,32.93431923,4.97568077,0.00482035,0.47962767,0.47944675,4.99978147,0.00012381,false,false,false
CP01-R0731,731,732,36.36098128,3.01901872,0.00556120,0.29112482,0.29099430,3.03590198,0.00005266,false,false,false
CP01-R0732,732,733,25.47186576,-9.60186576,0.00789263,-0.92699791,-0.92693400,-9.67825265,0.00075959,false,false,false
CP01-R0733,733,734,25.92875403,-16.91875403,0.00777842,-1.63330205,-1.63463889,-17.05138685,0.00232366,false,false,false
CP01-R0734,734,735,28.32741747,5.28258253,0.00732178,0.50985245,0.50966759,5.32154575,0.00021304,false,false,false
CP01-R0735,735,736,35.40918570,5.25081430,0.00737521,0.50679995,0.50661543,5.28982789,0.00021204,false,false,false
CP01-R0736,736,737,38.83584775,2.02415225,0.00815278,0.19544441,0.19535233,2.04079037,0.00003489,false,false,false
CP01-R0737,737,738,14.26560793,-2.21560793,0.00784542,-0.21389750,-0.21379751,-2.23312776,0.00004020,false,false,false
CP01-R0738,738,739,16.66427136,0.87572864,0.00731691,0.08452140,0.08448030,0.88218350,0.00000585,false,false,false
CP01-R0739,739,740,20.28595208,-1.37595208,0.00579242,-0.13269887,-0.13263502,-1.38396861,0.00001140,false,false,false
CP01-R0740,740,741,22.68461551,2.49538449,0.00526161,0.24059439,0.24048336,2.50858368,0.00003402,false,false,false
CP01-R0741,741,742,18.79478339,12.16521661,0.01272573,1.17734407,1.17756699,12.32202337,0.00198522,false,false,false
CP01-R0742,742,743,40.07468861,3.81531139,0.00839017,0.36843599,0.36828000,3.84759335,0.00012762,false,false,false
CP01-R0743,743,744,47.15645685,7.12354315,0.00803213,0.68778028,0.68760269,7.18122369,0.00042559,false,false,false
CP01-R0744,744,745,33.17388027,3.76611973,0.00475703,0.36302123,0.36286683,3.78412092,0.00006999,false,false,false
CP01-R0745,745,746,18.84304582,-4.34304582,0.00627979,-0.41895253,-0.41878331,-4.37049159,0.00012324,false,false,false
CP01-R0746,746,747,21.39162768,1.04837232,0.00579798,0.10110688,0.10105786,1.05448621,0.00000662,false,false,false
CP01-R0747,747,748,39.42516879,-26.78516879,0.01633804,-2.59701174,-2.60435575,-27.23005446,0.01244685,false,true,true
CP01-R0748,748,749,39.65361293,-13.59361293,0.01625977,-1.31794458,-1.31842096,-13.81829522,0.00318996,false,false,false
CP01-R0749,749,750,40.11050120,-6.90050120,0.01610977,-0.66897483,-0.66879373,-7.01348685,0.00081418,false,false,false
CP01-R0750,750,751,40.91005568,-3.97005568,0.01586824,-0.38483312,-0.38467251,-4.03406925,0.00026532,false,false,false
CP01-R0751,751,752,42.50916464,1.58083536,0.01546525,0.15320523,0.15313194,1.60566741,0.00004097,false,false,false
CP01-R0752,752,753,48.95047190,3.65952810,0.01553345,0.35467214,0.35452024,3.71727014,0.00022054,false,false,false
CP01-R0753,753,754,49.75002638,10.00997362,0.01535074,0.97005111,0.97002306,10.16602967,0.00163003,false,false,false
CP01-R0754,754,755,51.34913533,15.96086467,0.01506538,1.54651871,1.54757485,16.20499914,0.00406481,false,true,true
CP01-R0755,755,756,58.43090357,11.22909643,0.01508503,1.08804763,1.08814570,11.40108212,0.00201466,false,false,false
CP01-R0756,756,757,68.71088971,2.90911029,0.01883948,0.28241816,0.28229085,2.96496877,0.00017017,true,false,true
CP01-R0757,757,758,78.99087586,-4.82087586,0.02700622,-0.46997351,-0.46979412,-4.95468312,0.00068117,true,false,true
CP01-R0758,758,759,22.22991420,-4.09991420,0.00508185,-0.39526063,-0.39509724,-4.12085577,0.00008867,false,false,false
CP01-R0759,759,760,23.02946868,-0.49946868,0.00483767,-0.04814639,-0.04812286,-0.50189669,0.00000125,false,false,false
CP01-R0760,760,761,24.62857764,2.71142236,0.00442937,0.26131456,0.26119529,2.72348569,0.00003376,false,false,false
CP01-R0761,761,762,27.82679555,2.15320445,0.00393309,0.20746435,0.20736710,2.16170663,0.00001888,false,false,false
CP01-R0762,762,763,31.71034587,-0.36034587,0.00390459,-0.03471935,-0.03470236,-0.36175839,0.00000053,false,false,false
CP01-R0763,763,764,41.99033202,-9.27033202,0.00686874,-0.89452901,-0.89444140,-9.33444794,0.00061492,false,false,false
CP01-R0764,764,765,27.89937270,-21.62937270,0.00829633,-2.08860075,-2.09205164,-21.81031833,0.00405483,false,true,true
CP01-R0765,765,766,28.12781683,-13.42781683,0.00822598,-1.29658654,-1.29701968,-13.53918998,0.00154930,false,false,false
CP01-R0766,766,767,28.58470510,-5.36470510,0.00809182,-0.51797951,-0.51779383,-5.40846947,0.00024320,false,false,false
CP01-R0767,767,768,29.38425958,-1.46425958,0.00787801,-0.14136373,-0.14129587,-1.47588663,0.00001763,false,false,false
CP01-R0768,768,769,30.98336854,0.36663146,0.00753047,0.03538943,0.03537212,0.36941332,0.00000106,false,false,false
CP01-R0769,769,770,42.44501468,-3.44501468,0.00755535,-0.33253732,-0.33239243,-3.47124112,0.00009354,false,false,false
CP01-R0770,770,771,63.00498698,-21.76498698,0.02786616,-2.12274510,-2.12640279,-22.38887911,0.01435173,true,true,true
CP01-R0771,771,772,25.24851877,-10.25851877,0.00673221,-0.98981481,-0.98980497,-10.32804940,0.00073783,false,false,false
CP01-R0772,772,773,22.22770860,-8.70770860,0.00479340,-0.83936282,-0.83924127,-8.74964913,0.00037704,false,false,false
CP01-R0773,773,774,29.20570708,-5.20570708,0.00513397,-0.50188000,-0.50169605,-5.23257092,0.00014443,false,false,false
CP01-R0774,774,775,31.60437051,5.81562949,0.00459907,0.56053169,0.56034335,5.84249956,0.00016130,false,false,false
CP01-R0775,775,776,31.27179062,-19.80179062,0.01232029,-1.91601482,-1.91852852,-20.04879763,0.00508815,false,true,true
CP01-R0776,776,777,21.24170926,1.19829074,0.00575535,0.11556280,0.11550694,1.20522725,0.00000859,false,false,false
CP01-R0777,777,778,24.90479110,-3.74479110,0.00521490,-0.36104840,-0.36089458,-3.76442217,0.00007593,false,false,false
CP01-R0778,778,779,27.30345454,4.53654546,0.00468742,0.43726829,0.43709503,4.55791030,0.00010005,false,false,false
CP01-R0779,779,780,19.93625565,-5.13625565,0.00634901,-0.49548688,-0.49530373,-5.16907416,0.00017430,false,false,false
CP01-R0780,780,781,22.33491909,2.84508091,0.00580225,0.27438521,0.27426092,2.86168513,0.00004882,false,false,false
CP01-R0781,781,782,16.79610357,0.74389643,0.00735903,0.07179907,0.07176409,0.74941137,0.00000425,false,false,false
CP01-R0782,782,783,19.21524909,-5.01524909,0.00578294,-0.48367581,-0.48349428,-5.04442066,0.00015119,false,false,false
CP01-R0783,783,784,21.61391252,0.03608748,0.00521023,0.00347931,0.00347761,0.03627649,0.00000001,false,false,false
CP01-R0784,784,785,28.69568075,0.69431925,0.00492096,0.06693186,0.06689922,0.69775286,0.00000246,false,false,false
CP01-R0785,785,786,20.43717333,-6.91717333,0.01463845,-0.67009028,-0.66990937,-7.01993430,0.00074118,false,false,false
CP01-R0786,786,787,22.68459687,-6.42459687,0.00466734,-0.61924744,-0.61906037,-6.45472324,0.00019980,false,false,false
CP01-R0787,787,788,25.08326030,6.36673970,0.00414852,0.61351089,0.61332343,6.39326229,0.00017422,false,false,false
CP01-R0788,788,789,32.16502854,5.06497146,0.00401836,0.48803818,0.48785603,5.08540647,0.00010677,false,false,false
CP01-R0789,789,790,25.70540704,-7.57540704,0.00661528,-0.73088610,-0.73071927,-7.62585420,0.00039526,false,false,false
CP01-R0790,790,791,28.10407048,4.61592952,0.00614437,0.44524596,0.44507107,4.64446686,0.00013618,false,false,false
CP01-R0791,791,792,35.18583871,4.30416129,0.00615566,0.41517559,0.41500726,4.33082033,0.00011863,false,false,false
CP01-R0792,792,793,45.46582486,-4.41582486,0.00989796,-0.42675078,-0.42657979,-4.45996946,0.00020229,false,false,false
CP01-R0793,793,794,66.02579715,-23.89579715,0.03061942,-2.33387090,-2.33897516,-24.65058369,0.01911674,true,true,true
CP01-R0794,794,795,18.12685537,0.00314463,0.00531030,0.00030320,0.00030305,0.00316142,0.00000000,false,false,false
CP01-R0795,795,796,37.08771871,-10.34771871,0.00756730,-0.99884143,-0.99884029,-10.42662007,0.00084526,false,false,false
CP01-R0796,796,797,64.51512999,-2.59512999,0.01748491,-0.25176304,-0.25164752,-2.64131310,0.00012533,true,false,true
CP01-R0797,797,798,49.59093287,-2.37093287,0.01496397,-0.22971834,-0.22961175,-2.40695040,0.00008907,false,false,false
CP01-R0798,798,799,59.87091902,-8.83091902,0.01796223,-0.85692788,-0.85681630,-8.99244335,0.00149238,true,false,true
CP01-R0799,799,800,70.15090516,-14.99090516,0.02537277,-1.46019565,-1.46100672,-15.38116805,0.00616750,true,true,true
CP01-R0800,800,801,48.49358363,-6.85358363,0.01564985,-0.66427112,-0.66408926,-6.96254641,0.00077949,false,false,false
CP01-R0801,801,802,15.84714556,-2.13714556,0.00728862,-0.20626477,-0.20616803,-2.15283677,0.00003471,false,false,false
CP01-R0802,802,803,18.24580899,1.44419101,0.00676319,0.13934799,0.13928105,1.45402486,0.00001469,false,false,false
CP01-R0803,803,804,27.14067861,4.50932139,0.00483904,0.43467733,0.43450461,4.53124829,0.00010208,false,false,false
CP01-R0804,804,805,27.61554765,-8.50554765,0.00866855,-0.82147680,-0.82134589,-8.57992316,0.00065566,false,false,false
CP01-R0805,805,806,30.47109936,9.10890064,0.00790779,0.87941205,0.87931436,9.18150608,0.00068493,false,false,false
CP01-R0806,806,807,37.55286759,11.23713241,0.00749024,1.08465237,1.08474621,11.32193638,0.00098651,false,false,false
CP01-R0807,807,808,29.35562550,-5.35562550,0.00527406,-0.51636993,-0.51618440,-5.38402117,0.00015708,false,false,false
CP01-R0808,808,809,31.75428893,5.66571107,0.00474408,0.54612179,0.54593402,5.69271776,0.00015796,false,false,false
CP01-R0809,809,810,15.69722714,-4.22722714,0.00722632,-0.40797441,-0.40780781,-4.25799678,0.00013461,false,false,false
CP01-R0810,810,811,18.24580899,1.44419101,0.00676319,0.13934799,0.13928105,1.45402486,0.00001469,false,false,false
CP01-R0811,811,812,20.52877490,-5.53877490,0.00514627,-0.53399423,-0.53380721,-5.56742636,0.00016389,false,false,false
CP01-R0812,812,813,22.92743834,4.99256166,0.00464525,0.48121256,0.48103140,5.01586159,0.00012008,false,false,false
CP01-R0813,813,814,30.00920657,4.67079343,0.00456764,0.45018109,0.45000524,4.69222583,0.00010333,false,false,false
CP01-R0814,814,815,40.28919272,-2.95919272,0.00818091,-0.28573240,-0.28560385,-2.98360129,0.00007482,false,false,false
CP01-R0815,815,816,60.84916501,-22.73916501,0.02864429,-2.21864506,-2.22292328,-23.40971988,0.01612846,true,true,true
CP01-R0816,816,817,44.29782390,-10.49782390,0.01509600,-1.01719636,-1.01721366,-10.65872810,0.00176212,false,false,false
CP01-R0817,817,818,44.75471218,-2.33471218,0.01496151,-0.22620865,-0.22610351,-2.37017356,0.00008636,false,false,false
CP01-R0818,818,819,45.55426665,2.84573335,0.01474713,0.27569114,0.27556636,2.88832790,0.00012640,false,false,false
CP01-R0819,819,820,47.15337561,8.78662439,0.01439844,0.85108676,0.85097178,8.91498628,0.00117576,false,false,false
CP01-R0820,820,821,54.23514384,4.54485616,0.01413761,0.44016394,0.43999008,4.61003096,0.00030871,false,false,false
CP01-R0821,821,822,74.79511614,-7.68511614,0.02524449,-0.74852283,-0.74836154,-7.88414740,0.00161227,true,false,true
CP01-R0822,822,823,20.17970609,0.59029391,0.00499198,0.05690592,0.05687814,0.59325543,0.00000181,false,false,false
CP01-R0823,823,824,21.77881505,3.40118495,0.00459545,0.32781808,0.32767475,3.41688708,0.00005513,false,false,false
CP01-R0824,824,825,39.14056943,-9.55056943,0.00716249,-0.92170649,-0.92163851,-9.61946882,0.00068097,false,false,false
CP01-R0825,825,826,19.72596433,2.02403567,0.00492106,0.19511554,0.19502360,2.03404534,0.00002092,false,false,false
CP01-R0826,826,827,33.32379869,5.76620131,0.00490758,0.55585377,0.55566558,5.79463896,0.00016931,false,false,false
CP01-R0827,827,828,37.21913691,-12.82913691,0.00912693,-1.23934121,-1.23966695,-12.94730609,0.00157198,false,false,false
CP01-R0828,828,829,52.41391735,-1.90391735,0.02627930,-0.18553821,-0.18545045,-1.95530130,0.00010323,true,false,true
CP01-R0829,829,830,54.81258078,20.17741922,0.02625627,1.96628173,1.96905026,20.72148819,0.01158343,true,true,true
CP01-R0830,830,831,31.91664222,5.25335778,0.00651254,0.50682526,0.50664073,5.28779478,0.00018710,false,false,false
CP01-R0831,831,832,40.85825824,-7.09825824,0.01128124,-0.68646417,-0.68628631,-7.17924910,0.00059742,false,false,false
CP01-R0832,832,833,23.04121337,-6.54121337,0.01273915,-0.63305993,-0.63287405,-6.62561812,0.00057459,false,false,false
CP01-R0833,833,834,21.88741062,-1.89741062,0.00694145,-0.18309495,-0.18300827,-1.91067346,0.00002604,false,false,false
CP01-R0834,834,835,39.96767694,-3.61767694,0.01119450,-0.34984592,-0.34969551,-3.65863351,0.00015396,false,false,false
CP01-R0835,835,836,52.53723396,-18.84723396,0.01451638,-1.82568304,-1.82777464,-19.12485765,0.00545528,false,true,true
CP01-R0836,836,837,28.17622413,-12.75622413,0.01190749,-1.23403024,-1.23434663,-12.90994918,0.00203907,false,false,false
CP01-R0837,837,838,31.26413688,2.15586312,0.00624181,0.20796167,0.20786420,2.16940413,0.00003018,false,false,false
CP01-R0838,838,839,31.29518986,7.75481014,0.00688003,0.74829488,0.74813352,7.80853306,0.00043101,false,false,false
CP01-R0839,839,840,34.51314142,-6.83314142,0.00773362,-0.65964266,-0.65946008,-6.88639822,0.00037682,false,false,false
CP01-R0840,840,841,26.72324697,0.13675303,0.00863839,0.01320758,0.01320112,0.13794465,0.00000017,false,false,false
CP01-R0841,841,842,42.35895284,2.94104716,0.00410334,0.28339835,0.28327067,2.95316500,0.00003677,false,false,false
CP01-R0842,842,843,30.31787183,-0.19787183,0.00645597,-0.01908943,-0.01908008,-0.19915758,0.00000026,false,false,false
CP01-R0843,843,844,26.11808306,-10.54808306,0.00889668,-1.01886476,-1.01888378,-10.64276840,0.00103538,false,false,false
CP01-R0844,844,845,34.60449061,10.00550939,0.00602518,0.96505925,0.96502677,10.06615979,0.00062728,false,false,false
CP01-R0845,845,846,39.93140613,13.58859387,0.00677523,1.31115252,1.31161496,13.68128774,0.00130299,false,false,false
CP01-R0846,846,847,39.69715033,17.51284967,0.00401634,1.68745879,1.68898911,17.58347079,0.00127586,false,false,false
CP01-R0847,847,848,46.73658791,19.17341209,0.00634922,1.84963052,1.85182963,19.29592618,0.00242892,false,false,false
CP01-R0848,848,849,43.62275260,9.19724740,0.00737788,0.88770437,0.88761214,9.26560794,0.00065079,false,false,false
CP01-R0849,849,850,31.74757958,1.65242042,0.00461666,0.15926775,0.15919171,1.66008447,0.00001307,false,false,false
CP01-R0850,850,851,22.26737431,-4.23737431,0.00995622,-0.40951715,-0.40935017,-4.27998680,0.00018739,false,false,false
CP01-R0851,851,852,32.60200377,4.75799623,0.01153506,0.46019927,0.46002156,4.81352049,0.00027460,false,false,false
CP01-R0852,852,853,33.51053368,-0.67053368,0.00981963,-0.06479864,-0.06476703,-0.67718337,0.00000463,false,false,false
CP01-R0853,853,854,31.19910898,11.44089102,0.00492883,1.10289773,1.10301473,11.49756058,0.00066945,false,false,false
CP01-R0854,854,855,29.76750647,10.29249353,0.00784483,0.99364961,0.99364345,10.37387484,0.00086742,false,false,false
CP01-R0855,855,856,39.93221854,2.00778146,0.00382798,0.19344243,0.19335122,2.01549675,0.00001598,false,false,false
CP01-R0856,856,857,44.61157690,16.61842310,0.00417420,1.60140282,1.60263236,16.68808241,0.00119440,false,false,false
CP01-R0857,857,858,39.47938793,1.39061207,0.00977609,0.13438220,0.13431757,1.40434103,0.00001981,false,false,false
CP01-R0858,858,859,36.50539728,-3.20539728,0.01406673,-0.31042777,-0.31029036,-3.25113005,0.00015277,false,false,false
CP01-R0859,859,860,39.88792557,12.53207443,0.00356111,1.20725801,1.20752883,12.57686202,0.00057875,false,false,false
CP01-R0860,860,861,26.20169876,-11.11169876,0.01002672,-1.07391816,-1.07399887,-11.22424105,0.00129788,false,false,false
CP01-R0861,861,862,37.39705199,1.06294801,0.00471929,0.10245701,0.10240735,1.06798816,0.00000553,false,false,false
CP01-R0862,862,863,36.99258786,0.26741214,0.00573909,0.02578894,0.02577631,0.26895571,0.00000043,false,false,false
CP01-R0863,863,864,20.11367020,15.11632980,0.01607623,1.46544019,1.46626521,15.36331400,0.00389867,false,true,true
CP01-R0864,864,865,35.60851162,6.52148838,0.00340187,0.62818730,0.62800097,6.54374935,0.00014967,false,false,false
CP01-R0865,865,866,27.64676119,4.22323881,0.00994367,0.40814845,0.40798181,4.26565506,0.00018590,false,false,false
CP01-R0866,866,867,34.24205954,7.29794046,0.00510842,0.70358230,0.70340820,7.33541283,0.00028242,false,false,false
CP01-R0867,867,868,36.18595169,3.26404831,0.01414018,0.31611963,0.31598024,3.31086453,0.00015926,false,false,false
CP01-R0868,868,869,35.35696207,2.55303793,0.01006562,0.24674964,0.24663613,2.57899712,0.00006879,false,false,false
CP01-R0869,869,870,39.78142585,4.49857415,0.00368613,0.43339037,0.43321793,4.51521782,0.00007721,false,false,false
CP01-R0870,870,871,33.39189628,-2.21189628,0.00779677,-0.21353394,-0.21343411,-2.22927745,0.00003981,false,false,false
CP01-R0871,871,872,26.44050879,-2.75050879,0.00437998,-0.26507495,-0.26495423,-2.76260895,0.00003435,false,false,false
CP01-R0872,872,873,29.00316823,3.75683177,0.00851753,0.36281204,0.36265770,3.78910560,0.00012565,false,false,false
CP01-R0873,873,874,31.86915949,0.53084051,0.00443809,0.05116022,0.05113522,0.53320693,0.00000130,false,false,false
CP01-R0874,874,875,18.24295614,10.38704386,0.01974740,1.00884728,1.00885607,10.59629310,0.00227814,true,false,true
CP01-R0875,875,876,34.98819666,1.81180334,0.00612762,0.17476248,0.17467949,1.82297384,0.00002092,false,false,false
CP01-R0876,876,877,24.14882729,-5.86882729,0.01219354,-0.56782938,-0.56764088,-5.94127242,0.00044223,false,false,false
CP01-R0877,877,878,24.40401212,8.65598788,0.01065948,0.83684727,0.83672436,8.74925032,0.00083838,false,false,false
CP01-R0878,878,879,25.34126274,6.07873726,0.01507543,0.58899872,0.58881025,6.17177948,0.00059000,false,false,false
CP01-R0879,879,880,22.32061129,8.70938871,0.00579167,0.83994614,0.83982492,8.76012447,0.00045665,false,false,false
CP01-R0880,880,881,40.39621901,3.99378099,0.00421191,0.38486042,0.38469981,4.01067361,0.00006961,false,false,false
CP01-R0881,881,882,17.09556640,-4.91556640,0.00596696,-0.47410619,-0.47392612,-4.94507348,0.00014992,false,false,false
CP01-R0882,882,883,30.88004543,-5.32004543,0.00621578,-0.51318241,-0.51299720,-5.35332051,0.00018302,false,false,false
CP01-R0883,883,884,23.34319434,13.09680566,0.00460360,1.26232102,1.26268841,13.15737700,0.00081884,false,false,false
CP01-R0884,884,885,32.99246650,-0.03246650,0.01115774,-0.00313960,-0.00313806,-0.03283284,0.00000001,false,false,false
CP01-R0885,885,886,28.07823656,-4.23823656,0.00968218,-0.40954380,-0.40937682,-4.27967312,0.00018220,false,false,false
CP01-R0886,886,887,31.16410382,-4.93410382,0.00571247,-0.47583321,-0.47565288,-4.96245168,0.00014454,false,false,false
CP01-R0887,887,888,25.51390982,-7.56390982,0.01166300,-0.73163804,-0.73147144,-7.65316871,0.00070187,false,false,false
CP01-R0888,888,889,34.91667501,5.76332499,0.00979186,0.55694502,0.55675679,5.82031670,0.00034082,false,false,false
CP01-R0889,889,890,23.59261136,-4.58261136,0.00704988,-0.44223364,-0.44205936,-4.61514759,0.00015428,false,false,false
CP01-R0890,890,891,33.56091726,0.15908274,0.00331679,0.01532311,0.01531561,0.15961214,0.00000009,false,false,false
CP01-R0891,891,892,16.81284145,-8.27284145,0.01683110,-0.80231165,-0.80217156,-8.41446619,0.00122441,false,false,false
CP01-R0892,892,893,26.97817860,-13.51817860,0.01846794,-1.31210443,-1.31256881,-13.77252889,0.00359922,true,false,true
CP01-R0893,893,894,26.09169524,6.14830476,0.00743590,0.59344240,0.59325403,6.19436546,0.00029315,false,false,false
CP01-R0894,894,895,25.65911123,-2.13911123,0.00326449,-0.20603731,-0.20594067,-2.14611721,0.00001545,false,false,false
CP01-R0895,895,896,31.30209803,-1.58209803,0.00822007,-0.15276652,-0.15269344,-1.59521078,0.00002149,false,false,false
CP01-R0896,896,897,37.98558630,11.78441370,0.00300659,1.13491752,1.13507780,11.81995145,0.00043159,false,false,false
CP01-R0897,897,898,42.23445906,10.20554094,0.00360390,0.98315611,0.98314001,10.24245369,0.00038846,false,false,false
CP01-R0898,898,899,36.78937727,4.14062273,0.00399582,0.39896752,0.39880318,4.15723430,0.00007095,false,false,false
CP01-R0899,899,900,28.04130686,16.81869314,0.00432567,1.62082473,1.62211903,16.89176124,0.00126813,false,false,false
CP01-R0900,900,901,19.20203798,-6.00203798,0.00737991,-0.57930820,-0.57911961,-6.04666178,0.00027723,false,false,false
CP01-R0901,901,902,32.83739205,4.59260795,0.01577962,0.44515952,0.44498465,4.66623943,0.00035301,false,false,false
CP01-R0902,902,903,31.00015254,-1.13015254,0.00855906,-0.10914557,-0.10909274,-1.13990909,0.00001143,false,false,false
CP01-R0903,903,904,41.14371337,15.46628663,0.00641505,1.49205907,1.49295675,15.56614416,0.00159707,false,false,false
CP01-R0904,904,905,17.71599224,-5.25599224,0.01077200,-0.50816995,-0.50798528,-5.31322634,0.00031245,false,false,false
CP01-R0905,905,906,24.52672080,-0.73672080,0.00869904,-0.07115454,-0.07111986,-0.74318580,0.00000494,false,false,false
CP01-R0906,906,907,20.20870243,-6.91870243,0.00702321,-0.66766340,-0.66748208,-6.96763761,0.00035032,false,false,false
CP01-R0907,907,908,38.75524826,0.66475174,0.00304260,0.06402118,0.06398994,0.66678049,0.00000139,false,false,false
CP01-R0908,908,909,47.63334864,-1.40334864,0.00813972,-0.13550109,-0.13543594,-1.41486525,0.00001674,false,false,false
CP01-R0909,909,910,50.40714425,-5.88714425,0.01852188,-0.57143499,-0.57124644,-5.99824300,0.00068469,true,false,true
CP01-R0910,910,911,23.24726825,0.49273175,0.00535635,0.04750937,0.04748615,0.49538521,0.00000135,false,false,false
CP01-R0911,911,912,28.57217003,-2.43217003,0.00428062,-0.23438398,-0.23427547,-2.44262598,0.00002624,false,false,false
CP01-R0912,912,913,23.87283200,-8.35283200,0.01145107,-0.80786190,-0.80772437,-8.44958879,0.00084000,false,false,false
CP01-R0913,913,914,37.17461504,6.39538496,0.00397321,0.61621696,0.61602968,6.42089654,0.00016830,false,false,false
CP01-R0914,914,915,37.25536538,-1.39536538,0.00563663,-0.13456058,-0.13449586,-1.40327511,0.00001140,false,false,false
CP01-R0915,915,916,40.11216061,0.93783939,0.00502624,0.09041180,0.09036788,0.94257700,0.00000459,false,false,false
CP01-R0916,916,917,33.69736548,-4.70736548,0.00745295,-0.45436496,-0.45418832,-4.74271266,0.00017224,false,false,false
CP01-R0917,917,918,32.98406054,13.25593946,0.00283471,1.27652522,1.27691932,13.29362303,0.00051470,false,false,false
CP01-R0918,918,919,25.52678742,1.39321258,0.00738080,0.13447096,0.13440629,1.40357207,0.00001494,false,false,false
CP01-R0919,919,920,17.48160858,-6.94160858,0.01186080,-0.67151160,-0.67133094,-7.02492988,0.00060140,false,false,false
CP01-R0920,920,921,27.70076258,-2.60076258,0.00649791,-0.25091047,-0.25079530,-2.61777265,0.00004575,false,false,false
CP01-R0921,921,922,33.32166174,-4.25166174,0.00581103,-0.41004045,-0.40987334,-4.27651269,0.00010919,false,false,false
CP01-R0922,922,923,18.09388575,-8.35388575,0.00783441,-0.80648987,-0.80635170,-8.41985029,0.00057066,false,false,false
CP01-R0923,923,924,32.63333820,1.16666180,0.00224135,0.11231421,0.11225988,1.16928258,0.00000315,false,false,false
CP01-R0924,924,925,34.18841226,5.65158774,0.01553029,0.54773660,0.54754875,5.74074312,0.00052587,false,false,false
CP01-R0925,925,926,28.18330688,-1.21330688,0.00694310,-0.11708090,-0.11702434,-1.22178989,0.00001065,false,false,false
CP01-R0926,926,927,30.82737087,-3.59737087,0.00728277,-0.34719615,-0.34704657,-3.62376190,0.00009826,false,false,false
CP01-R0927,927,928,37.12267853,-6.47267853,0.01238467,-0.62631468,-0.62612818,-6.55384574,0.00054656,false,false,false
CP01-R0928,928,929,35.94253945,-2.89253945,0.01112534,-0.27971202,-0.27958572,-2.92508197,0.00009780,false,false,false
CP01-R0929,929,930,33.71123718,-9.13123718,0.01223211,-0.88349610,-0.88340108,-9.24431462,0.00107402,false,false,false
CP01-R0930,930,931,26.72275395,-4.81275395,0.01054768,-0.46526318,-0.46508459,-4.86405848,0.00025640,false,false,false
CP01-R0931,931,932,35.53769830,-4.65769830,0.01181150,-0.45056134,-0.45038541,-4.71337030,0.00026961,false,false,false
CP01-R0932,932,933,23.97269838,-8.63269838,0.01046562,-0.83451392,-0.83438976,-8.72400041,0.00081839,false,false,false
CP01-R0933,933,934,28.16089107,-3.82089107,0.01775179,-0.37072895,-0.37057229,-3.88994455,0.00027599,true,false,true
CP01-R0934,934,935,39.83757598,-15.94757598,0.01533653,-1.54544385,-1.54649673,-16.19596583,0.00413336,false,true,true
CP01-R0935,935,936,26.64387183,-3.71387183,0.01183441,-0.35926467,-0.35911139,-3.75834970,0.00017175,false,false,false
CP01-R0936,936,937,30.24441718,-0.83441718,0.01612368,-0.08089384,-0.08085447,-0.84809153,0.00001192,false,false,false
CP01-R0937,937,938,18.26504249,10.36495751,0.01970396,1.00667983,1.00668644,10.57329325,0.00226327,true,false,true
CP01-R0938,938,939,34.94131302,1.85868698,0.00600052,0.17927331,0.17918832,1.86990739,0.00002156,false,false,false
CP01-R0939,939,940,24.15183706,-5.86183706,0.01235848,-0.56720041,-0.56701192,-5.93518695,0.00044730,false,false,false
CP01-R0940,940,941,24.48185715,8.23814285,0.01072346,0.79647643,0.79633372,8.32744186,0.00076405,false,false,false
CP01-R0941,941,942,25.12049616,6.29950384,0.01469536,0.61027214,0.61008449,6.39345801,0.00061718,false,false,false
CP01-R0942,942,943,22.44085446,6.49914554,0.00578794,0.62678589,0.62659944,6.53698122,0.00025412,false,false,false
CP01-R0943,943,944,40.36081834,0.56918166,0.00413707,0.05484709,0.05482030,0.57154619,0.00000139,false,false,false
CP01-R0944,944,945,16.94764238,-4.76764238,0.00593539,-0.45983162,-0.45965398,-4.79610917,0.00014028,false,false,false
CP01-R0945,945,946,30.80920093,-5.24920093,0.00610726,-0.50632096,-0.50613649,-5.28145617,0.00017503,false,false,false
CP01-R0946,946,947,23.39603833,13.04396167,0.00475987,1.25732641,1.25768458,13.10634621,0.00084008,false,false,false
CP01-R0947,947,948,32.95578816,0.00421184,0.01086922,0.00040724,0.00040704,0.00425812,0.00000000,false,false,false
CP01-R0948,948,949,28.07796668,-4.23796668,0.00945384,-0.40947052,-0.40930356,-4.27841414,0.00017780,false,false,false
CP01-R0949,949,950,31.10474229,-4.87474229,0.00560722,-0.47008365,-0.46990424,-4.90223016,0.00013845,false,false,false
CP01-R0950,950,951,25.50334894,-7.54334894,0.01176512,-0.72968694,-0.72951976,-7.63315391,0.00070431,false,false,false
CP01-R0951,951,952,34.92124262,3.70875738,0.00973855,0.35839006,0.35823704,3.74523048,0.00014035,false,false,false
CP01-R0952,952,953,23.50913068,-4.49913068,0.00707954,-0.43418403,-0.43401142,-4.53120955,0.00014935,false,false,false
CP01-R0953,953,954,33.44137108,0.27862892,0.00330176,0.02683779,0.02682466,0.27955193,0.00000027,false,false,false
CP01-R0954,954,955,16.88950037,-8.34950037,0.01670150,-0.80969278,-0.80955612,-8.49131816,0.00123728,false,false,false
CP01-R0955,955,956,26.90574639,-13.44574639,0.01815373,-1.30486515,-1.30531484,-13.69434991,0.00349793,true,false,true
CP01-R0956,956,957,25.94614940,6.30385060,0.00701426,0.60832669,0.60813893,6.34837976,0.00029045,false,false,false
CP01-R0957,957,958,25.64869050,-2.12869050,0.00327402,-0.20503457,-0.20493836,-2.13568277,0.00001534,false,false,false
CP01-R0958,958,959,31.49645908,-1.76645908,0.00820201,-0.17056677,-0.17048565,-1.78106741,0.00002673,false,false,false
CP01-R0959,959,960,38.13664558,11.63335442,0.00312458,1.12043581,1.12057610,11.66981774,0.00043720,false,false,false
CP01-R0960,960,961,42.11648394,10.33351606,0.00356225,0.99546386,0.99545944,10.37045818,0.00039362,false,false,false
CP01-R0961,961,962,36.78295948,4.14704052,0.00385242,0.39955715,0.39939265,4.16307845,0.00006860,false,false,false
CP01-R0962,962,963,28.22543540,16.64456460,0.00429034,1.60401544,1.60525358,16.71628310,0.00123178,false,false,false
CP01-R0963,963,964,19.20105746,-6.00105746,0.00752756,-0.57925664,-0.57906806,-6.04657339,0.00028277,false,false,false
CP01-R0964,964,965,32.81876790,4.61123210,0.01573539,0.44695470,0.44677948,4.68495163,0.00035485,false,false,false
CP01-R0965,965,966,31.16375606,-1.29375606,0.00837900,-0.12493439,-0.12487415,-1.30468804,0.00001465,false,false,false
CP01-R0966,966,967,41.09253629,15.52746371,0.00640055,1.49795000,1.49886418,15.62748823,0.00160605,false,false,false
CP01-R0967,967,968,17.65986882,-5.19986882,0.01089951,-0.50277612,-0.50259206,-5.25716937,0.00030951,false,false,false
CP01-R0968,968,969,24.52611332,-0.73611332,0.00883050,-0.07110059,-0.07106593,-0.74267149,0.00000500,false,false,false
CP01-R0969,969,970,20.11437811,-6.82437811,0.00704152,-0.65856706,-0.65838432,-6.87277291,0.00034174,false,false,false
CP01-R0970,970,971,38.97069667,0.44930333,0.00306765,0.04327223,0.04325107,0.45068588,0.00000064,false,false,false
CP01-R0971,971,972,47.70293378,-1.47293378,0.00815366,-0.14222092,-0.14215267,-1.48504232,0.00001848,false,false,false
CP01-R0972,972,973,50.29367988,-5.77367988,0.01831778,-0.56036332,-0.56017499,-5.88141434,0.00065103,true,false,true
CP01-R0973,973,974,23.29400699,0.44599301,0.00535955,0.04300287,0.04298185,0.44839621,0.00000111,false,false,false
CP01-R0974,974,975,28.74317644,-2.59317644,0.00406652,-0.24987302,-0.24975826,-2.60376470,0.00002833,false,false,false
CP01-R0975,975,976,23.83788698,-8.30788698,0.01145434,-0.80351628,-0.80337674,-8.40415101,0.00083123,false,false,false
CP01-R0976,976,977,37.21477621,6.36522379,0.00403398,0.61332954,0.61314207,6.39100500,0.00016929,false,false,false
CP01-R0977,977,978,37.31645266,-1.44645266,0.00565188,-0.13948820,-0.13942120,-1.45467431,0.00001229,false,false,false
CP01-R0978,978,979,40.06527698,0.98472302,0.00493353,0.09492716,0.09488108,0.98960527,0.00000496,false,false,false
CP01-R0979,979,980,33.79962557,-4.80962557,0.00747918,-0.46424146,-0.46406304,-4.84586869,0.00018045,false,false,false
CP01-R0980,980,981,32.82560800,13.42439200,0.00270117,1.29266037,1.29308575,13.46075174,0.00050287,false,false,false
CP01-R0981,981,982,25.55176954,1.36823046,0.00718265,0.13204654,0.13198299,1.37812907,0.00001402,false,false,false
CP01-R0982,982,983,17.50121038,-6.96121038,0.01177477,-0.67337852,-0.67319817,-7.04415369,0.00060031,false,false,false
CP01-R0983,983,984,27.64844165,-2.54844165,0.00650756,-0.24586396,-0.24575080,-2.56513442,0.00004399,false,false,false
CP01-R0984,984,985,33.48814914,-4.41814914,0.00582470,-0.42609982,-0.42592897,-4.44403430,0.00011819,false,false,false
CP01-R0985,985,986,18.03414509,-8.29414509,0.00789847,-0.80074832,-0.80060751,-8.36017773,0.00056720,false,false,false
CP01-R0986,986,987,32.86064310,0.93935690,0.00218585,0.09042911,0.09038518,0.94141468,0.00000199,false,false,false
CP01-R0987,987,988,31.92439949,5.24560051,0.00644888,0.50606065,0.50587621,5.27964835,0.00018470,false,false,false
CP01-R0988,988,989,40.85886178,-7.09886178,0.01108348,-0.68645389,-0.68627603,-7.17842373,0.00058681,false,false,false
CP01-R0989,989,990,23.05627392,-6.55627392,0.01291844,-0.63457511,-0.63438939,-6.64207922,0.00058557,false,false,false
CP01-R0990,990,991,21.77898452,-1.78898452,0.00682031,-0.17262160,-0.17253956,-1.80126973,0.00002274,false,false,false
CP01-R0991,991,992,40.08227280,-3.73227280,0.01161108,-0.36100391,-0.36085011,-3.77611760,0.00017011,false,false,false
CP01-R0992,992,993,52.58350282,-14.36350282,0.01465111,-1.39145066,-1.39208963,-14.57707310,0.00319870,false,false,false
CP01-R0993,993,994,28.03498845,-12.61498845,0.01175673,-1.22027409,-1.22056674,-12.76506392,0.00196832,false,false,false
CP01-R0994,994,995,31.35837098,2.06162902,0.00624250,0.19887160,0.19877804,2.07457958,0.00002760,false,false,false
CP01-R0995,995,996,31.22517348,7.83482652,0.00661939,0.75591682,0.75575806,7.88703386,0.00042307,false,false,false
CP01-R0996,996,997,34.43921002,-6.75921002,0.00777095,-0.65251791,-0.65233432,-6.81214685,0.00037051,false,false,false
CP01-R0997,997,998,26.72619659,0.13380341,0.00887707,0.01292427,0.01291794,0.13500183,0.00000017,false,false,false
CP01-R0998,998,999,42.35859739,2.94140261,0.00411741,0.28343460,0.28330691,2.95356365,0.00003690,false,false,false
CP01-R0999,999,1000,30.21156487,-0.09156487,0.00631825,-0.00883299,-0.00882866,-0.09214708,0.00000006,false,false,false
CP01-R1000,1000,1001,26.04804204,-10.47804204,0.00897472,-1.01213918,-1.01215129,-10.57293112,0.00103080,false,false,false
CP01-R1001,1001,1002,34.56914293,10.04085707,0.00617049,0.96853943,0.96851003,10.10319876,0.00064714,false,false,false
CP01-R1002,1002,1003,39.88774106,13.63225894,0.00673832,1.31534129,1.31581230,13.72474069,0.00130414,false,false,false
CP01-R1003,1003,1004,39.56201574,17.65798426,0.00412678,1.70153765,1.70312064,17.73115682,0.00133305,false,false,false
CP01-R1004,1004,1005,46.57812937,19.33187063,0.00644434,1.86500605,1.86727585,19.45725991,0.00250671,false,false,false
CP01-R1005,1005,1006,43.70951339,9.12048661,0.00691753,0.88009148,0.87999424,9.18401735,0.00059949,false,false,false
CP01-R1006,1006,1007,31.86954317,1.53045683,0.00460367,0.14751138,0.14744070,1.53753513,0.00001118,false,false,false
CP01-R1007,1007,1008,22.23033312,-4.20033312,0.00976145,-0.40589741,-0.40573133,-4.24173864,0.00018045,false,false,false
CP01-R1008,1008,1009,32.46731494,4.89268506,0.01127332,0.47316390,0.47298399,4.94847078,0.00028363,false,false,false
CP01-R1009,1009,1010,33.61586900,1.69413100,0.00998628,0.16373022,0.16365217,1.71121971,0.00003005,false,false,false
CP01-R1010,1010,1011,31.18438257,11.45561743,0.00482665,1.10426065,1.10437943,11.51117790,0.00065713,false,false,false
CP01-R1011,1011,1012,29.73968210,10.32031790,0.00782502,0.99632586,0.99632228,10.40171147,0.00086988,false,false,false
CP01-R1012,1012,1013,40.03106124,3.76893876,0.00385653,0.36312872,0.36297429,3.78353006,0.00005672,false,false,false
CP01-R1013,1013,1014,44.56874454,16.67125546,0.00421229,1.60652464,1.60777108,16.74177672,0.00121306,false,false,false
CP01-R1014,1014,1015,39.40256887,1.46743113,0.00973840,0.14180294,0.14173487,1.48186210,0.00002197,false,false,false
CP01-R1015,1015,1016,36.59589033,-3.28589033,0.01348008,-0.31812852,-0.31798845,-3.33078964,0.00015366,false,false,false
CP01-R1016,1016,1017,40.09247257,12.33752743,0.00371634,1.18860921,1.18884980,12.38354885,0.00058555,false,false,false
CP01-R1017,1017,1018,26.09300540,-11.00300540,0.00992608,-1.06335917,-1.06342732,-11.11331702,0.00125958,false,false,false
CP01-R1018,1018,1019,37.38553853,1.07446147,0.00474492,0.10356812,0.10351794,1.07958401,0.00000568,false,false,false
CP01-R1019,1019,1020,37.09862076,0.17137924,0.00571745,0.01652745,0.01651935,0.17236473,0.00000017,false,false,false
CP01-R1020,1020,1021,20.01218200,15.21781800,0.01567583,1.47497880,1.47582950,15.46016905,0.00384965,false,false,false
CP01-R1021,1021,1022,35.60475254,6.53524746,0.00332009,0.62948683,0.62930062,6.55701735,0.00014666,false,false,false
CP01-R1022,1022,1023,27.74172362,4.13827638,0.00995665,0.39994001,0.39977542,4.17989412,0.00017873,false,false,false
CP01-R1023,1023,1024,34.12278452,7.41721548,0.00518467,0.71510881,0.71493759,7.45587174,0.00029613,false,false,false
CP01-R1024,1024,1025,36.16993231,3.29006769,0.01419555,0.31864852,0.31850828,3.33744455,0.00016246,false,false,false
CP01-R1025,1025,1026,35.20049595,2.71950405,0.00984130,0.26280872,0.26268887,2.74653350,0.00007628,false,false,false
CP01-R1026,1026,1027,39.89433852,4.38566148,0.00375896,0.42252787,0.42235783,4.40220923,0.00007485,false,false,false
CP01-R1027,1027,1028,33.50384078,-2.32384078,0.00789156,-0.22435165,-0.22424728,-2.34232538,0.00004449,false,false,false
CP01-R1028,1028,1029,26.46841169,-2.76841169,0.00435901,-0.26679750,-0.26667611,-2.78053207,0.00003463,false,false,false
CP01-R1029,1029,1030,29.12237014,3.64762986,0.00882935,0.35232139,0.35217022,3.68012296,0.00012286,false,false,false
CP01-R1030,1030,1031,31.89770807,0.50229193,0.00419851,0.04840300,0.04837935,0.50440970,0.00000110,false,false,false
