model_id,predictor_profile_id,profile_size,row_id,source_record,source_line,training_rank,predicted_mpa,residual_mpa,absolute_difference_from_rowwise_loo_mpa
FULL_ADDITIVE_RAW,CP01-PROFILE-R0001,1,CP01-R0001,1,2,9,53.09572463,26.89427537,0.00000000
FULL_ADDITIVE_RAW,CP01-PROFILE-R0002,1,CP01-R0002,2,3,9,53.62820664,8.26179336,0.00000000
FULL_ADDITIVE_RAW,CP01-PROFILE-R0003,1,CP01-R0003,3,4,9,57.09885921,-16.82885921,0.00000000
FULL_ADDITIVE_RAW,CP01-PROFILE-R0004,1,CP01-R0004,4,5,9,68.45052105,-27.40052105,0.00000000
FULL_ADDITIVE_RAW,CP01-PROFILE-R0005,1,CP01-R0005,5,6,9,61.43589849,-17.13589849,0.00000000
FULL_ADDITIVE_RAW,CP01-PROFILE-R0006,1,CP01-R0006,6,7,9,26.71886835,20.31113165,0.00000000
FULL_ADDITIVE_RAW,CP01-PROFILE-R0007,1,CP01-R0007,7,8,9,69.15105291,-25.45105291,0.00000000
FULL_ADDITIVE_RAW,CP01-PROFILE-R0008,1,CP01-R0008,8,9,9,29.85961795,6.59038205,0.00000000
FULL_ADDITIVE_RAW,CP01-PROFILE-R0009,1,CP01-R0009,9,10,9,19.56742834,26.28257166,0.00000000
FULL_ADDITIVE_RAW,CP01-PROFILE-R0010,1,CP01-R0010,10,11,9,31.32254869,7.96745131,0.00000000
FULL_ADDITIVE_RAW,CP01-PROFILE-R0011,1,CP01-R0011,11,12,9,30.03583792,8.03416208,0.00000000
FULL_ADDITIVE_RAW,CP01-PROFILE-R0012,1,CP01-R0012,12,13,9,22.96943961,5.05056039,0.00000000
FULL_ADDITIVE_RAW,CP01-PROFILE-R0013,1,CP01-R0013,13,14,9,58.61427569,-15.60427569,0.00000000
FULL_ADDITIVE_RAW,CP01-PROFILE-R0014,1,CP01-R0014,14,15,9,25.51842786,16.81157214,0.00000000
FULL_ADDITIVE_RAW,CP01-PROFILE-R0015,1,CP01-R0015,15,16,9,20.14496885,27.66503115,0.00000000
FULL_ADDITIVE_RAW,CP01-PROFILE-R0016,1,CP01-R0016,16,17,9,28.42966340,24.48033660,0.00000000
FULL_ADDITIVE_RAW,CP01-PROFILE-R0017,1,CP01-R0017,17,18,9,31.76684407,7.59315593,0.00000000
FULL_ADDITIVE_RAW,CP01-PROFILE-R0018,1,CP01-R0018,18,19,9,59.57741798,-3.43741798,0.00000000
FULL_ADDITIVE_RAW,CP01-PROFILE-R0019,1,CP01-R0019,19,20,9,36.97711368,3.58288632,0.00000000
FULL_ADDITIVE_RAW,CP01-PROFILE-R0020,1,CP01-R0020,20,21,9,48.89626381,-6.27626381,0.00000000
FULL_ADDITIVE_RAW,CP01-PROFILE-R0021,1,CP01-R0021,21,22,9,48.12466472,-6.28466472,0.00000000
FULL_ADDITIVE_RAW,CP01-PROFILE-R0022,1,CP01-R0022,22,23,9,24.74165058,3.49834942,0.00000000
FULL_ADDITIVE_RAW,CP01-PROFILE-R0023,1,CP01-R0023,23,24,9,22.10578305,-14.04578305,0.00000000
FULL_ADDITIVE_RAW,CP01-PROFILE-R0024,1,CP01-R0024,24,25,9,42.10858597,2.10141403,0.00000000
FULL_ADDITIVE_RAW,CP01-PROFILE-R0025,1,CP01-R0025,25,26,9,60.31126761,-7.79126761,0.00000000
FULL_ADDITIVE_RAW,CP01-PROFILE-R0026,1,CP01-R0026,26,27,9,49.16412858,4.13587142,0.00000000
FULL_ADDITIVE_RAW,CP01-PROFILE-R0027,1,CP01-R0027,27,28,9,57.85813589,-16.70813589,0.00000000
FULL_ADDITIVE_RAW,CP01-PROFILE-R0028,1,CP01-R0028,28,29,9,38.20910985,13.91089015,0.00000000
FULL_ADDITIVE_RAW,CP01-PROFILE-R0029,1,CP01-R0029,29,30,9,30.60148882,6.82851118,0.00000000
FULL_ADDITIVE_RAW,CP01-PROFILE-R0030,1,CP01-R0030,30,31,9,28.88772589,9.71227411,0.00000000
FULL_ADDITIVE_RAW,CP01-PROFILE-R0031,1,CP01-R0031,31,32,9,58.97798822,-3.71798822,0.00000000
FULL_ADDITIVE_RAW,CP01-PROFILE-R0032,1,CP01-R0032,32,33,9,58.42215991,-5.51215991,0.00000000
FULL_ADDITIVE_RAW,CP01-PROFILE-R0033,1,CP01-R0033,33,34,9,40.33995787,1.38004213,0.00000000
FULL_ADDITIVE_RAW,CP01-PROFILE-R0034,1,CP01-R0034,34,35,9,59.43855057,-17.30855057,0.00000000
FULL_ADDITIVE_RAW,CP01-PROFILE-R0035,1,CP01-R0035,35,36,9,57.16210118,-3.47210118,0.00000000
FULL_ADDITIVE_RAW,CP01-PROFILE-R0036,1,CP01-R0036,36,37,9,55.62942220,-17.21942220,0.00000000
FULL_ADDITIVE_RAW,CP01-PROFILE-R0037,1,CP01-R0037,37,38,9,27.63169380,2.44830620,0.00000000
FULL_ADDITIVE_RAW,CP01-PROFILE-R0038,1,CP01-R0038,38,39,9,36.24031003,1.47968997,0.00000000
FULL_ADDITIVE_RAW,CP01-PROFILE-R0039,1,CP01-R0039,39,40,9,38.47362891,3.75637109,0.00000000
FULL_ADDITIVE_RAW,CP01-PROFILE-R0040,1,CP01-R0040,40,41,9,45.12622943,-8.87622943,0.00000000
FULL_ADDITIVE_RAW,CP01-PROFILE-R0041,1,CP01-R0041,41,42,9,27.88004533,22.57995467,0.00000000
FULL_ADDITIVE_RAW,CP01-PROFILE-R0042,1,CP01-R0042,42,43,9,69.95440514,-26.25440514,0.00000000
FULL_ADDITIVE_RAW,CP01-PROFILE-R0043,1,CP01-R0043,43,44,9,67.03199504,-28.03199504,0.00000000
FULL_ADDITIVE_RAW,CP01-PROFILE-R0044,1,CP01-R0044,44,45,9,38.79034554,14.30965446,0.00000000
FULL_ADDITIVE_RAW,CP01-PROFILE-R0045,1,CP01-R0045,45,46,9,37.72566075,3.81433925,0.00000000
FULL_ADDITIVE_RAW,CP01-PROFILE-R0046,1,CP01-R0046,46,47,9,28.19548592,6.88451408,0.00000000
FULL_ADDITIVE_RAW,CP01-PROFILE-R0047,1,CP01-R0047,47,48,9,25.33680398,-10.28680398,0.00000000
FULL_ADDITIVE_RAW,CP01-PROFILE-R0048,1,CP01-R0048,48,49,9,47.36212387,-6.60212387,0.00000000
FULL_ADDITIVE_RAW,CP01-PROFILE-R0049,1,CP01-R0049,49,50,9,25.24694916,1.01305084,0.00000000
FULL_ADDITIVE_RAW,CP01-PROFILE-R0050,1,CP01-R0050,50,51,9,27.46895467,5.35104533,0.00000000
FULL_ADDITIVE_RAW,CP01-PROFILE-R0051,1,CP01-R0051,51,52,9,46.60395360,-6.82395360,0.00000000
FULL_ADDITIVE_RAW,CP01-PROFILE-R0052,1,CP01-R0052,52,53,9,35.81374502,11.11625498,0.00000000
FULL_ADDITIVE_RAW,CP01-PROFILE-R0053,1,CP01-R0053,53,54,9,34.75393833,-1.63393833,0.00000000
FULL_ADDITIVE_RAW,CP01-PROFILE-R0054,1,CP01-R0054,54,55,9,27.30327157,21.88672843,0.00000000
FULL_ADDITIVE_RAW,CP01-PROFILE-R0055,1,CP01-R0055,55,56,9,22.48481012,-7.89481012,0.00000000
FULL_ADDITIVE_RAW,CP01-PROFILE-R0056,1,CP01-R0056,56,57,9,20.61846780,-5.97846780,0.00000000
FULL_ADDITIVE_RAW,CP01-PROFILE-R0057,1,CP01-R0057,57,58,9,70.84187532,-28.91187532,0.00000000
FULL_ADDITIVE_RAW,CP01-PROFILE-R0058,1,CP01-R0058,58,59,9,20.18537161,-11.05537161,0.00000000
FULL_ADDITIVE_RAW,CP01-PROFILE-R0059,1,CP01-R0059,59,60,9,37.62061164,13.32938836,0.00000000
FULL_ADDITIVE_RAW,CP01-PROFILE-R0060,1,CP01-R0060,60,61,9,29.13429773,3.88570227,0.00000000
FULL_ADDITIVE_RAW,CP01-PROFILE-R0061,1,CP01-R0061,61,62,9,47.92389979,6.45610021,0.00000000
FULL_ADDITIVE_RAW,CP01-PROFILE-R0062,1,CP01-R0062,62,63,9,47.35117101,4.37882899,0.00000000
FULL_ADDITIVE_RAW,CP01-PROFILE-R0063,1,CP01-R0063,63,64,9,20.15619193,-10.28619193,0.00000000
FULL_ADDITIVE_RAW,CP01-PROFILE-R0064,1,CP01-R0064,64,65,9,46.13005776,4.52994224,0.00000000
FULL_ADDITIVE_RAW,CP01-PROFILE-R0065,1,CP01-R0065,65,66,9,37.03359139,11.66640861,0.00000000
FULL_ADDITIVE_RAW,CP01-PROFILE-R0066,1,CP01-R0066,66,67,9,48.52417496,6.53582504,0.00000000
FULL_ADDITIVE_RAW,CP01-PROFILE-R0067,1,CP01-R0067,67,68,9,63.47772857,-18.77772857,0.00000000
FULL_ADDITIVE_RAW,CP01-PROFILE-R0068,1,CP01-R0068,68,69,9,26.73585452,3.54414548,0.00000000
FULL_ADDITIVE_RAW,CP01-PROFILE-R0069,1,CP01-R0069,69,70,9,18.37510196,22.48489804,0.00000000
FULL_ADDITIVE_RAW,CP01-PROFILE-R0070,1,CP01-R0070,70,71,9,52.12673524,19.86326476,0.00000000
FULL_ADDITIVE_RAW,CP01-PROFILE-R0071,1,CP01-R0071,71,72,9,51.04250953,-16.64250953,0.00000000
FULL_ADDITIVE_RAW,CP01-PROFILE-R0072,1,CP01-R0072,72,73,9,49.50559821,-20.70559821,0.00000000
FULL_ADDITIVE_RAW,CP01-PROFILE-R0073,3,CP01-R0073,73,74,9,54.69553733,-21.29553733,0.40036479
FULL_ADDITIVE_RAW,CP01-PROFILE-R0074,1,CP01-R0074,74,75,9,55.02486689,-18.72486689,0.00000000
FULL_ADDITIVE_RAW,CP01-PROFILE-R0075,1,CP01-R0075,75,76,9,55.46660849,-26.46660849,0.00000000
FULL_ADDITIVE_RAW,CP01-PROFILE-R0076,1,CP01-R0076,76,77,9,53.03362888,-15.23362888,0.00000000
FULL_ADDITIVE_RAW,CP01-PROFILE-R0077,1,CP01-R0077,77,78,9,67.28174501,-27.08174501,0.00000000
FULL_ADDITIVE_RAW,CP01-PROFILE-R0073,3,CP01-R0078,78,79,9,54.69553733,-21.29553733,0.40036479
FULL_ADDITIVE_RAW,CP01-PROFILE-R0079,1,CP01-R0079,79,80,9,47.79928972,-19.69928972,0.00000000
FULL_ADDITIVE_RAW,CP01-PROFILE-R0080,1,CP01-R0080,80,81,9,61.62391140,-20.32391140,0.00000000
FULL_ADDITIVE_RAW,CP01-PROFILE-R0073,3,CP01-R0081,81,82,9,54.69553733,-21.29553733,0.40036479
FULL_ADDITIVE_RAW,CP01-PROFILE-R0082,1,CP01-R0082,82,83,9,51.55567879,-26.35567879,0.00000000
FULL_ADDITIVE_RAW,CP01-PROFILE-R0083,1,CP01-R0083,83,84,9,50.60464076,-9.50464076,0.00000000
FULL_ADDITIVE_RAW,CP01-PROFILE-R0084,4,CP01-R0084,84,85,9,51.44804770,-16.14804770,0.26448593
FULL_ADDITIVE_RAW,CP01-PROFILE-R0085,1,CP01-R0085,85,86,9,51.23016792,-22.93016792,0.00000000
FULL_ADDITIVE_RAW,CP01-PROFILE-R0086,1,CP01-R0086,86,87,9,52.95023091,-24.35023091,0.00000000
FULL_ADDITIVE_RAW,CP01-PROFILE-R0084,4,CP01-R0087,87,88,9,51.44804770,-16.14804770,0.26448593
FULL_ADDITIVE_RAW,CP01-PROFILE-R0088,1,CP01-R0088,88,89,9,48.33514090,-23.93514090,0.00000000
FULL_ADDITIVE_RAW,CP01-PROFILE-R0084,4,CP01-R0089,89,90,9,51.44804770,-16.14804770,0.26448593
FULL_ADDITIVE_RAW,CP01-PROFILE-R0090,1,CP01-R0090,90,91,9,53.76855450,-14.46855450,0.00000000
FULL_ADDITIVE_RAW,CP01-PROFILE-R0091,1,CP01-R0091,91,92,9,60.51118590,-19.91118590,0.00000000
FULL_ADDITIVE_RAW,CP01-PROFILE-R0084,4,CP01-R0092,92,93,9,51.44804770,-16.14804770,0.26448593
FULL_ADDITIVE_RAW,CP01-PROFILE-R0093,1,CP01-R0093,93,94,9,46.13442331,-22.03442331,0.00000000
FULL_ADDITIVE_RAW,CP01-PROFILE-R0094,1,CP01-R0094,94,95,9,51.43411121,-5.23411121,0.00000000
FULL_ADDITIVE_RAW,CP01-PROFILE-R0095,1,CP01-R0095,95,96,9,49.80551750,-7.00551750,0.00000000
FULL_ADDITIVE_RAW,CP01-PROFILE-R0096,3,CP01-R0096,96,97,9,54.71072263,-5.51072263,0.10312362
FULL_ADDITIVE_RAW,CP01-PROFILE-R0097,1,CP01-R0097,97,98,9,55.39347177,-8.59347177,0.00000000
FULL_ADDITIVE_RAW,CP01-PROFILE-R0098,1,CP01-R0098,98,99,9,55.62640642,-9.92640642,0.00000000
FULL_ADDITIVE_RAW,CP01-PROFILE-R0099,1,CP01-R0099,99,100,9,53.33533054,2.26466946,0.00000000
FULL_ADDITIVE_RAW,CP01-PROFILE-R0100,1,CP01-R0100,100,101,9,67.31734000,-12.41734000,0.00000000
FULL_ADDITIVE_RAW,CP01-PROFILE-R0096,3,CP01-R0101,101,102,9,54.71072263,-5.51072263,0.10312362
FULL_ADDITIVE_RAW,CP01-PROFILE-R0102,1,CP01-R0102,102,103,9,48.19675875,-13.29675875,0.00000000
FULL_ADDITIVE_RAW,CP01-PROFILE-R0103,1,CP01-R0103,103,104,9,61.94393978,-15.04393978,0.00000000
FULL_ADDITIVE_RAW,CP01-PROFILE-R0096,3,CP01-R0104,104,105,9,54.71072263,-5.51072263,0.10312362
FULL_ADDITIVE_RAW,CP01-PROFILE-R0105,1,CP01-R0105,105,106,9,51.93634574,-18.53634574,0.00000000
FULL_ADDITIVE_RAW,CP01-PROFILE-R0106,1,CP01-R0106,106,107,9,50.98449511,3.11550489,0.00000000
FULL_ADDITIVE_RAW,CP01-PROFILE-R0107,4,CP01-R0107,107,108,9,51.63999565,4.26000435,0.10927976
FULL_ADDITIVE_RAW,CP01-PROFILE-R0108,1,CP01-R0108,108,109,9,51.46772437,-1.66772437,0.00000000
FULL_ADDITIVE_RAW,CP01-PROFILE-R0109,1,CP01-R0109,109,110,9,53.05592319,-5.95592319,0.00000000
FULL_ADDITIVE_RAW,CP01-PROFILE-R0107,4,CP01-R0110,110,111,9,51.63999565,4.26000435,0.10927976
FULL_ADDITIVE_RAW,CP01-PROFILE-R0111,1,CP01-R0111,111,112,9,48.69172474,-10.69172474,0.00000000
FULL_ADDITIVE_RAW,CP01-PROFILE-R0107,4,CP01-R0112,112,113,9,51.63999565,4.26000435,0.10927976
FULL_ADDITIVE_RAW,CP01-PROFILE-R0113,1,CP01-R0113,113,114,9,54.08591166,2.01408834,0.00000000
FULL_ADDITIVE_RAW,CP01-PROFILE-R0114,1,CP01-R0114,114,115,9,60.73347385,-1.64347385,0.00000000
FULL_ADDITIVE_RAW,CP01-PROFILE-R0107,4,CP01-R0115,115,116,9,51.63999565,-28.73999565,0.06907011
FULL_ADDITIVE_RAW,CP01-PROFILE-R0116,1,CP01-R0116,116,117,9,46.53807172,-11.43807172,0.00000000
FULL_ADDITIVE_RAW,CP01-PROFILE-R0117,1,CP01-R0117,117,118,9,53.76313554,7.32686446,0.00000000
FULL_ADDITIVE_RAW,CP01-PROFILE-R0118,1,CP01-R0118,118,119,9,52.03844211,7.76155789,0.00000000
FULL_ADDITIVE_RAW,CP01-PROFILE-R0119,3,CP01-R0119,119,120,9,56.86163113,3.42836887,0.06358653
FULL_ADDITIVE_RAW,CP01-PROFILE-R0120,1,CP01-R0120,120,121,9,57.68346289,4.11653711,0.00000000
FULL_ADDITIVE_RAW,CP01-PROFILE-R0121,1,CP01-R0121,121,122,9,57.86794866,-1.16794866,0.00000000
FULL_ADDITIVE_RAW,CP01-PROFILE-R0122,1,CP01-R0122,122,123,9,55.64621263,12.65378737,0.00000000
FULL_ADDITIVE_RAW,CP01-PROFILE-R0123,1,CP01-R0123,123,124,9,69.43264167,-2.53264167,0.00000000
FULL_ADDITIVE_RAW,CP01-PROFILE-R0119,3,CP01-R0124,124,125,9,56.86163113,3.42836887,0.06358653
FULL_ADDITIVE_RAW,CP01-PROFILE-R0125,1,CP01-R0125,125,126,9,50.47153051,0.22846949,0.00000000
FULL_ADDITIVE_RAW,CP01-PROFILE-R0126,1,CP01-R0126,126,127,9,64.15385922,-7.75385922,0.00000000
FULL_ADDITIVE_RAW,CP01-PROFILE-R0119,3,CP01-R0127,127,128,9,56.86163113,3.42836887,0.06358653
FULL_ADDITIVE_RAW,CP01-PROFILE-R0128,1,CP01-R0128,128,129,9,54.14225994,1.35774006,0.00000000
FULL_ADDITIVE_RAW,CP01-PROFILE-R0129,1,CP01-R0129,129,130,9,53.31054064,15.18945936,0.00000000
FULL_ADDITIVE_RAW,CP01-PROFILE-R0130,4,CP01-R0130,130,131,9,53.58202877,17.71797123,0.27959116
FULL_ADDITIVE_RAW,CP01-PROFILE-R0131,1,CP01-R0131,131,132,9,53.63860226,21.06139774,0.00000000
FULL_ADDITIVE_RAW,CP01-PROFILE-R0132,1,CP01-R0132,132,133,9,55.40133446,-3.20133446,0.00000000
FULL_ADDITIVE_RAW,CP01-PROFILE-R0130,4,CP01-R0133,133,134,9,53.58202877,17.71797123,0.27959116
FULL_ADDITIVE_RAW,CP01-PROFILE-R0134,1,CP01-R0134,134,135,9,50.88200606,16.81799394,0.00000000
FULL_ADDITIVE_RAW,CP01-PROFILE-R0130,4,CP01-R0135,135,136,9,53.58202877,17.71797123,0.27959116
FULL_ADDITIVE_RAW,CP01-PROFILE-R0136,1,CP01-R0136,136,137,9,56.42439714,9.57560286,0.00000000
FULL_ADDITIVE_RAW,CP01-PROFILE-R0137,1,CP01-R0137,137,138,9,62.96455357,11.53544643,0.00000000
FULL_ADDITIVE_RAW,CP01-PROFILE-R0130,4,CP01-R0138,138,139,9,53.58202877,17.71797123,0.27959116
FULL_ADDITIVE_RAW,CP01-PROFILE-R0139,1,CP01-R0139,139,140,9,48.87605005,1.02394995,0.00000000
FULL_ADDITIVE_RAW,CP01-PROFILE-R0140,1,CP01-R0140,140,141,9,56.96521819,6.43478181,0.00000000
FULL_ADDITIVE_RAW,CP01-PROFILE-R0141,1,CP01-R0141,141,142,9,55.21472721,9.68527279,0.00000000
FULL_ADDITIVE_RAW,CP01-PROFILE-R0142,3,CP01-R0142,142,143,9,60.03334993,4.26665007,0.08143821
FULL_ADDITIVE_RAW,CP01-PROFILE-R0143,1,CP01-R0143,143,144,9,60.88190845,4.01809155,0.00000000
FULL_ADDITIVE_RAW,CP01-PROFILE-R0144,1,CP01-R0144,144,145,9,61.06108250,-0.86108250,0.00000000
FULL_ADDITIVE_RAW,CP01-PROFILE-R0145,1,CP01-R0145,145,146,9,58.83764917,13.46235083,0.00000000
FULL_ADDITIVE_RAW,CP01-PROFILE-R0146,1,CP01-R0146,146,147,9,72.65499805,-3.35499805,0.00000000
FULL_ADDITIVE_RAW,CP01-PROFILE-R0142,3,CP01-R0147,147,148,9,60.03334993,4.26665007,0.08143821
FULL_ADDITIVE_RAW,CP01-PROFILE-R0148,1,CP01-R0148,148,149,9,53.65733797,1.54266203,0.00000000
FULL_ADDITIVE_RAW,CP01-PROFILE-R0149,1,CP01-R0149,149,150,9,67.37353246,-8.57353246,0.00000000
FULL_ADDITIVE_RAW,CP01-PROFILE-R0142,3,CP01-R0150,150,151,9,60.03334993,4.26665007,0.08143821
FULL_ADDITIVE_RAW,CP01-PROFILE-R0151,1,CP01-R0151,151,152,9,57.26385434,8.83614566,0.00000000
FULL_ADDITIVE_RAW,CP01-PROFILE-R0152,1,CP01-R0152,152,153,9,56.49128902,17.20871098,0.00000000
FULL_ADDITIVE_RAW,CP01-PROFILE-R0153,4,CP01-R0153,153,154,9,56.70495062,20.59504938,0.33642216
FULL_ADDITIVE_RAW,CP01-PROFILE-R0154,1,CP01-R0154,154,155,9,56.81208617,23.38791383,0.00000000
FULL_ADDITIVE_RAW,CP01-PROFILE-R0155,1,CP01-R0155,155,156,9,58.60892124,-3.70892124,0.00000000
FULL_ADDITIVE_RAW,CP01-PROFILE-R0153,4,CP01-R0156,156,157,9,56.70495062,20.59504938,0.33642216
FULL_ADDITIVE_RAW,CP01-PROFILE-R0157,1,CP01-R0157,157,158,9,54.05574963,18.93425037,0.00000000
FULL_ADDITIVE_RAW,CP01-PROFILE-R0153,4,CP01-R0158,158,159,9,56.70495062,20.59504938,0.33642216
FULL_ADDITIVE_RAW,CP01-PROFILE-R0159,1,CP01-R0159,159,160,9,59.60323792,12.09676208,0.00000000
FULL_ADDITIVE_RAW,CP01-PROFILE-R0160,1,CP01-R0160,160,161,9,66.13745054,13.26254946,0.00000000
FULL_ADDITIVE_RAW,CP01-PROFILE-R0153,4,CP01-R0161,161,162,9,56.70495062,20.59504938,0.33642216
FULL_ADDITIVE_RAW,CP01-PROFILE-R0162,1,CP01-R0162,162,163,9,52.04153443,7.84846557,0.00000000
FULL_ADDITIVE_RAW,CP01-PROFILE-R0163,1,CP01-R0163,163,164,9,60.97399242,3.92600758,0.00000000
FULL_ADDITIVE_RAW,CP01-PROFILE-R0164,1,CP01-R0164,164,165,9,59.23344189,7.36655811,0.00000000
FULL_ADDITIVE_RAW,CP01-PROFILE-R0165,3,CP01-R0165,165,166,9,64.11842798,1.08157202,0.02270032
FULL_ADDITIVE_RAW,CP01-PROFILE-R0166,1,CP01-R0166,166,167,9,64.89728302,1.80271698,0.00000000
FULL_ADDITIVE_RAW,CP01-PROFILE-R0167,1,CP01-R0167,167,168,9,65.09443313,-2.59443313,0.00000000
FULL_ADDITIVE_RAW,CP01-PROFILE-R0168,1,CP01-R0168,168,169,9,62.84673657,11.34326343,0.00000000
FULL_ADDITIVE_RAW,CP01-PROFILE-R0169,1,CP01-R0169,169,170,9,76.73491103,-6.03491103,0.00000000
FULL_ADDITIVE_RAW,CP01-PROFILE-R0165,3,CP01-R0170,170,171,9,64.11842798,1.08157202,0.02270032
FULL_ADDITIVE_RAW,CP01-PROFILE-R0171,1,CP01-R0171,171,172,9,57.67032842,-0.07032842,0.00000000
FULL_ADDITIVE_RAW,CP01-PROFILE-R0172,1,CP01-R0172,172,173,9,71.47412724,-12.27412724,0.00000000
FULL_ADDITIVE_RAW,CP01-PROFILE-R0165,3,CP01-R0173,173,174,9,64.11842798,1.08157202,0.02270032
FULL_ADDITIVE_RAW,CP01-PROFILE-R0174,1,CP01-R0174,174,175,9,61.27425392,6.82574608,0.00000000
FULL_ADDITIVE_RAW,CP01-PROFILE-R0175,1,CP01-R0175,175,176,9,60.48818506,15.01181494,0.00000000
FULL_ADDITIVE_RAW,CP01-PROFILE-R0176,4,CP01-R0176,176,177,9,60.68383197,18.61616803,0.35096024
FULL_ADDITIVE_RAW,CP01-PROFILE-R0177,1,CP01-R0177,177,178,9,62.65578667,-6.15578667,0.00000000
FULL_ADDITIVE_RAW,CP01-PROFILE-R0176,4,CP01-R0178,178,179,9,60.68383197,18.61616803,0.35096024
FULL_ADDITIVE_RAW,CP01-PROFILE-R0179,1,CP01-R0179,179,180,9,58.03318929,18.76681071,0.00000000
FULL_ADDITIVE_RAW,CP01-PROFILE-R0176,4,CP01-R0180,180,181,9,60.68383197,18.61616803,0.35096024
FULL_ADDITIVE_RAW,CP01-PROFILE-R0181,1,CP01-R0181,181,182,9,63.61533928,9.68466072,0.00000000
FULL_ADDITIVE_RAW,CP01-PROFILE-R0182,1,CP01-R0182,182,183,9,70.13409142,12.46590858,0.00000000
FULL_ADDITIVE_RAW,CP01-PROFILE-R0176,4,CP01-R0183,183,184,9,60.68383197,18.61616803,0.35096024
FULL_ADDITIVE_RAW,CP01-PROFILE-R0184,1,CP01-R0184,184,185,9,56.01191479,11.78808521,0.00000000
FULL_ADDITIVE_RAW,CP01-PROFILE-R0185,1,CP01-R0185,185,186,9,20.20978769,-8.62978769,0.00000000
FULL_ADDITIVE_RAW,CP01-PROFILE-R0186,1,CP01-R0186,186,187,9,21.39601629,3.05398371,0.00000000
FULL_ADDITIVE_RAW,CP01-PROFILE-R0187,1,CP01-R0187,187,188,9,23.00225878,1.88774122,0.00000000
FULL_ADDITIVE_RAW,CP01-PROFILE-R0188,1,CP01-R0188,188,189,9,26.19263629,3.25736371,0.00000000
FULL_ADDITIVE_RAW,CP01-PROFILE-R0189,1,CP01-R0189,189,190,9,31.17419171,9.53580829,0.00000000
FULL_ADDITIVE_RAW,CP01-PROFILE-R0190,1,CP01-R0190,190,191,9,19.41066813,-9.03066813,0.00000000
FULL_ADDITIVE_RAW,CP01-PROFILE-R0191,1,CP01-R0191,191,192,9,20.59590215,1.54409785,0.00000000
FULL_ADDITIVE_RAW,CP01-PROFILE-R0192,1,CP01-R0192,192,193,9,22.20105522,0.63894478,0.00000000
FULL_ADDITIVE_RAW,CP01-PROFILE-R0193,1,CP01-R0193,193,194,9,25.38923935,2.27076065,0.00000000
FULL_ADDITIVE_RAW,CP01-PROFILE-R0194,1,CP01-R0194,194,195,9,30.40046721,4.15953279,0.00000000
FULL_ADDITIVE_RAW,CP01-PROFILE-R0195,1,CP01-R0195,195,196,9,23.08477052,-10.63477052,0.00000000
FULL_ADDITIVE_RAW,CP01-PROFILE-R0196,1,CP01-R0196,196,197,9,24.28539740,0.70460260,0.00000000
FULL_ADDITIVE_RAW,CP01-PROFILE-R0197,1,CP01-R0197,197,198,9,25.88871610,-0.16871610,0.00000000
FULL_ADDITIVE_RAW,CP01-PROFILE-R0198,1,CP01-R0198,198,199,9,29.06141115,4.89858885,0.00000000
FULL_ADDITIVE_RAW,CP01-PROFILE-R0199,1,CP01-R0199,199,200,9,34.09141609,3.24858391,0.00000000
FULL_ADDITIVE_RAW,CP01-PROFILE-R0200,1,CP01-R0200,200,201,9,24.85870949,-9.81870949,0.00000000
FULL_ADDITIVE_RAW,CP01-PROFILE-R0201,1,CP01-R0201,201,202,9,26.09066092,-5.03066092,0.00000000
FULL_ADDITIVE_RAW,CP01-PROFILE-R0202,1,CP01-R0202,202,203,9,27.67137626,-1.27137626,0.00000000
FULL_ADDITIVE_RAW,CP01-PROFILE-R0203,1,CP01-R0203,203,204,9,30.84082031,4.49917969,0.00000000
FULL_ADDITIVE_RAW,CP01-PROFILE-R0204,1,CP01-R0204,204,205,9,35.85989315,4.71010685,0.00000000
FULL_ADDITIVE_RAW,CP01-PROFILE-R0205,1,CP01-R0205,205,206,9,22.65570891,-10.18570891,0.00000000
FULL_ADDITIVE_RAW,CP01-PROFILE-R0206,1,CP01-R0206,206,207,9,23.88091889,-2.96091889,0.00000000
FULL_ADDITIVE_RAW,CP01-PROFILE-R0207,1,CP01-R0207,207,208,9,25.47025419,-0.57025419,0.00000000
FULL_ADDITIVE_RAW,CP01-PROFILE-R0208,1,CP01-R0208,208,209,9,28.64442694,5.55557306,0.00000000
FULL_ADDITIVE_RAW,CP01-PROFILE-R0209,1,CP01-R0209,209,210,9,33.66331467,5.94668533,0.00000000
FULL_ADDITIVE_RAW,CP01-PROFILE-R0210,1,CP01-R0210,210,211,9,20.99996480,-10.96996480,0.00000000
FULL_ADDITIVE_RAW,CP01-PROFILE-R0211,1,CP01-R0211,211,212,9,22.20640095,-2.12640095,0.00000000
FULL_ADDITIVE_RAW,CP01-PROFILE-R0212,1,CP01-R0212,212,213,9,23.79064486,0.68935514,0.00000000
FULL_ADDITIVE_RAW,CP01-PROFILE-R0213,1,CP01-R0213,213,214,9,26.96970626,4.57029374,0.00000000
FULL_ADDITIVE_RAW,CP01-PROFILE-R0214,1,CP01-R0214,214,215,9,31.99944632,3.34055368,0.00000000
FULL_ADDITIVE_RAW,CP01-PROFILE-R0215,1,CP01-R0215,215,216,9,25.41255215,-15.96255215,0.00000000
FULL_ADDITIVE_RAW,CP01-PROFILE-R0216,1,CP01-R0216,216,217,9,26.60240451,-3.88240451,0.00000000
FULL_ADDITIVE_RAW,CP01-PROFILE-R0217,1,CP01-R0217,217,218,9,28.17922904,0.29077096,0.00000000
FULL_ADDITIVE_RAW,CP01-PROFILE-R0218,1,CP01-R0218,218,219,9,31.33951566,7.22048434,0.00000000
FULL_ADDITIVE_RAW,CP01-PROFILE-R0219,1,CP01-R0219,219,220,9,36.37818024,4.01181976,0.00000000
FULL_ADDITIVE_RAW,CP01-PROFILE-R0220,1,CP01-R0220,220,221,9,21.08290054,-10.32290054,0.00000000
FULL_ADDITIVE_RAW,CP01-PROFILE-R0221,1,CP01-R0221,221,222,9,22.25934644,3.22065356,0.00000000
FULL_ADDITIVE_RAW,CP01-PROFILE-R0222,1,CP01-R0222,222,223,9,23.89061376,-2.35061376,0.00000000
FULL_ADDITIVE_RAW,CP01-PROFILE-R0223,1,CP01-R0223,223,224,9,27.06614430,1.56385570,0.00000000
FULL_ADDITIVE_RAW,CP01-PROFILE-R0224,1,CP01-R0224,224,225,9,32.09095790,1.44904210,0.00000000
FULL_ADDITIVE_RAW,CP01-PROFILE-R0225,1,CP01-R0225,225,226,9,35.16435809,-27.41435809,0.00000000
FULL_ADDITIVE_RAW,CP01-PROFILE-R0226,1,CP01-R0226,226,227,9,36.10707552,-18.28707552,0.00000000
FULL_ADDITIVE_RAW,CP01-PROFILE-R0227,1,CP01-R0227,227,228,9,37.53600686,-13.29600686,0.00000000
FULL_ADDITIVE_RAW,CP01-PROFILE-R0228,1,CP01-R0228,228,229,9,40.54485130,-7.69485130,0.00000000
FULL_ADDITIVE_RAW,CP01-PROFILE-R0229,1,CP01-R0229,229,230,9,45.53333818,-6.30333818,0.00000000
FULL_ADDITIVE_RAW,CP01-PROFILE-R0230,1,CP01-R0230,230,231,9,24.90790384,-6.90790384,0.00000000
FULL_ADDITIVE_RAW,CP01-PROFILE-R0231,1,CP01-R0231,231,232,9,26.09937148,4.29062852,0.00000000
FULL_ADDITIVE_RAW,CP01-PROFILE-R0232,1,CP01-R0232,232,233,9,27.62380498,18.08619502,0.00000000
FULL_ADDITIVE_RAW,CP01-PROFILE-R0233,1,CP01-R0233,233,234,9,30.81301493,19.95698507,0.00000000
FULL_ADDITIVE_RAW,CP01-PROFILE-R0234,1,CP01-R0234,234,235,9,35.83518611,18.06481389,0.00000000
FULL_ADDITIVE_RAW,CP01-PROFILE-R0235,1,CP01-R0235,235,236,9,24.89388091,-11.71388091,0.00000000
FULL_ADDITIVE_RAW,CP01-PROFILE-R0236,1,CP01-R0236,236,237,9,26.12873564,-8.28873564,0.00000000
FULL_ADDITIVE_RAW,CP01-PROFILE-R0237,1,CP01-R0237,237,238,9,27.61449580,12.61550420,0.00000000
FULL_ADDITIVE_RAW,CP01-PROFILE-R0238,1,CP01-R0238,238,239,9,30.79378570,16.33621430,0.00000000
FULL_ADDITIVE_RAW,CP01-PROFILE-R0239,1,CP01-R0239,239,240,9,35.82022518,14.14977482,0.00000000
FULL_ADDITIVE_RAW,CP01-PROFILE-R0240,1,CP01-R0240,240,241,9,21.38164217,-8.02164217,0.00000000
FULL_ADDITIVE_RAW,CP01-PROFILE-R0241,1,CP01-R0241,241,242,9,22.59148815,-0.27148815,0.00000000
FULL_ADDITIVE_RAW,CP01-PROFILE-R0242,1,CP01-R0242,242,243,9,24.18709787,0.35290213,0.00000000
FULL_ADDITIVE_RAW,CP01-PROFILE-R0243,1,CP01-R0243,243,244,9,27.36597967,3.98402033,0.00000000
FULL_ADDITIVE_RAW,CP01-PROFILE-R0244,1,CP01-R0244,244,245,9,32.36244168,8.49755832,0.00000000
FULL_ADDITIVE_RAW,CP01-PROFILE-R0245,1,CP01-R0245,245,246,9,22.15704205,-2.22704205,0.00000000
FULL_ADDITIVE_RAW,CP01-PROFILE-R0246,1,CP01-R0246,246,247,9,23.39689254,2.29310746,0.00000000
FULL_ADDITIVE_RAW,CP01-PROFILE-R0247,1,CP01-R0247,247,248,9,24.98651834,5.24348166,0.00000000
FULL_ADDITIVE_RAW,CP01-PROFILE-R0248,1,CP01-R0248,248,249,9,28.16470563,11.42529437,0.00000000
FULL_ADDITIVE_RAW,CP01-PROFILE-R0249,1,CP01-R0249,249,250,9,33.18307954,11.11692046,0.00000000
FULL_ADDITIVE_RAW,CP01-PROFILE-R0250,1,CP01-R0250,250,251,9,23.63793297,-9.81793297,0.00000000
FULL_ADDITIVE_RAW,CP01-PROFILE-R0251,1,CP01-R0251,251,252,9,24.84103622,0.07896378,0.00000000
FULL_ADDITIVE_RAW,CP01-PROFILE-R0252,1,CP01-R0252,252,253,9,26.42647628,2.79352372,0.00000000
FULL_ADDITIVE_RAW,CP01-PROFILE-R0253,1,CP01-R0253,253,254,9,29.59465314,8.73534686,0.00000000
FULL_ADDITIVE_RAW,CP01-PROFILE-R0254,1,CP01-R0254,254,255,9,34.61869244,7.73130756,0.00000000
FULL_ADDITIVE_RAW,CP01-PROFILE-R0255,1,CP01-R0255,255,256,9,26.48931813,-12.94931813,0.00000000
FULL_ADDITIVE_RAW,CP01-PROFILE-R0256,1,CP01-R0256,256,257,9,27.69276996,-1.38276996,0.00000000
FULL_ADDITIVE_RAW,CP01-PROFILE-R0257,1,CP01-R0257,257,258,9,29.27506896,2.36493104,0.00000000
FULL_ADDITIVE_RAW,CP01-PROFILE-R0258,1,CP01-R0258,258,259,9,32.43547261,10.11452739,0.00000000
FULL_ADDITIVE_RAW,CP01-PROFILE-R0259,1,CP01-R0259,259,260,9,37.47630175,5.44369825,0.00000000
FULL_ADDITIVE_RAW,CP01-PROFILE-R0260,1,CP01-R0260,260,261,9,26.92002090,-13.59002090,0.00000000
FULL_ADDITIVE_RAW,CP01-PROFILE-R0261,1,CP01-R0261,261,262,9,28.12484129,-2.75484129,0.00000000
FULL_ADDITIVE_RAW,CP01-PROFILE-R0262,1,CP01-R0262,262,263,9,29.67533381,7.72466619,0.00000000
FULL_ADDITIVE_RAW,CP01-PROFILE-R0263,1,CP01-R0263,263,264,9,32.85255491,11.54744509,0.00000000
FULL_ADDITIVE_RAW,CP01-PROFILE-R0264,1,CP01-R0264,264,265,9,37.87367695,9.86632305,0.00000000
FULL_ADDITIVE_RAW,CP01-PROFILE-R0265,1,CP01-R0265,265,266,9,27.63801346,-8.11801346,0.00000000
FULL_ADDITIVE_RAW,CP01-PROFILE-R0266,1,CP01-R0266,266,267,9,28.84426719,2.50573281,0.00000000
FULL_ADDITIVE_RAW,CP01-PROFILE-R0267,1,CP01-R0267,267,268,9,30.41778660,8.08221340,0.00000000
FULL_ADDITIVE_RAW,CP01-PROFILE-R0268,1,CP01-R0268,268,269,9,33.59754101,11.48245899,0.00000000
FULL_ADDITIVE_RAW,CP01-PROFILE-R0269,1,CP01-R0269,269,270,9,38.62293364,9.19706636,0.00000000
FULL_ADDITIVE_RAW,CP01-PROFILE-R0270,1,CP01-R0270,270,271,9,26.21156578,-10.77156578,0.00000000
FULL_ADDITIVE_RAW,CP01-PROFILE-R0271,1,CP01-R0271,271,272,9,27.43026488,-0.66026488,0.00000000
FULL_ADDITIVE_RAW,CP01-PROFILE-R0272,1,CP01-R0272,272,273,9,29.01082725,4.71917275,0.00000000
FULL_ADDITIVE_RAW,CP01-PROFILE-R0273,1,CP01-R0273,273,274,9,32.18831101,10.51168899,0.00000000
FULL_ADDITIVE_RAW,CP01-PROFILE-R0274,1,CP01-R0274,274,275,9,37.21216231,8.62783769,0.00000000
FULL_ADDITIVE_RAW,CP01-PROFILE-R0275,1,CP01-R0275,275,276,9,24.90045571,-7.68045571,0.00000000
FULL_ADDITIVE_RAW,CP01-PROFILE-R0276,1,CP01-R0276,276,277,9,26.10657568,3.82342432,0.00000000
FULL_ADDITIVE_RAW,CP01-PROFILE-R0277,1,CP01-R0277,277,278,9,27.71403612,1.93596388,0.00000000
FULL_ADDITIVE_RAW,CP01-PROFILE-R0278,1,CP01-R0278,278,279,9,30.89610874,6.07389126,0.00000000
FULL_ADDITIVE_RAW,CP01-PROFILE-R0279,1,CP01-R0279,279,280,9,35.90993854,7.67006146,0.00000000
FULL_ADDITIVE_RAW,CP01-PROFILE-R0280,1,CP01-R0280,280,281,9,25.09732673,-11.97732673,0.00000000
FULL_ADDITIVE_RAW,CP01-PROFILE-R0281,1,CP01-R0281,281,282,9,26.30633341,-1.87633341,0.00000000
FULL_ADDITIVE_RAW,CP01-PROFILE-R0282,1,CP01-R0282,282,283,9,27.87698894,4.78301106,0.00000000
FULL_ADDITIVE_RAW,CP01-PROFILE-R0283,1,CP01-R0283,283,284,9,31.07237458,5.56762542,0.00000000
FULL_ADDITIVE_RAW,CP01-PROFILE-R0284,1,CP01-R0284,284,285,9,36.08164623,8.12835377,0.00000000
FULL_ADDITIVE_RAW,CP01-PROFILE-R0285,1,CP01-R0285,285,286,9,25.08111908,-11.46111908,0.00000000
FULL_ADDITIVE_RAW,CP01-PROFILE-R0286,1,CP01-R0286,286,287,9,26.30072515,-4.70072515,0.00000000
FULL_ADDITIVE_RAW,CP01-PROFILE-R0287,1,CP01-R0287,287,288,9,27.87569824,-0.10569824,0.00000000
FULL_ADDITIVE_RAW,CP01-PROFILE-R0288,1,CP01-R0288,288,289,9,31.04889462,4.52110538,0.00000000
FULL_ADDITIVE_RAW,CP01-PROFILE-R0289,1,CP01-R0289,289,290,9,36.03742489,9.33257511,0.00000000
FULL_ADDITIVE_RAW,CP01-PROFILE-R0290,1,CP01-R0290,290,291,9,26.11606784,-18.79606784,0.00000000
FULL_ADDITIVE_RAW,CP01-PROFILE-R0291,1,CP01-R0291,291,292,9,27.32049377,-5.82049377,0.00000000
FULL_ADDITIVE_RAW,CP01-PROFILE-R0292,1,CP01-R0292,292,293,9,28.88846802,2.38153198,0.00000000
FULL_ADDITIVE_RAW,CP01-PROFILE-R0293,1,CP01-R0293,293,294,9,32.05074061,11.44925939,0.00000000
FULL_ADDITIVE_RAW,CP01-PROFILE-R0294,1,CP01-R0294,294,295,9,37.06269958,11.60730042,0.00000000
FULL_ADDITIVE_RAW,CP01-PROFILE-R0295,1,CP01-R0295,295,296,9,27.71643674,-20.31643674,0.00000000
FULL_ADDITIVE_RAW,CP01-PROFILE-R0296,1,CP01-R0296,296,297,9,28.89183163,-5.38183163,0.00000000
FULL_ADDITIVE_RAW,CP01-PROFILE-R0297,1,CP01-R0297,297,298,9,30.45891773,0.66108227,0.00000000
FULL_ADDITIVE_RAW,CP01-PROFILE-R0298,1,CP01-R0298,298,299,9,33.62995419,5.52004581,0.00000000
FULL_ADDITIVE_RAW,CP01-PROFILE-R0299,1,CP01-R0299,299,300,9,38.62108569,9.52891431,0.00000000
FULL_ADDITIVE_RAW,CP01-PROFILE-R0300,1,CP01-R0300,300,301,9,32.69257191,-10.19257191,0.00000000
FULL_ADDITIVE_RAW,CP01-PROFILE-R0301,1,CP01-R0301,301,302,9,33.91052745,0.75947255,0.00000000
FULL_ADDITIVE_RAW,CP01-PROFILE-R0302,1,CP01-R0302,302,303,9,35.51478696,-0.77478696,0.00000000
FULL_ADDITIVE_RAW,CP01-PROFILE-R0303,1,CP01-R0303,303,304,9,38.68805352,6.39194648,0.00000000
FULL_ADDITIVE_RAW,CP01-PROFILE-R0304,1,CP01-R0304,304,305,9,43.71177858,5.25822142,0.00000000
FULL_ADDITIVE_RAW,CP01-PROFILE-R0305,1,CP01-R0305,305,306,9,33.47677720,-10.33677720,0.00000000
FULL_ADDITIVE_RAW,CP01-PROFILE-R0306,1,CP01-R0306,306,307,9,34.66851574,7.22148426,0.00000000
FULL_ADDITIVE_RAW,CP01-PROFILE-R0307,1,CP01-R0307,307,308,9,36.25072453,12.02927547,0.00000000
FULL_ADDITIVE_RAW,CP01-PROFILE-R0308,1,CP01-R0308,308,309,9,39.44777791,11.59222209,0.00000000
FULL_ADDITIVE_RAW,CP01-PROFILE-R0309,1,CP01-R0309,309,310,9,44.46134593,11.17865407,0.00000000
FULL_ADDITIVE_RAW,CP01-PROFILE-R0310,1,CP01-R0310,310,311,9,32.38982773,-9.43982773,0.00000000
FULL_ADDITIVE_RAW,CP01-PROFILE-R0311,1,CP01-R0311,311,312,9,33.60638869,1.62361131,0.00000000
FULL_ADDITIVE_RAW,CP01-PROFILE-R0312,1,CP01-R0312,312,313,9,35.19504897,4.74495103,0.00000000
FULL_ADDITIVE_RAW,CP01-PROFILE-R0313,1,CP01-R0313,313,314,9,38.37276902,10.34723098,0.00000000
FULL_ADDITIVE_RAW,CP01-PROFILE-R0314,1,CP01-R0314,314,315,9,43.39515021,8.64484979,0.00000000
FULL_ADDITIVE_RAW,CP01-PROFILE-R0315,1,CP01-R0315,315,316,9,34.10976631,-13.08976631,0.00000000
FULL_ADDITIVE_RAW,CP01-PROFILE-R0316,1,CP01-R0316,316,317,9,35.31129978,-1.95129978,0.00000000
FULL_ADDITIVE_RAW,CP01-PROFILE-R0317,1,CP01-R0317,317,318,9,36.91552603,-2.97552603,0.00000000
FULL_ADDITIVE_RAW,CP01-PROFILE-R0318,1,CP01-R0318,318,319,9,40.07749223,4.06250777,0.00000000
FULL_ADDITIVE_RAW,CP01-PROFILE-R0319,1,CP01-R0319,319,320,9,45.12319575,0.24680425,0.00000000
FULL_ADDITIVE_RAW,CP01-PROFILE-R0320,1,CP01-R0320,320,321,9,31.46909644,-16.10909644,0.00000000
FULL_ADDITIVE_RAW,CP01-PROFILE-R0321,1,CP01-R0321,321,322,9,32.66998922,-3.98998922,0.00000000
FULL_ADDITIVE_RAW,CP01-PROFILE-R0322,1,CP01-R0322,322,323,9,34.26644098,-3.41644098,0.00000000
FULL_ADDITIVE_RAW,CP01-PROFILE-R0323,1,CP01-R0323,323,324,9,37.42800477,4.60199523,0.00000000
FULL_ADDITIVE_RAW,CP01-PROFILE-R0324,1,CP01-R0324,324,325,9,42.42391246,8.63608754,0.00000000
FULL_ADDITIVE_RAW,CP01-PROFILE-R0325,1,CP01-R0325,325,326,9,34.02350210,-12.24350210,0.00000000
FULL_ADDITIVE_RAW,CP01-PROFILE-R0326,1,CP01-R0326,326,327,9,35.17579427,7.11420573,0.00000000
FULL_ADDITIVE_RAW,CP01-PROFILE-R0327,1,CP01-R0327,327,328,9,36.73884597,13.86115403,0.00000000
FULL_ADDITIVE_RAW,CP01-PROFILE-R0328,1,CP01-R0328,328,329,9,39.92089223,15.90910777,0.00000000
FULL_ADDITIVE_RAW,CP01-PROFILE-R0329,1,CP01-R0329,329,330,9,44.92388260,16.02611740,0.00000000
FULL_ADDITIVE_RAW,CP01-PROFILE-R0330,1,CP01-R0330,330,331,9,35.50583643,-11.98583643,0.00000000
FULL_ADDITIVE_RAW,CP01-PROFILE-R0331,1,CP01-R0331,331,332,9,36.65105659,5.56894341,0.00000000
FULL_ADDITIVE_RAW,CP01-PROFILE-R0332,1,CP01-R0332,332,333,9,38.19481885,14.30518115,0.00000000
FULL_ADDITIVE_RAW,CP01-PROFILE-R0333,1,CP01-R0333,333,334,9,41.35663659,18.96336341,0.00000000
FULL_ADDITIVE_RAW,CP01-PROFILE-R0334,1,CP01-R0334,334,335,9,46.34608517,20.07391483,0.00000000
FULL_ADDITIVE_RAW,CP01-PROFILE-R0335,1,CP01-R0335,335,336,9,34.42006683,-10.62006683,0.00000000
FULL_ADDITIVE_RAW,CP01-PROFILE-R0336,1,CP01-R0336,336,337,9,35.62433419,3.14566581,0.00000000
FULL_ADDITIVE_RAW,CP01-PROFILE-R0337,1,CP01-R0337,337,338,9,37.18359809,14.14640191,0.00000000
FULL_ADDITIVE_RAW,CP01-PROFILE-R0338,1,CP01-R0338,338,339,9,40.36996948,16.48003052,0.00000000
FULL_ADDITIVE_RAW,CP01-PROFILE-R0339,1,CP01-R0339,339,340,9,45.39264364,13.21735636,0.00000000
FULL_ADDITIVE_RAW,CP01-PROFILE-R0340,1,CP01-R0340,340,341,9,33.27302094,-11.36302094,0.00000000
FULL_ADDITIVE_RAW,CP01-PROFILE-R0341,1,CP01-R0341,341,342,9,34.47984759,2.51015241,0.00000000
FULL_ADDITIVE_RAW,CP01-PROFILE-R0342,1,CP01-R0342,342,343,9,36.05042218,11.34957782,0.00000000
FULL_ADDITIVE_RAW,CP01-PROFILE-R0343,1,CP01-R0343,343,344,9,39.24388454,12.71611546,0.00000000
FULL_ADDITIVE_RAW,CP01-PROFILE-R0344,1,CP01-R0344,344,345,9,44.25921963,12.48078037,0.00000000
FULL_ADDITIVE_RAW,CP01-PROFILE-R0345,1,CP01-R0345,345,346,9,32.57079654,-15.00079654,0.00000000
FULL_ADDITIVE_RAW,CP01-PROFILE-R0346,1,CP01-R0346,346,347,9,33.73517457,-0.00517457,0.00000000
FULL_ADDITIVE_RAW,CP01-PROFILE-R0347,1,CP01-R0347,347,348,9,35.30469025,4.84530975,0.00000000
FULL_ADDITIVE_RAW,CP01-PROFILE-R0348,1,CP01-R0348,348,349,9,38.47973502,8.16026498,0.00000000
FULL_ADDITIVE_RAW,CP01-PROFILE-R0349,1,CP01-R0349,349,350,9,43.50635524,6.57364476,0.00000000
FULL_ADDITIVE_RAW,CP01-PROFILE-R0350,1,CP01-R0350,350,351,9,32.93321721,-15.56321721,0.00000000
FULL_ADDITIVE_RAW,CP01-PROFILE-R0351,1,CP01-R0351,351,352,9,34.09803870,-0.39803870,0.00000000
FULL_ADDITIVE_RAW,CP01-PROFILE-R0352,1,CP01-R0352,352,353,9,35.63308066,10.30691934,0.00000000
FULL_ADDITIVE_RAW,CP01-PROFILE-R0353,1,CP01-R0353,353,354,9,38.81314514,12.61685486,0.00000000
FULL_ADDITIVE_RAW,CP01-PROFILE-R0354,1,CP01-R0354,354,355,9,43.79893328,15.50106672,0.00000000
FULL_ADDITIVE_RAW,CP01-PROFILE-R0355,1,CP01-R0355,355,356,9,36.74813161,-6.29813161,0.00000000
FULL_ADDITIVE_RAW,CP01-PROFILE-R0356,1,CP01-R0356,356,357,9,37.92349458,9.78650542,0.00000000
FULL_ADDITIVE_RAW,CP01-PROFILE-R0357,1,CP01-R0357,357,358,9,39.45579881,23.68420119,0.00000000
FULL_ADDITIVE_RAW,CP01-PROFILE-R0358,1,CP01-R0358,358,359,9,42.64881532,24.17118468,0.00000000
FULL_ADDITIVE_RAW,CP01-PROFILE-R0359,1,CP01-R0359,359,360,9,47.67889608,19.27110392,0.00000000
FULL_ADDITIVE_RAW,CP01-PROFILE-R0360,1,CP01-R0360,360,361,9,37.60583778,-10.18583778,0.00000000
FULL_ADDITIVE_RAW,CP01-PROFILE-R0361,1,CP01-R0361,361,362,9,38.81434318,-2.85434318,0.00000000
FULL_ADDITIVE_RAW,CP01-PROFILE-R0362,1,CP01-R0362,362,363,9,40.29447069,15.21552931,0.00000000
FULL_ADDITIVE_RAW,CP01-PROFILE-R0363,1,CP01-R0363,363,364,9,43.46202755,18.52797245,0.00000000
FULL_ADDITIVE_RAW,CP01-PROFILE-R0364,1,CP01-R0364,364,365,9,48.48823632,15.04176368,0.00000000
FULL_ADDITIVE_RAW,CP01-PROFILE-R0365,1,CP01-R0365,365,366,9,32.72107335,-14.70107335,0.00000000
FULL_ADDITIVE_RAW,CP01-PROFILE-R0366,1,CP01-R0366,366,367,9,33.88151020,4.71848980,0.00000000
FULL_ADDITIVE_RAW,CP01-PROFILE-R0367,1,CP01-R0367,367,368,9,35.42222039,16.77777961,0.00000000
FULL_ADDITIVE_RAW,CP01-PROFILE-R0368,1,CP01-R0368,368,369,9,38.62320297,15.33679703,0.00000000
FULL_ADDITIVE_RAW,CP01-PROFILE-R0369,1,CP01-R0369,369,370,9,43.64419965,12.98580035,0.00000000
FULL_ADDITIVE_RAW,CP01-PROFILE-R0370,1,CP01-R0370,370,371,9,29.32115868,-13.98115868,0.00000000
FULL_ADDITIVE_RAW,CP01-PROFILE-R0371,1,CP01-R0371,371,372,9,30.52749978,-4.47749978,0.00000000
FULL_ADDITIVE_RAW,CP01-PROFILE-R0372,1,CP01-R0372,372,373,9,32.11333433,-1.89333433,0.00000000
FULL_ADDITIVE_RAW,CP01-PROFILE-R0373,1,CP01-R0373,373,374,9,35.29165575,1.97834425,0.00000000
FULL_ADDITIVE_RAW,CP01-PROFILE-R0374,1,CP01-R0374,374,375,9,40.28965179,5.94034821,0.00000000
FULL_ADDITIVE_RAW,CP01-PROFILE-R0375,1,CP01-R0375,375,376,9,23.50570870,-7.22570870,0.00000000
FULL_ADDITIVE_RAW,CP01-PROFILE-R0376,1,CP01-R0376,376,377,9,24.67469675,0.94530325,0.00000000
FULL_ADDITIVE_RAW,CP01-PROFILE-R0377,1,CP01-R0377,377,378,9,26.22662708,5.74337292,0.00000000
FULL_ADDITIVE_RAW,CP01-PROFILE-R0378,1,CP01-R0378,378,379,9,29.41719114,6.88280886,0.00000000
FULL_ADDITIVE_RAW,CP01-PROFILE-R0379,1,CP01-R0379,379,380,9,34.42626257,8.63373743,0.00000000
FULL_ADDITIVE_RAW,CP01-PROFILE-R0380,1,CP01-R0380,380,381,9,54.42759793,13.14240207,0.00000000
FULL_ADDITIVE_RAW,CP01-PROFILE-R0381,1,CP01-R0381,381,382,9,53.94188223,3.28811777,0.00000000
FULL_ADDITIVE_RAW,CP01-PROFILE-R0382,1,CP01-R0382,382,383,9,46.94512314,34.80487686,0.00000000
FULL_ADDITIVE_RAW,CP01-PROFILE-R0383,1,CP01-R0383,383,384,9,47.53974369,16.48025631,0.00000000
FULL_ADDITIVE_RAW,CP01-PROFILE-R0384,1,CP01-R0384,384,385,9,45.89989031,32.90010969,0.00000000
FULL_ADDITIVE_RAW,CP01-PROFILE-R0385,1,CP01-R0385,385,386,9,50.72668608,-9.35668608,0.00000000
FULL_ADDITIVE_RAW,CP01-PROFILE-R0386,1,CP01-R0386,386,387,9,50.81428846,9.46571154,0.00000000
FULL_ADDITIVE_RAW,CP01-PROFILE-R0387,1,CP01-R0387,387,388,9,48.51727974,8.31272026,0.00000000
FULL_ADDITIVE_RAW,CP01-PROFILE-R0388,1,CP01-R0388,388,389,9,49.42157643,1.59842357,0.00000000
FULL_ADDITIVE_RAW,CP01-PROFILE-R0389,1,CP01-R0389,389,390,9,51.91466416,3.63533584,0.00000000
FULL_ADDITIVE_RAW,CP01-PROFILE-R0390,1,CP01-R0390,390,391,9,43.37833997,0.75166003,0.00000000
FULL_ADDITIVE_RAW,CP01-PROFILE-R0391,1,CP01-R0391,391,392,9,42.64583775,-3.26583775,0.00000000
FULL_ADDITIVE_RAW,CP01-PROFILE-R0392,1,CP01-R0392,392,393,9,54.40270853,1.24729147,0.00000000
FULL_ADDITIVE_RAW,CP01-PROFILE-R0393,1,CP01-R0393,393,394,9,47.28527659,-0.00527659,0.00000000
FULL_ADDITIVE_RAW,CP01-PROFILE-R0394,1,CP01-R0394,394,395,9,41.98262376,2.34737624,0.00000000
FULL_ADDITIVE_RAW,CP01-PROFILE-R0395,1,CP01-R0395,395,396,9,36.31423729,15.98576271,0.00000000
FULL_ADDITIVE_RAW,CP01-PROFILE-R0396,1,CP01-R0396,396,397,9,29.92344601,19.32655399,0.00000000
FULL_ADDITIVE_RAW,CP01-PROFILE-R0397,1,CP01-R0397,397,398,9,50.75563491,-9.38563491,0.00000000
FULL_ADDITIVE_RAW,CP01-PROFILE-R0398,1,CP01-R0398,398,399,9,26.64408016,2.51591984,0.00000000
FULL_ADDITIVE_RAW,CP01-PROFILE-R0399,1,CP01-R0399,399,400,9,30.21084539,9.18915461,0.00000000
FULL_ADDITIVE_RAW,CP01-PROFILE-R0400,1,CP01-R0400,400,401,9,30.55344674,8.74655326,0.00000000
FULL_ADDITIVE_RAW,CP01-PROFILE-R0401,1,CP01-R0401,401,402,9,47.32889364,20.54110636,0.00000000
FULL_ADDITIVE_RAW,CP01-PROFILE-R0402,1,CP01-R0402,402,403,9,47.33673194,11.18326806,0.00000000
FULL_ADDITIVE_RAW,CP01-PROFILE-R0403,1,CP01-R0403,403,404,9,43.92712068,9.65287932,0.00000000
FULL_ADDITIVE_RAW,CP01-PROFILE-R0404,1,CP01-R0404,404,405,9,45.82490818,13.17509182,0.00000000
FULL_ADDITIVE_RAW,CP01-PROFILE-R0405,1,CP01-R0405,405,406,9,50.97980230,25.26019770,0.00000000
FULL_ADDITIVE_RAW,CP01-PROFILE-R0406,1,CP01-R0406,406,407,9,51.21754594,18.62245406,0.00000000
FULL_ADDITIVE_RAW,CP01-PROFILE-R0407,1,CP01-R0407,407,408,9,21.30963614,-6.90963614,0.00000000
FULL_ADDITIVE_RAW,CP01-PROFILE-R0408,1,CP01-R0408,408,409,9,31.17812334,-11.75812334,0.00000000
FULL_ADDITIVE_RAW,CP01-PROFILE-R0409,1,CP01-R0409,409,410,9,29.67581632,-8.94581632,0.00000000
FULL_ADDITIVE_RAW,CP01-PROFILE-R0410,1,CP01-R0410,410,411,9,31.18429549,-16.24429549,0.00000000
FULL_ADDITIVE_RAW,CP01-PROFILE-R0411,1,CP01-R0411,411,412,9,27.48090511,-6.19090511,0.00000000
FULL_ADDITIVE_RAW,CP01-PROFILE-R0412,1,CP01-R0412,412,413,9,29.71275596,-6.63275596,0.00000000
FULL_ADDITIVE_RAW,CP01-PROFILE-R0413,1,CP01-R0413,413,414,9,31.11267545,-15.59267545,0.00000000
FULL_ADDITIVE_RAW,CP01-PROFILE-R0414,1,CP01-R0414,414,415,9,31.97297371,-16.15297371,0.00000000
FULL_ADDITIVE_RAW,CP01-PROFILE-R0415,1,CP01-R0415,415,416,9,24.44527437,-11.89527437,0.00000000
FULL_ADDITIVE_RAW,CP01-PROFILE-R0416,1,CP01-R0416,416,417,9,22.72831608,-14.23831608,0.00000000
FULL_ADDITIVE_RAW,CP01-PROFILE-R0417,1,CP01-R0417,417,418,9,32.01215637,-16.40215637,0.00000000
FULL_ADDITIVE_RAW,CP01-PROFILE-R0418,1,CP01-R0418,418,419,9,22.15788796,-9.97788796,0.00000000
FULL_ADDITIVE_RAW,CP01-PROFILE-R0419,1,CP01-R0419,419,420,9,24.50244471,-12.52244471,0.00000000
FULL_ADDITIVE_RAW,CP01-PROFILE-R0420,1,CP01-R0420,420,421,9,22.55111761,-5.67111761,0.00000000
FULL_ADDITIVE_RAW,CP01-PROFILE-R0421,1,CP01-R0421,421,422,9,32.37678515,0.71321485,0.00000000
FULL_ADDITIVE_RAW,CP01-PROFILE-R0422,1,CP01-R0422,422,423,9,30.86329924,3.37670076,0.00000000
FULL_ADDITIVE_RAW,CP01-PROFILE-R0423,1,CP01-R0423,423,424,9,32.36910393,-0.55910393,0.00000000
FULL_ADDITIVE_RAW,CP01-PROFILE-R0424,1,CP01-R0424,424,425,9,28.66607887,1.08392113,0.00000000
FULL_ADDITIVE_RAW,CP01-PROFILE-R0425,1,CP01-R0425,425,426,9,30.91312008,2.09687992,0.00000000
FULL_ADDITIVE_RAW,CP01-PROFILE-R0426,1,CP01-R0426,426,427,9,32.27701061,0.62298939,0.00000000
FULL_ADDITIVE_RAW,CP01-PROFILE-R0427,1,CP01-R0427,427,428,9,33.16423089,-3.61423089,0.00000000
FULL_ADDITIVE_RAW,CP01-PROFILE-R0428,1,CP01-R0428,428,429,9,25.67044069,-6.25044069,0.00000000
FULL_ADDITIVE_RAW,CP01-PROFILE-R0429,1,CP01-R0429,429,430,9,23.89339815,0.76660185,0.00000000
FULL_ADDITIVE_RAW,CP01-PROFILE-R0430,1,CP01-R0430,430,431,9,33.19604960,-3.60604960,0.00000000
FULL_ADDITIVE_RAW,CP01-PROFILE-R0431,1,CP01-R0431,431,432,9,23.35998364,0.92001636,0.00000000
FULL_ADDITIVE_RAW,CP01-PROFILE-R0432,1,CP01-R0432,432,433,9,25.70371017,-4.97371017,0.00000000
FULL_ADDITIVE_RAW,CP01-PROFILE-R0433,1,CP01-R0433,433,434,9,24.05667278,2.14332722,0.00000000
FULL_ADDITIVE_RAW,CP01-PROFILE-R0434,1,CP01-R0434,434,435,9,33.92279910,12.46720090,0.00000000
FULL_ADDITIVE_RAW,CP01-PROFILE-R0435,1,CP01-R0435,435,436,9,32.44421549,6.71578451,0.00000000
FULL_ADDITIVE_RAW,CP01-PROFILE-R0436,1,CP01-R0436,436,437,9,33.93346363,7.26653637,0.00000000
FULL_ADDITIVE_RAW,CP01-PROFILE-R0437,1,CP01-R0437,437,438,9,30.24166556,3.44833444,0.00000000
FULL_ADDITIVE_RAW,CP01-PROFILE-R0438,1,CP01-R0438,438,439,9,32.48886768,5.71113232,0.00000000
FULL_ADDITIVE_RAW,CP01-PROFILE-R0439,1,CP01-R0439,439,440,9,33.83671576,7.57328424,0.00000000
FULL_ADDITIVE_RAW,CP01-PROFILE-R0440,1,CP01-R0440,440,441,9,34.72931469,3.08068531,0.00000000
FULL_ADDITIVE_RAW,CP01-PROFILE-R0441,1,CP01-R0441,441,442,9,27.24918549,-2.39918549,0.00000000
FULL_ADDITIVE_RAW,CP01-PROFILE-R0442,1,CP01-R0442,442,443,9,25.48713013,1.73286987,0.00000000
FULL_ADDITIVE_RAW,CP01-PROFILE-R0443,1,CP01-R0443,443,444,9,34.72009423,9.91990577,0.00000000
FULL_ADDITIVE_RAW,CP01-PROFILE-R0444,1,CP01-R0444,444,445,9,24.90402607,12.36597393,0.00000000
FULL_ADDITIVE_RAW,CP01-PROFILE-R0445,1,CP01-R0445,445,446,9,27.22794037,6.04205963,0.00000000
FULL_ADDITIVE_RAW,CP01-PROFILE-R0446,1,CP01-R0446,446,447,9,27.16344603,9.39655397,0.00000000
FULL_ADDITIVE_RAW,CP01-PROFILE-R0447,1,CP01-R0447,447,448,9,37.09775327,16.62224673,0.00000000
FULL_ADDITIVE_RAW,CP01-PROFILE-R0448,1,CP01-R0448,448,449,9,35.60482665,12.98517335,0.00000000
FULL_ADDITIVE_RAW,CP01-PROFILE-R0449,1,CP01-R0449,449,450,9,37.09516048,14.62483952,0.00000000
FULL_ADDITIVE_RAW,CP01-PROFILE-R0450,1,CP01-R0450,450,451,9,33.44899854,2.40100146,0.00000000
FULL_ADDITIVE_RAW,CP01-PROFILE-R0451,1,CP01-R0451,451,452,9,35.59943947,18.17056053,0.00000000
FULL_ADDITIVE_RAW,CP01-PROFILE-R0452,1,CP01-R0452,452,453,9,36.97808076,16.48191924,0.00000000
FULL_ADDITIVE_RAW,CP01-PROFILE-R0453,1,CP01-R0453,453,454,9,37.88354704,11.10645296,0.00000000
FULL_ADDITIVE_RAW,CP01-PROFILE-R0454,1,CP01-R0454,454,455,9,30.42826372,1.29173628,0.00000000
FULL_ADDITIVE_RAW,CP01-PROFILE-R0455,1,CP01-R0455,455,456,9,28.63282870,11.00717130,0.00000000
FULL_ADDITIVE_RAW,CP01-PROFILE-R0456,1,CP01-R0456,456,457,9,37.89529521,13.36470479,0.00000000
FULL_ADDITIVE_RAW,CP01-PROFILE-R0457,1,CP01-R0457,457,458,9,28.08501391,15.30498609,0.00000000
FULL_ADDITIVE_RAW,CP01-PROFILE-R0458,1,CP01-R0458,458,459,9,30.40813063,8.86186937,0.00000000
FULL_ADDITIVE_RAW,CP01-PROFILE-R0459,1,CP01-R0459,459,460,9,32.22586779,5.73413221,0.00000000
FULL_ADDITIVE_RAW,CP01-PROFILE-R0460,1,CP01-R0460,460,461,9,42.12477381,12.89522619,0.00000000
FULL_ADDITIVE_RAW,CP01-PROFILE-R0461,1,CP01-R0461,461,462,9,40.63972594,9.35027406,0.00000000
FULL_ADDITIVE_RAW,CP01-PROFILE-R0462,1,CP01-R0462,462,463,9,42.12069636,11.53930364,0.00000000
FULL_ADDITIVE_RAW,CP01-PROFILE-R0463,1,CP01-R0463,463,464,9,38.50984904,-0.82984904,0.00000000
FULL_ADDITIVE_RAW,CP01-PROFILE-R0464,1,CP01-R0464,464,465,9,40.62066429,15.43933571,0.00000000
FULL_ADDITIVE_RAW,CP01-PROFILE-R0465,1,CP01-R0465,465,466,9,41.99213517,14.81786483,0.00000000
FULL_ADDITIVE_RAW,CP01-PROFILE-R0466,1,CP01-R0466,466,467,9,42.91524013,8.02475987,0.00000000
FULL_ADDITIVE_RAW,CP01-PROFILE-R0467,1,CP01-R0467,467,468,9,35.47299553,-1.91299553,0.00000000
FULL_ADDITIVE_RAW,CP01-PROFILE-R0468,1,CP01-R0468,468,469,9,33.67252443,7.48747557,0.00000000
FULL_ADDITIVE_RAW,CP01-PROFILE-R0469,1,CP01-R0469,469,470,9,42.92724876,10.03275124,0.00000000
FULL_ADDITIVE_RAW,CP01-PROFILE-R0470,1,CP01-R0470,470,471,9,33.11841524,11.16158476,0.00000000
FULL_ADDITIVE_RAW,CP01-PROFILE-R0471,1,CP01-R0471,471,472,9,35.45811971,4.69188029,0.00000000
FULL_ADDITIVE_RAW,CP01-PROFILE-R0472,3,CP01-R0472,472,473,9,53.75693345,3.27306655,0.06854877
FULL_ADDITIVE_RAW,CP01-PROFILE-R0472,3,CP01-R0473,473,474,9,53.75693345,-9.33693345,0.00304387
FULL_ADDITIVE_RAW,CP01-PROFILE-R0472,3,CP01-R0474,474,475,9,53.75693345,-2.73693345,0.03442730
FULL_ADDITIVE_RAW,CP01-PROFILE-R0475,1,CP01-R0475,475,476,9,53.32698432,0.06301568,0.00000000
FULL_ADDITIVE_RAW,CP01-PROFILE-R0476,3,CP01-R0476,476,477,9,51.26986237,-15.90986237,0.32517085
FULL_ADDITIVE_RAW,CP01-PROFILE-R0476,3,CP01-R0477,477,478,9,51.26986237,-26.24986237,0.26310174
FULL_ADDITIVE_RAW,CP01-PROFILE-R0476,3,CP01-R0478,478,479,9,51.26986237,-27.91986237,0.25307704
FULL_ADDITIVE_RAW,CP01-PROFILE-R0479,3,CP01-R0479,479,480,9,51.45612875,0.55387125,0.15170045
FULL_ADDITIVE_RAW,CP01-PROFILE-R0479,3,CP01-R0480,480,481,9,51.45612875,-13.43612875,0.06877344
FULL_ADDITIVE_RAW,CP01-PROFILE-R0479,3,CP01-R0481,481,482,9,51.45612875,-12.15612875,0.07636076
FULL_ADDITIVE_RAW,CP01-PROFILE-R0482,3,CP01-R0482,482,483,9,56.89537507,4.17462493,0.01373697
FULL_ADDITIVE_RAW,CP01-PROFILE-R0482,3,CP01-R0483,483,484,9,56.89537507,-0.75537507,0.01447224
FULL_ADDITIVE_RAW,CP01-PROFILE-R0482,3,CP01-R0484,484,485,9,56.89537507,-1.64537507,0.01956477
FULL_ADDITIVE_RAW,CP01-PROFILE-R0485,1,CP01-R0485,485,486,9,56.53613141,-1.76613141,0.00000000
FULL_ADDITIVE_RAW,CP01-PROFILE-R0486,1,CP01-R0486,486,487,9,51.24820904,-1.00820904,0.00000000
FULL_ADDITIVE_RAW,CP01-PROFILE-R0487,1,CP01-R0487,487,488,9,51.15296412,-4.47296412,0.00000000
FULL_ADDITIVE_RAW,CP01-PROFILE-R0488,1,CP01-R0488,488,489,9,50.47597692,-3.79597692,0.00000000
FULL_ADDITIVE_RAW,CP01-PROFILE-R0489,1,CP01-R0489,489,490,9,48.55312290,-25.80312290,0.00000000
FULL_ADDITIVE_RAW,CP01-PROFILE-R0490,1,CP01-R0490,490,491,9,48.41476572,-22.90476572,0.00000000
FULL_ADDITIVE_RAW,CP01-PROFILE-R0491,1,CP01-R0491,491,492,9,47.67682197,-12.90682197,0.00000000
FULL_ADDITIVE_RAW,CP01-PROFILE-R0492,1,CP01-R0492,492,493,9,48.92082838,-12.08082838,0.00000000
FULL_ADDITIVE_RAW,CP01-PROFILE-R0493,1,CP01-R0493,493,494,9,48.74417107,-2.84417107,0.00000000
FULL_ADDITIVE_RAW,CP01-PROFILE-R0494,1,CP01-R0494,494,495,9,48.09351653,-6.42351653,0.00000000
FULL_ADDITIVE_RAW,CP01-PROFILE-R0495,1,CP01-R0495,495,496,9,54.42712497,1.91287503,0.00000000
FULL_ADDITIVE_RAW,CP01-PROFILE-R0496,1,CP01-R0496,496,497,9,54.36534465,-6.39534465,0.00000000
FULL_ADDITIVE_RAW,CP01-PROFILE-R0497,1,CP01-R0497,497,498,9,53.60015885,7.85984115,0.00000000
FULL_ADDITIVE_RAW,CP01-PROFILE-R0498,1,CP01-R0498,498,499,9,50.10258344,-6.07258344,0.00000000
FULL_ADDITIVE_RAW,CP01-PROFILE-R0499,1,CP01-R0499,499,500,9,49.79703455,5.65296545,0.00000000
FULL_ADDITIVE_RAW,CP01-PROFILE-R0500,1,CP01-R0500,500,501,9,51.81870372,3.73129628,0.00000000
FULL_ADDITIVE_RAW,CP01-PROFILE-R0501,1,CP01-R0501,501,502,9,52.08028245,5.83971755,0.00000000
FULL_ADDITIVE_RAW,CP01-PROFILE-R0502,1,CP01-R0502,502,503,9,49.80113646,-24.19113646,0.00000000
FULL_ADDITIVE_RAW,CP01-PROFILE-R0503,1,CP01-R0503,503,504,9,50.02631119,-16.53631119,0.00000000
FULL_ADDITIVE_RAW,CP01-PROFILE-R0504,1,CP01-R0504,504,505,9,54.99162280,4.59837720,0.00000000
FULL_ADDITIVE_RAW,CP01-PROFILE-R0505,1,CP01-R0505,505,506,9,49.73785621,-20.18785621,0.00000000
FULL_ADDITIVE_RAW,CP01-PROFILE-R0506,1,CP01-R0506,506,507,9,50.03359039,-12.11359039,0.00000000
FULL_ADDITIVE_RAW,CP01-PROFILE-R0507,1,CP01-R0507,507,508,9,55.26454009,6.59545991,0.00000000
FULL_ADDITIVE_RAW,CP01-PROFILE-R0508,1,CP01-R0508,508,509,9,50.22580506,11.82419494,0.00000000
FULL_ADDITIVE_RAW,CP01-PROFILE-R0509,1,CP01-R0509,509,510,9,48.76192229,-16.75192229,0.00000000
FULL_ADDITIVE_RAW,CP01-PROFILE-R0510,1,CP01-R0510,510,511,9,51.67654224,20.42345776,0.00000000
FULL_ADDITIVE_RAW,CP01-PROFILE-R0511,1,CP01-R0511,511,512,9,48.07434177,-9.07434177,0.00000000
FULL_ADDITIVE_RAW,CP01-PROFILE-R0512,1,CP01-R0512,512,513,9,53.41784464,12.28215536,0.00000000
FULL_ADDITIVE_RAW,CP01-PROFILE-R0513,1,CP01-R0513,513,514,9,49.38644088,-17.27644088,0.00000000
FULL_ADDITIVE_RAW,CP01-PROFILE-R0514,1,CP01-R0514,514,515,9,49.72406578,-9.43406578,0.00000000
FULL_ADDITIVE_RAW,CP01-PROFILE-R0515,1,CP01-R0515,515,516,9,54.88641462,19.47358538,0.00000000
FULL_ADDITIVE_RAW,CP01-PROFILE-R0516,1,CP01-R0516,516,517,9,20.41936942,1.55063058,0.00000000
FULL_ADDITIVE_RAW,CP01-PROFILE-R0517,1,CP01-R0517,517,518,9,17.64351677,-7.79351677,0.00000000
FULL_ADDITIVE_RAW,CP01-PROFILE-R0518,1,CP01-R0518,518,519,9,18.05878457,-2.98878457,0.00000000
FULL_ADDITIVE_RAW,CP01-PROFILE-R0519,1,CP01-R0519,519,520,9,23.63332314,-0.38332314,0.00000000
FULL_ADDITIVE_RAW,CP01-PROFILE-R0520,1,CP01-R0520,520,521,9,33.91120675,9.81879325,0.00000000
FULL_ADDITIVE_RAW,CP01-PROFILE-R0521,1,CP01-R0521,521,522,9,31.37223097,-17.97223097,0.00000000
FULL_ADDITIVE_RAW,CP01-PROFILE-R0522,1,CP01-R0522,522,523,9,31.70902171,-7.57902171,0.00000000
FULL_ADDITIVE_RAW,CP01-PROFILE-R0523,1,CP01-R0523,523,524,9,37.13627864,7.38372136,0.00000000
FULL_ADDITIVE_RAW,CP01-PROFILE-R0524,2,CP01-R0524,524,525,9,50.40805591,12.53194409,0.06278362
FULL_ADDITIVE_RAW,CP01-PROFILE-R0524,2,CP01-R0525,525,526,9,50.40805591,9.08194409,0.08663353
FULL_ADDITIVE_RAW,CP01-PROFILE-R0526,2,CP01-R0526,526,527,9,48.02505231,-22.90505231,0.16830450
FULL_ADDITIVE_RAW,CP01-PROFILE-R0526,2,CP01-R0527,527,528,9,48.02505231,-24.38505231,0.15808961
FULL_ADDITIVE_RAW,CP01-PROFILE-R0528,2,CP01-R0528,528,529,9,48.30989632,-12.55989632,0.06674041
FULL_ADDITIVE_RAW,CP01-PROFILE-R0528,2,CP01-R0529,529,530,9,48.30989632,-9.69989632,0.08641872
FULL_ADDITIVE_RAW,CP01-PROFILE-R0530,2,CP01-R0530,530,531,9,53.54760408,15.20239592,0.09706462
FULL_ADDITIVE_RAW,CP01-PROFILE-R0530,2,CP01-R0531,531,532,9,53.54760408,13.23239592,0.11151531
FULL_ADDITIVE_RAW,CP01-PROFILE-R0532,1,CP01-R0532,532,533,9,29.18735802,-5.33735802,0.00000000
FULL_ADDITIVE_RAW,CP01-PROFILE-R0533,1,CP01-R0533,533,534,9,27.34565732,4.72434268,0.00000000
FULL_ADDITIVE_RAW,CP01-PROFILE-R0534,1,CP01-R0534,534,535,9,17.49039548,-5.84039548,0.00000000
FULL_ADDITIVE_RAW,CP01-PROFILE-R0535,1,CP01-R0535,535,536,9,28.24120250,-9.04120250,0.00000000
FULL_ADDITIVE_RAW,CP01-PROFILE-R0536,1,CP01-R0536,536,537,9,38.06260710,10.78739290,0.00000000
FULL_ADDITIVE_RAW,CP01-PROFILE-R0537,1,CP01-R0537,537,538,9,30.99039913,8.60960087,0.00000000
FULL_ADDITIVE_RAW,CP01-PROFILE-R0538,1,CP01-R0538,538,539,9,39.86373029,4.07626971,0.00000000
FULL_ADDITIVE_RAW,CP01-PROFILE-R0539,1,CP01-R0539,539,540,9,37.53058241,-2.96058241,0.00000000
FULL_ADDITIVE_RAW,CP01-PROFILE-R0540,1,CP01-R0540,540,541,9,46.91841420,7.40158580,0.00000000
FULL_ADDITIVE_RAW,CP01-PROFILE-R0541,1,CP01-R0541,541,542,9,37.17034752,-12.77034752,0.00000000
FULL_ADDITIVE_RAW,CP01-PROFILE-R0542,1,CP01-R0542,542,543,9,22.01742975,-6.39742975,0.00000000
FULL_ADDITIVE_RAW,CP01-PROFILE-R0543,1,CP01-R0543,543,544,9,23.90862396,-2.04862396,0.00000000
FULL_ADDITIVE_RAW,CP01-PROFILE-R0544,1,CP01-R0544,544,545,9,14.45231512,-4.23231512,0.00000000
FULL_ADDITIVE_RAW,CP01-PROFILE-R0545,1,CP01-R0545,545,546,9,17.92662158,-3.32662158,0.00000000
FULL_ADDITIVE_RAW,CP01-PROFILE-R0546,1,CP01-R0546,546,547,9,16.78567574,1.96432426,0.00000000
FULL_ADDITIVE_RAW,CP01-PROFILE-R0547,1,CP01-R0547,547,548,9,24.79024569,7.17975431,0.00000000
FULL_ADDITIVE_RAW,CP01-PROFILE-R0548,1,CP01-R0548,548,549,9,22.42697905,0.97302095,0.00000000
FULL_ADDITIVE_RAW,CP01-PROFILE-R0549,1,CP01-R0549,549,550,9,20.25931023,5.31068977,0.00000000
FULL_ADDITIVE_RAW,CP01-PROFILE-R0550,1,CP01-R0550,550,551,9,31.85823223,9.82176777,0.00000000
FULL_ADDITIVE_RAW,CP01-PROFILE-R0551,1,CP01-R0551,551,552,9,28.64618773,-0.90618773,0.00000000
FULL_ADDITIVE_RAW,CP01-PROFILE-R0552,1,CP01-R0552,552,553,9,14.01297135,-5.81297135,0.00000000
FULL_ADDITIVE_RAW,CP01-PROFILE-R0553,1,CP01-R0553,553,554,9,27.18107897,-17.56107897,0.00000000
FULL_ADDITIVE_RAW,CP01-PROFILE-R0554,1,CP01-R0554,554,555,9,46.49890203,-21.07890203,0.00000000
FULL_ADDITIVE_RAW,CP01-PROFILE-R0555,1,CP01-R0555,555,556,9,28.36400070,-12.67400070,0.00000000
FULL_ADDITIVE_RAW,CP01-PROFILE-R0556,1,CP01-R0556,556,557,9,34.95238269,-7.01238269,0.00000000
FULL_ADDITIVE_RAW,CP01-PROFILE-R0557,1,CP01-R0557,557,558,9,37.67857230,-5.04857230,0.00000000
FULL_ADDITIVE_RAW,CP01-PROFILE-R0558,1,CP01-R0558,558,559,9,31.18497368,-13.94497368,0.00000000
FULL_ADDITIVE_RAW,CP01-PROFILE-R0559,1,CP01-R0559,559,560,9,34.01234146,-14.24234146,0.00000000
FULL_ADDITIVE_RAW,CP01-PROFILE-R0560,1,CP01-R0560,560,561,9,48.67578015,-9.23578015,0.00000000
FULL_ADDITIVE_RAW,CP01-PROFILE-R0561,1,CP01-R0561,561,562,9,27.88678692,-2.13678692,0.00000000
FULL_ADDITIVE_RAW,CP01-PROFILE-R0562,1,CP01-R0562,562,563,9,33.23651235,-0.15651235,0.00000000
FULL_ADDITIVE_RAW,CP01-PROFILE-R0563,1,CP01-R0563,563,564,9,29.35830433,-5.28830433,0.00000000
FULL_ADDITIVE_RAW,CP01-PROFILE-R0564,1,CP01-R0564,564,565,9,39.52405956,-17.70405956,0.00000000
FULL_ADDITIVE_RAW,CP01-PROFILE-R0565,1,CP01-R0565,565,566,9,29.50480722,-8.43480722,0.00000000
FULL_ADDITIVE_RAW,CP01-PROFILE-R0566,1,CP01-R0566,566,567,9,20.37050326,-5.53050326,0.00000000
FULL_ADDITIVE_RAW,CP01-PROFILE-R0567,1,CP01-R0567,567,568,9,33.52329907,-1.47329907,0.00000000
FULL_ADDITIVE_RAW,CP01-PROFILE-R0568,1,CP01-R0568,568,569,9,22.95626119,-10.99626119,0.00000000
FULL_ADDITIVE_RAW,CP01-PROFILE-R0569,1,CP01-R0569,569,570,9,30.86585661,-5.41585661,0.00000000
FULL_ADDITIVE_RAW,CP01-PROFILE-R0570,1,CP01-R0570,570,571,9,33.65405850,-11.16405850,0.00000000
FULL_ADDITIVE_RAW,CP01-PROFILE-R0571,1,CP01-R0571,571,572,9,22.72381030,2.49618970,0.00000000
FULL_ADDITIVE_RAW,CP01-PROFILE-R0572,1,CP01-R0572,572,573,9,45.87595907,-6.17595907,0.00000000
FULL_ADDITIVE_RAW,CP01-PROFILE-R0573,1,CP01-R0573,573,574,9,25.53654072,-12.44654072,0.00000000
FULL_ADDITIVE_RAW,CP01-PROFILE-R0574,1,CP01-R0574,574,575,9,43.40461481,-4.70461481,0.00000000
FULL_ADDITIVE_RAW,CP01-PROFILE-R0575,1,CP01-R0575,575,576,9,21.93566735,-14.42566735,0.00000000
FULL_ADDITIVE_RAW,CP01-PROFILE-R0576,1,CP01-R0576,576,577,9,16.71735944,0.86264056,0.00000000
FULL_ADDITIVE_RAW,CP01-PROFILE-R0577,1,CP01-R0577,577,578,9,24.85227896,-3.67227896,0.00000000
FULL_ADDITIVE_RAW,CP01-PROFILE-R0578,1,CP01-R0578,578,579,9,24.26434138,-6.06434138,0.00000000
FULL_ADDITIVE_RAW,CP01-PROFILE-R0579,1,CP01-R0579,579,580,9,35.42297294,-18.22297294,0.00000000
FULL_ADDITIVE_RAW,CP01-PROFILE-R0580,1,CP01-R0580,580,581,9,25.31009158,-2.68009158,0.00000000
FULL_ADDITIVE_RAW,CP01-PROFILE-R0581,1,CP01-R0581,581,582,9,36.85887863,-14.99887863,0.00000000
FULL_ADDITIVE_RAW,CP01-PROFILE-R0582,1,CP01-R0582,582,583,9,32.68218271,-20.31218271,0.00000000
FULL_ADDITIVE_RAW,CP01-PROFILE-R0583,1,CP01-R0583,583,584,9,21.73471816,3.99528184,0.00000000
FULL_ADDITIVE_RAW,CP01-PROFILE-R0584,1,CP01-R0584,584,585,9,41.74065464,-3.93065464,0.00000000
FULL_ADDITIVE_RAW,CP01-PROFILE-R0585,1,CP01-R0585,585,586,9,43.73200440,-21.81200440,0.00000000
FULL_ADDITIVE_RAW,CP01-PROFILE-R0586,1,CP01-R0586,586,587,9,39.20192382,-6.16192382,0.00000000
FULL_ADDITIVE_RAW,CP01-PROFILE-R0587,1,CP01-R0587,587,588,9,31.32247227,-16.78247227,0.00000000
FULL_ADDITIVE_RAW,CP01-PROFILE-R0588,1,CP01-R0588,588,589,9,30.72089922,-3.81089922,0.00000000
FULL_ADDITIVE_RAW,CP01-PROFILE-R0589,1,CP01-R0589,589,590,9,19.91816013,-11.91816013,0.00000000
FULL_ADDITIVE_RAW,CP01-PROFILE-R0590,1,CP01-R0590,590,591,9,27.21063064,4.68936936,0.00000000
FULL_ADDITIVE_RAW,CP01-PROFILE-R0591,1,CP01-R0591,591,592,9,14.35648768,-4.01648768,0.00000000
FULL_ADDITIVE_RAW,CP01-PROFILE-R0592,1,CP01-R0592,592,593,9,18.20722820,1.56277180,0.00000000
FULL_ADDITIVE_RAW,CP01-PROFILE-R0593,1,CP01-R0593,593,594,9,31.70332446,5.73667554,0.00000000
FULL_ADDITIVE_RAW,CP01-PROFILE-R0594,1,CP01-R0594,594,595,9,15.85053969,-4.37053969,0.00000000
FULL_ADDITIVE_RAW,CP01-PROFILE-R0595,1,CP01-R0595,595,596,9,41.10018726,-16.66018726,0.00000000
FULL_ADDITIVE_RAW,CP01-PROFILE-R0596,1,CP01-R0596,596,597,9,22.27482467,-4.67482467,0.00000000
FULL_ADDITIVE_RAW,CP01-PROFILE-R0597,1,CP01-R0597,597,598,9,19.45911638,-8.72911638,0.00000000
FULL_ADDITIVE_RAW,CP01-PROFILE-R0598,1,CP01-R0598,598,599,9,36.36035725,-4.98035725,0.00000000
FULL_ADDITIVE_RAW,CP01-PROFILE-R0599,1,CP01-R0599,599,600,9,21.41598527,-8.19598527,0.00000000
FULL_ADDITIVE_RAW,CP01-PROFILE-R0600,1,CP01-R0600,600,601,9,21.82917770,-0.85917770,0.00000000
FULL_ADDITIVE_RAW,CP01-PROFILE-R0601,1,CP01-R0601,601,602,9,22.59908705,4.44091295,0.00000000
FULL_ADDITIVE_RAW,CP01-PROFILE-R0602,1,CP01-R0602,602,603,9,24.18230174,7.85769826,0.00000000
FULL_ADDITIVE_RAW,CP01-PROFILE-R0603,1,CP01-R0603,603,604,9,31.28635557,3.88364443,0.00000000
FULL_ADDITIVE_RAW,CP01-PROFILE-R0604,1,CP01-R0604,604,605,9,41.62483101,-5.17483101,0.00000000
FULL_ADDITIVE_RAW,CP01-PROFILE-R0605,1,CP01-R0605,605,606,9,63.40016345,-24.51016345,0.00000000
FULL_ADDITIVE_RAW,CP01-PROFILE-R0606,1,CP01-R0606,606,607,9,11.61581294,-5.14581294,0.00000000
FULL_ADDITIVE_RAW,CP01-PROFILE-R0607,1,CP01-R0607,607,608,9,12.83341417,0.00658583,0.00000000
FULL_ADDITIVE_RAW,CP01-PROFILE-R0608,1,CP01-R0608,608,609,9,14.40492582,4.01507418,0.00000000
FULL_ADDITIVE_RAW,CP01-PROFILE-R0609,1,CP01-R0609,609,610,9,21.51138556,0.43861444,0.00000000
FULL_ADDITIVE_RAW,CP01-PROFILE-R0610,1,CP01-R0610,610,611,9,32.02624439,-7.92624439,0.00000000
FULL_ADDITIVE_RAW,CP01-PROFILE-R0611,1,CP01-R0611,611,612,9,53.98437883,-28.90437883,0.00000000
FULL_ADDITIVE_RAW,CP01-PROFILE-R0612,1,CP01-R0612,612,613,9,17.58747728,3.67252272,0.00000000
FULL_ADDITIVE_RAW,CP01-PROFILE-R0613,1,CP01-R0613,613,614,9,19.16987033,6.80012967,0.00000000
FULL_ADDITIVE_RAW,CP01-PROFILE-R0614,1,CP01-R0614,614,615,9,16.38525156,-5.02525156,0.00000000
FULL_ADDITIVE_RAW,CP01-PROFILE-R0615,1,CP01-R0615,615,616,9,26.26271747,4.98728253,0.00000000
FULL_ADDITIVE_RAW,CP01-PROFILE-R0616,1,CP01-R0616,616,617,9,36.60948855,-4.27948855,0.00000000
FULL_ADDITIVE_RAW,CP01-PROFILE-R0617,1,CP01-R0617,617,618,9,57.83973544,-24.13973544,0.00000000
FULL_ADDITIVE_RAW,CP01-PROFILE-R0618,1,CP01-R0618,618,619,9,12.71287910,-3.40287910,0.00000000
FULL_ADDITIVE_RAW,CP01-PROFILE-R0619,1,CP01-R0619,619,620,9,22.60158024,4.33841976,0.00000000
FULL_ADDITIVE_RAW,CP01-PROFILE-R0620,1,CP01-R0620,620,621,9,32.95579104,-5.32579104,0.00000000
FULL_ADDITIVE_RAW,CP01-PROFILE-R0621,1,CP01-R0621,621,622,9,54.78435339,-24.99435339,0.00000000
FULL_ADDITIVE_RAW,CP01-PROFILE-R0622,1,CP01-R0622,622,623,9,39.01596332,-4.52596332,0.00000000
FULL_ADDITIVE_RAW,CP01-PROFILE-R0623,1,CP01-R0623,623,624,9,60.83007574,-24.68007574,0.00000000
FULL_ADDITIVE_RAW,CP01-PROFILE-R0624,1,CP01-R0624,624,625,9,18.79997736,-6.25997736,0.00000000
FULL_ADDITIVE_RAW,CP01-PROFILE-R0625,1,CP01-R0625,625,626,9,21.58019937,5.94980063,0.00000000
FULL_ADDITIVE_RAW,CP01-PROFILE-R0626,1,CP01-R0626,626,627,9,28.67322127,4.24677873,0.00000000
FULL_ADDITIVE_RAW,CP01-PROFILE-R0627,1,CP01-R0627,627,628,9,12.20035497,-2.21035497,0.00000000
FULL_ADDITIVE_RAW,CP01-PROFILE-R0628,1,CP01-R0628,628,629,9,11.88802999,-4.04802999,0.00000000
FULL_ADDITIVE_RAW,CP01-PROFILE-R0629,1,CP01-R0629,629,630,9,14.26762544,-2.01762544,0.00000000
FULL_ADDITIVE_RAW,CP01-PROFILE-R0630,1,CP01-R0630,630,631,9,14.26130425,-3.09130425,0.00000000
FULL_ADDITIVE_RAW,CP01-PROFILE-R0631,1,CP01-R0631,631,632,9,16.63114112,0.70885888,0.00000000
FULL_ADDITIVE_RAW,CP01-PROFILE-R0632,1,CP01-R0632,632,633,9,23.88461365,-6.34461365,0.00000000
FULL_ADDITIVE_RAW,CP01-PROFILE-R0633,1,CP01-R0633,633,634,9,26.23461833,4.33538167,0.00000000
FULL_ADDITIVE_RAW,CP01-PROFILE-R0634,1,CP01-R0634,634,635,9,18.99853160,-4.79853160,0.00000000
FULL_ADDITIVE_RAW,CP01-PROFILE-R0635,1,CP01-R0635,635,636,9,21.35318545,3.14681455,0.00000000
FULL_ADDITIVE_RAW,CP01-PROFILE-R0636,1,CP01-R0636,636,637,9,21.34805750,-5.76805750,0.00000000
FULL_ADDITIVE_RAW,CP01-PROFILE-R0637,1,CP01-R0637,637,638,9,23.70279863,3.14720137,0.00000000
FULL_ADDITIVE_RAW,CP01-PROFILE-R0638,1,CP01-R0638,638,639,9,28.59980841,-2.53980841,0.00000000
FULL_ADDITIVE_RAW,CP01-PROFILE-R0639,1,CP01-R0639,639,640,9,30.95635097,7.25364903,0.00000000
FULL_ADDITIVE_RAW,CP01-PROFILE-R0640,1,CP01-R0640,640,641,9,33.28747886,10.41252114,0.00000000
FULL_ADDITIVE_RAW,CP01-PROFILE-R0641,1,CP01-R0641,641,642,9,30.93952068,-0.79952068,0.00000000
FULL_ADDITIVE_RAW,CP01-PROFILE-R0642,1,CP01-R0642,642,643,9,16.61068921,-3.88068921,0.00000000
FULL_ADDITIVE_RAW,CP01-PROFILE-R0643,1,CP01-R0643,643,644,9,18.97225407,1.89774593,0.00000000
FULL_ADDITIVE_RAW,CP01-PROFILE-R0644,1,CP01-R0644,644,645,9,26.07850192,-5.79850192,0.00000000
FULL_ADDITIVE_RAW,CP01-PROFILE-R0645,1,CP01-R0645,645,646,9,28.42709813,5.86290187,0.00000000
FULL_ADDITIVE_RAW,CP01-PROFILE-R0646,1,CP01-R0646,646,647,9,33.34361856,-13.80361856,0.00000000
FULL_ADDITIVE_RAW,CP01-PROFILE-R0647,1,CP01-R0647,647,648,9,35.38889644,12.32110356,0.00000000
FULL_ADDITIVE_RAW,CP01-PROFILE-R0648,1,CP01-R0648,648,649,9,34.10687623,9.27312377,0.00000000
FULL_ADDITIVE_RAW,CP01-PROFILE-R0649,1,CP01-R0649,649,650,9,20.94300059,8.94699941,0.00000000
FULL_ADDITIVE_RAW,CP01-PROFILE-R0650,1,CP01-R0650,650,651,9,24.22941813,-17.32941813,0.00000000
FULL_ADDITIVE_RAW,CP01-PROFILE-R0651,1,CP01-R0651,651,652,9,23.65351625,9.53648375,0.00000000
FULL_ADDITIVE_RAW,CP01-PROFILE-R0652,1,CP01-R0652,652,653,9,14.82004004,-9.92004004,0.00000000
FULL_ADDITIVE_RAW,CP01-PROFILE-R0653,1,CP01-R0653,653,654,9,11.48256510,-6.91256510,0.00000000
FULL_ADDITIVE_RAW,CP01-PROFILE-R0654,1,CP01-R0654,654,655,9,21.28697117,4.17302883,0.00000000
FULL_ADDITIVE_RAW,CP01-PROFILE-R0655,1,CP01-R0655,655,656,9,16.58429184,7.70570816,0.00000000
FULL_ADDITIVE_RAW,CP01-PROFILE-R0656,1,CP01-R0656,656,657,9,26.91002708,7.03997292,0.00000000
FULL_ADDITIVE_RAW,CP01-PROFILE-R0657,1,CP01-R0657,657,658,9,19.77740797,-8.36740797,0.00000000
FULL_ADDITIVE_RAW,CP01-PROFILE-R0658,1,CP01-R0658,658,659,9,13.25634409,7.33365591,0.00000000
FULL_ADDITIVE_RAW,CP01-PROFILE-R0659,1,CP01-R0659,659,660,9,34.93560022,-9.04560022,0.00000000
FULL_ADDITIVE_RAW,CP01-PROFILE-R0660,1,CP01-R0660,660,661,9,20.32498334,8.90501666,0.00000000
FULL_ADDITIVE_RAW,CP01-PROFILE-R0661,1,CP01-R0661,661,662,9,24.43154109,6.58845891,0.00000000
FULL_ADDITIVE_RAW,CP01-PROFILE-R0662,1,CP01-R0662,662,663,9,18.64822760,-8.25822760,0.00000000
FULL_ADDITIVE_RAW,CP01-PROFILE-R0663,1,CP01-R0663,663,664,9,27.04908541,6.61091459,0.00000000
FULL_ADDITIVE_RAW,CP01-PROFILE-R0664,1,CP01-R0664,664,665,9,21.46117633,6.40882367,0.00000000
FULL_ADDITIVE_RAW,CP01-PROFILE-R0665,1,CP01-R0665,665,666,9,25.98440449,-6.63440449,0.00000000
FULL_ADDITIVE_RAW,CP01-PROFILE-R0666,1,CP01-R0666,666,667,9,15.90823598,-4.51823598,0.00000000
FULL_ADDITIVE_RAW,CP01-PROFILE-R0667,1,CP01-R0667,667,668,9,32.61080600,-19.82080600,0.00000000
FULL_ADDITIVE_RAW,CP01-PROFILE-R0668,1,CP01-R0668,668,669,9,35.23482209,4.08517791,0.00000000
FULL_ADDITIVE_RAW,CP01-PROFILE-R0669,1,CP01-R0669,669,670,9,12.33305061,-7.55305061,0.00000000
FULL_ADDITIVE_RAW,CP01-PROFILE-R0670,1,CP01-R0670,670,671,9,34.12991786,-18.01991786,0.00000000
FULL_ADDITIVE_RAW,CP01-PROFILE-R0671,1,CP01-R0671,671,672,9,37.23297049,6.14702951,0.00000000
FULL_ADDITIVE_RAW,CP01-PROFILE-R0672,1,CP01-R0672,672,673,9,26.00291811,-5.58291811,0.00000000
FULL_ADDITIVE_RAW,CP01-PROFILE-R0673,1,CP01-R0673,673,674,9,15.47579088,-8.53579088,0.00000000
FULL_ADDITIVE_RAW,CP01-PROFILE-R0674,1,CP01-R0674,674,675,9,19.80235247,-4.77235247,0.00000000
FULL_ADDITIVE_RAW,CP01-PROFILE-R0675,1,CP01-R0675,675,676,9,25.57362547,-12.00362547,0.00000000
FULL_ADDITIVE_RAW,CP01-PROFILE-R0676,1,CP01-R0676,676,677,9,24.67277997,7.85722003,0.00000000
FULL_ADDITIVE_RAW,CP01-PROFILE-R0677,1,CP01-R0677,677,678,9,24.62337559,-8.87337559,0.00000000
FULL_ADDITIVE_RAW,CP01-PROFILE-R0678,1,CP01-R0678,678,679,9,11.90721026,-4.22721026,0.00000000
FULL_ADDITIVE_RAW,CP01-PROFILE-R0679,1,CP01-R0679,679,680,9,36.86683717,1.93316283,0.00000000
FULL_ADDITIVE_RAW,CP01-PROFILE-R0680,1,CP01-R0680,680,681,9,22.14190188,10.85809812,0.00000000
FULL_ADDITIVE_RAW,CP01-PROFILE-R0681,1,CP01-R0681,681,682,9,14.22064854,3.05935146,0.00000000
FULL_ADDITIVE_RAW,CP01-PROFILE-R0682,1,CP01-R0682,682,683,9,18.24726688,6.03273312,0.00000000
FULL_ADDITIVE_RAW,CP01-PROFILE-R0683,1,CP01-R0683,683,684,9,17.59643076,6.45356924,0.00000000
FULL_ADDITIVE_RAW,CP01-PROFILE-R0684,1,CP01-R0684,684,685,9,28.52653632,8.06346368,0.00000000
FULL_ADDITIVE_RAW,CP01-PROFILE-R0685,1,CP01-R0685,685,686,9,42.26950164,8.46049836,0.00000000
FULL_ADDITIVE_RAW,CP01-PROFILE-R0686,1,CP01-R0686,686,687,9,19.14856414,-5.48856414,0.00000000
FULL_ADDITIVE_RAW,CP01-PROFILE-R0687,1,CP01-R0687,687,688,9,34.55939114,-20.41939114,0.00000000
FULL_ADDITIVE_RAW,CP01-PROFILE-R0688,1,CP01-R0688,688,689,9,35.41191953,12.36808047,0.00000000
FULL_ADDITIVE_RAW,CP01-PROFILE-R0689,1,CP01-R0689,689,690,9,10.52152194,-8.19152194,0.00000000
FULL_ADDITIVE_RAW,CP01-PROFILE-R0690,1,CP01-R0690,690,691,9,24.75270274,-7.86270274,0.00000000
FULL_ADDITIVE_RAW,CP01-PROFILE-R0691,1,CP01-R0691,691,692,9,34.54384900,-11.02384900,0.00000000
FULL_ADDITIVE_RAW,CP01-PROFILE-R0692,1,CP01-R0692,692,693,9,19.37934308,-12.56934308,0.00000000
FULL_ADDITIVE_RAW,CP01-PROFILE-R0693,1,CP01-R0693,693,694,9,29.22641193,10.47358807,0.00000000
FULL_ADDITIVE_RAW,CP01-PROFILE-R0694,1,CP01-R0694,694,695,9,15.08001638,2.87998362,0.00000000
FULL_ADDITIVE_RAW,CP01-PROFILE-R0695,1,CP01-R0695,695,696,9,28.36193346,4.51806654,0.00000000
FULL_ADDITIVE_RAW,CP01-PROFILE-R0696,1,CP01-R0696,696,697,9,17.36769895,4.98230105,0.00000000
FULL_ADDITIVE_RAW,CP01-PROFILE-R0697,1,CP01-R0697,697,698,9,15.24860262,-4.45860262,0.00000000
FULL_ADDITIVE_RAW,CP01-PROFILE-R0698,1,CP01-R0698,698,699,9,10.93814008,-3.21814008,0.00000000
FULL_ADDITIVE_RAW,CP01-PROFILE-R0699,1,CP01-R0699,699,700,9,35.52909473,6.15090527,0.00000000
FULL_ADDITIVE_RAW,CP01-PROFILE-R0700,1,CP01-R0700,700,701,9,32.99305602,-23.43305602,0.00000000
FULL_ADDITIVE_RAW,CP01-PROFILE-R0701,1,CP01-R0701,701,702,9,18.73966889,-11.85966889,0.00000000
FULL_ADDITIVE_RAW,CP01-PROFILE-R0702,1,CP01-R0702,702,703,9,43.92045749,6.60954251,0.00000000
FULL_ADDITIVE_RAW,CP01-PROFILE-R0703,1,CP01-R0703,703,704,9,20.21018734,-3.04018734,0.00000000
FULL_ADDITIVE_RAW,CP01-PROFILE-R0704,1,CP01-R0704,704,705,9,22.56430233,7.87569767,0.00000000
FULL_ADDITIVE_RAW,CP01-PROFILE-R0705,1,CP01-R0705,705,706,9,25.57030335,-15.84030335,0.00000000
FULL_ADDITIVE_RAW,CP01-PROFILE-R0706,1,CP01-R0706,706,707,9,13.84745000,-10.52745000,0.00000000
FULL_ADDITIVE_RAW,CP01-PROFILE-R0707,1,CP01-R0707,707,708,9,22.14689639,4.17310361,0.00000000
FULL_ADDITIVE_RAW,CP01-PROFILE-R0708,1,CP01-R0708,708,709,9,29.61995383,13.63004617,0.00000000
FULL_ADDITIVE_RAW,CP01-PROFILE-R0709,1,CP01-R0709,709,710,9,14.63200061,-8.35200061,0.00000000
FULL_ADDITIVE_RAW,CP01-PROFILE-R0710,1,CP01-R0710,710,711,9,25.32312408,6.77687592,0.00000000
FULL_ADDITIVE_RAW,CP01-PROFILE-R0711,1,CP01-R0711,711,712,9,28.31988423,8.64011577,0.00000000
FULL_ADDITIVE_RAW,CP01-PROFILE-R0712,1,CP01-R0712,712,713,9,44.28916244,10.31083756,0.00000000
FULL_ADDITIVE_RAW,CP01-PROFILE-R0713,1,CP01-R0713,713,714,9,32.98587596,-11.50587596,0.00000000
FULL_ADDITIVE_RAW,CP01-PROFILE-R0714,1,CP01-R0714,714,715,9,24.34582033,-14.65582033,0.00000000
FULL_ADDITIVE_RAW,CP01-PROFILE-R0715,1,CP01-R0715,715,716,9,12.75622199,-4.38622199,0.00000000
FULL_ADDITIVE_RAW,CP01-PROFILE-R0716,1,CP01-R0716,716,717,9,28.00751331,11.65248669,0.00000000
FULL_ADDITIVE_RAW,CP01-PROFILE-R0717,1,CP01-R0717,717,718,9,15.05762032,-4.96762032,0.00000000
FULL_ADDITIVE_RAW,CP01-PROFILE-R0718,1,CP01-R0718,718,719,9,18.22497614,-13.39497614,0.00000000
FULL_ADDITIVE_RAW,CP01-PROFILE-R0719,1,CP01-R0719,719,720,9,14.25930615,-3.90930615,0.00000000
FULL_ADDITIVE_RAW,CP01-PROFILE-R0720,1,CP01-R0720,720,721,9,33.97276012,9.59723988,0.00000000
FULL_ADDITIVE_RAW,CP01-PROFILE-R0721,1,CP01-R0721,721,722,9,42.57555617,9.28444383,0.00000000
FULL_ADDITIVE_RAW,CP01-PROFILE-R0722,1,CP01-R0722,722,723,9,20.46998075,-8.61998075,0.00000000
FULL_ADDITIVE_RAW,CP01-PROFILE-R0723,1,CP01-R0723,723,724,9,20.90210248,-3.66210248,0.00000000
FULL_ADDITIVE_RAW,CP01-PROFILE-R0724,1,CP01-R0724,724,725,9,23.26369865,4.56630135,0.00000000
FULL_ADDITIVE_RAW,CP01-PROFILE-R0725,1,CP01-R0725,725,726,9,30.34222833,5.41777167,0.00000000
FULL_ADDITIVE_RAW,CP01-PROFILE-R0726,1,CP01-R0726,726,727,9,33.76740309,4.93259691,0.00000000
FULL_ADDITIVE_RAW,CP01-PROFILE-R0727,1,CP01-R0727,727,728,9,23.04455253,-8.73455253,0.00000000
FULL_ADDITIVE_RAW,CP01-PROFILE-R0728,1,CP01-R0728,728,729,9,23.48608391,-6.04608391,0.00000000
FULL_ADDITIVE_RAW,CP01-PROFILE-R0729,1,CP01-R0729,729,730,9,25.82390040,5.91609960,0.00000000
FULL_ADDITIVE_RAW,CP01-PROFILE-R0730,1,CP01-R0730,730,731,9,32.91021853,4.99978147,0.00000000
FULL_ADDITIVE_RAW,CP01-PROFILE-R0731,1,CP01-R0731,731,732,9,36.34409802,3.03590198,0.00000000
FULL_ADDITIVE_RAW,CP01-PROFILE-R0732,1,CP01-R0732,732,733,9,25.54825265,-9.67825265,0.00000000
FULL_ADDITIVE_RAW,CP01-PROFILE-R0733,1,CP01-R0733,733,734,9,26.06138685,-17.05138685,0.00000000
FULL_ADDITIVE_RAW,CP01-PROFILE-R0734,1,CP01-R0734,734,735,9,28.28845425,5.32154575,0.00000000
FULL_ADDITIVE_RAW,CP01-PROFILE-R0735,1,CP01-R0735,735,736,9,35.37017211,5.28982789,0.00000000
FULL_ADDITIVE_RAW,CP01-PROFILE-R0736,1,CP01-R0736,736,737,9,38.81920963,2.04079037,0.00000000
FULL_ADDITIVE_RAW,CP01-PROFILE-R0737,1,CP01-R0737,737,738,9,14.28312776,-2.23312776,0.00000000
FULL_ADDITIVE_RAW,CP01-PROFILE-R0738,1,CP01-R0738,738,739,9,16.65781650,0.88218350,0.00000000
FULL_ADDITIVE_RAW,CP01-PROFILE-R0739,1,CP01-R0739,739,740,9,20.29396861,-1.38396861,0.00000000
FULL_ADDITIVE_RAW,CP01-PROFILE-R0740,1,CP01-R0740,740,741,9,22.67141632,2.50858368,0.00000000
FULL_ADDITIVE_RAW,CP01-PROFILE-R0741,1,CP01-R0741,741,742,9,18.63797663,12.32202337,0.00000000
FULL_ADDITIVE_RAW,CP01-PROFILE-R0742,1,CP01-R0742,742,743,9,40.04240665,3.84759335,0.00000000
FULL_ADDITIVE_RAW,CP01-PROFILE-R0743,1,CP01-R0743,743,744,9,47.09877631,7.18122369,0.00000000
FULL_ADDITIVE_RAW,CP01-PROFILE-R0744,1,CP01-R0744,744,745,9,33.15587908,3.78412092,0.00000000
FULL_ADDITIVE_RAW,CP01-PROFILE-R0745,1,CP01-R0745,745,746,9,18.87049159,-4.37049159,0.00000000
FULL_ADDITIVE_RAW,CP01-PROFILE-R0746,1,CP01-R0746,746,747,9,21.38551379,1.05448621,0.00000000
FULL_ADDITIVE_RAW,CP01-PROFILE-R0747,1,CP01-R0747,747,748,9,39.87005446,-27.23005446,0.00000000
FULL_ADDITIVE_RAW,CP01-PROFILE-R0748,1,CP01-R0748,748,749,9,39.87829522,-13.81829522,0.00000000
FULL_ADDITIVE_RAW,CP01-PROFILE-R0749,1,CP01-R0749,749,750,9,40.22348685,-7.01348685,0.00000000
FULL_ADDITIVE_RAW,CP01-PROFILE-R0750,1,CP01-R0750,750,751,9,40.97406925,-4.03406925,0.00000000
FULL_ADDITIVE_RAW,CP01-PROFILE-R0751,1,CP01-R0751,751,752,9,42.48433259,1.60566741,0.00000000
FULL_ADDITIVE_RAW,CP01-PROFILE-R0752,1,CP01-R0752,752,753,9,48.89272986,3.71727014,0.00000000
FULL_ADDITIVE_RAW,CP01-PROFILE-R0753,1,CP01-R0753,753,754,9,49.59397033,10.16602967,0.00000000
FULL_ADDITIVE_RAW,CP01-PROFILE-R0754,1,CP01-R0754,754,755,9,51.10500086,16.20499914,0.00000000
FULL_ADDITIVE_RAW,CP01-PROFILE-R0755,1,CP01-R0755,755,756,9,58.25891788,11.40108212,0.00000000
FULL_ADDITIVE_RAW,CP01-PROFILE-R0756,1,CP01-R0756,756,757,9,68.65503123,2.96496877,0.00000000
FULL_ADDITIVE_RAW,CP01-PROFILE-R0757,1,CP01-R0757,757,758,9,79.12468312,-4.95468312,0.00000000
FULL_ADDITIVE_RAW,CP01-PROFILE-R0758,1,CP01-R0758,758,759,9,22.25085577,-4.12085577,0.00000000
FULL_ADDITIVE_RAW,CP01-PROFILE-R0759,1,CP01-R0759,759,760,9,23.03189669,-0.50189669,0.00000000
FULL_ADDITIVE_RAW,CP01-PROFILE-R0760,1,CP01-R0760,760,761,9,24.61651431,2.72348569,0.00000000
FULL_ADDITIVE_RAW,CP01-PROFILE-R0761,1,CP01-R0761,761,762,9,27.81829337,2.16170663,0.00000000
FULL_ADDITIVE_RAW,CP01-PROFILE-R0762,1,CP01-R0762,762,763,9,31.71175839,-0.36175839,0.00000000
FULL_ADDITIVE_RAW,CP01-PROFILE-R0763,1,CP01-R0763,763,764,9,42.05444794,-9.33444794,0.00000000
FULL_ADDITIVE_RAW,CP01-PROFILE-R0764,1,CP01-R0764,764,765,9,28.08031833,-21.81031833,0.00000000
FULL_ADDITIVE_RAW,CP01-PROFILE-R0765,1,CP01-R0765,765,766,9,28.23918998,-13.53918998,0.00000000
FULL_ADDITIVE_RAW,CP01-PROFILE-R0766,1,CP01-R0766,766,767,9,28.62846947,-5.40846947,0.00000000
FULL_ADDITIVE_RAW,CP01-PROFILE-R0767,1,CP01-R0767,767,768,9,29.39588663,-1.47588663,0.00000000
FULL_ADDITIVE_RAW,CP01-PROFILE-R0768,1,CP01-R0768,768,769,9,30.98058668,0.36941332,0.00000000
FULL_ADDITIVE_RAW,CP01-PROFILE-R0769,1,CP01-R0769,769,770,9,42.47124112,-3.47124112,0.00000000
FULL_ADDITIVE_RAW,CP01-PROFILE-R0770,1,CP01-R0770,770,771,9,63.62887911,-22.38887911,0.00000000
FULL_ADDITIVE_RAW,CP01-PROFILE-R0771,1,CP01-R0771,771,772,9,25.31804940,-10.32804940,0.00000000
FULL_ADDITIVE_RAW,CP01-PROFILE-R0772,1,CP01-R0772,772,773,9,22.26964913,-8.74964913,0.00000000
FULL_ADDITIVE_RAW,CP01-PROFILE-R0773,1,CP01-R0773,773,774,9,29.23257092,-5.23257092,0.00000000
FULL_ADDITIVE_RAW,CP01-PROFILE-R0774,1,CP01-R0774,774,775,9,31.57750044,5.84249956,0.00000000
FULL_ADDITIVE_RAW,CP01-PROFILE-R0775,1,CP01-R0775,775,776,9,31.51879763,-20.04879763,0.00000000
FULL_ADDITIVE_RAW,CP01-PROFILE-R0776,1,CP01-R0776,776,777,9,21.23477275,1.20522725,0.00000000
FULL_ADDITIVE_RAW,CP01-PROFILE-R0777,1,CP01-R0777,777,778,9,24.92442217,-3.76442217,0.00000000
FULL_ADDITIVE_RAW,CP01-PROFILE-R0778,1,CP01-R0778,778,779,9,27.28208970,4.55791030,0.00000000
FULL_ADDITIVE_RAW,CP01-PROFILE-R0779,1,CP01-R0779,779,780,9,19.96907416,-5.16907416,0.00000000
FULL_ADDITIVE_RAW,CP01-PROFILE-R0780,1,CP01-R0780,780,781,9,22.31831487,2.86168513,0.00000000
FULL_ADDITIVE_RAW,CP01-PROFILE-R0781,1,CP01-R0781,781,782,9,16.79058863,0.74941137,0.00000000
FULL_ADDITIVE_RAW,CP01-PROFILE-R0782,1,CP01-R0782,782,783,9,19.24442066,-5.04442066,0.00000000
FULL_ADDITIVE_RAW,CP01-PROFILE-R0783,1,CP01-R0783,783,784,9,21.61372351,0.03627649,0.00000000
FULL_ADDITIVE_RAW,CP01-PROFILE-R0784,1,CP01-R0784,784,785,9,28.69224714,0.69775286,0.00000000
FULL_ADDITIVE_RAW,CP01-PROFILE-R0785,1,CP01-R0785,785,786,9,20.53993430,-7.01993430,0.00000000
FULL_ADDITIVE_RAW,CP01-PROFILE-R0786,1,CP01-R0786,786,787,9,22.71472324,-6.45472324,0.00000000
FULL_ADDITIVE_RAW,CP01-PROFILE-R0787,1,CP01-R0787,787,788,9,25.05673771,6.39326229,0.00000000
FULL_ADDITIVE_RAW,CP01-PROFILE-R0788,1,CP01-R0788,788,789,9,32.14459353,5.08540647,0.00000000
FULL_ADDITIVE_RAW,CP01-PROFILE-R0789,1,CP01-R0789,789,790,9,25.75585420,-7.62585420,0.00000000
FULL_ADDITIVE_RAW,CP01-PROFILE-R0790,1,CP01-R0790,790,791,9,28.07553314,4.64446686,0.00000000
FULL_ADDITIVE_RAW,CP01-PROFILE-R0791,1,CP01-R0791,791,792,9,35.15917967,4.33082033,0.00000000
FULL_ADDITIVE_RAW,CP01-PROFILE-R0792,1,CP01-R0792,792,793,9,45.50996946,-4.45996946,0.00000000
FULL_ADDITIVE_RAW,CP01-PROFILE-R0793,1,CP01-R0793,793,794,9,66.78058369,-24.65058369,0.00000000
FULL_ADDITIVE_RAW,CP01-PROFILE-R0794,1,CP01-R0794,794,795,9,18.12683858,0.00316142,0.00000000
FULL_ADDITIVE_RAW,CP01-PROFILE-R0795,1,CP01-R0795,795,796,9,37.16662007,-10.42662007,0.00000000
FULL_ADDITIVE_RAW,CP01-PROFILE-R0796,1,CP01-R0796,796,797,9,64.56131310,-2.64131310,0.00000000
FULL_ADDITIVE_RAW,CP01-PROFILE-R0797,1,CP01-R0797,797,798,9,49.62695040,-2.40695040,0.00000000
FULL_ADDITIVE_RAW,CP01-PROFILE-R0798,1,CP01-R0798,798,799,9,60.03244335,-8.99244335,0.00000000
FULL_ADDITIVE_RAW,CP01-PROFILE-R0799,1,CP01-R0799,799,800,9,70.54116805,-15.38116805,0.00000000
FULL_ADDITIVE_RAW,CP01-PROFILE-R0800,1,CP01-R0800,800,801,9,48.60254641,-6.96254641,0.00000000
FULL_ADDITIVE_RAW,CP01-PROFILE-R0801,1,CP01-R0801,801,802,9,15.86283677,-2.15283677,0.00000000
FULL_ADDITIVE_RAW,CP01-PROFILE-R0802,2,CP01-R0802,802,803,9,18.22600646,1.46399354,0.00996869
FULL_ADDITIVE_RAW,CP01-PROFILE-R0803,1,CP01-R0803,803,804,9,27.11875171,4.53124829,0.00000000
FULL_ADDITIVE_RAW,CP01-PROFILE-R0804,1,CP01-R0804,804,805,9,27.68992316,-8.57992316,0.00000000
FULL_ADDITIVE_RAW,CP01-PROFILE-R0805,1,CP01-R0805,805,806,9,30.39849392,9.18150608,0.00000000
FULL_ADDITIVE_RAW,CP01-PROFILE-R0806,1,CP01-R0806,806,807,9,37.46806362,11.32193638,0.00000000
FULL_ADDITIVE_RAW,CP01-PROFILE-R0807,1,CP01-R0807,807,808,9,29.38402117,-5.38402117,0.00000000
FULL_ADDITIVE_RAW,CP01-PROFILE-R0808,1,CP01-R0808,808,809,9,31.72728224,5.69271776,0.00000000
FULL_ADDITIVE_RAW,CP01-PROFILE-R0809,1,CP01-R0809,809,810,9,15.72799678,-4.25799678,0.00000000
FULL_ADDITIVE_RAW,CP01-PROFILE-R0802,2,CP01-R0810,810,811,9,18.22600646,1.46399354,0.00996869
FULL_ADDITIVE_RAW,CP01-PROFILE-R0811,1,CP01-R0811,811,812,9,20.55742636,-5.56742636,0.00000000
FULL_ADDITIVE_RAW,CP01-PROFILE-R0812,1,CP01-R0812,812,813,9,22.90413841,5.01586159,0.00000000
FULL_ADDITIVE_RAW,CP01-PROFILE-R0813,1,CP01-R0813,813,814,9,29.98777417,4.69222583,0.00000000
FULL_ADDITIVE_RAW,CP01-PROFILE-R0814,1,CP01-R0814,814,815,9,40.31360129,-2.98360129,0.00000000
FULL_ADDITIVE_RAW,CP01-PROFILE-R0815,1,CP01-R0815,815,816,9,61.51971988,-23.40971988,0.00000000
FULL_ADDITIVE_RAW,CP01-PROFILE-R0816,1,CP01-R0816,816,817,9,44.45872810,-10.65872810,0.00000000
FULL_ADDITIVE_RAW,CP01-PROFILE-R0817,1,CP01-R0817,817,818,9,44.79017356,-2.37017356,0.00000000
FULL_ADDITIVE_RAW,CP01-PROFILE-R0818,1,CP01-R0818,818,819,9,45.51167210,2.88832790,0.00000000
FULL_ADDITIVE_RAW,CP01-PROFILE-R0819,1,CP01-R0819,819,820,9,47.02501372,8.91498628,0.00000000
FULL_ADDITIVE_RAW,CP01-PROFILE-R0820,1,CP01-R0820,820,821,9,54.16996904,4.61003096,0.00000000
FULL_ADDITIVE_RAW,CP01-PROFILE-R0821,1,CP01-R0821,821,822,9,74.99414740,-7.88414740,0.00000000
FULL_ADDITIVE_RAW,CP01-PROFILE-R0822,1,CP01-R0822,822,823,9,20.17674457,0.59325543,0.00000000
FULL_ADDITIVE_RAW,CP01-PROFILE-R0823,1,CP01-R0823,823,824,9,21.76311292,3.41688708,0.00000000
FULL_ADDITIVE_RAW,CP01-PROFILE-R0824,1,CP01-R0824,824,825,9,39.20946882,-9.61946882,0.00000000
FULL_ADDITIVE_RAW,CP01-PROFILE-R0825,1,CP01-R0825,825,826,9,19.71595466,2.03404534,0.00000000
FULL_ADDITIVE_RAW,CP01-PROFILE-R0826,1,CP01-R0826,826,827,9,33.29536104,5.79463896,0.00000000
FULL_ADDITIVE_RAW,CP01-PROFILE-R0827,1,CP01-R0827,827,828,9,37.33730609,-12.94730609,0.00000000
FULL_ADDITIVE_RAW,CP01-PROFILE-R0828,1,CP01-R0828,828,829,9,52.46530130,-1.95530130,0.00000000
FULL_ADDITIVE_RAW,CP01-PROFILE-R0829,1,CP01-R0829,829,830,9,54.26851181,20.72148819,0.00000000
FULL_ADDITIVE_RAW,CP01-PROFILE-R0830,1,CP01-R0830,830,831,9,31.88220522,5.28779478,0.00000000
FULL_ADDITIVE_RAW,CP01-PROFILE-R0831,1,CP01-R0831,831,832,9,40.93924910,-7.17924910,0.00000000
FULL_ADDITIVE_RAW,CP01-PROFILE-R0832,1,CP01-R0832,832,833,9,23.12561812,-6.62561812,0.00000000
FULL_ADDITIVE_RAW,CP01-PROFILE-R0833,1,CP01-R0833,833,834,9,21.90067346,-1.91067346,0.00000000
FULL_ADDITIVE_RAW,CP01-PROFILE-R0834,1,CP01-R0834,834,835,9,40.00863351,-3.65863351,0.00000000
FULL_ADDITIVE_RAW,CP01-PROFILE-R0835,1,CP01-R0835,835,836,9,52.81485765,-19.12485765,0.00000000
FULL_ADDITIVE_RAW,CP01-PROFILE-R0836,1,CP01-R0836,836,837,9,28.32994918,-12.90994918,0.00000000
FULL_ADDITIVE_RAW,CP01-PROFILE-R0837,1,CP01-R0837,837,838,9,31.25059587,2.16940413,0.00000000
FULL_ADDITIVE_RAW,CP01-PROFILE-R0838,1,CP01-R0838,838,839,9,31.24146694,7.80853306,0.00000000
FULL_ADDITIVE_RAW,CP01-PROFILE-R0839,1,CP01-R0839,839,840,9,34.56639822,-6.88639822,0.00000000
FULL_ADDITIVE_RAW,CP01-PROFILE-R0840,1,CP01-R0840,840,841,9,26.72205535,0.13794465,0.00000000
FULL_ADDITIVE_RAW,CP01-PROFILE-R0841,1,CP01-R0841,841,842,9,42.34683500,2.95316500,0.00000000
FULL_ADDITIVE_RAW,CP01-PROFILE-R0842,1,CP01-R0842,842,843,9,30.31915758,-0.19915758,0.00000000
FULL_ADDITIVE_RAW,CP01-PROFILE-R0843,1,CP01-R0843,843,844,9,26.21276840,-10.64276840,0.00000000
FULL_ADDITIVE_RAW,CP01-PROFILE-R0844,1,CP01-R0844,844,845,9,34.54384021,10.06615979,0.00000000
FULL_ADDITIVE_RAW,CP01-PROFILE-R0845,1,CP01-R0845,845,846,9,39.83871226,13.68128774,0.00000000
FULL_ADDITIVE_RAW,CP01-PROFILE-R0846,1,CP01-R0846,846,847,9,39.62652921,17.58347079,0.00000000
FULL_ADDITIVE_RAW,CP01-PROFILE-R0847,1,CP01-R0847,847,848,9,46.61407382,19.29592618,0.00000000
FULL_ADDITIVE_RAW,CP01-PROFILE-R0848,1,CP01-R0848,848,849,9,43.55439206,9.26560794,0.00000000
FULL_ADDITIVE_RAW,CP01-PROFILE-R0849,1,CP01-R0849,849,850,9,31.73991553,1.66008447,0.00000000
FULL_ADDITIVE_RAW,CP01-PROFILE-R0850,1,CP01-R0850,850,851,9,22.30998680,-4.27998680,0.00000000
FULL_ADDITIVE_RAW,CP01-PROFILE-R0851,1,CP01-R0851,851,852,9,32.54647951,4.81352049,0.00000000
FULL_ADDITIVE_RAW,CP01-PROFILE-R0852,1,CP01-R0852,852,853,9,33.51718337,-0.67718337,0.00000000
FULL_ADDITIVE_RAW,CP01-PROFILE-R0853,1,CP01-R0853,853,854,9,31.14243942,11.49756058,0.00000000
FULL_ADDITIVE_RAW,CP01-PROFILE-R0854,1,CP01-R0854,854,855,9,29.68612516,10.37387484,0.00000000
FULL_ADDITIVE_RAW,CP01-PROFILE-R0855,1,CP01-R0855,855,856,9,39.92450325,2.01549675,0.00000000
FULL_ADDITIVE_RAW,CP01-PROFILE-R0856,1,CP01-R0856,856,857,9,44.54191759,16.68808241,0.00000000
FULL_ADDITIVE_RAW,CP01-PROFILE-R0857,1,CP01-R0857,857,858,9,39.46565897,1.40434103,0.00000000
FULL_ADDITIVE_RAW,CP01-PROFILE-R0858,1,CP01-R0858,858,859,9,36.55113005,-3.25113005,0.00000000
FULL_ADDITIVE_RAW,CP01-PROFILE-R0859,1,CP01-R0859,859,860,9,39.84313798,12.57686202,0.00000000
FULL_ADDITIVE_RAW,CP01-PROFILE-R0860,1,CP01-R0860,860,861,9,26.31424105,-11.22424105,0.00000000
FULL_ADDITIVE_RAW,CP01-PROFILE-R0861,1,CP01-R0861,861,862,9,37.39201184,1.06798816,0.00000000
FULL_ADDITIVE_RAW,CP01-PROFILE-R0862,1,CP01-R0862,862,863,9,36.99104429,0.26895571,0.00000000
FULL_ADDITIVE_RAW,CP01-PROFILE-R0863,1,CP01-R0863,863,864,9,19.86668600,15.36331400,0.00000000
FULL_ADDITIVE_RAW,CP01-PROFILE-R0864,1,CP01-R0864,864,865,9,35.58625065,6.54374935,0.00000000
FULL_ADDITIVE_RAW,CP01-PROFILE-R0865,1,CP01-R0865,865,866,9,27.60434494,4.26565506,0.00000000
FULL_ADDITIVE_RAW,CP01-PROFILE-R0866,1,CP01-R0866,866,867,9,34.20458717,7.33541283,0.00000000
FULL_ADDITIVE_RAW,CP01-PROFILE-R0867,1,CP01-R0867,867,868,9,36.13913547,3.31086453,0.00000000
FULL_ADDITIVE_RAW,CP01-PROFILE-R0868,1,CP01-R0868,868,869,9,35.33100288,2.57899712,0.00000000
FULL_ADDITIVE_RAW,CP01-PROFILE-R0869,1,CP01-R0869,869,870,9,39.76478218,4.51521782,0.00000000
FULL_ADDITIVE_RAW,CP01-PROFILE-R0870,1,CP01-R0870,870,871,9,33.40927745,-2.22927745,0.00000000
FULL_ADDITIVE_RAW,CP01-PROFILE-R0871,1,CP01-R0871,871,872,9,26.45260895,-2.76260895,0.00000000
FULL_ADDITIVE_RAW,CP01-PROFILE-R0872,1,CP01-R0872,872,873,9,28.97089440,3.78910560,0.00000000
FULL_ADDITIVE_RAW,CP01-PROFILE-R0873,1,CP01-R0873,873,874,9,31.86679307,0.53320693,0.00000000
FULL_ADDITIVE_RAW,CP01-PROFILE-R0874,1,CP01-R0874,874,875,9,18.03370690,10.59629310,0.00000000
FULL_ADDITIVE_RAW,CP01-PROFILE-R0875,1,CP01-R0875,875,876,9,34.97702616,1.82297384,0.00000000
FULL_ADDITIVE_RAW,CP01-PROFILE-R0876,1,CP01-R0876,876,877,9,24.22127242,-5.94127242,0.00000000
FULL_ADDITIVE_RAW,CP01-PROFILE-R0877,1,CP01-R0877,877,878,9,24.31074968,8.74925032,0.00000000
FULL_ADDITIVE_RAW,CP01-PROFILE-R0878,1,CP01-R0878,878,879,9,25.24822052,6.17177948,0.00000000
FULL_ADDITIVE_RAW,CP01-PROFILE-R0879,1,CP01-R0879,879,880,9,22.26987553,8.76012447,0.00000000
FULL_ADDITIVE_RAW,CP01-PROFILE-R0880,1,CP01-R0880,880,881,9,40.37932639,4.01067361,0.00000000
FULL_ADDITIVE_RAW,CP01-PROFILE-R0881,1,CP01-R0881,881,882,9,17.12507348,-4.94507348,0.00000000
FULL_ADDITIVE_RAW,CP01-PROFILE-R0882,1,CP01-R0882,882,883,9,30.91332051,-5.35332051,0.00000000
FULL_ADDITIVE_RAW,CP01-PROFILE-R0883,1,CP01-R0883,883,884,9,23.28262300,13.15737700,0.00000000
FULL_ADDITIVE_RAW,CP01-PROFILE-R0884,1,CP01-R0884,884,885,9,32.99283284,-0.03283284,0.00000000
FULL_ADDITIVE_RAW,CP01-PROFILE-R0885,1,CP01-R0885,885,886,9,28.11967312,-4.27967312,0.00000000
FULL_ADDITIVE_RAW,CP01-PROFILE-R0886,1,CP01-R0886,886,887,9,31.19245168,-4.96245168,0.00000000
FULL_ADDITIVE_RAW,CP01-PROFILE-R0887,1,CP01-R0887,887,888,9,25.60316871,-7.65316871,0.00000000
FULL_ADDITIVE_RAW,CP01-PROFILE-R0888,1,CP01-R0888,888,889,9,34.85968330,5.82031670,0.00000000
FULL_ADDITIVE_RAW,CP01-PROFILE-R0889,1,CP01-R0889,889,890,9,23.62514759,-4.61514759,0.00000000
FULL_ADDITIVE_RAW,CP01-PROFILE-R0890,1,CP01-R0890,890,891,9,33.56038786,0.15961214,0.00000000
FULL_ADDITIVE_RAW,CP01-PROFILE-R0891,1,CP01-R0891,891,892,9,16.95446619,-8.41446619,0.00000000
FULL_ADDITIVE_RAW,CP01-PROFILE-R0892,1,CP01-R0892,892,893,9,27.23252889,-13.77252889,0.00000000
FULL_ADDITIVE_RAW,CP01-PROFILE-R0893,1,CP01-R0893,893,894,9,26.04563454,6.19436546,0.00000000
FULL_ADDITIVE_RAW,CP01-PROFILE-R0894,1,CP01-R0894,894,895,9,25.66611721,-2.14611721,0.00000000
FULL_ADDITIVE_RAW,CP01-PROFILE-R0895,1,CP01-R0895,895,896,9,31.31521078,-1.59521078,0.00000000
FULL_ADDITIVE_RAW,CP01-PROFILE-R0896,1,CP01-R0896,896,897,9,37.95004855,11.81995145,0.00000000
FULL_ADDITIVE_RAW,CP01-PROFILE-R0897,1,CP01-R0897,897,898,9,42.19754631,10.24245369,0.00000000
FULL_ADDITIVE_RAW,CP01-PROFILE-R0898,1,CP01-R0898,898,899,9,36.77276570,4.15723430,0.00000000
FULL_ADDITIVE_RAW,CP01-PROFILE-R0899,1,CP01-R0899,899,900,9,27.96823876,16.89176124,0.00000000
FULL_ADDITIVE_RAW,CP01-PROFILE-R0900,1,CP01-R0900,900,901,9,19.24666178,-6.04666178,0.00000000
FULL_ADDITIVE_RAW,CP01-PROFILE-R0901,1,CP01-R0901,901,902,9,32.76376057,4.66623943,0.00000000
FULL_ADDITIVE_RAW,CP01-PROFILE-R0902,1,CP01-R0902,902,903,9,31.00990909,-1.13990909,0.00000000
FULL_ADDITIVE_RAW,CP01-PROFILE-R0903,1,CP01-R0903,903,904,9,41.04385584,15.56614416,0.00000000
FULL_ADDITIVE_RAW,CP01-PROFILE-R0904,1,CP01-R0904,904,905,9,17.77322634,-5.31322634,0.00000000
FULL_ADDITIVE_RAW,CP01-PROFILE-R0905,1,CP01-R0905,905,906,9,24.53318580,-0.74318580,0.00000000
FULL_ADDITIVE_RAW,CP01-PROFILE-R0906,1,CP01-R0906,906,907,9,20.25763761,-6.96763761,0.00000000
FULL_ADDITIVE_RAW,CP01-PROFILE-R0907,1,CP01-R0907,907,908,9,38.75321951,0.66678049,0.00000000
FULL_ADDITIVE_RAW,CP01-PROFILE-R0908,1,CP01-R0908,908,909,9,47.64486525,-1.41486525,0.00000000
FULL_ADDITIVE_RAW,CP01-PROFILE-R0909,1,CP01-R0909,909,910,9,50.51824300,-5.99824300,0.00000000
FULL_ADDITIVE_RAW,CP01-PROFILE-R0910,1,CP01-R0910,910,911,9,23.24461479,0.49538521,0.00000000
FULL_ADDITIVE_RAW,CP01-PROFILE-R0911,1,CP01-R0911,911,912,9,28.58262598,-2.44262598,0.00000000
FULL_ADDITIVE_RAW,CP01-PROFILE-R0912,1,CP01-R0912,912,913,9,23.96958879,-8.44958879,0.00000000
FULL_ADDITIVE_RAW,CP01-PROFILE-R0913,1,CP01-R0913,913,914,9,37.14910346,6.42089654,0.00000000
FULL_ADDITIVE_RAW,CP01-PROFILE-R0914,1,CP01-R0914,914,915,9,37.26327511,-1.40327511,0.00000000
FULL_ADDITIVE_RAW,CP01-PROFILE-R0915,1,CP01-R0915,915,916,9,40.10742300,0.94257700,0.00000000
FULL_ADDITIVE_RAW,CP01-PROFILE-R0916,1,CP01-R0916,916,917,9,33.73271266,-4.74271266,0.00000000
FULL_ADDITIVE_RAW,CP01-PROFILE-R0917,1,CP01-R0917,917,918,9,32.94637697,13.29362303,0.00000000
FULL_ADDITIVE_RAW,CP01-PROFILE-R0918,1,CP01-R0918,918,919,9,25.51642793,1.40357207,0.00000000
FULL_ADDITIVE_RAW,CP01-PROFILE-R0919,1,CP01-R0919,919,920,9,17.56492988,-7.02492988,0.00000000
FULL_ADDITIVE_RAW,CP01-PROFILE-R0920,1,CP01-R0920,920,921,9,27.71777265,-2.61777265,0.00000000
FULL_ADDITIVE_RAW,CP01-PROFILE-R0921,1,CP01-R0921,921,922,9,33.34651269,-4.27651269,0.00000000
FULL_ADDITIVE_RAW,CP01-PROFILE-R0922,1,CP01-R0922,922,923,9,18.15985029,-8.41985029,0.00000000
FULL_ADDITIVE_RAW,CP01-PROFILE-R0923,1,CP01-R0923,923,924,9,32.63071742,1.16928258,0.00000000
FULL_ADDITIVE_RAW,CP01-PROFILE-R0924,1,CP01-R0924,924,925,9,34.09925688,5.74074312,0.00000000
FULL_ADDITIVE_RAW,CP01-PROFILE-R0925,1,CP01-R0925,925,926,9,28.19178989,-1.22178989,0.00000000
FULL_ADDITIVE_RAW,CP01-PROFILE-R0926,1,CP01-R0926,926,927,9,30.85376190,-3.62376190,0.00000000
FULL_ADDITIVE_RAW,CP01-PROFILE-R0927,1,CP01-R0927,927,928,9,37.20384574,-6.55384574,0.00000000
FULL_ADDITIVE_RAW,CP01-PROFILE-R0928,1,CP01-R0928,928,929,9,35.97508197,-2.92508197,0.00000000
FULL_ADDITIVE_RAW,CP01-PROFILE-R0929,1,CP01-R0929,929,930,9,33.82431462,-9.24431462,0.00000000
FULL_ADDITIVE_RAW,CP01-PROFILE-R0930,1,CP01-R0930,930,931,9,26.77405848,-4.86405848,0.00000000
FULL_ADDITIVE_RAW,CP01-PROFILE-R0931,1,CP01-R0931,931,932,9,35.59337030,-4.71337030,0.00000000
FULL_ADDITIVE_RAW,CP01-PROFILE-R0932,1,CP01-R0932,932,933,9,24.06400041,-8.72400041,0.00000000
FULL_ADDITIVE_RAW,CP01-PROFILE-R0933,1,CP01-R0933,933,934,9,28.22994455,-3.88994455,0.00000000
FULL_ADDITIVE_RAW,CP01-PROFILE-R0934,1,CP01-R0934,934,935,9,40.08596583,-16.19596583,0.00000000
FULL_ADDITIVE_RAW,CP01-PROFILE-R0935,1,CP01-R0935,935,936,9,26.68834970,-3.75834970,0.00000000
FULL_ADDITIVE_RAW,CP01-PROFILE-R0936,1,CP01-R0936,936,937,9,30.25809153,-0.84809153,0.00000000
FULL_ADDITIVE_RAW,CP01-PROFILE-R0937,1,CP01-R0937,937,938,9,18.05670675,10.57329325,0.00000000
FULL_ADDITIVE_RAW,CP01-PROFILE-R0938,1,CP01-R0938,938,939,9,34.93009261,1.86990739,0.00000000
FULL_ADDITIVE_RAW,CP01-PROFILE-R0939,1,CP01-R0939,939,940,9,24.22518695,-5.93518695,0.00000000
FULL_ADDITIVE_RAW,CP01-PROFILE-R0940,1,CP01-R0940,940,941,9,24.39255814,8.32744186,0.00000000
FULL_ADDITIVE_RAW,CP01-PROFILE-R0941,1,CP01-R0941,941,942,9,25.02654199,6.39345801,0.00000000
FULL_ADDITIVE_RAW,CP01-PROFILE-R0942,1,CP01-R0942,942,943,9,22.40301878,6.53698122,0.00000000
FULL_ADDITIVE_RAW,CP01-PROFILE-R0943,1,CP01-R0943,943,944,9,40.35845381,0.57154619,0.00000000
FULL_ADDITIVE_RAW,CP01-PROFILE-R0944,1,CP01-R0944,944,945,9,16.97610917,-4.79610917,0.00000000
FULL_ADDITIVE_RAW,CP01-PROFILE-R0945,1,CP01-R0945,945,946,9,30.84145617,-5.28145617,0.00000000
FULL_ADDITIVE_RAW,CP01-PROFILE-R0946,1,CP01-R0946,946,947,9,23.33365379,13.10634621,0.00000000
FULL_ADDITIVE_RAW,CP01-PROFILE-R0947,1,CP01-R0947,947,948,9,32.95574188,0.00425812,0.00000000
FULL_ADDITIVE_RAW,CP01-PROFILE-R0948,1,CP01-R0948,948,949,9,28.11841414,-4.27841414,0.00000000
FULL_ADDITIVE_RAW,CP01-PROFILE-R0949,1,CP01-R0949,949,950,9,31.13223016,-4.90223016,0.00000000
FULL_ADDITIVE_RAW,CP01-PROFILE-R0950,1,CP01-R0950,950,951,9,25.59315391,-7.63315391,0.00000000
FULL_ADDITIVE_RAW,CP01-PROFILE-R0951,1,CP01-R0951,951,952,9,34.88476952,3.74523048,0.00000000
FULL_ADDITIVE_RAW,CP01-PROFILE-R0952,1,CP01-R0952,952,953,9,23.54120955,-4.53120955,0.00000000
FULL_ADDITIVE_RAW,CP01-PROFILE-R0953,1,CP01-R0953,953,954,9,33.44044807,0.27955193,0.00000000
FULL_ADDITIVE_RAW,CP01-PROFILE-R0954,1,CP01-R0954,954,955,9,17.03131816,-8.49131816,0.00000000
FULL_ADDITIVE_RAW,CP01-PROFILE-R0955,1,CP01-R0955,955,956,9,27.15434991,-13.69434991,0.00000000
FULL_ADDITIVE_RAW,CP01-PROFILE-R0956,1,CP01-R0956,956,957,9,25.90162024,6.34837976,0.00000000
FULL_ADDITIVE_RAW,CP01-PROFILE-R0957,1,CP01-R0957,957,958,9,25.65568277,-2.13568277,0.00000000
FULL_ADDITIVE_RAW,CP01-PROFILE-R0958,1,CP01-R0958,958,959,9,31.51106741,-1.78106741,0.00000000
FULL_ADDITIVE_RAW,CP01-PROFILE-R0959,1,CP01-R0959,959,960,9,38.10018226,11.66981774,0.00000000
FULL_ADDITIVE_RAW,CP01-PROFILE-R0960,1,CP01-R0960,960,961,9,42.07954182,10.37045818,0.00000000
FULL_ADDITIVE_RAW,CP01-PROFILE-R0961,1,CP01-R0961,961,962,9,36.76692155,4.16307845,0.00000000
FULL_ADDITIVE_RAW,CP01-PROFILE-R0962,1,CP01-R0962,962,963,9,28.15371690,16.71628310,0.00000000
FULL_ADDITIVE_RAW,CP01-PROFILE-R0963,1,CP01-R0963,963,964,9,19.24657339,-6.04657339,0.00000000
FULL_ADDITIVE_RAW,CP01-PROFILE-R0964,1,CP01-R0964,964,965,9,32.74504837,4.68495163,0.00000000
FULL_ADDITIVE_RAW,CP01-PROFILE-R0965,1,CP01-R0965,965,966,9,31.17468804,-1.30468804,0.00000000
FULL_ADDITIVE_RAW,CP01-PROFILE-R0966,1,CP01-R0966,966,967,9,40.99251177,15.62748823,0.00000000
FULL_ADDITIVE_RAW,CP01-PROFILE-R0967,1,CP01-R0967,967,968,9,17.71716937,-5.25716937,0.00000000
FULL_ADDITIVE_RAW,CP01-PROFILE-R0968,1,CP01-R0968,968,969,9,24.53267149,-0.74267149,0.00000000
FULL_ADDITIVE_RAW,CP01-PROFILE-R0969,1,CP01-R0969,969,970,9,20.16277291,-6.87277291,0.00000000
FULL_ADDITIVE_RAW,CP01-PROFILE-R0970,1,CP01-R0970,970,971,9,38.96931412,0.45068588,0.00000000
FULL_ADDITIVE_RAW,CP01-PROFILE-R0971,1,CP01-R0971,971,972,9,47.71504232,-1.48504232,0.00000000
FULL_ADDITIVE_RAW,CP01-PROFILE-R0972,1,CP01-R0972,972,973,9,50.40141434,-5.88141434,0.00000000
FULL_ADDITIVE_RAW,CP01-PROFILE-R0973,1,CP01-R0973,973,974,9,23.29160379,0.44839621,0.00000000
FULL_ADDITIVE_RAW,CP01-PROFILE-R0974,1,CP01-R0974,974,975,9,28.75376470,-2.60376470,0.00000000
FULL_ADDITIVE_RAW,CP01-PROFILE-R0975,1,CP01-R0975,975,976,9,23.93415101,-8.40415101,0.00000000
FULL_ADDITIVE_RAW,CP01-PROFILE-R0976,1,CP01-R0976,976,977,9,37.18899500,6.39100500,0.00000000
FULL_ADDITIVE_RAW,CP01-PROFILE-R0977,1,CP01-R0977,977,978,9,37.32467431,-1.45467431,0.00000000
FULL_ADDITIVE_RAW,CP01-PROFILE-R0978,1,CP01-R0978,978,979,9,40.06039473,0.98960527,0.00000000
FULL_ADDITIVE_RAW,CP01-PROFILE-R0979,1,CP01-R0979,979,980,9,33.83586869,-4.84586869,0.00000000
FULL_ADDITIVE_RAW,CP01-PROFILE-R0980,1,CP01-R0980,980,981,9,32.78924826,13.46075174,0.00000000
FULL_ADDITIVE_RAW,CP01-PROFILE-R0981,1,CP01-R0981,981,982,9,25.54187093,1.37812907,0.00000000
FULL_ADDITIVE_RAW,CP01-PROFILE-R0982,1,CP01-R0982,982,983,9,17.58415369,-7.04415369,0.00000000
FULL_ADDITIVE_RAW,CP01-PROFILE-R0983,1,CP01-R0983,983,984,9,27.66513442,-2.56513442,0.00000000
FULL_ADDITIVE_RAW,CP01-PROFILE-R0984,1,CP01-R0984,984,985,9,33.51403430,-4.44403430,0.00000000
FULL_ADDITIVE_RAW,CP01-PROFILE-R0985,1,CP01-R0985,985,986,9,18.10017773,-8.36017773,0.00000000
FULL_ADDITIVE_RAW,CP01-PROFILE-R0986,1,CP01-R0986,986,987,9,32.85858532,0.94141468,0.00000000
FULL_ADDITIVE_RAW,CP01-PROFILE-R0987,1,CP01-R0987,987,988,9,31.89035165,5.27964835,0.00000000
FULL_ADDITIVE_RAW,CP01-PROFILE-R0988,1,CP01-R0988,988,989,9,40.93842373,-7.17842373,0.00000000
FULL_ADDITIVE_RAW,CP01-PROFILE-R0989,1,CP01-R0989,989,990,9,23.14207922,-6.64207922,0.00000000
FULL_ADDITIVE_RAW,CP01-PROFILE-R0990,1,CP01-R0990,990,991,9,21.79126973,-1.80126973,0.00000000
FULL_ADDITIVE_RAW,CP01-PROFILE-R0991,1,CP01-R0991,991,992,9,40.12611760,-3.77611760,0.00000000
FULL_ADDITIVE_RAW,CP01-PROFILE-R0992,1,CP01-R0992,992,993,9,52.79707310,-14.57707310,0.00000000
FULL_ADDITIVE_RAW,CP01-PROFILE-R0993,1,CP01-R0993,993,994,9,28.18506392,-12.76506392,0.00000000
FULL_ADDITIVE_RAW,CP01-PROFILE-R0994,1,CP01-R0994,994,995,9,31.34542042,2.07457958,0.00000000
FULL_ADDITIVE_RAW,CP01-PROFILE-R0995,1,CP01-R0995,995,996,9,31.17296614,7.88703386,0.00000000
FULL_ADDITIVE_RAW,CP01-PROFILE-R0996,1,CP01-R0996,996,997,9,34.49214685,-6.81214685,0.00000000
FULL_ADDITIVE_RAW,CP01-PROFILE-R0997,1,CP01-R0997,997,998,9,26.72499817,0.13500183,0.00000000
FULL_ADDITIVE_RAW,CP01-PROFILE-R0998,1,CP01-R0998,998,999,9,42.34643635,2.95356365,0.00000000
FULL_ADDITIVE_RAW,CP01-PROFILE-R0999,1,CP01-R0999,999,1000,9,30.21214708,-0.09214708,0.00000000
FULL_ADDITIVE_RAW,CP01-PROFILE-R1000,1,CP01-R1000,1000,1001,9,26.14293112,-10.57293112,0.00000000
FULL_ADDITIVE_RAW,CP01-PROFILE-R1001,1,CP01-R1001,1001,1002,9,34.50680124,10.10319876,0.00000000
FULL_ADDITIVE_RAW,CP01-PROFILE-R1002,1,CP01-R1002,1002,1003,9,39.79525931,13.72474069,0.00000000
FULL_ADDITIVE_RAW,CP01-PROFILE-R1003,1,CP01-R1003,1003,1004,9,39.48884318,17.73115682,0.00000000
FULL_ADDITIVE_RAW,CP01-PROFILE-R1004,1,CP01-R1004,1004,1005,9,46.45274009,19.45725991,0.00000000
FULL_ADDITIVE_RAW,CP01-PROFILE-R1005,1,CP01-R1005,1005,1006,9,43.64598265,9.18401735,0.00000000
FULL_ADDITIVE_RAW,CP01-PROFILE-R1006,1,CP01-R1006,1006,1007,9,31.86246487,1.53753513,0.00000000
FULL_ADDITIVE_RAW,CP01-PROFILE-R1007,1,CP01-R1007,1007,1008,9,22.27173864,-4.24173864,0.00000000
FULL_ADDITIVE_RAW,CP01-PROFILE-R1008,1,CP01-R1008,1008,1009,9,32.41152922,4.94847078,0.00000000
FULL_ADDITIVE_RAW,CP01-PROFILE-R1009,1,CP01-R1009,1009,1010,9,33.59878029,1.71121971,0.00000000
FULL_ADDITIVE_RAW,CP01-PROFILE-R1010,1,CP01-R1010,1010,1011,9,31.12882210,11.51117790,0.00000000
FULL_ADDITIVE_RAW,CP01-PROFILE-R1011,1,CP01-R1011,1011,1012,9,29.65828853,10.40171147,0.00000000
FULL_ADDITIVE_RAW,CP01-PROFILE-R1012,1,CP01-R1012,1012,1013,9,40.01646994,3.78353006,0.00000000
FULL_ADDITIVE_RAW,CP01-PROFILE-R1013,1,CP01-R1013,1013,1014,9,44.49822328,16.74177672,0.00000000
FULL_ADDITIVE_RAW,CP01-PROFILE-R1014,1,CP01-R1014,1014,1015,9,39.38813790,1.48186210,0.00000000
FULL_ADDITIVE_RAW,CP01-PROFILE-R1015,1,CP01-R1015,1015,1016,9,36.64078964,-3.33078964,0.00000000
FULL_ADDITIVE_RAW,CP01-PROFILE-R1016,1,CP01-R1016,1016,1017,9,40.04645115,12.38354885,0.00000000
FULL_ADDITIVE_RAW,CP01-PROFILE-R1017,1,CP01-R1017,1017,1018,9,26.20331702,-11.11331702,0.00000000
FULL_ADDITIVE_RAW,CP01-PROFILE-R1018,1,CP01-R1018,1018,1019,9,37.38041599,1.07958401,0.00000000
FULL_ADDITIVE_RAW,CP01-PROFILE-R1019,1,CP01-R1019,1019,1020,9,37.09763527,0.17236473,0.00000000
FULL_ADDITIVE_RAW,CP01-PROFILE-R1020,1,CP01-R1020,1020,1021,9,19.76983095,15.46016905,0.00000000
FULL_ADDITIVE_RAW,CP01-PROFILE-R1021,1,CP01-R1021,1021,1022,9,35.58298265,6.55701735,0.00000000
FULL_ADDITIVE_RAW,CP01-PROFILE-R1022,1,CP01-R1022,1022,1023,9,27.70010588,4.17989412,0.00000000
FULL_ADDITIVE_RAW,CP01-PROFILE-R1023,1,CP01-R1023,1023,1024,9,34.08412826,7.45587174,0.00000000
FULL_ADDITIVE_RAW,CP01-PROFILE-R1024,1,CP01-R1024,1024,1025,9,36.12255545,3.33744455,0.00000000
FULL_ADDITIVE_RAW,CP01-PROFILE-R1025,1,CP01-R1025,1025,1026,9,35.17346650,2.74653350,0.00000000
FULL_ADDITIVE_RAW,CP01-PROFILE-R1026,1,CP01-R1026,1026,1027,9,39.87779077,4.40220923,0.00000000
FULL_ADDITIVE_RAW,CP01-PROFILE-R1027,1,CP01-R1027,1027,1028,9,33.52232538,-2.34232538,0.00000000
FULL_ADDITIVE_RAW,CP01-PROFILE-R1028,1,CP01-R1028,1028,1029,9,26.48053207,-2.78053207,0.00000000
FULL_ADDITIVE_RAW,CP01-PROFILE-R1029,1,CP01-R1029,1029,1030,9,29.08987704,3.68012296,0.00000000
FULL_ADDITIVE_RAW,CP01-PROFILE-R1030,1,CP01-R1030,1030,1031,9,31.89559030,0.50440970,0.00000000
REDUCED_NO_SLG_FLY_SP,CP01-PROFILE-R0001,1,CP01-R0001,1,2,6,58.24196375,21.74803625,0.00000000
REDUCED_NO_SLG_FLY_SP,CP01-PROFILE-R0002,1,CP01-R0002,2,3,6,57.42370739,4.46629261,0.00000000
REDUCED_NO_SLG_FLY_SP,CP01-PROFILE-R0003,1,CP01-R0003,3,4,6,57.49314999,-17.22314999,0.00000000
REDUCED_NO_SLG_FLY_SP,CP01-PROFILE-R0004,1,CP01-R0004,4,5,6,68.35603505,-27.30603505,0.00000000
REDUCED_NO_SLG_FLY_SP,CP01-PROFILE-R0005,1,CP01-R0005,5,6,6,57.41117917,-13.11117917,0.00000000
REDUCED_NO_SLG_FLY_SP,CP01-PROFILE-R0006,1,CP01-R0006,6,7,6,28.55649742,18.47350258,0.00000000
REDUCED_NO_SLG_FLY_SP,CP01-PROFILE-R0007,1,CP01-R0007,7,8,6,70.63750290,-26.93750290,0.00000000
REDUCED_NO_SLG_FLY_SP,CP01-PROFILE-R0008,1,CP01-R0008,8,9,6,33.04819794,3.40180206,0.00000000
REDUCED_NO_SLG_FLY_SP,CP01-PROFILE-R0009,1,CP01-R0009,9,10,6,21.73626400,24.11373600,0.00000000
REDUCED_NO_SLG_FLY_SP,CP01-PROFILE-R0010,1,CP01-R0010,10,11,6,37.65254229,1.63745771,0.00000000
REDUCED_NO_SLG_FLY_SP,CP01-PROFILE-R0011,1,CP01-R0011,11,12,6,27.53572938,10.53427062,0.00000000
REDUCED_NO_SLG_FLY_SP,CP01-PROFILE-R0012,1,CP01-R0012,12,13,6,20.77891751,7.24108249,0.00000000
REDUCED_NO_SLG_FLY_SP,CP01-PROFILE-R0013,1,CP01-R0013,13,14,6,62.12727523,-19.11727523,0.00000000
REDUCED_NO_SLG_FLY_SP,CP01-PROFILE-R0014,1,CP01-R0014,14,15,6,24.87430661,17.45569339,0.00000000
REDUCED_NO_SLG_FLY_SP,CP01-PROFILE-R0015,1,CP01-R0015,15,16,6,23.56903052,24.24096948,0.00000000
REDUCED_NO_SLG_FLY_SP,CP01-PROFILE-R0016,1,CP01-R0016,16,17,6,34.04520352,18.86479648,0.00000000
REDUCED_NO_SLG_FLY_SP,CP01-PROFILE-R0017,1,CP01-R0017,17,18,6,21.55123213,17.80876787,0.00000000
REDUCED_NO_SLG_FLY_SP,CP01-PROFILE-R0018,1,CP01-R0018,18,19,6,62.52825654,-6.38825654,0.00000000
REDUCED_NO_SLG_FLY_SP,CP01-PROFILE-R0019,1,CP01-R0019,19,20,6,39.84214729,0.71785271,0.00000000
REDUCED_NO_SLG_FLY_SP,CP01-PROFILE-R0020,1,CP01-R0020,20,21,6,54.40898940,-11.78898940,0.00000000
REDUCED_NO_SLG_FLY_SP,CP01-PROFILE-R0021,1,CP01-R0021,21,22,6,52.08242412,-10.24242412,0.00000000
REDUCED_NO_SLG_FLY_SP,CP01-PROFILE-R0022,1,CP01-R0022,22,23,6,14.80700689,13.43299311,0.00000000
REDUCED_NO_SLG_FLY_SP,CP01-PROFILE-R0023,1,CP01-R0023,23,24,6,12.15489314,-4.09489314,0.00000000
REDUCED_NO_SLG_FLY_SP,CP01-PROFILE-R0024,1,CP01-R0024,24,25,6,31.34617556,12.86382444,0.00000000
REDUCED_NO_SLG_FLY_SP,CP01-PROFILE-R0025,1,CP01-R0025,25,26,6,64.51744370,-11.99744370,0.00000000
REDUCED_NO_SLG_FLY_SP,CP01-PROFILE-R0026,1,CP01-R0026,26,27,6,53.83191080,-0.53191080,0.00000000
REDUCED_NO_SLG_FLY_SP,CP01-PROFILE-R0027,1,CP01-R0027,27,28,6,59.81400955,-18.66400955,0.00000000
REDUCED_NO_SLG_FLY_SP,CP01-PROFILE-R0028,1,CP01-R0028,28,29,6,42.07748287,10.04251713,0.00000000
REDUCED_NO_SLG_FLY_SP,CP01-PROFILE-R0029,1,CP01-R0029,29,30,6,35.35444337,2.07555663,0.00000000
REDUCED_NO_SLG_FLY_SP,CP01-PROFILE-R0030,1,CP01-R0030,30,31,6,35.33823055,3.26176945,0.00000000
REDUCED_NO_SLG_FLY_SP,CP01-PROFILE-R0031,1,CP01-R0031,31,32,6,60.66563595,-5.40563595,0.00000000
REDUCED_NO_SLG_FLY_SP,CP01-PROFILE-R0032,1,CP01-R0032,32,33,6,58.84520541,-5.93520541,0.00000000
REDUCED_NO_SLG_FLY_SP,CP01-PROFILE-R0033,1,CP01-R0033,33,34,6,37.36100269,4.35899731,0.00000000
REDUCED_NO_SLG_FLY_SP,CP01-PROFILE-R0034,1,CP01-R0034,34,35,6,64.50180416,-22.37180416,0.00000000
REDUCED_NO_SLG_FLY_SP,CP01-PROFILE-R0035,1,CP01-R0035,35,36,6,55.04991030,-1.35991030,0.00000000
REDUCED_NO_SLG_FLY_SP,CP01-PROFILE-R0036,1,CP01-R0036,36,37,6,52.87431293,-14.46431293,0.00000000
REDUCED_NO_SLG_FLY_SP,CP01-PROFILE-R0037,1,CP01-R0037,37,38,6,26.15551888,3.92448112,0.00000000
REDUCED_NO_SLG_FLY_SP,CP01-PROFILE-R0038,1,CP01-R0038,38,39,6,37.55074426,0.16925574,0.00000000
REDUCED_NO_SLG_FLY_SP,CP01-PROFILE-R0039,1,CP01-R0039,39,40,6,44.46311516,-2.23311516,0.00000000
REDUCED_NO_SLG_FLY_SP,CP01-PROFILE-R0040,1,CP01-R0040,40,41,6,42.85942012,-6.60942012,0.00000000
REDUCED_NO_SLG_FLY_SP,CP01-PROFILE-R0041,1,CP01-R0041,41,42,6,32.22447428,18.23552572,0.00000000
REDUCED_NO_SLG_FLY_SP,CP01-PROFILE-R0042,1,CP01-R0042,42,43,6,73.01075847,-29.31075847,0.00000000
REDUCED_NO_SLG_FLY_SP,CP01-PROFILE-R0043,1,CP01-R0043,43,44,6,63.73270600,-24.73270600,0.00000000
REDUCED_NO_SLG_FLY_SP,CP01-PROFILE-R0044,1,CP01-R0044,44,45,6,43.91677655,9.18322345,0.00000000
REDUCED_NO_SLG_FLY_SP,CP01-PROFILE-R0045,1,CP01-R0045,45,46,6,42.14952662,-0.60952662,0.00000000
REDUCED_NO_SLG_FLY_SP,CP01-PROFILE-R0046,1,CP01-R0046,46,47,6,33.06076386,2.01923614,0.00000000
REDUCED_NO_SLG_FLY_SP,CP01-PROFILE-R0047,1,CP01-R0047,47,48,6,22.30097678,-7.25097678,0.00000000
REDUCED_NO_SLG_FLY_SP,CP01-PROFILE-R0048,1,CP01-R0048,48,49,6,49.76674762,-9.00674762,0.00000000
REDUCED_NO_SLG_FLY_SP,CP01-PROFILE-R0049,1,CP01-R0049,49,50,6,23.87552956,2.38447044,0.00000000
REDUCED_NO_SLG_FLY_SP,CP01-PROFILE-R0050,1,CP01-R0050,50,51,6,30.76645110,2.05354890,0.00000000
REDUCED_NO_SLG_FLY_SP,CP01-PROFILE-R0051,1,CP01-R0051,51,52,6,47.45543448,-7.67543448,0.00000000
REDUCED_NO_SLG_FLY_SP,CP01-PROFILE-R0052,1,CP01-R0052,52,53,6,34.69996486,12.23003514,0.00000000
REDUCED_NO_SLG_FLY_SP,CP01-PROFILE-R0053,1,CP01-R0053,53,54,6,32.95875664,0.16124336,0.00000000
REDUCED_NO_SLG_FLY_SP,CP01-PROFILE-R0054,1,CP01-R0054,54,55,6,30.39065956,18.79934044,0.00000000
REDUCED_NO_SLG_FLY_SP,CP01-PROFILE-R0055,1,CP01-R0055,55,56,6,12.56267280,2.02732720,0.00000000
REDUCED_NO_SLG_FLY_SP,CP01-PROFILE-R0056,1,CP01-R0056,56,57,6,18.51699136,-3.87699136,0.00000000
REDUCED_NO_SLG_FLY_SP,CP01-PROFILE-R0057,1,CP01-R0057,57,58,6,75.45516572,-33.52516572,0.00000000
REDUCED_NO_SLG_FLY_SP,CP01-PROFILE-R0058,1,CP01-R0058,58,59,6,18.09643798,-8.96643798,0.00000000
REDUCED_NO_SLG_FLY_SP,CP01-PROFILE-R0059,1,CP01-R0059,59,60,6,40.23731284,10.71268716,0.00000000
REDUCED_NO_SLG_FLY_SP,CP01-PROFILE-R0060,1,CP01-R0060,60,61,6,30.76389305,2.25610695,0.00000000
REDUCED_NO_SLG_FLY_SP,CP01-PROFILE-R0061,1,CP01-R0061,61,62,6,50.08613714,4.29386286,0.00000000
REDUCED_NO_SLG_FLY_SP,CP01-PROFILE-R0062,1,CP01-R0062,62,63,6,48.26087243,3.46912757,0.00000000
REDUCED_NO_SLG_FLY_SP,CP01-PROFILE-R0063,1,CP01-R0063,63,64,6,22.11898931,-12.24898931,0.00000000
REDUCED_NO_SLG_FLY_SP,CP01-PROFILE-R0064,1,CP01-R0064,64,65,6,44.53879935,6.12120065,0.00000000
REDUCED_NO_SLG_FLY_SP,CP01-PROFILE-R0065,1,CP01-R0065,65,66,6,38.40296859,10.29703141,0.00000000
REDUCED_NO_SLG_FLY_SP,CP01-PROFILE-R0066,1,CP01-R0066,66,67,6,51.94019044,3.11980956,0.00000000
REDUCED_NO_SLG_FLY_SP,CP01-PROFILE-R0067,1,CP01-R0067,67,68,6,51.30640719,-6.60640719,0.00000000
REDUCED_NO_SLG_FLY_SP,CP01-PROFILE-R0068,1,CP01-R0068,68,69,6,28.47390445,1.80609555,0.00000000
REDUCED_NO_SLG_FLY_SP,CP01-PROFILE-R0069,1,CP01-R0069,69,70,6,18.05655422,22.80344578,0.00000000
REDUCED_NO_SLG_FLY_SP,CP01-PROFILE-R0070,1,CP01-R0070,70,71,6,48.52406208,23.46593792,0.00000000
REDUCED_NO_SLG_FLY_SP,CP01-PROFILE-R0071,1,CP01-R0071,71,72,6,45.34075570,-10.94075570,0.00000000
REDUCED_NO_SLG_FLY_SP,CP01-PROFILE-R0072,1,CP01-R0072,72,73,6,42.90586412,-14.10586412,0.00000000
REDUCED_NO_SLG_FLY_SP,CP01-PROFILE-R0073,3,CP01-R0073,73,74,6,51.01288596,-17.61288596,0.27463617
REDUCED_NO_SLG_FLY_SP,CP01-PROFILE-R0074,1,CP01-R0074,74,75,6,52.42388160,-16.12388160,0.00000000
REDUCED_NO_SLG_FLY_SP,CP01-PROFILE-R0075,1,CP01-R0075,75,76,6,53.19211274,-24.19211274,0.00000000
REDUCED_NO_SLG_FLY_SP,CP01-PROFILE-R0076,1,CP01-R0076,76,77,6,48.09968619,-10.29968619,0.00000000
REDUCED_NO_SLG_FLY_SP,CP01-PROFILE-R0077,1,CP01-R0077,77,78,6,63.78894772,-23.58894772,0.00000000
REDUCED_NO_SLG_FLY_SP,CP01-PROFILE-R0073,3,CP01-R0078,78,79,6,51.01288596,-17.61288596,0.27463617
REDUCED_NO_SLG_FLY_SP,CP01-PROFILE-R0079,1,CP01-R0079,79,80,6,44.03576677,-15.93576677,0.00000000
REDUCED_NO_SLG_FLY_SP,CP01-PROFILE-R0080,1,CP01-R0080,80,81,6,60.96082617,-19.66082617,0.00000000
REDUCED_NO_SLG_FLY_SP,CP01-PROFILE-R0073,3,CP01-R0081,81,82,6,51.01288596,-17.61288596,0.27463617
REDUCED_NO_SLG_FLY_SP,CP01-PROFILE-R0082,1,CP01-R0082,82,83,6,45.05973044,-19.85973044,0.00000000
REDUCED_NO_SLG_FLY_SP,CP01-PROFILE-R0083,1,CP01-R0083,83,84,6,48.80983244,-7.70983244,0.00000000
REDUCED_NO_SLG_FLY_SP,CP01-PROFILE-R0084,4,CP01-R0084,84,85,6,46.16522022,-10.86522022,0.09500244
REDUCED_NO_SLG_FLY_SP,CP01-PROFILE-R0085,1,CP01-R0085,85,86,6,42.69799576,-14.39799576,0.00000000
REDUCED_NO_SLG_FLY_SP,CP01-PROFILE-R0086,1,CP01-R0086,86,87,6,51.17915482,-22.57915482,0.00000000
REDUCED_NO_SLG_FLY_SP,CP01-PROFILE-R0084,4,CP01-R0087,87,88,6,46.16522022,-10.86522022,0.09500244
REDUCED_NO_SLG_FLY_SP,CP01-PROFILE-R0088,1,CP01-R0088,88,89,6,44.37816383,-19.97816383,0.00000000
REDUCED_NO_SLG_FLY_SP,CP01-PROFILE-R0084,4,CP01-R0089,89,90,6,46.16522022,-10.86522022,0.09500244
REDUCED_NO_SLG_FLY_SP,CP01-PROFILE-R0090,1,CP01-R0090,90,91,6,47.40511828,-8.10511828,0.00000000
REDUCED_NO_SLG_FLY_SP,CP01-PROFILE-R0091,1,CP01-R0091,91,92,6,56.31873069,-15.71873069,0.00000000
REDUCED_NO_SLG_FLY_SP,CP01-PROFILE-R0084,4,CP01-R0092,92,93,6,46.16522022,-10.86522022,0.09500244
REDUCED_NO_SLG_FLY_SP,CP01-PROFILE-R0093,1,CP01-R0093,93,94,6,40.21245103,-16.11245103,0.00000000
REDUCED_NO_SLG_FLY_SP,CP01-PROFILE-R0094,1,CP01-R0094,94,95,6,45.74421997,0.45578003,0.00000000
REDUCED_NO_SLG_FLY_SP,CP01-PROFILE-R0095,1,CP01-R0095,95,96,6,43.24269231,-0.44269231,0.00000000
REDUCED_NO_SLG_FLY_SP,CP01-PROFILE-R0096,3,CP01-R0096,96,97,6,51.08427373,-1.88427373,0.02921344
REDUCED_NO_SLG_FLY_SP,CP01-PROFILE-R0097,1,CP01-R0097,97,98,6,52.80997178,-6.00997178,0.00000000
REDUCED_NO_SLG_FLY_SP,CP01-PROFILE-R0098,1,CP01-R0098,98,99,6,53.40233968,-7.70233968,0.00000000
REDUCED_NO_SLG_FLY_SP,CP01-PROFILE-R0099,1,CP01-R0099,99,100,6,48.41776446,7.18223554,0.00000000
REDUCED_NO_SLG_FLY_SP,CP01-PROFILE-R0100,1,CP01-R0100,100,101,6,64.07010461,-9.17010461,0.00000000
REDUCED_NO_SLG_FLY_SP,CP01-PROFILE-R0096,3,CP01-R0101,101,102,6,51.08427373,-1.88427373,0.02921344
REDUCED_NO_SLG_FLY_SP,CP01-PROFILE-R0102,1,CP01-R0102,102,103,6,44.42130805,-9.52130805,0.00000000
REDUCED_NO_SLG_FLY_SP,CP01-PROFILE-R0103,1,CP01-R0103,103,104,6,61.32964468,-14.42964468,0.00000000
REDUCED_NO_SLG_FLY_SP,CP01-PROFILE-R0096,3,CP01-R0104,104,105,6,51.08427373,-1.88427373,0.02921344
REDUCED_NO_SLG_FLY_SP,CP01-PROFILE-R0105,1,CP01-R0105,105,106,6,45.45079748,-12.05079748,0.00000000
REDUCED_NO_SLG_FLY_SP,CP01-PROFILE-R0106,1,CP01-R0106,106,107,6,49.18284901,4.91715099,0.00000000
REDUCED_NO_SLG_FLY_SP,CP01-PROFILE-R0107,4,CP01-R0107,107,108,6,46.46208030,9.43791970,0.01336204
REDUCED_NO_SLG_FLY_SP,CP01-PROFILE-R0108,1,CP01-R0108,108,109,6,43.03823742,6.76176258,0.00000000
REDUCED_NO_SLG_FLY_SP,CP01-PROFILE-R0109,1,CP01-R0109,109,110,6,51.38298783,-4.28298783,0.00000000
REDUCED_NO_SLG_FLY_SP,CP01-PROFILE-R0107,4,CP01-R0110,110,111,6,46.46208030,9.43791970,0.01336204
REDUCED_NO_SLG_FLY_SP,CP01-PROFILE-R0111,1,CP01-R0111,111,112,6,44.75966867,-6.75966867,0.00000000
REDUCED_NO_SLG_FLY_SP,CP01-PROFILE-R0107,4,CP01-R0112,112,113,6,46.46208030,9.43791970,0.01336204
REDUCED_NO_SLG_FLY_SP,CP01-PROFILE-R0113,1,CP01-R0113,113,114,6,47.75371381,8.34628619,0.00000000
REDUCED_NO_SLG_FLY_SP,CP01-PROFILE-R0114,1,CP01-R0114,114,115,6,56.64430834,2.44569166,0.00000000
REDUCED_NO_SLG_FLY_SP,CP01-PROFILE-R0107,4,CP01-R0115,115,116,6,46.46208030,-23.56208030,0.08073199
REDUCED_NO_SLG_FLY_SP,CP01-PROFILE-R0116,1,CP01-R0116,116,117,6,40.62719303,-5.52719303,0.00000000
REDUCED_NO_SLG_FLY_SP,CP01-PROFILE-R0117,1,CP01-R0117,117,118,6,48.00397463,13.08602537,0.00000000
REDUCED_NO_SLG_FLY_SP,CP01-PROFILE-R0118,1,CP01-R0118,118,119,6,45.43250413,14.36749587,0.00000000
REDUCED_NO_SLG_FLY_SP,CP01-PROFILE-R0119,3,CP01-R0119,119,120,6,53.17094299,7.11905701,0.10907975
REDUCED_NO_SLG_FLY_SP,CP01-PROFILE-R0120,1,CP01-R0120,120,121,6,55.04029671,6.75970329,0.00000000
REDUCED_NO_SLG_FLY_SP,CP01-PROFILE-R0121,1,CP01-R0121,121,122,6,55.57322077,1.12677923,0.00000000
REDUCED_NO_SLG_FLY_SP,CP01-PROFILE-R0122,1,CP01-R0122,122,123,6,50.64685242,17.65314758,0.00000000
REDUCED_NO_SLG_FLY_SP,CP01-PROFILE-R0123,1,CP01-R0123,123,124,6,66.25705016,0.64294984,0.00000000
REDUCED_NO_SLG_FLY_SP,CP01-PROFILE-R0119,3,CP01-R0124,124,125,6,53.17094299,7.11905701,0.10907975
REDUCED_NO_SLG_FLY_SP,CP01-PROFILE-R0125,1,CP01-R0125,125,126,6,46.60741809,4.09258191,0.00000000
REDUCED_NO_SLG_FLY_SP,CP01-PROFILE-R0126,1,CP01-R0126,126,127,6,63.52809310,-7.12809310,0.00000000
REDUCED_NO_SLG_FLY_SP,CP01-PROFILE-R0119,3,CP01-R0127,127,128,6,53.17094299,7.11905701,0.10907975
REDUCED_NO_SLG_FLY_SP,CP01-PROFILE-R0128,1,CP01-R0128,128,129,6,47.62875478,7.87124522,0.00000000
REDUCED_NO_SLG_FLY_SP,CP01-PROFILE-R0129,1,CP01-R0129,129,130,6,51.41537392,17.08462608,0.00000000
REDUCED_NO_SLG_FLY_SP,CP01-PROFILE-R0130,4,CP01-R0130,130,131,6,48.52635455,22.77364545,0.18180539
REDUCED_NO_SLG_FLY_SP,CP01-PROFILE-R0131,1,CP01-R0131,131,132,6,45.23848783,29.46151217,0.00000000
REDUCED_NO_SLG_FLY_SP,CP01-PROFILE-R0132,1,CP01-R0132,132,133,6,53.63928126,-1.43928126,0.00000000
REDUCED_NO_SLG_FLY_SP,CP01-PROFILE-R0130,4,CP01-R0133,133,134,6,48.52635455,22.77364545,0.18180539
REDUCED_NO_SLG_FLY_SP,CP01-PROFILE-R0134,1,CP01-R0134,134,135,6,46.93748133,20.76251867,0.00000000
REDUCED_NO_SLG_FLY_SP,CP01-PROFILE-R0130,4,CP01-R0135,135,136,6,48.52635455,22.77364545,0.18180539
REDUCED_NO_SLG_FLY_SP,CP01-PROFILE-R0136,1,CP01-R0136,136,137,6,50.01247801,15.98752199,0.00000000
REDUCED_NO_SLG_FLY_SP,CP01-PROFILE-R0137,1,CP01-R0137,137,138,6,58.85668651,15.64331349,0.00000000
REDUCED_NO_SLG_FLY_SP,CP01-PROFILE-R0130,4,CP01-R0138,138,139,6,48.52635455,22.77364545,0.18180539
REDUCED_NO_SLG_FLY_SP,CP01-PROFILE-R0139,1,CP01-R0139,139,140,6,42.89717368,7.00282632,0.00000000
REDUCED_NO_SLG_FLY_SP,CP01-PROFILE-R0140,1,CP01-R0140,140,141,6,51.06204221,12.33795779,0.00000000
REDUCED_NO_SLG_FLY_SP,CP01-PROFILE-R0141,1,CP01-R0141,141,142,6,48.47537540,16.42462460,0.00000000
REDUCED_NO_SLG_FLY_SP,CP01-PROFILE-R0142,3,CP01-R0142,142,143,6,56.19920631,8.10079369,0.12821761
REDUCED_NO_SLG_FLY_SP,CP01-PROFILE-R0143,1,CP01-R0143,143,144,6,58.09522915,6.80477085,0.00000000
REDUCED_NO_SLG_FLY_SP,CP01-PROFILE-R0144,1,CP01-R0144,144,145,6,58.62261549,1.57738451,0.00000000
REDUCED_NO_SLG_FLY_SP,CP01-PROFILE-R0145,1,CP01-R0145,145,146,6,53.70050231,18.59949769,0.00000000
REDUCED_NO_SLG_FLY_SP,CP01-PROFILE-R0146,1,CP01-R0146,146,147,6,69.32093533,-0.02093533,0.00000000
REDUCED_NO_SLG_FLY_SP,CP01-PROFILE-R0142,3,CP01-R0147,147,148,6,56.19920631,8.10079369,0.12821761
REDUCED_NO_SLG_FLY_SP,CP01-PROFILE-R0148,1,CP01-R0148,148,149,6,49.65165334,5.54834666,0.00000000
REDUCED_NO_SLG_FLY_SP,CP01-PROFILE-R0149,1,CP01-R0149,149,150,6,66.59560424,-7.79560424,0.00000000
REDUCED_NO_SLG_FLY_SP,CP01-PROFILE-R0142,3,CP01-R0150,150,151,6,56.19920631,8.10079369,0.12821761
REDUCED_NO_SLG_FLY_SP,CP01-PROFILE-R0151,1,CP01-R0151,151,152,6,50.63670454,15.46329546,0.00000000
REDUCED_NO_SLG_FLY_SP,CP01-PROFILE-R0152,1,CP01-R0152,152,153,6,54.45586719,19.24413281,0.00000000
REDUCED_NO_SLG_FLY_SP,CP01-PROFILE-R0153,4,CP01-R0153,153,154,6,51.53941790,25.76058210,0.21464789
REDUCED_NO_SLG_FLY_SP,CP01-PROFILE-R0154,1,CP01-R0154,154,155,6,48.28736252,31.91263748,0.00000000
REDUCED_NO_SLG_FLY_SP,CP01-PROFILE-R0155,1,CP01-R0155,155,156,6,56.70072092,-1.80072092,0.00000000
REDUCED_NO_SLG_FLY_SP,CP01-PROFILE-R0153,4,CP01-R0156,156,157,6,51.53941790,25.76058210,0.21464789
REDUCED_NO_SLG_FLY_SP,CP01-PROFILE-R0157,1,CP01-R0157,157,158,6,49.97527170,23.01472830,0.00000000
REDUCED_NO_SLG_FLY_SP,CP01-PROFILE-R0153,4,CP01-R0158,158,159,6,51.53941790,25.76058210,0.21464789
REDUCED_NO_SLG_FLY_SP,CP01-PROFILE-R0159,1,CP01-R0159,159,160,6,53.05985834,18.64014166,0.00000000
REDUCED_NO_SLG_FLY_SP,CP01-PROFILE-R0160,1,CP01-R0160,160,161,6,61.89598365,17.50401635,0.00000000
REDUCED_NO_SLG_FLY_SP,CP01-PROFILE-R0153,4,CP01-R0161,161,162,6,51.53941790,25.76058210,0.21464789
REDUCED_NO_SLG_FLY_SP,CP01-PROFILE-R0162,1,CP01-R0162,162,163,6,45.94215206,13.94784794,0.00000000
REDUCED_NO_SLG_FLY_SP,CP01-PROFILE-R0163,1,CP01-R0163,163,164,6,54.88255439,10.01744561,0.00000000
REDUCED_NO_SLG_FLY_SP,CP01-PROFILE-R0164,1,CP01-R0164,164,165,6,52.30293315,14.29706685,0.00000000
REDUCED_NO_SLG_FLY_SP,CP01-PROFILE-R0165,3,CP01-R0165,165,166,6,60.07633766,5.12366234,0.09050226
REDUCED_NO_SLG_FLY_SP,CP01-PROFILE-R0166,1,CP01-R0166,166,167,6,61.92215488,4.77784512,0.00000000
REDUCED_NO_SLG_FLY_SP,CP01-PROFILE-R0167,1,CP01-R0167,167,168,6,62.46598993,0.03401007,0.00000000
REDUCED_NO_SLG_FLY_SP,CP01-PROFILE-R0168,1,CP01-R0168,168,169,6,57.52676114,16.66323886,0.00000000
REDUCED_NO_SLG_FLY_SP,CP01-PROFILE-R0169,1,CP01-R0169,169,170,6,73.17214632,-2.47214632,0.00000000
REDUCED_NO_SLG_FLY_SP,CP01-PROFILE-R0165,3,CP01-R0170,170,171,6,60.07633766,5.12366234,0.09050226
REDUCED_NO_SLG_FLY_SP,CP01-PROFILE-R0171,1,CP01-R0171,171,172,6,53.48034301,4.11965699,0.00000000
REDUCED_NO_SLG_FLY_SP,CP01-PROFILE-R0172,1,CP01-R0172,172,173,6,70.47270672,-11.27270672,0.00000000
REDUCED_NO_SLG_FLY_SP,CP01-PROFILE-R0165,3,CP01-R0173,173,174,6,60.07633766,5.12366234,0.09050226
REDUCED_NO_SLG_FLY_SP,CP01-PROFILE-R0174,1,CP01-R0174,174,175,6,54.45481536,13.64518464,0.00000000
REDUCED_NO_SLG_FLY_SP,CP01-PROFILE-R0175,1,CP01-R0175,175,176,6,58.27095467,17.22904533,0.00000000
REDUCED_NO_SLG_FLY_SP,CP01-PROFILE-R0176,4,CP01-R0176,176,177,6,55.30924371,23.99075629,0.25323184
REDUCED_NO_SLG_FLY_SP,CP01-PROFILE-R0177,1,CP01-R0177,177,178,6,60.55301329,-4.05301329,0.00000000
REDUCED_NO_SLG_FLY_SP,CP01-PROFILE-R0176,4,CP01-R0178,178,179,6,55.30924371,23.99075629,0.25323184
REDUCED_NO_SLG_FLY_SP,CP01-PROFILE-R0179,1,CP01-R0179,179,180,6,53.77056781,23.02943219,0.00000000
REDUCED_NO_SLG_FLY_SP,CP01-PROFILE-R0176,4,CP01-R0180,180,181,6,55.30924371,23.99075629,0.25323184
REDUCED_NO_SLG_FLY_SP,CP01-PROFILE-R0181,1,CP01-R0181,181,182,6,56.88543811,16.41456189,0.00000000
REDUCED_NO_SLG_FLY_SP,CP01-PROFILE-R0182,1,CP01-R0182,182,183,6,65.70340736,16.89659264,0.00000000
REDUCED_NO_SLG_FLY_SP,CP01-PROFILE-R0176,4,CP01-R0183,183,184,6,55.30924371,23.99075629,0.25323184
REDUCED_NO_SLG_FLY_SP,CP01-PROFILE-R0184,1,CP01-R0184,184,185,6,49.74533299,18.05466701,0.00000000
REDUCED_NO_SLG_FLY_SP,CP01-PROFILE-R0185,1,CP01-R0185,185,186,6,17.89655317,-6.31655317,0.00000000
REDUCED_NO_SLG_FLY_SP,CP01-PROFILE-R0186,1,CP01-R0186,186,187,6,19.04962714,5.40037286,0.00000000
REDUCED_NO_SLG_FLY_SP,CP01-PROFILE-R0187,1,CP01-R0187,187,188,6,20.58323082,4.30676918,0.00000000
REDUCED_NO_SLG_FLY_SP,CP01-PROFILE-R0188,1,CP01-R0188,188,189,6,23.63500774,5.81499226,0.00000000
REDUCED_NO_SLG_FLY_SP,CP01-PROFILE-R0189,1,CP01-R0189,189,190,6,28.40684312,12.30315688,0.00000000
REDUCED_NO_SLG_FLY_SP,CP01-PROFILE-R0190,1,CP01-R0190,190,191,6,17.10073346,-6.72073346,0.00000000
REDUCED_NO_SLG_FLY_SP,CP01-PROFILE-R0191,1,CP01-R0191,191,192,6,18.25450870,3.88549130,0.00000000
REDUCED_NO_SLG_FLY_SP,CP01-PROFILE-R0192,1,CP01-R0192,192,193,6,19.78723513,3.05276487,0.00000000
REDUCED_NO_SLG_FLY_SP,CP01-PROFILE-R0193,1,CP01-R0193,193,194,6,22.83799191,4.82200809,0.00000000
REDUCED_NO_SLG_FLY_SP,CP01-PROFILE-R0194,1,CP01-R0194,194,195,6,27.63006474,6.92993526,0.00000000
REDUCED_NO_SLG_FLY_SP,CP01-PROFILE-R0195,1,CP01-R0195,195,196,6,22.41345379,-9.96345379,0.00000000
REDUCED_NO_SLG_FLY_SP,CP01-PROFILE-R0196,1,CP01-R0196,196,197,6,23.56353596,1.42646404,0.00000000
REDUCED_NO_SLG_FLY_SP,CP01-PROFILE-R0197,1,CP01-R0197,197,198,6,25.09541469,0.62458531,0.00000000
REDUCED_NO_SLG_FLY_SP,CP01-PROFILE-R0198,1,CP01-R0198,198,199,6,28.12864738,5.83135262,0.00000000
REDUCED_NO_SLG_FLY_SP,CP01-PROFILE-R0199,1,CP01-R0199,199,200,6,32.93333747,4.40666253,0.00000000
REDUCED_NO_SLG_FLY_SP,CP01-PROFILE-R0200,1,CP01-R0200,200,201,6,26.01695434,-10.97695434,0.00000000
REDUCED_NO_SLG_FLY_SP,CP01-PROFILE-R0201,1,CP01-R0201,201,202,6,27.19598011,-6.13598011,0.00000000
REDUCED_NO_SLG_FLY_SP,CP01-PROFILE-R0202,1,CP01-R0202,202,203,6,28.70797060,-2.30797060,0.00000000
REDUCED_NO_SLG_FLY_SP,CP01-PROFILE-R0203,1,CP01-R0203,203,204,6,31.73922215,3.60077785,0.00000000
REDUCED_NO_SLG_FLY_SP,CP01-PROFILE-R0204,1,CP01-R0204,204,205,6,36.53599837,4.03400163,0.00000000
REDUCED_NO_SLG_FLY_SP,CP01-PROFILE-R0205,1,CP01-R0205,205,206,6,22.49758204,-10.02758204,0.00000000
REDUCED_NO_SLG_FLY_SP,CP01-PROFILE-R0206,1,CP01-R0206,206,207,6,23.67655158,-2.75655158,0.00000000
REDUCED_NO_SLG_FLY_SP,CP01-PROFILE-R0207,1,CP01-R0207,207,208,6,25.19817353,-0.29817353,0.00000000
REDUCED_NO_SLG_FLY_SP,CP01-PROFILE-R0208,1,CP01-R0208,208,209,6,28.23920102,5.96079898,0.00000000
REDUCED_NO_SLG_FLY_SP,CP01-PROFILE-R0209,1,CP01-R0209,209,210,6,33.03585267,6.57414733,0.00000000
REDUCED_NO_SLG_FLY_SP,CP01-PROFILE-R0210,1,CP01-R0210,210,211,6,19.65520841,-9.62520841,0.00000000
REDUCED_NO_SLG_FLY_SP,CP01-PROFILE-R0211,1,CP01-R0211,211,212,6,20.82832917,-0.74832917,0.00000000
REDUCED_NO_SLG_FLY_SP,CP01-PROFILE-R0212,1,CP01-R0212,212,213,6,22.34918354,2.13081646,0.00000000
REDUCED_NO_SLG_FLY_SP,CP01-PROFILE-R0213,1,CP01-R0213,213,214,6,25.39718035,6.14281965,0.00000000
REDUCED_NO_SLG_FLY_SP,CP01-PROFILE-R0214,1,CP01-R0214,214,215,6,30.20041710,5.13958290,0.00000000
REDUCED_NO_SLG_FLY_SP,CP01-PROFILE-R0215,1,CP01-R0215,215,216,6,26.34415121,-16.89415121,0.00000000
REDUCED_NO_SLG_FLY_SP,CP01-PROFILE-R0216,1,CP01-R0216,216,217,6,27.49226468,-4.77226468,0.00000000
REDUCED_NO_SLG_FLY_SP,CP01-PROFILE-R0217,1,CP01-R0217,217,218,6,29.00283015,-0.53283015,0.00000000
REDUCED_NO_SLG_FLY_SP,CP01-PROFILE-R0218,1,CP01-R0218,218,219,6,32.02896497,6.53103503,0.00000000
REDUCED_NO_SLG_FLY_SP,CP01-PROFILE-R0219,1,CP01-R0219,219,220,6,36.84113180,3.54886820,0.00000000
REDUCED_NO_SLG_FLY_SP,CP01-PROFILE-R0220,1,CP01-R0220,220,221,6,21.93109893,-11.17109893,0.00000000
REDUCED_NO_SLG_FLY_SP,CP01-PROFILE-R0221,1,CP01-R0221,221,222,6,23.08568534,2.39431466,0.00000000
REDUCED_NO_SLG_FLY_SP,CP01-PROFILE-R0222,1,CP01-R0222,222,223,6,24.63157931,-3.09157931,0.00000000
REDUCED_NO_SLG_FLY_SP,CP01-PROFILE-R0223,1,CP01-R0223,223,224,6,27.67550515,0.95449485,0.00000000
REDUCED_NO_SLG_FLY_SP,CP01-PROFILE-R0224,1,CP01-R0224,224,225,6,32.47753979,1.06246021,0.00000000
REDUCED_NO_SLG_FLY_SP,CP01-PROFILE-R0225,1,CP01-R0225,225,226,6,48.03932308,-40.28932308,0.00000000
REDUCED_NO_SLG_FLY_SP,CP01-PROFILE-R0226,1,CP01-R0226,226,227,6,49.12310382,-31.30310382,0.00000000
REDUCED_NO_SLG_FLY_SP,CP01-PROFILE-R0227,1,CP01-R0227,227,228,6,50.59081851,-26.35081851,0.00000000
REDUCED_NO_SLG_FLY_SP,CP01-PROFILE-R0228,1,CP01-R0228,228,229,6,53.58683227,-20.73683227,0.00000000
REDUCED_NO_SLG_FLY_SP,CP01-PROFILE-R0229,1,CP01-R0229,229,230,6,58.40835964,-19.17835964,0.00000000
REDUCED_NO_SLG_FLY_SP,CP01-PROFILE-R0230,1,CP01-R0230,230,231,6,20.91227478,-2.91227478,0.00000000
REDUCED_NO_SLG_FLY_SP,CP01-PROFILE-R0231,1,CP01-R0231,231,232,6,22.07776691,8.31223309,0.00000000
REDUCED_NO_SLG_FLY_SP,CP01-PROFILE-R0232,1,CP01-R0232,232,233,6,23.56759398,22.14240602,0.00000000
REDUCED_NO_SLG_FLY_SP,CP01-PROFILE-R0233,1,CP01-R0233,233,234,6,26.62009221,24.14990779,0.00000000
REDUCED_NO_SLG_FLY_SP,CP01-PROFILE-R0234,1,CP01-R0234,234,235,6,31.41144299,22.48855701,0.00000000
REDUCED_NO_SLG_FLY_SP,CP01-PROFILE-R0235,1,CP01-R0235,235,236,6,20.91265236,-7.73265236,0.00000000
REDUCED_NO_SLG_FLY_SP,CP01-PROFILE-R0236,1,CP01-R0236,236,237,6,22.10100709,-4.26100709,0.00000000
REDUCED_NO_SLG_FLY_SP,CP01-PROFILE-R0237,1,CP01-R0237,237,238,6,23.56769941,16.66230059,0.00000000
REDUCED_NO_SLG_FLY_SP,CP01-PROFILE-R0238,1,CP01-R0238,238,239,6,26.61457871,20.51542129,0.00000000
REDUCED_NO_SLG_FLY_SP,CP01-PROFILE-R0239,1,CP01-R0239,239,240,6,31.40971060,18.56028940,0.00000000
REDUCED_NO_SLG_FLY_SP,CP01-PROFILE-R0240,1,CP01-R0240,240,241,6,19.93008358,-6.57008358,0.00000000
REDUCED_NO_SLG_FLY_SP,CP01-PROFILE-R0241,1,CP01-R0241,241,242,6,21.10774608,1.21225392,0.00000000
REDUCED_NO_SLG_FLY_SP,CP01-PROFILE-R0242,1,CP01-R0242,242,243,6,22.63472235,1.90527765,0.00000000
REDUCED_NO_SLG_FLY_SP,CP01-PROFILE-R0243,1,CP01-R0243,243,244,6,25.68347007,5.66652993,0.00000000
REDUCED_NO_SLG_FLY_SP,CP01-PROFILE-R0244,1,CP01-R0244,244,245,6,30.47125590,10.38874410,0.00000000
REDUCED_NO_SLG_FLY_SP,CP01-PROFILE-R0245,1,CP01-R0245,245,246,6,22.71034323,-2.78034323,0.00000000
REDUCED_NO_SLG_FLY_SP,CP01-PROFILE-R0246,1,CP01-R0246,246,247,6,23.89861146,1.79138854,0.00000000
REDUCED_NO_SLG_FLY_SP,CP01-PROFILE-R0247,1,CP01-R0247,247,248,6,25.42002745,4.80997255,0.00000000
REDUCED_NO_SLG_FLY_SP,CP01-PROFILE-R0248,1,CP01-R0248,248,249,6,28.46235810,11.12764190,0.00000000
REDUCED_NO_SLG_FLY_SP,CP01-PROFILE-R0249,1,CP01-R0249,249,250,6,33.25794211,11.04205789,0.00000000
REDUCED_NO_SLG_FLY_SP,CP01-PROFILE-R0250,1,CP01-R0250,250,251,6,21.46162628,-7.64162628,0.00000000
REDUCED_NO_SLG_FLY_SP,CP01-PROFILE-R0251,1,CP01-R0251,251,252,6,22.62800883,2.29199117,0.00000000
REDUCED_NO_SLG_FLY_SP,CP01-PROFILE-R0252,1,CP01-R0252,252,253,6,24.14831788,5.07168212,0.00000000
REDUCED_NO_SLG_FLY_SP,CP01-PROFILE-R0253,1,CP01-R0253,253,254,6,27.18763541,11.14236459,0.00000000
REDUCED_NO_SLG_FLY_SP,CP01-PROFILE-R0254,1,CP01-R0254,254,255,6,31.98634733,10.36365267,0.00000000
REDUCED_NO_SLG_FLY_SP,CP01-PROFILE-R0255,1,CP01-R0255,255,256,6,26.30338510,-12.76338510,0.00000000
REDUCED_NO_SLG_FLY_SP,CP01-PROFILE-R0256,1,CP01-R0256,256,257,6,27.45453143,-1.14453143,0.00000000
REDUCED_NO_SLG_FLY_SP,CP01-PROFILE-R0257,1,CP01-R0257,257,258,6,28.96702448,2.67297552,0.00000000
REDUCED_NO_SLG_FLY_SP,CP01-PROFILE-R0258,1,CP01-R0258,258,259,6,31.98826030,10.56173970,0.00000000
REDUCED_NO_SLG_FLY_SP,CP01-PROFILE-R0259,1,CP01-R0259,259,260,6,36.80353395,6.11646605,0.00000000
REDUCED_NO_SLG_FLY_SP,CP01-PROFILE-R0260,1,CP01-R0260,260,261,6,26.50827068,-13.17827068,0.00000000
REDUCED_NO_SLG_FLY_SP,CP01-PROFILE-R0261,1,CP01-R0261,261,262,6,27.66309070,-2.29309070,0.00000000
REDUCED_NO_SLG_FLY_SP,CP01-PROFILE-R0262,1,CP01-R0262,262,263,6,29.14827362,8.25172638,0.00000000
REDUCED_NO_SLG_FLY_SP,CP01-PROFILE-R0263,1,CP01-R0263,263,264,6,32.18556172,12.21443828,0.00000000
REDUCED_NO_SLG_FLY_SP,CP01-PROFILE-R0264,1,CP01-R0264,264,265,6,36.98169491,10.75830509,0.00000000
REDUCED_NO_SLG_FLY_SP,CP01-PROFILE-R0265,1,CP01-R0265,265,266,6,29.12032632,-9.60032632,0.00000000
REDUCED_NO_SLG_FLY_SP,CP01-PROFILE-R0266,1,CP01-R0266,266,267,6,30.27718795,1.07281205,0.00000000
REDUCED_NO_SLG_FLY_SP,CP01-PROFILE-R0267,1,CP01-R0267,267,268,6,31.78312395,6.71687605,0.00000000
REDUCED_NO_SLG_FLY_SP,CP01-PROFILE-R0268,1,CP01-R0268,268,269,6,34.82340411,10.25659589,0.00000000
REDUCED_NO_SLG_FLY_SP,CP01-PROFILE-R0269,1,CP01-R0269,269,270,6,39.62557523,8.19442477,0.00000000
REDUCED_NO_SLG_FLY_SP,CP01-PROFILE-R0270,1,CP01-R0270,270,271,6,26.52662312,-11.08662312,0.00000000
REDUCED_NO_SLG_FLY_SP,CP01-PROFILE-R0271,1,CP01-R0271,271,272,6,27.70061466,-0.93061466,0.00000000
REDUCED_NO_SLG_FLY_SP,CP01-PROFILE-R0272,1,CP01-R0272,272,273,6,29.21632041,4.51367959,0.00000000
REDUCED_NO_SLG_FLY_SP,CP01-PROFILE-R0273,1,CP01-R0273,273,274,6,32.25909031,10.44090969,0.00000000
REDUCED_NO_SLG_FLY_SP,CP01-PROFILE-R0274,1,CP01-R0274,274,275,6,37.05847067,8.78152933,0.00000000
REDUCED_NO_SLG_FLY_SP,CP01-PROFILE-R0275,1,CP01-R0275,275,276,6,24.07415744,-6.85415744,0.00000000
REDUCED_NO_SLG_FLY_SP,CP01-PROFILE-R0276,1,CP01-R0276,276,277,6,25.24875571,4.68124429,0.00000000
REDUCED_NO_SLG_FLY_SP,CP01-PROFILE-R0277,1,CP01-R0277,277,278,6,26.78163636,2.86836364,0.00000000
REDUCED_NO_SLG_FLY_SP,CP01-PROFILE-R0278,1,CP01-R0278,278,279,6,29.83146246,7.13853754,0.00000000
REDUCED_NO_SLG_FLY_SP,CP01-PROFILE-R0279,1,CP01-R0279,279,280,6,34.62640239,8.95359761,0.00000000
REDUCED_NO_SLG_FLY_SP,CP01-PROFILE-R0280,1,CP01-R0280,280,281,6,24.08394552,-10.96394552,0.00000000
REDUCED_NO_SLG_FLY_SP,CP01-PROFILE-R0281,1,CP01-R0281,281,282,6,25.26044197,-0.83044197,0.00000000
REDUCED_NO_SLG_FLY_SP,CP01-PROFILE-R0282,1,CP01-R0282,282,283,6,26.77596236,5.88403764,0.00000000
REDUCED_NO_SLG_FLY_SP,CP01-PROFILE-R0283,1,CP01-R0283,283,284,6,29.83203087,6.80796913,0.00000000
REDUCED_NO_SLG_FLY_SP,CP01-PROFILE-R0284,1,CP01-R0284,284,285,6,34.62494062,9.58505938,0.00000000
REDUCED_NO_SLG_FLY_SP,CP01-PROFILE-R0285,1,CP01-R0285,285,286,6,26.25970054,-12.63970054,0.00000000
REDUCED_NO_SLG_FLY_SP,CP01-PROFILE-R0286,1,CP01-R0286,286,287,6,27.43754209,-5.83754209,0.00000000
REDUCED_NO_SLG_FLY_SP,CP01-PROFILE-R0287,1,CP01-R0287,287,288,6,28.95125842,-1.18125842,0.00000000
REDUCED_NO_SLG_FLY_SP,CP01-PROFILE-R0288,1,CP01-R0288,288,289,6,31.99298592,3.57701408,0.00000000
REDUCED_NO_SLG_FLY_SP,CP01-PROFILE-R0289,1,CP01-R0289,289,290,6,36.77109973,8.59890027,0.00000000
REDUCED_NO_SLG_FLY_SP,CP01-PROFILE-R0290,1,CP01-R0290,290,291,6,25.56346854,-18.24346854,0.00000000
REDUCED_NO_SLG_FLY_SP,CP01-PROFILE-R0291,1,CP01-R0291,291,292,6,26.72068339,-5.22068339,0.00000000
REDUCED_NO_SLG_FLY_SP,CP01-PROFILE-R0292,1,CP01-R0292,292,293,6,28.22329532,3.04670468,0.00000000
REDUCED_NO_SLG_FLY_SP,CP01-PROFILE-R0293,1,CP01-R0293,293,294,6,31.25023963,12.24976037,0.00000000
REDUCED_NO_SLG_FLY_SP,CP01-PROFILE-R0294,1,CP01-R0294,294,295,6,36.03902976,12.63097024,0.00000000
REDUCED_NO_SLG_FLY_SP,CP01-PROFILE-R0295,1,CP01-R0295,295,296,6,27.96717257,-20.56717257,0.00000000
REDUCED_NO_SLG_FLY_SP,CP01-PROFILE-R0296,1,CP01-R0296,296,297,6,29.09683447,-5.58683447,0.00000000
REDUCED_NO_SLG_FLY_SP,CP01-PROFILE-R0297,1,CP01-R0297,297,298,6,30.59686383,0.52313617,0.00000000
REDUCED_NO_SLG_FLY_SP,CP01-PROFILE-R0298,1,CP01-R0298,298,299,6,33.62886131,5.52113869,0.00000000
REDUCED_NO_SLG_FLY_SP,CP01-PROFILE-R0299,1,CP01-R0299,299,300,6,38.39874731,9.75125269,0.00000000
REDUCED_NO_SLG_FLY_SP,CP01-PROFILE-R0300,1,CP01-R0300,300,301,6,31.85222687,-9.35222687,0.00000000
REDUCED_NO_SLG_FLY_SP,CP01-PROFILE-R0301,1,CP01-R0301,301,302,6,33.02429257,1.64570743,0.00000000
REDUCED_NO_SLG_FLY_SP,CP01-PROFILE-R0302,1,CP01-R0302,302,303,6,34.55629579,0.18370421,0.00000000
REDUCED_NO_SLG_FLY_SP,CP01-PROFILE-R0303,1,CP01-R0303,303,304,6,37.59483571,7.48516429,0.00000000
REDUCED_NO_SLG_FLY_SP,CP01-PROFILE-R0304,1,CP01-R0304,304,305,6,42.39380423,6.57619577,0.00000000
REDUCED_NO_SLG_FLY_SP,CP01-PROFILE-R0305,1,CP01-R0305,305,306,6,33.09409316,-9.95409316,0.00000000
REDUCED_NO_SLG_FLY_SP,CP01-PROFILE-R0306,1,CP01-R0306,306,307,6,34.24367089,7.64632911,0.00000000
REDUCED_NO_SLG_FLY_SP,CP01-PROFILE-R0307,1,CP01-R0307,307,308,6,35.75880091,12.52119909,0.00000000
REDUCED_NO_SLG_FLY_SP,CP01-PROFILE-R0308,1,CP01-R0308,308,309,6,38.81376219,12.22623781,0.00000000
REDUCED_NO_SLG_FLY_SP,CP01-PROFILE-R0309,1,CP01-R0309,309,310,6,43.60352210,12.03647790,0.00000000
REDUCED_NO_SLG_FLY_SP,CP01-PROFILE-R0310,1,CP01-R0310,310,311,6,31.34961855,-8.39961855,0.00000000
REDUCED_NO_SLG_FLY_SP,CP01-PROFILE-R0311,1,CP01-R0311,311,312,6,32.52244750,2.70755250,0.00000000
REDUCED_NO_SLG_FLY_SP,CP01-PROFILE-R0312,1,CP01-R0312,312,313,6,34.04392997,5.89607003,0.00000000
REDUCED_NO_SLG_FLY_SP,CP01-PROFILE-R0313,1,CP01-R0313,313,314,6,37.08695488,11.63304512,0.00000000
REDUCED_NO_SLG_FLY_SP,CP01-PROFILE-R0314,1,CP01-R0314,314,315,6,41.88419085,10.15580915,0.00000000
REDUCED_NO_SLG_FLY_SP,CP01-PROFILE-R0315,1,CP01-R0315,315,316,6,34.77229767,-13.75229767,0.00000000
REDUCED_NO_SLG_FLY_SP,CP01-PROFILE-R0316,1,CP01-R0316,316,317,6,35.92048496,-2.56048496,0.00000000
REDUCED_NO_SLG_FLY_SP,CP01-PROFILE-R0317,1,CP01-R0317,317,318,6,37.45342938,-3.51342938,0.00000000
REDUCED_NO_SLG_FLY_SP,CP01-PROFILE-R0318,1,CP01-R0318,318,319,6,40.47490803,3.66509197,0.00000000
REDUCED_NO_SLG_FLY_SP,CP01-PROFILE-R0319,1,CP01-R0319,319,320,6,45.29652444,0.07347556,0.00000000
REDUCED_NO_SLG_FLY_SP,CP01-PROFILE-R0320,1,CP01-R0320,320,321,6,31.02539872,-15.66539872,0.00000000
REDUCED_NO_SLG_FLY_SP,CP01-PROFILE-R0321,1,CP01-R0321,321,322,6,32.18385227,-3.50385227,0.00000000
REDUCED_NO_SLG_FLY_SP,CP01-PROFILE-R0322,1,CP01-R0322,322,323,6,33.70995885,-2.85995885,0.00000000
REDUCED_NO_SLG_FLY_SP,CP01-PROFILE-R0323,1,CP01-R0323,323,324,6,36.73810911,5.29189089,0.00000000
REDUCED_NO_SLG_FLY_SP,CP01-PROFILE-R0324,1,CP01-R0324,324,325,6,41.51420977,9.54579023,0.00000000
REDUCED_NO_SLG_FLY_SP,CP01-PROFILE-R0325,1,CP01-R0325,325,326,6,36.69487548,-14.91487548,0.00000000
REDUCED_NO_SLG_FLY_SP,CP01-PROFILE-R0326,1,CP01-R0326,326,327,6,37.81273180,4.47726820,0.00000000
REDUCED_NO_SLG_FLY_SP,CP01-PROFILE-R0327,1,CP01-R0327,327,328,6,39.31152410,11.28847590,0.00000000
REDUCED_NO_SLG_FLY_SP,CP01-PROFILE-R0328,1,CP01-R0328,328,329,6,42.35315918,13.47684082,0.00000000
REDUCED_NO_SLG_FLY_SP,CP01-PROFILE-R0329,1,CP01-R0329,329,330,6,47.13411026,13.81588974,0.00000000
REDUCED_NO_SLG_FLY_SP,CP01-PROFILE-R0330,1,CP01-R0330,330,331,6,37.97302682,-14.45302682,0.00000000
REDUCED_NO_SLG_FLY_SP,CP01-PROFILE-R0331,1,CP01-R0331,331,332,6,39.07471364,3.14528636,0.00000000
REDUCED_NO_SLG_FLY_SP,CP01-PROFILE-R0332,1,CP01-R0332,332,333,6,40.55321551,11.94678449,0.00000000
REDUCED_NO_SLG_FLY_SP,CP01-PROFILE-R0333,1,CP01-R0333,333,334,6,43.57604252,16.74395748,0.00000000
REDUCED_NO_SLG_FLY_SP,CP01-PROFILE-R0334,1,CP01-R0334,334,335,6,48.34450347,18.07549653,0.00000000
REDUCED_NO_SLG_FLY_SP,CP01-PROFILE-R0335,1,CP01-R0335,335,336,6,35.64759630,-11.84759630,0.00000000
REDUCED_NO_SLG_FLY_SP,CP01-PROFILE-R0336,1,CP01-R0336,336,337,6,36.80746790,1.96253210,0.00000000
REDUCED_NO_SLG_FLY_SP,CP01-PROFILE-R0337,1,CP01-R0337,337,338,6,38.30502719,13.02497281,0.00000000
REDUCED_NO_SLG_FLY_SP,CP01-PROFILE-R0338,1,CP01-R0338,338,339,6,41.35194257,15.49805743,0.00000000
REDUCED_NO_SLG_FLY_SP,CP01-PROFILE-R0339,1,CP01-R0339,339,340,6,46.15016607,12.45983393,0.00000000
REDUCED_NO_SLG_FLY_SP,CP01-PROFILE-R0340,1,CP01-R0340,340,341,6,33.36368192,-11.45368192,0.00000000
REDUCED_NO_SLG_FLY_SP,CP01-PROFILE-R0341,1,CP01-R0341,341,342,6,34.53819142,2.45180858,0.00000000
REDUCED_NO_SLG_FLY_SP,CP01-PROFILE-R0342,1,CP01-R0342,342,343,6,36.05307648,11.34692352,0.00000000
REDUCED_NO_SLG_FLY_SP,CP01-PROFILE-R0343,1,CP01-R0343,343,344,6,39.10764649,12.85235351,0.00000000
REDUCED_NO_SLG_FLY_SP,CP01-PROFILE-R0344,1,CP01-R0344,344,345,6,43.90048101,12.83951899,0.00000000
REDUCED_NO_SLG_FLY_SP,CP01-PROFILE-R0345,1,CP01-R0345,345,346,6,34.99611497,-17.42611497,0.00000000
REDUCED_NO_SLG_FLY_SP,CP01-PROFILE-R0346,1,CP01-R0346,346,347,6,36.13611320,-2.40611320,0.00000000
REDUCED_NO_SLG_FLY_SP,CP01-PROFILE-R0347,1,CP01-R0347,347,348,6,37.64498059,2.50501941,0.00000000
REDUCED_NO_SLG_FLY_SP,CP01-PROFILE-R0348,1,CP01-R0348,348,349,6,40.68610569,5.95389431,0.00000000
REDUCED_NO_SLG_FLY_SP,CP01-PROFILE-R0349,1,CP01-R0349,349,350,6,45.48914319,4.59085681,0.00000000
REDUCED_NO_SLG_FLY_SP,CP01-PROFILE-R0350,1,CP01-R0350,350,351,6,35.22747474,-17.85747474,0.00000000
REDUCED_NO_SLG_FLY_SP,CP01-PROFILE-R0351,1,CP01-R0351,351,352,6,36.36626988,-2.66626988,0.00000000
REDUCED_NO_SLG_FLY_SP,CP01-PROFILE-R0352,1,CP01-R0352,352,353,6,37.85156277,8.08843723,0.00000000
REDUCED_NO_SLG_FLY_SP,CP01-PROFILE-R0353,1,CP01-R0353,353,354,6,40.89507402,10.53492598,0.00000000
REDUCED_NO_SLG_FLY_SP,CP01-PROFILE-R0354,1,CP01-R0354,354,355,6,45.66656557,13.63343443,0.00000000
REDUCED_NO_SLG_FLY_SP,CP01-PROFILE-R0355,1,CP01-R0355,355,356,6,34.26441636,-3.81441636,0.00000000
REDUCED_NO_SLG_FLY_SP,CP01-PROFILE-R0356,1,CP01-R0356,356,357,6,35.41769599,12.29230401,0.00000000
REDUCED_NO_SLG_FLY_SP,CP01-PROFILE-R0357,1,CP01-R0357,357,358,6,36.90738766,26.23261234,0.00000000
REDUCED_NO_SLG_FLY_SP,CP01-PROFILE-R0358,1,CP01-R0358,358,359,6,39.95805086,26.86194914,0.00000000
REDUCED_NO_SLG_FLY_SP,CP01-PROFILE-R0359,1,CP01-R0359,359,360,6,44.75104556,22.19895444,0.00000000
REDUCED_NO_SLG_FLY_SP,CP01-PROFILE-R0360,1,CP01-R0360,360,361,6,39.08487090,-11.66487090,0.00000000
REDUCED_NO_SLG_FLY_SP,CP01-PROFILE-R0361,1,CP01-R0361,361,362,6,40.23888585,-4.27888585,0.00000000
REDUCED_NO_SLG_FLY_SP,CP01-PROFILE-R0362,1,CP01-R0362,362,363,6,41.65130222,13.85869778,0.00000000
REDUCED_NO_SLG_FLY_SP,CP01-PROFILE-R0363,1,CP01-R0363,363,364,6,44.67750201,17.31249799,0.00000000
REDUCED_NO_SLG_FLY_SP,CP01-PROFILE-R0364,1,CP01-R0364,364,365,6,49.48079143,14.04920857,0.00000000
REDUCED_NO_SLG_FLY_SP,CP01-PROFILE-R0365,1,CP01-R0365,365,366,6,36.91888693,-18.89888693,0.00000000
REDUCED_NO_SLG_FLY_SP,CP01-PROFILE-R0366,1,CP01-R0366,366,367,6,38.05022914,0.54977086,0.00000000
REDUCED_NO_SLG_FLY_SP,CP01-PROFILE-R0367,1,CP01-R0367,367,368,6,39.53590379,12.66409621,0.00000000
REDUCED_NO_SLG_FLY_SP,CP01-PROFILE-R0368,1,CP01-R0368,368,369,6,42.59333026,11.36666974,0.00000000
REDUCED_NO_SLG_FLY_SP,CP01-PROFILE-R0369,1,CP01-R0369,369,370,6,47.39217564,9.23782436,0.00000000
REDUCED_NO_SLG_FLY_SP,CP01-PROFILE-R0370,1,CP01-R0370,370,371,6,30.48662316,-15.14662316,0.00000000
REDUCED_NO_SLG_FLY_SP,CP01-PROFILE-R0371,1,CP01-R0371,371,372,6,31.64960988,-5.59960988,0.00000000
REDUCED_NO_SLG_FLY_SP,CP01-PROFILE-R0372,1,CP01-R0372,372,373,6,33.16777025,-2.94777025,0.00000000
REDUCED_NO_SLG_FLY_SP,CP01-PROFILE-R0373,1,CP01-R0373,373,374,6,36.20916395,1.06083605,0.00000000
REDUCED_NO_SLG_FLY_SP,CP01-PROFILE-R0374,1,CP01-R0374,374,375,6,40.98948930,5.24051070,0.00000000
REDUCED_NO_SLG_FLY_SP,CP01-PROFILE-R0375,1,CP01-R0375,375,376,6,19.20073796,-2.92073796,0.00000000
REDUCED_NO_SLG_FLY_SP,CP01-PROFILE-R0376,1,CP01-R0376,376,377,6,20.33382787,5.28617213,0.00000000
REDUCED_NO_SLG_FLY_SP,CP01-PROFILE-R0377,1,CP01-R0377,377,378,6,21.82770073,10.14229927,0.00000000
REDUCED_NO_SLG_FLY_SP,CP01-PROFILE-R0378,1,CP01-R0378,378,379,6,24.88197655,11.41802345,0.00000000
REDUCED_NO_SLG_FLY_SP,CP01-PROFILE-R0379,1,CP01-R0379,379,380,6,29.67368459,13.38631541,0.00000000
REDUCED_NO_SLG_FLY_SP,CP01-PROFILE-R0380,1,CP01-R0380,380,381,6,58.29874226,9.27125774,0.00000000
REDUCED_NO_SLG_FLY_SP,CP01-PROFILE-R0381,1,CP01-R0381,381,382,6,63.55019678,-6.32019678,0.00000000
REDUCED_NO_SLG_FLY_SP,CP01-PROFILE-R0382,1,CP01-R0382,382,383,6,44.20589106,37.54410894,0.00000000
REDUCED_NO_SLG_FLY_SP,CP01-PROFILE-R0383,1,CP01-R0383,383,384,6,45.28449182,18.73550818,0.00000000
REDUCED_NO_SLG_FLY_SP,CP01-PROFILE-R0384,1,CP01-R0384,384,385,6,48.09915466,30.70084534,0.00000000
REDUCED_NO_SLG_FLY_SP,CP01-PROFILE-R0385,1,CP01-R0385,385,386,6,63.69542228,-22.32542228,0.00000000
REDUCED_NO_SLG_FLY_SP,CP01-PROFILE-R0386,1,CP01-R0386,386,387,6,52.36048963,7.91951037,0.00000000
REDUCED_NO_SLG_FLY_SP,CP01-PROFILE-R0387,1,CP01-R0387,387,388,6,51.63198698,5.19801302,0.00000000
REDUCED_NO_SLG_FLY_SP,CP01-PROFILE-R0388,1,CP01-R0388,388,389,6,52.87298868,-1.85298868,0.00000000
REDUCED_NO_SLG_FLY_SP,CP01-PROFILE-R0389,1,CP01-R0389,389,390,6,54.87320262,0.67679738,0.00000000
REDUCED_NO_SLG_FLY_SP,CP01-PROFILE-R0390,1,CP01-R0390,390,391,6,37.89522044,6.23477956,0.00000000
REDUCED_NO_SLG_FLY_SP,CP01-PROFILE-R0391,1,CP01-R0391,391,392,6,35.51720348,3.86279652,0.00000000
REDUCED_NO_SLG_FLY_SP,CP01-PROFILE-R0392,1,CP01-R0392,392,393,6,57.17837445,-1.52837445,0.00000000
REDUCED_NO_SLG_FLY_SP,CP01-PROFILE-R0393,1,CP01-R0393,393,394,6,50.78521940,-3.50521940,0.00000000
REDUCED_NO_SLG_FLY_SP,CP01-PROFILE-R0394,1,CP01-R0394,394,395,6,43.85587562,0.47412438,0.00000000
REDUCED_NO_SLG_FLY_SP,CP01-PROFILE-R0395,1,CP01-R0395,395,396,6,39.13451197,13.16548803,0.00000000
REDUCED_NO_SLG_FLY_SP,CP01-PROFILE-R0396,1,CP01-R0396,396,397,6,23.09950122,26.15049878,0.00000000
REDUCED_NO_SLG_FLY_SP,CP01-PROFILE-R0397,1,CP01-R0397,397,398,6,63.69542228,-22.32542228,0.00000000
REDUCED_NO_SLG_FLY_SP,CP01-PROFILE-R0398,1,CP01-R0398,398,399,6,27.33244370,1.82755630,0.00000000
REDUCED_NO_SLG_FLY_SP,CP01-PROFILE-R0399,1,CP01-R0399,399,400,6,29.59706242,9.80293758,0.00000000
REDUCED_NO_SLG_FLY_SP,CP01-PROFILE-R0400,1,CP01-R0400,400,401,6,28.61466309,10.68533691,0.00000000
REDUCED_NO_SLG_FLY_SP,CP01-PROFILE-R0401,1,CP01-R0401,401,402,6,48.17772252,19.69227748,0.00000000
REDUCED_NO_SLG_FLY_SP,CP01-PROFILE-R0402,1,CP01-R0402,402,403,6,56.06836277,2.45163723,0.00000000
REDUCED_NO_SLG_FLY_SP,CP01-PROFILE-R0403,1,CP01-R0403,403,404,6,45.52823543,8.05176457,0.00000000
REDUCED_NO_SLG_FLY_SP,CP01-PROFILE-R0404,1,CP01-R0404,404,405,6,50.47774382,8.52225618,0.00000000
REDUCED_NO_SLG_FLY_SP,CP01-PROFILE-R0405,1,CP01-R0405,405,406,6,52.48133855,23.75866145,0.00000000
REDUCED_NO_SLG_FLY_SP,CP01-PROFILE-R0406,1,CP01-R0406,406,407,6,63.60258479,6.23741521,0.00000000
REDUCED_NO_SLG_FLY_SP,CP01-PROFILE-R0407,1,CP01-R0407,407,408,6,22.23377982,-7.83377982,0.00000000
REDUCED_NO_SLG_FLY_SP,CP01-PROFILE-R0408,1,CP01-R0408,408,409,6,28.46490407,-9.04490407,0.00000000
REDUCED_NO_SLG_FLY_SP,CP01-PROFILE-R0409,1,CP01-R0409,409,410,6,26.72770791,-5.99770791,0.00000000
REDUCED_NO_SLG_FLY_SP,CP01-PROFILE-R0410,1,CP01-R0410,410,411,6,28.37526477,-13.43526477,0.00000000
REDUCED_NO_SLG_FLY_SP,CP01-PROFILE-R0411,1,CP01-R0411,411,412,6,29.12784069,-7.83784069,0.00000000
REDUCED_NO_SLG_FLY_SP,CP01-PROFILE-R0412,1,CP01-R0412,412,413,6,30.14447971,-7.06447971,0.00000000
REDUCED_NO_SLG_FLY_SP,CP01-PROFILE-R0413,1,CP01-R0413,413,414,6,31.91897630,-16.39897630,0.00000000
REDUCED_NO_SLG_FLY_SP,CP01-PROFILE-R0414,1,CP01-R0414,414,415,6,30.12287698,-14.30287698,0.00000000
REDUCED_NO_SLG_FLY_SP,CP01-PROFILE-R0415,1,CP01-R0415,415,416,6,24.99542585,-12.44542585,0.00000000
REDUCED_NO_SLG_FLY_SP,CP01-PROFILE-R0416,1,CP01-R0416,416,417,6,20.24754955,-11.75754955,0.00000000
REDUCED_NO_SLG_FLY_SP,CP01-PROFILE-R0417,1,CP01-R0417,417,418,6,33.90759780,-18.29759780,0.00000000
REDUCED_NO_SLG_FLY_SP,CP01-PROFILE-R0418,1,CP01-R0418,418,419,6,21.11490848,-8.93490848,0.00000000
REDUCED_NO_SLG_FLY_SP,CP01-PROFILE-R0419,1,CP01-R0419,419,420,6,21.29793243,-9.31793243,0.00000000
REDUCED_NO_SLG_FLY_SP,CP01-PROFILE-R0420,1,CP01-R0420,420,421,6,23.42819860,-6.54819860,0.00000000
REDUCED_NO_SLG_FLY_SP,CP01-PROFILE-R0421,1,CP01-R0421,421,422,6,29.62424371,3.46575629,0.00000000
REDUCED_NO_SLG_FLY_SP,CP01-PROFILE-R0422,1,CP01-R0422,422,423,6,27.89506484,6.34493516,0.00000000
REDUCED_NO_SLG_FLY_SP,CP01-PROFILE-R0423,1,CP01-R0423,423,424,6,29.52506430,2.28493570,0.00000000
REDUCED_NO_SLG_FLY_SP,CP01-PROFILE-R0424,1,CP01-R0424,424,425,6,30.30173694,-0.55173694,0.00000000
REDUCED_NO_SLG_FLY_SP,CP01-PROFILE-R0425,1,CP01-R0425,425,426,6,31.31859088,1.69140912,0.00000000
REDUCED_NO_SLG_FLY_SP,CP01-PROFILE-R0426,1,CP01-R0426,426,427,6,33.05872905,-0.15872905,0.00000000
REDUCED_NO_SLG_FLY_SP,CP01-PROFILE-R0427,1,CP01-R0427,427,428,6,31.28136801,-1.73136801,0.00000000
REDUCED_NO_SLG_FLY_SP,CP01-PROFILE-R0428,1,CP01-R0428,428,429,6,26.17364855,-6.75364855,0.00000000
REDUCED_NO_SLG_FLY_SP,CP01-PROFILE-R0429,1,CP01-R0429,429,430,6,21.39095212,3.26904788,0.00000000
REDUCED_NO_SLG_FLY_SP,CP01-PROFILE-R0430,1,CP01-R0430,430,431,6,35.06367349,-5.47367349,0.00000000
REDUCED_NO_SLG_FLY_SP,CP01-PROFILE-R0431,1,CP01-R0431,431,432,6,22.26882337,2.01117663,0.00000000
REDUCED_NO_SLG_FLY_SP,CP01-PROFILE-R0432,1,CP01-R0432,432,433,6,22.47434186,-1.74434186,0.00000000
REDUCED_NO_SLG_FLY_SP,CP01-PROFILE-R0433,1,CP01-R0433,433,434,6,24.92212855,1.27787145,0.00000000
REDUCED_NO_SLG_FLY_SP,CP01-PROFILE-R0434,1,CP01-R0434,434,435,6,31.11597326,15.27402674,0.00000000
REDUCED_NO_SLG_FLY_SP,CP01-PROFILE-R0435,1,CP01-R0435,435,436,6,29.41573434,9.74426566,0.00000000
REDUCED_NO_SLG_FLY_SP,CP01-PROFILE-R0436,1,CP01-R0436,436,437,6,31.02972850,10.17027150,0.00000000
REDUCED_NO_SLG_FLY_SP,CP01-PROFILE-R0437,1,CP01-R0437,437,438,6,31.82125189,1.86874811,0.00000000
REDUCED_NO_SLG_FLY_SP,CP01-PROFILE-R0438,1,CP01-R0438,438,439,6,32.83616099,5.36383901,0.00000000
REDUCED_NO_SLG_FLY_SP,CP01-PROFILE-R0439,1,CP01-R0439,439,440,6,34.56143924,6.84856076,0.00000000
REDUCED_NO_SLG_FLY_SP,CP01-PROFILE-R0440,1,CP01-R0440,440,441,6,32.78834864,5.02165136,0.00000000
REDUCED_NO_SLG_FLY_SP,CP01-PROFILE-R0441,1,CP01-R0441,441,442,6,27.68738275,-2.83738275,0.00000000
REDUCED_NO_SLG_FLY_SP,CP01-PROFILE-R0442,1,CP01-R0442,442,443,6,22.91659598,4.30340402,0.00000000
REDUCED_NO_SLG_FLY_SP,CP01-PROFILE-R0443,1,CP01-R0443,443,444,6,36.54664922,8.09335078,0.00000000
REDUCED_NO_SLG_FLY_SP,CP01-PROFILE-R0444,1,CP01-R0444,444,445,6,23.75036753,13.51963247,0.00000000
REDUCED_NO_SLG_FLY_SP,CP01-PROFILE-R0445,1,CP01-R0445,445,446,6,23.97356693,9.29643307,0.00000000
REDUCED_NO_SLG_FLY_SP,CP01-PROFILE-R0446,1,CP01-R0446,446,447,6,27.94456308,8.61543692,0.00000000
REDUCED_NO_SLG_FLY_SP,CP01-PROFILE-R0447,1,CP01-R0447,447,448,6,34.15651827,19.56348173,0.00000000
REDUCED_NO_SLG_FLY_SP,CP01-PROFILE-R0448,1,CP01-R0448,448,449,6,32.45552060,16.13447940,0.00000000
REDUCED_NO_SLG_FLY_SP,CP01-PROFILE-R0449,1,CP01-R0449,449,450,6,34.06141159,17.65858841,0.00000000
REDUCED_NO_SLG_FLY_SP,CP01-PROFILE-R0450,1,CP01-R0450,450,451,6,34.88090117,0.96909883,0.00000000
REDUCED_NO_SLG_FLY_SP,CP01-PROFILE-R0451,1,CP01-R0451,451,452,6,35.85118546,17.91881454,0.00000000
REDUCED_NO_SLG_FLY_SP,CP01-PROFILE-R0452,1,CP01-R0452,452,453,6,37.58059451,15.87940549,0.00000000
REDUCED_NO_SLG_FLY_SP,CP01-PROFILE-R0453,1,CP01-R0453,453,454,6,35.81719487,13.17280513,0.00000000
REDUCED_NO_SLG_FLY_SP,CP01-PROFILE-R0454,1,CP01-R0454,454,455,6,30.73019006,0.98980994,0.00000000
REDUCED_NO_SLG_FLY_SP,CP01-PROFILE-R0455,1,CP01-R0455,455,456,6,25.94383580,13.69616420,0.00000000
REDUCED_NO_SLG_FLY_SP,CP01-PROFILE-R0456,1,CP01-R0456,456,457,6,39.58830030,11.67169970,0.00000000
REDUCED_NO_SLG_FLY_SP,CP01-PROFILE-R0457,1,CP01-R0457,457,458,6,26.79219518,16.59780482,0.00000000
REDUCED_NO_SLG_FLY_SP,CP01-PROFILE-R0458,1,CP01-R0458,458,459,6,27.02549991,12.24450009,0.00000000
REDUCED_NO_SLG_FLY_SP,CP01-PROFILE-R0459,1,CP01-R0459,459,460,6,32.75724639,5.20275361,0.00000000
REDUCED_NO_SLG_FLY_SP,CP01-PROFILE-R0460,1,CP01-R0460,460,461,6,38.95414012,16.06585988,0.00000000
REDUCED_NO_SLG_FLY_SP,CP01-PROFILE-R0461,1,CP01-R0461,461,462,6,37.25561828,12.73438172,0.00000000
REDUCED_NO_SLG_FLY_SP,CP01-PROFILE-R0462,1,CP01-R0462,462,463,6,38.85819224,14.80180776,0.00000000
REDUCED_NO_SLG_FLY_SP,CP01-PROFILE-R0463,1,CP01-R0463,463,464,6,39.69911438,-2.01911438,0.00000000
REDUCED_NO_SLG_FLY_SP,CP01-PROFILE-R0464,1,CP01-R0464,464,465,6,40.64320279,15.41679721,0.00000000
REDUCED_NO_SLG_FLY_SP,CP01-PROFILE-R0465,1,CP01-R0465,465,466,6,42.37095472,14.43904528,0.00000000
REDUCED_NO_SLG_FLY_SP,CP01-PROFILE-R0466,1,CP01-R0466,466,467,6,40.61853508,10.32146492,0.00000000
REDUCED_NO_SLG_FLY_SP,CP01-PROFILE-R0467,1,CP01-R0467,467,468,6,35.54689007,-1.98689007,0.00000000
REDUCED_NO_SLG_FLY_SP,CP01-PROFILE-R0468,1,CP01-R0468,468,469,6,30.75163937,10.40836063,0.00000000
REDUCED_NO_SLG_FLY_SP,CP01-PROFILE-R0469,1,CP01-R0469,469,470,6,44.39199090,8.56800910,0.00000000
REDUCED_NO_SLG_FLY_SP,CP01-PROFILE-R0470,1,CP01-R0470,470,471,6,31.59856976,12.68143024,0.00000000
REDUCED_NO_SLG_FLY_SP,CP01-PROFILE-R0471,1,CP01-R0471,471,472,6,31.83416516,8.31583484,0.00000000
REDUCED_NO_SLG_FLY_SP,CP01-PROFILE-R0472,3,CP01-R0472,472,473,6,56.04805826,0.98194174,0.08392514
REDUCED_NO_SLG_FLY_SP,CP01-PROFILE-R0472,3,CP01-R0473,473,474,6,56.04805826,-11.62805826,0.02038716
REDUCED_NO_SLG_FLY_SP,CP01-PROFILE-R0472,3,CP01-R0474,474,475,6,56.04805826,-5.02805826,0.05364256
REDUCED_NO_SLG_FLY_SP,CP01-PROFILE-R0475,1,CP01-R0475,475,476,6,55.98247398,-2.59247398,0.00000000
REDUCED_NO_SLG_FLY_SP,CP01-PROFILE-R0476,3,CP01-R0476,476,477,6,53.65090922,-18.29090922,0.31504564
REDUCED_NO_SLG_FLY_SP,CP01-PROFILE-R0476,3,CP01-R0477,477,478,6,53.65090922,-28.63090922,0.25976868
REDUCED_NO_SLG_FLY_SP,CP01-PROFILE-R0476,3,CP01-R0478,478,479,6,53.65090922,-30.30090922,0.25084097
REDUCED_NO_SLG_FLY_SP,CP01-PROFILE-R0479,3,CP01-R0479,479,480,6,53.84592098,-1.83592098,0.16018072
REDUCED_NO_SLG_FLY_SP,CP01-PROFILE-R0479,3,CP01-R0480,480,481,6,53.84592098,-15.82592098,0.08639763
REDUCED_NO_SLG_FLY_SP,CP01-PROFILE-R0479,3,CP01-R0481,481,482,6,53.84592098,-14.54592098,0.09314834
REDUCED_NO_SLG_FLY_SP,CP01-PROFILE-R0482,3,CP01-R0482,482,483,6,59.04996338,2.02003662,0.03419973
REDUCED_NO_SLG_FLY_SP,CP01-PROFILE-R0482,3,CP01-R0483,483,484,6,59.04996338,-2.90996338,0.00907208
REDUCED_NO_SLG_FLY_SP,CP01-PROFILE-R0482,3,CP01-R0484,484,485,6,59.04996338,-3.79996338,0.00453585
REDUCED_NO_SLG_FLY_SP,CP01-PROFILE-R0485,1,CP01-R0485,485,486,6,59.04787403,-4.27787403,0.00000000
REDUCED_NO_SLG_FLY_SP,CP01-PROFILE-R0486,1,CP01-R0486,486,487,6,47.39908769,2.84091231,0.00000000
REDUCED_NO_SLG_FLY_SP,CP01-PROFILE-R0487,1,CP01-R0487,487,488,6,47.41226336,-0.73226336,0.00000000
REDUCED_NO_SLG_FLY_SP,CP01-PROFILE-R0488,1,CP01-R0488,488,489,6,47.41226336,-0.73226336,0.00000000
REDUCED_NO_SLG_FLY_SP,CP01-PROFILE-R0489,1,CP01-R0489,489,490,6,44.76584663,-22.01584663,0.00000000
REDUCED_NO_SLG_FLY_SP,CP01-PROFILE-R0490,1,CP01-R0490,490,491,6,44.75508830,-19.24508830,0.00000000
REDUCED_NO_SLG_FLY_SP,CP01-PROFILE-R0491,1,CP01-R0491,491,492,6,44.71899331,-9.94899331,0.00000000
REDUCED_NO_SLG_FLY_SP,CP01-PROFILE-R0492,1,CP01-R0492,492,493,6,45.14884987,-8.30884987,0.00000000
REDUCED_NO_SLG_FLY_SP,CP01-PROFILE-R0493,1,CP01-R0493,493,494,6,45.11402574,0.78597426,0.00000000
REDUCED_NO_SLG_FLY_SP,CP01-PROFILE-R0494,1,CP01-R0494,494,495,6,45.13028469,-3.46028469,0.00000000
REDUCED_NO_SLG_FLY_SP,CP01-PROFILE-R0495,1,CP01-R0495,495,496,6,50.44346727,5.89653273,0.00000000
REDUCED_NO_SLG_FLY_SP,CP01-PROFILE-R0496,1,CP01-R0496,496,497,6,50.47595692,-2.50595692,0.00000000
REDUCED_NO_SLG_FLY_SP,CP01-PROFILE-R0497,1,CP01-R0497,497,498,6,50.42359307,11.03640693,0.00000000
REDUCED_NO_SLG_FLY_SP,CP01-PROFILE-R0498,1,CP01-R0498,498,499,6,47.64686306,-3.61686306,0.00000000
REDUCED_NO_SLG_FLY_SP,CP01-PROFILE-R0499,1,CP01-R0499,499,500,6,47.59373226,7.85626774,0.00000000
REDUCED_NO_SLG_FLY_SP,CP01-PROFILE-R0500,1,CP01-R0500,500,501,6,42.15006831,13.39993169,0.00000000
REDUCED_NO_SLG_FLY_SP,CP01-PROFILE-R0501,1,CP01-R0501,501,502,6,50.29996655,7.62003345,0.00000000
REDUCED_NO_SLG_FLY_SP,CP01-PROFILE-R0502,1,CP01-R0502,502,503,6,39.65991281,-14.04991281,0.00000000
REDUCED_NO_SLG_FLY_SP,CP01-PROFILE-R0503,1,CP01-R0503,503,504,6,40.02690414,-6.53690414,0.00000000
REDUCED_NO_SLG_FLY_SP,CP01-PROFILE-R0504,1,CP01-R0504,504,505,6,45.20695894,14.38304106,0.00000000
REDUCED_NO_SLG_FLY_SP,CP01-PROFILE-R0505,1,CP01-R0505,505,506,6,47.81950260,-18.26950260,0.00000000
REDUCED_NO_SLG_FLY_SP,CP01-PROFILE-R0506,1,CP01-R0506,506,507,6,48.17609905,-10.25609905,0.00000000
REDUCED_NO_SLG_FLY_SP,CP01-PROFILE-R0507,1,CP01-R0507,507,508,6,53.35200088,8.50799912,0.00000000
REDUCED_NO_SLG_FLY_SP,CP01-PROFILE-R0508,1,CP01-R0508,508,509,6,53.99934935,8.05065065,0.00000000
REDUCED_NO_SLG_FLY_SP,CP01-PROFILE-R0509,1,CP01-R0509,509,510,6,47.48468032,-15.47468032,0.00000000
REDUCED_NO_SLG_FLY_SP,CP01-PROFILE-R0510,1,CP01-R0510,510,511,6,58.61384392,13.48615608,0.00000000
REDUCED_NO_SLG_FLY_SP,CP01-PROFILE-R0511,1,CP01-R0511,511,512,6,51.84999727,-12.84999727,0.00000000
REDUCED_NO_SLG_FLY_SP,CP01-PROFILE-R0512,1,CP01-R0512,512,513,6,57.05228207,8.64771793,0.00000000
REDUCED_NO_SLG_FLY_SP,CP01-PROFILE-R0513,1,CP01-R0513,513,514,6,56.18172160,-24.07172160,0.00000000
REDUCED_NO_SLG_FLY_SP,CP01-PROFILE-R0514,1,CP01-R0514,514,515,6,56.55490395,-16.26490395,0.00000000
REDUCED_NO_SLG_FLY_SP,CP01-PROFILE-R0515,1,CP01-R0515,515,516,6,61.67531285,12.68468715,0.00000000
REDUCED_NO_SLG_FLY_SP,CP01-PROFILE-R0516,1,CP01-R0516,516,517,6,18.62006247,3.34993753,0.00000000
REDUCED_NO_SLG_FLY_SP,CP01-PROFILE-R0517,1,CP01-R0517,517,518,6,15.92845324,-6.07845324,0.00000000
REDUCED_NO_SLG_FLY_SP,CP01-PROFILE-R0518,1,CP01-R0518,518,519,6,16.34477538,-1.27477538,0.00000000
REDUCED_NO_SLG_FLY_SP,CP01-PROFILE-R0519,1,CP01-R0519,519,520,6,21.68362362,1.56637638,0.00000000
REDUCED_NO_SLG_FLY_SP,CP01-PROFILE-R0520,1,CP01-R0520,520,521,6,41.70003591,2.02996409,0.00000000
REDUCED_NO_SLG_FLY_SP,CP01-PROFILE-R0521,1,CP01-R0521,521,522,6,39.09036613,-25.69036613,0.00000000
REDUCED_NO_SLG_FLY_SP,CP01-PROFILE-R0522,1,CP01-R0522,522,523,6,39.48120614,-15.35120614,0.00000000
REDUCED_NO_SLG_FLY_SP,CP01-PROFILE-R0523,1,CP01-R0523,523,524,6,44.76598119,-0.24598119,0.00000000
REDUCED_NO_SLG_FLY_SP,CP01-PROFILE-R0524,2,CP01-R0524,524,525,6,50.40694014,12.53305986,0.03094945
REDUCED_NO_SLG_FLY_SP,CP01-PROFILE-R0524,2,CP01-R0525,525,526,6,50.40694014,9.08305986,0.04270492
REDUCED_NO_SLG_FLY_SP,CP01-PROFILE-R0526,2,CP01-R0526,526,527,6,47.91679852,-22.79679852,0.08573284
REDUCED_NO_SLG_FLY_SP,CP01-PROFILE-R0526,2,CP01-R0527,527,528,6,47.91679852,-24.27679852,0.08050626
REDUCED_NO_SLG_FLY_SP,CP01-PROFILE-R0528,2,CP01-R0528,528,529,6,48.26489613,-12.51489613,0.03368516
REDUCED_NO_SLG_FLY_SP,CP01-PROFILE-R0528,2,CP01-R0529,529,530,6,48.26489613,-9.65489613,0.04366348
REDUCED_NO_SLG_FLY_SP,CP01-PROFILE-R0530,2,CP01-R0530,530,531,6,53.43224870,15.31775130,0.04897779
REDUCED_NO_SLG_FLY_SP,CP01-PROFILE-R0530,2,CP01-R0531,531,532,6,53.43224870,13.34775130,0.05620644
REDUCED_NO_SLG_FLY_SP,CP01-PROFILE-R0532,1,CP01-R0532,532,533,6,37.28230121,-13.43230121,0.00000000
REDUCED_NO_SLG_FLY_SP,CP01-PROFILE-R0533,1,CP01-R0533,533,534,6,30.96663084,1.10336916,0.00000000
REDUCED_NO_SLG_FLY_SP,CP01-PROFILE-R0534,1,CP01-R0534,534,535,6,21.53564491,-9.88564491,0.00000000
REDUCED_NO_SLG_FLY_SP,CP01-PROFILE-R0535,1,CP01-R0535,535,536,6,32.96154766,-13.76154766,0.00000000
REDUCED_NO_SLG_FLY_SP,CP01-PROFILE-R0536,1,CP01-R0536,536,537,6,42.38443802,6.46556198,0.00000000
REDUCED_NO_SLG_FLY_SP,CP01-PROFILE-R0537,1,CP01-R0537,537,538,6,35.62364819,3.97635181,0.00000000
REDUCED_NO_SLG_FLY_SP,CP01-PROFILE-R0538,1,CP01-R0538,538,539,6,45.61809018,-1.67809018,0.00000000
REDUCED_NO_SLG_FLY_SP,CP01-PROFILE-R0539,1,CP01-R0539,539,540,6,43.36830524,-8.79830524,0.00000000
REDUCED_NO_SLG_FLY_SP,CP01-PROFILE-R0540,1,CP01-R0540,540,541,6,52.36767263,1.95232737,0.00000000
REDUCED_NO_SLG_FLY_SP,CP01-PROFILE-R0541,1,CP01-R0541,541,542,6,42.99160220,-18.59160220,0.00000000
REDUCED_NO_SLG_FLY_SP,CP01-PROFILE-R0542,1,CP01-R0542,542,543,6,26.41036072,-10.79036072,0.00000000
REDUCED_NO_SLG_FLY_SP,CP01-PROFILE-R0543,1,CP01-R0543,543,544,6,27.18994249,-5.32994249,0.00000000
REDUCED_NO_SLG_FLY_SP,CP01-PROFILE-R0544,1,CP01-R0544,544,545,6,18.15283235,-7.93283235,0.00000000
REDUCED_NO_SLG_FLY_SP,CP01-PROFILE-R0545,1,CP01-R0545,545,546,6,21.95609913,-7.35609913,0.00000000
REDUCED_NO_SLG_FLY_SP,CP01-PROFILE-R0546,1,CP01-R0546,546,547,6,20.38895583,-1.63895583,0.00000000
REDUCED_NO_SLG_FLY_SP,CP01-PROFILE-R0547,1,CP01-R0547,547,548,6,29.08247426,2.88752574,0.00000000
REDUCED_NO_SLG_FLY_SP,CP01-PROFILE-R0548,1,CP01-R0548,548,549,6,26.81497715,-3.41497715,0.00000000
REDUCED_NO_SLG_FLY_SP,CP01-PROFILE-R0549,1,CP01-R0549,549,550,6,24.19687063,1.37312937,0.00000000
REDUCED_NO_SLG_FLY_SP,CP01-PROFILE-R0550,1,CP01-R0550,550,551,6,35.83967805,5.84032195,0.00000000
REDUCED_NO_SLG_FLY_SP,CP01-PROFILE-R0551,1,CP01-R0551,551,552,6,33.36562592,-5.62562592,0.00000000
REDUCED_NO_SLG_FLY_SP,CP01-PROFILE-R0552,1,CP01-R0552,552,553,6,17.73128092,-9.53128092,0.00000000
REDUCED_NO_SLG_FLY_SP,CP01-PROFILE-R0553,1,CP01-R0553,553,554,6,22.32278866,-12.70278866,0.00000000
REDUCED_NO_SLG_FLY_SP,CP01-PROFILE-R0554,1,CP01-R0554,554,555,6,37.92415154,-12.50415154,0.00000000
REDUCED_NO_SLG_FLY_SP,CP01-PROFILE-R0555,1,CP01-R0555,555,556,6,26.14087111,-10.45087111,0.00000000
REDUCED_NO_SLG_FLY_SP,CP01-PROFILE-R0556,1,CP01-R0556,556,557,6,29.02026549,-1.08026549,0.00000000
REDUCED_NO_SLG_FLY_SP,CP01-PROFILE-R0557,1,CP01-R0557,557,558,6,31.24544798,1.38455202,0.00000000
REDUCED_NO_SLG_FLY_SP,CP01-PROFILE-R0558,1,CP01-R0558,558,559,6,28.63579729,-11.39579729,0.00000000
REDUCED_NO_SLG_FLY_SP,CP01-PROFILE-R0559,1,CP01-R0559,559,560,6,31.14313247,-11.37313247,0.00000000
REDUCED_NO_SLG_FLY_SP,CP01-PROFILE-R0560,1,CP01-R0560,560,561,6,40.15629608,-0.71629608,0.00000000
REDUCED_NO_SLG_FLY_SP,CP01-PROFILE-R0561,1,CP01-R0561,561,562,6,25.88172354,-0.13172354,0.00000000
REDUCED_NO_SLG_FLY_SP,CP01-PROFILE-R0562,1,CP01-R0562,562,563,6,36.09446020,-3.01446020,0.00000000
REDUCED_NO_SLG_FLY_SP,CP01-PROFILE-R0563,1,CP01-R0563,563,564,6,32.28112373,-8.21112373,0.00000000
REDUCED_NO_SLG_FLY_SP,CP01-PROFILE-R0564,1,CP01-R0564,564,565,6,32.32926022,-10.50926022,0.00000000
REDUCED_NO_SLG_FLY_SP,CP01-PROFILE-R0565,1,CP01-R0565,565,566,6,24.58116230,-3.51116230,0.00000000
REDUCED_NO_SLG_FLY_SP,CP01-PROFILE-R0566,1,CP01-R0566,566,567,6,23.01420095,-8.17420095,0.00000000
REDUCED_NO_SLG_FLY_SP,CP01-PROFILE-R0567,1,CP01-R0567,567,568,6,30.90042108,1.14957892,0.00000000
REDUCED_NO_SLG_FLY_SP,CP01-PROFILE-R0568,1,CP01-R0568,568,569,6,20.28185933,-8.32185933,0.00000000
REDUCED_NO_SLG_FLY_SP,CP01-PROFILE-R0569,1,CP01-R0569,569,570,6,33.82601440,-8.37601440,0.00000000
REDUCED_NO_SLG_FLY_SP,CP01-PROFILE-R0570,1,CP01-R0570,570,571,6,27.46256909,-4.97256909,0.00000000
REDUCED_NO_SLG_FLY_SP,CP01-PROFILE-R0571,1,CP01-R0571,571,572,6,25.26824024,-0.04824024,0.00000000
REDUCED_NO_SLG_FLY_SP,CP01-PROFILE-R0572,1,CP01-R0572,572,573,6,37.91273300,1.78726700,0.00000000
REDUCED_NO_SLG_FLY_SP,CP01-PROFILE-R0573,1,CP01-R0573,573,574,6,23.61916921,-10.52916921,0.00000000
REDUCED_NO_SLG_FLY_SP,CP01-PROFILE-R0574,1,CP01-R0574,574,575,6,39.67943926,-0.97943926,0.00000000
REDUCED_NO_SLG_FLY_SP,CP01-PROFILE-R0575,1,CP01-R0575,575,576,6,17.01870388,-9.50870388,0.00000000
REDUCED_NO_SLG_FLY_SP,CP01-PROFILE-R0576,1,CP01-R0576,576,577,6,19.20964839,-1.62964839,0.00000000
REDUCED_NO_SLG_FLY_SP,CP01-PROFILE-R0577,1,CP01-R0577,577,578,6,27.66683761,-6.48683761,0.00000000
REDUCED_NO_SLG_FLY_SP,CP01-PROFILE-R0578,1,CP01-R0578,578,579,6,19.27125000,-1.07125000,0.00000000
REDUCED_NO_SLG_FLY_SP,CP01-PROFILE-R0579,1,CP01-R0579,579,580,6,28.99677400,-11.79677400,0.00000000
REDUCED_NO_SLG_FLY_SP,CP01-PROFILE-R0580,1,CP01-R0580,580,581,6,22.54344868,0.08655132,0.00000000
REDUCED_NO_SLG_FLY_SP,CP01-PROFILE-R0581,1,CP01-R0581,581,582,6,33.65813553,-11.79813553,0.00000000
REDUCED_NO_SLG_FLY_SP,CP01-PROFILE-R0582,1,CP01-R0582,582,583,6,26.77191261,-14.40191261,0.00000000
REDUCED_NO_SLG_FLY_SP,CP01-PROFILE-R0583,1,CP01-R0583,583,584,6,26.78761382,-1.05761382,0.00000000
REDUCED_NO_SLG_FLY_SP,CP01-PROFILE-R0584,1,CP01-R0584,584,585,6,34.57134490,3.23865510,0.00000000
REDUCED_NO_SLG_FLY_SP,CP01-PROFILE-R0585,1,CP01-R0585,585,586,6,35.68887050,-13.76887050,0.00000000
REDUCED_NO_SLG_FLY_SP,CP01-PROFILE-R0586,1,CP01-R0586,586,587,6,35.92931460,-2.88931460,0.00000000
REDUCED_NO_SLG_FLY_SP,CP01-PROFILE-R0587,1,CP01-R0587,587,588,6,25.21826074,-10.67826074,0.00000000
REDUCED_NO_SLG_FLY_SP,CP01-PROFILE-R0588,1,CP01-R0588,588,589,6,28.41062976,-1.50062976,0.00000000
REDUCED_NO_SLG_FLY_SP,CP01-PROFILE-R0589,1,CP01-R0589,589,590,6,18.61641550,-10.61641550,0.00000000
REDUCED_NO_SLG_FLY_SP,CP01-PROFILE-R0590,1,CP01-R0590,590,591,6,29.92514662,1.97485338,0.00000000
REDUCED_NO_SLG_FLY_SP,CP01-PROFILE-R0591,1,CP01-R0591,591,592,6,16.94860685,-6.60860685,0.00000000
REDUCED_NO_SLG_FLY_SP,CP01-PROFILE-R0592,1,CP01-R0592,592,593,6,20.74395377,-0.97395377,0.00000000
REDUCED_NO_SLG_FLY_SP,CP01-PROFILE-R0593,1,CP01-R0593,593,594,6,34.52928697,2.91071303,0.00000000
REDUCED_NO_SLG_FLY_SP,CP01-PROFILE-R0594,1,CP01-R0594,594,595,6,18.48635069,-7.00635069,0.00000000
REDUCED_NO_SLG_FLY_SP,CP01-PROFILE-R0595,1,CP01-R0595,595,596,6,37.41979550,-12.97979550,0.00000000
REDUCED_NO_SLG_FLY_SP,CP01-PROFILE-R0596,1,CP01-R0596,596,597,6,20.87742423,-3.27742423,0.00000000
REDUCED_NO_SLG_FLY_SP,CP01-PROFILE-R0597,1,CP01-R0597,597,598,6,24.53844256,-13.80844256,0.00000000
REDUCED_NO_SLG_FLY_SP,CP01-PROFILE-R0598,1,CP01-R0598,598,599,6,33.41448870,-2.03448870,0.00000000
REDUCED_NO_SLG_FLY_SP,CP01-PROFILE-R0599,1,CP01-R0599,599,600,6,26.56885464,-13.34885464,0.00000000
REDUCED_NO_SLG_FLY_SP,CP01-PROFILE-R0600,1,CP01-R0600,600,601,6,26.97942537,-6.00942537,0.00000000
REDUCED_NO_SLG_FLY_SP,CP01-PROFILE-R0601,1,CP01-R0601,601,602,6,27.72575568,-0.68575568,0.00000000
REDUCED_NO_SLG_FLY_SP,CP01-PROFILE-R0602,1,CP01-R0602,602,603,6,29.24412686,2.79587314,0.00000000
REDUCED_NO_SLG_FLY_SP,CP01-PROFILE-R0603,1,CP01-R0603,603,604,6,36.02263075,-0.85263075,0.00000000
REDUCED_NO_SLG_FLY_SP,CP01-PROFILE-R0604,1,CP01-R0604,604,605,6,45.90290113,-9.45290113,0.00000000
REDUCED_NO_SLG_FLY_SP,CP01-PROFILE-R0605,1,CP01-R0605,605,606,6,66.78866562,-27.89866562,0.00000000
REDUCED_NO_SLG_FLY_SP,CP01-PROFILE-R0606,1,CP01-R0606,606,607,6,15.22972661,-8.75972661,0.00000000
REDUCED_NO_SLG_FLY_SP,CP01-PROFILE-R0607,1,CP01-R0607,607,608,6,16.39920360,-3.55920360,0.00000000
REDUCED_NO_SLG_FLY_SP,CP01-PROFILE-R0608,1,CP01-R0608,608,609,6,17.90502059,0.51497941,0.00000000
REDUCED_NO_SLG_FLY_SP,CP01-PROFILE-R0609,1,CP01-R0609,609,610,6,24.69101709,-2.74101709,0.00000000
REDUCED_NO_SLG_FLY_SP,CP01-PROFILE-R0610,1,CP01-R0610,610,611,6,35.06817004,-10.96817004,0.00000000
REDUCED_NO_SLG_FLY_SP,CP01-PROFILE-R0611,1,CP01-R0611,611,612,6,56.11907258,-31.03907258,0.00000000
REDUCED_NO_SLG_FLY_SP,CP01-PROFILE-R0612,1,CP01-R0612,612,613,6,21.92867996,-0.66867996,0.00000000
REDUCED_NO_SLG_FLY_SP,CP01-PROFILE-R0613,1,CP01-R0613,613,614,6,23.44515041,2.52484959,0.00000000
REDUCED_NO_SLG_FLY_SP,CP01-PROFILE-R0614,1,CP01-R0614,614,615,6,20.76471012,-9.40471012,0.00000000
REDUCED_NO_SLG_FLY_SP,CP01-PROFILE-R0615,1,CP01-R0615,615,616,6,30.21891582,1.03108418,0.00000000
REDUCED_NO_SLG_FLY_SP,CP01-PROFILE-R0616,1,CP01-R0616,616,617,6,40.10736525,-7.77736525,0.00000000
REDUCED_NO_SLG_FLY_SP,CP01-PROFILE-R0617,1,CP01-R0617,617,618,6,60.45755847,-26.75755847,0.00000000
REDUCED_NO_SLG_FLY_SP,CP01-PROFILE-R0618,1,CP01-R0618,618,619,6,15.86155550,-6.55155550,0.00000000
REDUCED_NO_SLG_FLY_SP,CP01-PROFILE-R0619,1,CP01-R0619,619,620,6,25.31473859,1.62526141,0.00000000
REDUCED_NO_SLG_FLY_SP,CP01-PROFILE-R0620,1,CP01-R0620,620,621,6,35.21258273,-7.58258273,0.00000000
REDUCED_NO_SLG_FLY_SP,CP01-PROFILE-R0621,1,CP01-R0621,621,622,6,56.12377596,-26.33377596,0.00000000
REDUCED_NO_SLG_FLY_SP,CP01-PROFILE-R0622,1,CP01-R0622,622,623,6,43.90974533,-9.41974533,0.00000000
REDUCED_NO_SLG_FLY_SP,CP01-PROFILE-R0623,1,CP01-R0623,623,624,6,64.83701509,-28.68701509,0.00000000
REDUCED_NO_SLG_FLY_SP,CP01-PROFILE-R0624,1,CP01-R0624,624,625,6,24.56576553,-12.02576553,0.00000000
REDUCED_NO_SLG_FLY_SP,CP01-PROFILE-R0625,1,CP01-R0625,625,626,6,27.25598725,0.27401275,0.00000000
REDUCED_NO_SLG_FLY_SP,CP01-PROFILE-R0626,1,CP01-R0626,626,627,6,34.02802258,-1.10802258,0.00000000
REDUCED_NO_SLG_FLY_SP,CP01-PROFILE-R0627,1,CP01-R0627,627,628,6,16.11572232,-6.12572232,0.00000000
REDUCED_NO_SLG_FLY_SP,CP01-PROFILE-R0628,1,CP01-R0628,628,629,6,13.20421971,-5.36421971,0.00000000
REDUCED_NO_SLG_FLY_SP,CP01-PROFILE-R0629,1,CP01-R0629,629,630,6,15.47900570,-3.22900570,0.00000000
REDUCED_NO_SLG_FLY_SP,CP01-PROFILE-R0630,1,CP01-R0630,630,631,6,15.61216400,-4.44216400,0.00000000
REDUCED_NO_SLG_FLY_SP,CP01-PROFILE-R0631,1,CP01-R0631,631,632,6,17.87824025,-0.53824025,0.00000000
REDUCED_NO_SLG_FLY_SP,CP01-PROFILE-R0632,1,CP01-R0632,632,633,6,26.04206818,-8.50206818,0.00000000
REDUCED_NO_SLG_FLY_SP,CP01-PROFILE-R0633,1,CP01-R0633,633,634,6,28.29208047,2.27791953,0.00000000
REDUCED_NO_SLG_FLY_SP,CP01-PROFILE-R0634,1,CP01-R0634,634,635,6,20.59412222,-6.39412222,0.00000000
REDUCED_NO_SLG_FLY_SP,CP01-PROFILE-R0635,1,CP01-R0635,635,636,6,22.84659044,1.65340956,0.00000000
REDUCED_NO_SLG_FLY_SP,CP01-PROFILE-R0636,1,CP01-R0636,636,637,6,23.15529204,-7.57529204,0.00000000
REDUCED_NO_SLG_FLY_SP,CP01-PROFILE-R0637,1,CP01-R0637,637,638,6,25.40809727,1.44190273,0.00000000
REDUCED_NO_SLG_FLY_SP,CP01-PROFILE-R0638,1,CP01-R0638,638,639,6,31.00642550,-4.94642550,0.00000000
REDUCED_NO_SLG_FLY_SP,CP01-PROFILE-R0639,1,CP01-R0639,639,640,6,33.26289453,4.94710547,0.00000000
REDUCED_NO_SLG_FLY_SP,CP01-PROFILE-R0640,1,CP01-R0640,640,641,6,35.81122019,7.88877981,0.00000000
REDUCED_NO_SLG_FLY_SP,CP01-PROFILE-R0641,1,CP01-R0641,641,642,6,33.56077841,-3.42077841,0.00000000
REDUCED_NO_SLG_FLY_SP,CP01-PROFILE-R0642,1,CP01-R0642,642,643,6,18.17324832,-5.44324832,0.00000000
REDUCED_NO_SLG_FLY_SP,CP01-PROFILE-R0643,1,CP01-R0643,643,644,6,20.43211692,0.43788308,0.00000000
REDUCED_NO_SLG_FLY_SP,CP01-PROFILE-R0644,1,CP01-R0644,644,645,6,28.13185790,-7.85185790,0.00000000
REDUCED_NO_SLG_FLY_SP,CP01-PROFILE-R0645,1,CP01-R0645,645,646,6,30.37979410,3.91020590,0.00000000
REDUCED_NO_SLG_FLY_SP,CP01-PROFILE-R0646,1,CP01-R0646,646,647,6,29.01358993,-9.47358993,0.00000000
REDUCED_NO_SLG_FLY_SP,CP01-PROFILE-R0647,1,CP01-R0647,647,648,6,34.52292005,13.18707995,0.00000000
REDUCED_NO_SLG_FLY_SP,CP01-PROFILE-R0648,1,CP01-R0648,648,649,6,31.62544200,11.75455800,0.00000000
REDUCED_NO_SLG_FLY_SP,CP01-PROFILE-R0649,1,CP01-R0649,649,650,6,18.80055107,11.08944893,0.00000000
REDUCED_NO_SLG_FLY_SP,CP01-PROFILE-R0650,1,CP01-R0650,650,651,6,21.33975355,-14.43975355,0.00000000
REDUCED_NO_SLG_FLY_SP,CP01-PROFILE-R0651,1,CP01-R0651,651,652,6,21.68770157,11.50229843,0.00000000
REDUCED_NO_SLG_FLY_SP,CP01-PROFILE-R0652,1,CP01-R0652,652,653,6,15.18912893,-10.28912893,0.00000000
REDUCED_NO_SLG_FLY_SP,CP01-PROFILE-R0653,1,CP01-R0653,653,654,6,10.71404873,-6.14404873,0.00000000
REDUCED_NO_SLG_FLY_SP,CP01-PROFILE-R0654,1,CP01-R0654,654,655,6,20.10312333,5.35687667,0.00000000
REDUCED_NO_SLG_FLY_SP,CP01-PROFILE-R0655,1,CP01-R0655,655,656,6,14.93069387,9.35930613,0.00000000
REDUCED_NO_SLG_FLY_SP,CP01-PROFILE-R0656,1,CP01-R0656,656,657,6,23.95975852,9.99024148,0.00000000
REDUCED_NO_SLG_FLY_SP,CP01-PROFILE-R0657,1,CP01-R0657,657,658,6,20.44779283,-9.03779283,0.00000000
REDUCED_NO_SLG_FLY_SP,CP01-PROFILE-R0658,1,CP01-R0658,658,659,6,11.88171574,8.70828426,0.00000000
REDUCED_NO_SLG_FLY_SP,CP01-PROFILE-R0659,1,CP01-R0659,659,660,6,33.70762920,-7.81762920,0.00000000
REDUCED_NO_SLG_FLY_SP,CP01-PROFILE-R0660,1,CP01-R0660,660,661,6,18.63679433,10.59320567,0.00000000
REDUCED_NO_SLG_FLY_SP,CP01-PROFILE-R0661,1,CP01-R0661,661,662,6,23.03380456,7.98619544,0.00000000
REDUCED_NO_SLG_FLY_SP,CP01-PROFILE-R0662,1,CP01-R0662,662,663,6,16.57593276,-6.18593276,0.00000000
REDUCED_NO_SLG_FLY_SP,CP01-PROFILE-R0663,1,CP01-R0663,663,664,6,24.87139031,8.78860969,0.00000000
REDUCED_NO_SLG_FLY_SP,CP01-PROFILE-R0664,1,CP01-R0664,664,665,6,19.89623170,7.97376830,0.00000000
REDUCED_NO_SLG_FLY_SP,CP01-PROFILE-R0665,1,CP01-R0665,665,666,6,25.51804194,-6.16804194,0.00000000
REDUCED_NO_SLG_FLY_SP,CP01-PROFILE-R0666,1,CP01-R0666,666,667,6,17.01226609,-5.62226609,0.00000000
REDUCED_NO_SLG_FLY_SP,CP01-PROFILE-R0667,1,CP01-R0667,667,668,6,29.14789699,-16.35789699,0.00000000
REDUCED_NO_SLG_FLY_SP,CP01-PROFILE-R0668,1,CP01-R0668,668,669,6,31.78822496,7.53177504,0.00000000
REDUCED_NO_SLG_FLY_SP,CP01-PROFILE-R0669,1,CP01-R0669,669,670,6,13.04607806,-8.26607806,0.00000000
REDUCED_NO_SLG_FLY_SP,CP01-PROFILE-R0670,1,CP01-R0670,670,671,6,33.49949986,-17.38949986,0.00000000
REDUCED_NO_SLG_FLY_SP,CP01-PROFILE-R0671,1,CP01-R0671,671,672,6,35.92524283,7.45475717,0.00000000
REDUCED_NO_SLG_FLY_SP,CP01-PROFILE-R0672,1,CP01-R0672,672,673,6,26.40708991,-5.98708991,0.00000000
REDUCED_NO_SLG_FLY_SP,CP01-PROFILE-R0673,1,CP01-R0673,673,674,6,16.59234884,-9.65234884,0.00000000
REDUCED_NO_SLG_FLY_SP,CP01-PROFILE-R0674,1,CP01-R0674,674,675,6,19.76575877,-4.73575877,0.00000000
REDUCED_NO_SLG_FLY_SP,CP01-PROFILE-R0675,1,CP01-R0675,675,676,6,25.98408393,-12.41408393,0.00000000
REDUCED_NO_SLG_FLY_SP,CP01-PROFILE-R0676,1,CP01-R0676,676,677,6,24.61874325,7.91125675,0.00000000
REDUCED_NO_SLG_FLY_SP,CP01-PROFILE-R0677,1,CP01-R0677,677,678,6,21.73609630,-5.98609630,0.00000000
REDUCED_NO_SLG_FLY_SP,CP01-PROFILE-R0678,1,CP01-R0678,678,679,6,11.12534806,-3.44534806,0.00000000
REDUCED_NO_SLG_FLY_SP,CP01-PROFILE-R0679,1,CP01-R0679,679,680,6,36.17875686,2.62124314,0.00000000
REDUCED_NO_SLG_FLY_SP,CP01-PROFILE-R0680,1,CP01-R0680,680,681,6,22.01474209,10.98525791,0.00000000
REDUCED_NO_SLG_FLY_SP,CP01-PROFILE-R0681,1,CP01-R0681,681,682,6,13.35083134,3.92916866,0.00000000
REDUCED_NO_SLG_FLY_SP,CP01-PROFILE-R0682,1,CP01-R0682,682,683,6,19.26458046,5.01541954,0.00000000
REDUCED_NO_SLG_FLY_SP,CP01-PROFILE-R0683,1,CP01-R0683,683,684,6,17.85631294,6.19368706,0.00000000
REDUCED_NO_SLG_FLY_SP,CP01-PROFILE-R0684,1,CP01-R0684,684,685,6,26.65168445,9.93831555,0.00000000
REDUCED_NO_SLG_FLY_SP,CP01-PROFILE-R0685,1,CP01-R0685,685,686,6,38.53497547,12.19502453,0.00000000
REDUCED_NO_SLG_FLY_SP,CP01-PROFILE-R0686,1,CP01-R0686,686,687,6,17.65173457,-3.99173457,0.00000000
REDUCED_NO_SLG_FLY_SP,CP01-PROFILE-R0687,1,CP01-R0687,687,688,6,33.33214510,-19.19214510,0.00000000
REDUCED_NO_SLG_FLY_SP,CP01-PROFILE-R0688,1,CP01-R0688,688,689,6,35.43423724,12.34576276,0.00000000
REDUCED_NO_SLG_FLY_SP,CP01-PROFILE-R0689,1,CP01-R0689,689,690,6,9.24801310,-6.91801310,0.00000000
REDUCED_NO_SLG_FLY_SP,CP01-PROFILE-R0690,1,CP01-R0690,690,691,6,22.62258671,-5.73258671,0.00000000
REDUCED_NO_SLG_FLY_SP,CP01-PROFILE-R0691,1,CP01-R0691,691,692,6,33.91721057,-10.39721057,0.00000000
REDUCED_NO_SLG_FLY_SP,CP01-PROFILE-R0692,1,CP01-R0692,692,693,6,19.35484628,-12.54484628,0.00000000
REDUCED_NO_SLG_FLY_SP,CP01-PROFILE-R0693,1,CP01-R0693,693,694,6,28.78384759,10.91615241,0.00000000
REDUCED_NO_SLG_FLY_SP,CP01-PROFILE-R0694,1,CP01-R0694,694,695,6,15.68517087,2.27482913,0.00000000
REDUCED_NO_SLG_FLY_SP,CP01-PROFILE-R0695,1,CP01-R0695,695,696,6,28.68153230,4.19846770,0.00000000
REDUCED_NO_SLG_FLY_SP,CP01-PROFILE-R0696,1,CP01-R0696,696,697,6,16.28144242,6.06855758,0.00000000
REDUCED_NO_SLG_FLY_SP,CP01-PROFILE-R0697,1,CP01-R0697,697,698,6,15.60346067,-4.81346067,0.00000000
REDUCED_NO_SLG_FLY_SP,CP01-PROFILE-R0698,1,CP01-R0698,698,699,6,9.65263510,-1.93263510,0.00000000
REDUCED_NO_SLG_FLY_SP,CP01-PROFILE-R0699,1,CP01-R0699,699,700,6,31.18015142,10.49984858,0.00000000
REDUCED_NO_SLG_FLY_SP,CP01-PROFILE-R0700,1,CP01-R0700,700,701,6,28.64189063,-19.08189063,0.00000000
REDUCED_NO_SLG_FLY_SP,CP01-PROFILE-R0701,1,CP01-R0701,701,702,6,17.24270669,-10.36270669,0.00000000
REDUCED_NO_SLG_FLY_SP,CP01-PROFILE-R0702,1,CP01-R0702,702,703,6,42.93521959,7.59478041,0.00000000
REDUCED_NO_SLG_FLY_SP,CP01-PROFILE-R0703,1,CP01-R0703,703,704,6,20.87037792,-3.70037792,0.00000000
REDUCED_NO_SLG_FLY_SP,CP01-PROFILE-R0704,1,CP01-R0704,704,705,6,23.13828412,7.30171588,0.00000000
REDUCED_NO_SLG_FLY_SP,CP01-PROFILE-R0705,1,CP01-R0705,705,706,6,25.11384269,-15.38384269,0.00000000
REDUCED_NO_SLG_FLY_SP,CP01-PROFILE-R0706,1,CP01-R0706,706,707,6,12.28714963,-8.96714963,0.00000000
REDUCED_NO_SLG_FLY_SP,CP01-PROFILE-R0707,1,CP01-R0707,707,708,6,22.43842283,3.88157717,0.00000000
REDUCED_NO_SLG_FLY_SP,CP01-PROFILE-R0708,1,CP01-R0708,708,709,6,29.88966623,13.36033377,0.00000000
REDUCED_NO_SLG_FLY_SP,CP01-PROFILE-R0709,1,CP01-R0709,709,710,6,13.63522230,-7.35522230,0.00000000
REDUCED_NO_SLG_FLY_SP,CP01-PROFILE-R0710,1,CP01-R0710,710,711,6,26.02684833,6.07315167,0.00000000
REDUCED_NO_SLG_FLY_SP,CP01-PROFILE-R0711,1,CP01-R0711,711,712,6,27.76424405,9.19575595,0.00000000
REDUCED_NO_SLG_FLY_SP,CP01-PROFILE-R0712,1,CP01-R0712,712,713,6,42.67513309,11.92486691,0.00000000
REDUCED_NO_SLG_FLY_SP,CP01-PROFILE-R0713,1,CP01-R0713,713,714,6,29.55200624,-8.07200624,0.00000000
REDUCED_NO_SLG_FLY_SP,CP01-PROFILE-R0714,1,CP01-R0714,714,715,6,22.20863740,-12.51863740,0.00000000
REDUCED_NO_SLG_FLY_SP,CP01-PROFILE-R0715,1,CP01-R0715,715,716,6,13.45486421,-5.08486421,0.00000000
REDUCED_NO_SLG_FLY_SP,CP01-PROFILE-R0716,1,CP01-R0716,716,717,6,25.55576099,14.10423901,0.00000000
REDUCED_NO_SLG_FLY_SP,CP01-PROFILE-R0717,1,CP01-R0717,717,718,6,14.05005259,-3.96005259,0.00000000
REDUCED_NO_SLG_FLY_SP,CP01-PROFILE-R0718,1,CP01-R0718,718,719,6,16.16211100,-11.33211100,0.00000000
REDUCED_NO_SLG_FLY_SP,CP01-PROFILE-R0719,1,CP01-R0719,719,720,6,12.69085970,-2.34085970,0.00000000
REDUCED_NO_SLG_FLY_SP,CP01-PROFILE-R0720,1,CP01-R0720,720,721,6,30.71508568,12.85491432,0.00000000
REDUCED_NO_SLG_FLY_SP,CP01-PROFILE-R0721,1,CP01-R0721,721,722,6,37.92670125,13.93329875,0.00000000
REDUCED_NO_SLG_FLY_SP,CP01-PROFILE-R0722,1,CP01-R0722,722,723,6,20.97159874,-9.12159874,0.00000000
REDUCED_NO_SLG_FLY_SP,CP01-PROFILE-R0723,1,CP01-R0723,723,724,6,21.38391783,-4.14391783,0.00000000
REDUCED_NO_SLG_FLY_SP,CP01-PROFILE-R0724,1,CP01-R0724,724,725,6,23.63953309,4.19046691,0.00000000
REDUCED_NO_SLG_FLY_SP,CP01-PROFILE-R0725,1,CP01-R0725,725,726,6,30.40336167,5.35663833,0.00000000
REDUCED_NO_SLG_FLY_SP,CP01-PROFILE-R0726,1,CP01-R0726,726,727,6,33.67619081,5.02380919,0.00000000
REDUCED_NO_SLG_FLY_SP,CP01-PROFILE-R0727,1,CP01-R0727,727,728,6,21.80759201,-7.49759201,0.00000000
REDUCED_NO_SLG_FLY_SP,CP01-PROFILE-R0728,1,CP01-R0728,728,729,6,22.22929698,-4.78929698,0.00000000
REDUCED_NO_SLG_FLY_SP,CP01-PROFILE-R0729,1,CP01-R0729,729,730,6,24.46299640,7.27700360,0.00000000
REDUCED_NO_SLG_FLY_SP,CP01-PROFILE-R0730,1,CP01-R0730,730,731,6,31.23506284,6.67493716,0.00000000
REDUCED_NO_SLG_FLY_SP,CP01-PROFILE-R0731,1,CP01-R0731,731,732,6,34.51502635,4.86497365,0.00000000
REDUCED_NO_SLG_FLY_SP,CP01-PROFILE-R0732,1,CP01-R0732,732,733,6,21.55117362,-5.68117362,0.00000000
REDUCED_NO_SLG_FLY_SP,CP01-PROFILE-R0733,1,CP01-R0733,733,734,6,22.03449653,-13.02449653,0.00000000
REDUCED_NO_SLG_FLY_SP,CP01-PROFILE-R0734,1,CP01-R0734,734,735,6,24.18727261,9.42272739,0.00000000
REDUCED_NO_SLG_FLY_SP,CP01-PROFILE-R0735,1,CP01-R0735,735,736,6,30.95617225,9.70382775,0.00000000
REDUCED_NO_SLG_FLY_SP,CP01-PROFILE-R0736,1,CP01-R0736,736,737,6,34.24459398,6.61540602,0.00000000
REDUCED_NO_SLG_FLY_SP,CP01-PROFILE-R0737,1,CP01-R0737,737,738,6,16.80189568,-4.75189568,0.00000000
REDUCED_NO_SLG_FLY_SP,CP01-PROFILE-R0738,1,CP01-R0738,738,739,6,19.07372981,-1.53372981,0.00000000
REDUCED_NO_SLG_FLY_SP,CP01-PROFILE-R0739,1,CP01-R0739,739,740,6,22.97794275,-4.06794275,0.00000000
REDUCED_NO_SLG_FLY_SP,CP01-PROFILE-R0740,1,CP01-R0740,740,741,6,25.25167474,-0.07167474,0.00000000
REDUCED_NO_SLG_FLY_SP,CP01-PROFILE-R0741,1,CP01-R0741,741,742,6,28.87338714,2.08661286,0.00000000
REDUCED_NO_SLG_FLY_SP,CP01-PROFILE-R0742,1,CP01-R0742,742,743,6,44.97088688,-1.08088688,0.00000000
REDUCED_NO_SLG_FLY_SP,CP01-PROFILE-R0743,1,CP01-R0743,743,744,6,51.72059861,2.55940139,0.00000000
REDUCED_NO_SLG_FLY_SP,CP01-PROFILE-R0744,1,CP01-R0744,744,745,6,36.00127269,0.93872731,0.00000000
REDUCED_NO_SLG_FLY_SP,CP01-PROFILE-R0745,1,CP01-R0745,745,746,6,20.98284673,-6.48284673,0.00000000
REDUCED_NO_SLG_FLY_SP,CP01-PROFILE-R0746,1,CP01-R0746,746,747,6,23.71334016,-1.27334016,0.00000000
REDUCED_NO_SLG_FLY_SP,CP01-PROFILE-R0747,1,CP01-R0747,747,748,6,35.31978630,-22.67978630,0.00000000
REDUCED_NO_SLG_FLY_SP,CP01-PROFILE-R0748,1,CP01-R0748,748,749,6,35.34851924,-9.28851924,0.00000000
REDUCED_NO_SLG_FLY_SP,CP01-PROFILE-R0749,1,CP01-R0749,749,750,6,35.68937942,-2.47937942,0.00000000
REDUCED_NO_SLG_FLY_SP,CP01-PROFILE-R0750,1,CP01-R0750,750,751,6,36.41208457,0.52791543,0.00000000
REDUCED_NO_SLG_FLY_SP,CP01-PROFILE-R0751,1,CP01-R0751,751,752,6,37.86615295,6.22384705,0.00000000
REDUCED_NO_SLG_FLY_SP,CP01-PROFILE-R0752,1,CP01-R0752,752,753,6,50.15073659,2.45926341,0.00000000
REDUCED_NO_SLG_FLY_SP,CP01-PROFILE-R0753,1,CP01-R0753,753,754,6,50.82704990,8.93295010,0.00000000
REDUCED_NO_SLG_FLY_SP,CP01-PROFILE-R0754,1,CP01-R0754,754,755,6,52.27683239,15.03316761,0.00000000
REDUCED_NO_SLG_FLY_SP,CP01-PROFILE-R0755,1,CP01-R0755,755,756,6,59.10617740,10.55382260,0.00000000
REDUCED_NO_SLG_FLY_SP,CP01-PROFILE-R0756,1,CP01-R0756,756,757,6,69.02747232,2.59252768,0.00000000
REDUCED_NO_SLG_FLY_SP,CP01-PROFILE-R0757,1,CP01-R0757,757,758,6,79.01505309,-4.84505309,0.00000000
REDUCED_NO_SLG_FLY_SP,CP01-PROFILE-R0758,1,CP01-R0758,758,759,6,24.77899438,-6.64899438,0.00000000
REDUCED_NO_SLG_FLY_SP,CP01-PROFILE-R0759,1,CP01-R0759,759,760,6,25.52600312,-2.99600312,0.00000000
REDUCED_NO_SLG_FLY_SP,CP01-PROFILE-R0760,1,CP01-R0760,760,761,6,27.04032982,0.29967018,0.00000000
REDUCED_NO_SLG_FLY_SP,CP01-PROFILE-R0761,1,CP01-R0761,761,762,6,30.09862183,-0.11862183,0.00000000
REDUCED_NO_SLG_FLY_SP,CP01-PROFILE-R0762,1,CP01-R0762,762,763,6,33.81864904,-2.46864904,0.00000000
REDUCED_NO_SLG_FLY_SP,CP01-PROFILE-R0763,1,CP01-R0763,763,764,6,43.70813566,-10.98813566,0.00000000
REDUCED_NO_SLG_FLY_SP,CP01-PROFILE-R0764,1,CP01-R0764,764,765,6,35.21922481,-28.94922481,0.00000000
REDUCED_NO_SLG_FLY_SP,CP01-PROFILE-R0765,1,CP01-R0765,765,766,6,35.41209570,-20.71209570,0.00000000
REDUCED_NO_SLG_FLY_SP,CP01-PROFILE-R0766,1,CP01-R0766,766,767,6,35.82397559,-12.60397559,0.00000000
REDUCED_NO_SLG_FLY_SP,CP01-PROFILE-R0767,1,CP01-R0767,767,768,6,36.57569614,-8.65569614,0.00000000
REDUCED_NO_SLG_FLY_SP,CP01-PROFILE-R0768,1,CP01-R0768,768,769,6,38.09727546,-6.74727546,0.00000000
REDUCED_NO_SLG_FLY_SP,CP01-PROFILE-R0769,1,CP01-R0769,769,770,6,43.88922027,-4.88922027,0.00000000
REDUCED_NO_SLG_FLY_SP,CP01-PROFILE-R0770,1,CP01-R0770,770,771,6,64.13112640,-22.89112640,0.00000000
REDUCED_NO_SLG_FLY_SP,CP01-PROFILE-R0771,1,CP01-R0771,771,772,6,22.36865321,-7.37865321,0.00000000
REDUCED_NO_SLG_FLY_SP,CP01-PROFILE-R0772,1,CP01-R0772,772,773,6,24.57727340,-11.05727340,0.00000000
REDUCED_NO_SLG_FLY_SP,CP01-PROFILE-R0773,1,CP01-R0773,773,774,6,32.19131884,-8.19131884,0.00000000
REDUCED_NO_SLG_FLY_SP,CP01-PROFILE-R0774,1,CP01-R0774,774,775,6,34.43948972,2.98051028,0.00000000
REDUCED_NO_SLG_FLY_SP,CP01-PROFILE-R0775,1,CP01-R0775,775,776,6,24.73961147,-13.26961147,0.00000000
REDUCED_NO_SLG_FLY_SP,CP01-PROFILE-R0776,1,CP01-R0776,776,777,6,23.24465639,-0.80465639,0.00000000
REDUCED_NO_SLG_FLY_SP,CP01-PROFILE-R0777,1,CP01-R0777,777,778,6,28.02012282,-6.86012282,0.00000000
REDUCED_NO_SLG_FLY_SP,CP01-PROFILE-R0778,1,CP01-R0778,778,779,6,30.27913199,1.56086801,0.00000000
REDUCED_NO_SLG_FLY_SP,CP01-PROFILE-R0779,1,CP01-R0779,779,780,6,24.78170572,-9.98170572,0.00000000
REDUCED_NO_SLG_FLY_SP,CP01-PROFILE-R0780,1,CP01-R0780,780,781,6,27.04396661,-1.86396661,0.00000000
REDUCED_NO_SLG_FLY_SP,CP01-PROFILE-R0781,1,CP01-R0781,781,782,6,19.60815748,-2.06815748,0.00000000
REDUCED_NO_SLG_FLY_SP,CP01-PROFILE-R0782,1,CP01-R0782,782,783,6,20.81825099,-6.61825099,0.00000000
REDUCED_NO_SLG_FLY_SP,CP01-PROFILE-R0783,1,CP01-R0783,783,784,6,23.08333459,-1.43333459,0.00000000
REDUCED_NO_SLG_FLY_SP,CP01-PROFILE-R0784,1,CP01-R0784,784,785,6,29.84716200,-0.45716200,0.00000000
REDUCED_NO_SLG_FLY_SP,CP01-PROFILE-R0785,1,CP01-R0785,785,786,6,31.05303559,-17.53303559,0.00000000
REDUCED_NO_SLG_FLY_SP,CP01-PROFILE-R0786,1,CP01-R0786,786,787,6,25.00339873,-8.74339873,0.00000000
REDUCED_NO_SLG_FLY_SP,CP01-PROFILE-R0787,1,CP01-R0787,787,788,6,27.24625438,4.20374562,0.00000000
REDUCED_NO_SLG_FLY_SP,CP01-PROFILE-R0788,1,CP01-R0788,788,789,6,34.01827530,3.21172470,0.00000000
REDUCED_NO_SLG_FLY_SP,CP01-PROFILE-R0789,1,CP01-R0789,789,790,6,22.78834911,-4.65834911,0.00000000
REDUCED_NO_SLG_FLY_SP,CP01-PROFILE-R0790,1,CP01-R0790,790,791,6,25.01216234,7.70783766,0.00000000
REDUCED_NO_SLG_FLY_SP,CP01-PROFILE-R0791,1,CP01-R0791,791,792,6,31.78213471,7.70786529,0.00000000
REDUCED_NO_SLG_FLY_SP,CP01-PROFILE-R0792,1,CP01-R0792,792,793,6,41.65210767,-0.60210767,0.00000000
REDUCED_NO_SLG_FLY_SP,CP01-PROFILE-R0793,1,CP01-R0793,793,794,6,61.85593027,-19.72593027,0.00000000
REDUCED_NO_SLG_FLY_SP,CP01-PROFILE-R0794,1,CP01-R0794,794,795,6,20.06643539,-1.93643539,0.00000000
REDUCED_NO_SLG_FLY_SP,CP01-PROFILE-R0795,1,CP01-R0795,795,796,6,38.26465599,-11.52465599,0.00000000
REDUCED_NO_SLG_FLY_SP,CP01-PROFILE-R0796,1,CP01-R0796,796,797,6,60.86518286,1.05481714,0.00000000
REDUCED_NO_SLG_FLY_SP,CP01-PROFILE-R0797,1,CP01-R0797,797,798,6,44.68497620,2.53502380,0.00000000
REDUCED_NO_SLG_FLY_SP,CP01-PROFILE-R0798,1,CP01-R0798,798,799,6,54.59332863,-3.55332863,0.00000000
REDUCED_NO_SLG_FLY_SP,CP01-PROFILE-R0799,1,CP01-R0799,799,800,6,64.56837101,-9.40837101,0.00000000
REDUCED_NO_SLG_FLY_SP,CP01-PROFILE-R0800,1,CP01-R0800,800,801,6,49.86293345,-8.22293345,0.00000000
REDUCED_NO_SLG_FLY_SP,CP01-PROFILE-R0801,1,CP01-R0801,801,802,6,18.83883398,-5.12883398,0.00000000
REDUCED_NO_SLG_FLY_SP,CP01-PROFILE-R0802,2,CP01-R0802,802,803,6,21.11745223,-1.42745223,0.00741464
REDUCED_NO_SLG_FLY_SP,CP01-PROFILE-R0803,1,CP01-R0803,803,804,6,30.86868774,0.78131226,0.00000000
REDUCED_NO_SLG_FLY_SP,CP01-PROFILE-R0804,1,CP01-R0804,804,805,6,35.06255445,-15.95255445,0.00000000
REDUCED_NO_SLG_FLY_SP,CP01-PROFILE-R0805,1,CP01-R0805,805,806,6,37.73137568,1.84862432,0.00000000
REDUCED_NO_SLG_FLY_SP,CP01-PROFILE-R0806,1,CP01-R0806,806,807,6,44.49314811,4.29685189,0.00000000
REDUCED_NO_SLG_FLY_SP,CP01-PROFILE-R0807,1,CP01-R0807,807,808,6,32.65898815,-8.65898815,0.00000000
REDUCED_NO_SLG_FLY_SP,CP01-PROFILE-R0808,1,CP01-R0808,808,809,6,34.90790971,2.51209029,0.00000000
REDUCED_NO_SLG_FLY_SP,CP01-PROFILE-R0809,1,CP01-R0809,809,810,6,18.38313244,-6.91313244,0.00000000
REDUCED_NO_SLG_FLY_SP,CP01-PROFILE-R0802,2,CP01-R0810,810,811,6,21.11745223,-1.42745223,0.00741464
REDUCED_NO_SLG_FLY_SP,CP01-PROFILE-R0811,1,CP01-R0811,811,812,6,22.64278325,-7.65278325,0.00000000
REDUCED_NO_SLG_FLY_SP,CP01-PROFILE-R0812,1,CP01-R0812,812,813,6,24.88830642,3.03169358,0.00000000
REDUCED_NO_SLG_FLY_SP,CP01-PROFILE-R0813,1,CP01-R0813,813,814,6,31.65671691,3.02328309,0.00000000
REDUCED_NO_SLG_FLY_SP,CP01-PROFILE-R0814,1,CP01-R0814,814,815,6,41.52678364,-4.19678364,0.00000000
REDUCED_NO_SLG_FLY_SP,CP01-PROFILE-R0815,1,CP01-R0815,815,816,6,61.81255532,-23.70255532,0.00000000
REDUCED_NO_SLG_FLY_SP,CP01-PROFILE-R0816,1,CP01-R0816,816,817,6,41.66761316,-7.86761316,0.00000000
REDUCED_NO_SLG_FLY_SP,CP01-PROFILE-R0817,1,CP01-R0817,817,818,6,41.98938215,0.43061785,0.00000000
REDUCED_NO_SLG_FLY_SP,CP01-PROFILE-R0818,1,CP01-R0818,818,819,6,42.68252435,5.71747565,0.00000000
REDUCED_NO_SLG_FLY_SP,CP01-PROFILE-R0819,1,CP01-R0819,819,820,6,44.13382819,11.80617181,0.00000000
REDUCED_NO_SLG_FLY_SP,CP01-PROFILE-R0820,1,CP01-R0820,820,821,6,50.95864871,7.82135129,0.00000000
REDUCED_NO_SLG_FLY_SP,CP01-PROFILE-R0821,1,CP01-R0821,821,822,6,70.78931660,-3.67931660,0.00000000
REDUCED_NO_SLG_FLY_SP,CP01-PROFILE-R0822,1,CP01-R0822,822,823,6,22.30002319,-1.53002319,0.00000000
REDUCED_NO_SLG_FLY_SP,CP01-PROFILE-R0823,1,CP01-R0823,823,824,6,23.81579150,1.36420850,0.00000000
REDUCED_NO_SLG_FLY_SP,CP01-PROFILE-R0824,1,CP01-R0824,824,825,6,40.49153212,-10.90153212,0.00000000
REDUCED_NO_SLG_FLY_SP,CP01-PROFILE-R0825,1,CP01-R0825,825,826,6,21.58469257,0.16530743,0.00000000
REDUCED_NO_SLG_FLY_SP,CP01-PROFILE-R0826,1,CP01-R0826,826,827,6,36.46170288,2.62829712,0.00000000
REDUCED_NO_SLG_FLY_SP,CP01-PROFILE-R0827,1,CP01-R0827,827,828,6,42.34369870,-17.95369870,0.00000000
REDUCED_NO_SLG_FLY_SP,CP01-PROFILE-R0828,1,CP01-R0828,828,829,6,55.76126920,-5.25126920,0.00000000
REDUCED_NO_SLG_FLY_SP,CP01-PROFILE-R0829,1,CP01-R0829,829,830,6,57.80769674,17.18230326,0.00000000
REDUCED_NO_SLG_FLY_SP,CP01-PROFILE-R0830,1,CP01-R0830,830,831,6,31.68461650,5.48538350,0.00000000
REDUCED_NO_SLG_FLY_SP,CP01-PROFILE-R0831,1,CP01-R0831,831,832,6,40.61162035,-6.85162035,0.00000000
REDUCED_NO_SLG_FLY_SP,CP01-PROFILE-R0832,1,CP01-R0832,832,833,6,21.73512898,-5.23512898,0.00000000
REDUCED_NO_SLG_FLY_SP,CP01-PROFILE-R0833,1,CP01-R0833,833,834,6,21.09880470,-1.10880470,0.00000000
REDUCED_NO_SLG_FLY_SP,CP01-PROFILE-R0834,1,CP01-R0834,834,835,6,41.77294167,-5.42294167,0.00000000
REDUCED_NO_SLG_FLY_SP,CP01-PROFILE-R0835,1,CP01-R0835,835,836,6,54.78057481,-21.09057481,0.00000000
REDUCED_NO_SLG_FLY_SP,CP01-PROFILE-R0836,1,CP01-R0836,836,837,6,35.04038096,-19.62038096,0.00000000
REDUCED_NO_SLG_FLY_SP,CP01-PROFILE-R0837,1,CP01-R0837,837,838,6,28.77127550,4.64872450,0.00000000
REDUCED_NO_SLG_FLY_SP,CP01-PROFILE-R0838,1,CP01-R0838,838,839,6,35.07397256,3.97602744,0.00000000
REDUCED_NO_SLG_FLY_SP,CP01-PROFILE-R0839,1,CP01-R0839,839,840,6,36.39146985,-8.71146985,0.00000000
REDUCED_NO_SLG_FLY_SP,CP01-PROFILE-R0840,1,CP01-R0840,840,841,6,23.87510609,2.98489391,0.00000000
REDUCED_NO_SLG_FLY_SP,CP01-PROFILE-R0841,1,CP01-R0841,841,842,6,43.17645524,2.12354476,0.00000000
REDUCED_NO_SLG_FLY_SP,CP01-PROFILE-R0842,1,CP01-R0842,842,843,6,34.34495005,-4.22495005,0.00000000
REDUCED_NO_SLG_FLY_SP,CP01-PROFILE-R0843,1,CP01-R0843,843,844,6,33.40157061,-17.83157061,0.00000000
REDUCED_NO_SLG_FLY_SP,CP01-PROFILE-R0844,1,CP01-R0844,844,845,6,35.64755547,8.96244453,0.00000000
REDUCED_NO_SLG_FLY_SP,CP01-PROFILE-R0845,1,CP01-R0845,845,846,6,40.60170268,12.91829732,0.00000000
REDUCED_NO_SLG_FLY_SP,CP01-PROFILE-R0846,1,CP01-R0846,846,847,6,38.50193553,18.70806447,0.00000000
REDUCED_NO_SLG_FLY_SP,CP01-PROFILE-R0847,1,CP01-R0847,847,848,6,44.41949147,21.49050853,0.00000000
REDUCED_NO_SLG_FLY_SP,CP01-PROFILE-R0848,1,CP01-R0848,848,849,6,45.54972057,7.27027943,0.00000000
REDUCED_NO_SLG_FLY_SP,CP01-PROFILE-R0849,1,CP01-R0849,849,850,6,32.12064990,1.27935010,0.00000000
REDUCED_NO_SLG_FLY_SP,CP01-PROFILE-R0850,1,CP01-R0850,850,851,6,28.17024741,-10.14024741,0.00000000
REDUCED_NO_SLG_FLY_SP,CP01-PROFILE-R0851,1,CP01-R0851,851,852,6,30.98625829,6.37374171,0.00000000
REDUCED_NO_SLG_FLY_SP,CP01-PROFILE-R0852,1,CP01-R0852,852,853,6,32.15362990,0.68637010,0.00000000
REDUCED_NO_SLG_FLY_SP,CP01-PROFILE-R0853,1,CP01-R0853,853,854,6,35.64459153,6.99540847,0.00000000
REDUCED_NO_SLG_FLY_SP,CP01-PROFILE-R0854,1,CP01-R0854,854,855,6,32.39410021,7.66589979,0.00000000
REDUCED_NO_SLG_FLY_SP,CP01-PROFILE-R0855,1,CP01-R0855,855,856,6,41.45248125,0.48751875,0.00000000
REDUCED_NO_SLG_FLY_SP,CP01-PROFILE-R0856,1,CP01-R0856,856,857,6,44.23867508,16.99132492,0.00000000
REDUCED_NO_SLG_FLY_SP,CP01-PROFILE-R0857,1,CP01-R0857,857,858,6,43.05953774,-2.18953774,0.00000000
REDUCED_NO_SLG_FLY_SP,CP01-PROFILE-R0858,1,CP01-R0858,858,859,6,37.62162190,-4.32162190,0.00000000
REDUCED_NO_SLG_FLY_SP,CP01-PROFILE-R0859,1,CP01-R0859,859,860,6,40.02068927,12.39931073,0.00000000
REDUCED_NO_SLG_FLY_SP,CP01-PROFILE-R0860,1,CP01-R0860,860,861,6,31.24446791,-16.15446791,0.00000000
REDUCED_NO_SLG_FLY_SP,CP01-PROFILE-R0861,1,CP01-R0861,861,862,6,43.30181752,-4.84181752,0.00000000
REDUCED_NO_SLG_FLY_SP,CP01-PROFILE-R0862,1,CP01-R0862,862,863,6,41.85379255,-4.59379255,0.00000000
REDUCED_NO_SLG_FLY_SP,CP01-PROFILE-R0863,1,CP01-R0863,863,864,6,16.53674313,18.69325687,0.00000000
REDUCED_NO_SLG_FLY_SP,CP01-PROFILE-R0864,1,CP01-R0864,864,865,6,36.43187994,5.69812006,0.00000000
REDUCED_NO_SLG_FLY_SP,CP01-PROFILE-R0865,1,CP01-R0865,865,866,6,29.69350697,2.17649303,0.00000000
REDUCED_NO_SLG_FLY_SP,CP01-PROFILE-R0866,1,CP01-R0866,866,867,6,34.70288097,6.83711903,0.00000000
REDUCED_NO_SLG_FLY_SP,CP01-PROFILE-R0867,1,CP01-R0867,867,868,6,35.77074039,3.67925961,0.00000000
REDUCED_NO_SLG_FLY_SP,CP01-PROFILE-R0868,1,CP01-R0868,868,869,6,31.05684866,6.85315134,0.00000000
REDUCED_NO_SLG_FLY_SP,CP01-PROFILE-R0869,1,CP01-R0869,869,870,6,41.48525095,2.79474905,0.00000000
REDUCED_NO_SLG_FLY_SP,CP01-PROFILE-R0870,1,CP01-R0870,870,871,6,36.30937120,-5.12937120,0.00000000
REDUCED_NO_SLG_FLY_SP,CP01-PROFILE-R0871,1,CP01-R0871,871,872,6,26.97493905,-3.28493905,0.00000000
REDUCED_NO_SLG_FLY_SP,CP01-PROFILE-R0872,1,CP01-R0872,872,873,6,28.30644875,4.45355125,0.00000000
REDUCED_NO_SLG_FLY_SP,CP01-PROFILE-R0873,1,CP01-R0873,873,874,6,31.88404525,0.51595475,0.00000000
REDUCED_NO_SLG_FLY_SP,CP01-PROFILE-R0874,1,CP01-R0874,874,875,6,14.73885063,13.89114937,0.00000000
REDUCED_NO_SLG_FLY_SP,CP01-PROFILE-R0875,1,CP01-R0875,875,876,6,41.52536751,-4.72536751,0.00000000
REDUCED_NO_SLG_FLY_SP,CP01-PROFILE-R0876,1,CP01-R0876,876,877,6,23.37042252,-5.09042252,0.00000000
REDUCED_NO_SLG_FLY_SP,CP01-PROFILE-R0877,1,CP01-R0877,877,878,6,19.88078270,13.17921730,0.00000000
REDUCED_NO_SLG_FLY_SP,CP01-PROFILE-R0878,1,CP01-R0878,878,879,6,25.86622347,5.55377653,0.00000000
REDUCED_NO_SLG_FLY_SP,CP01-PROFILE-R0879,1,CP01-R0879,879,880,6,19.91539479,11.11460521,0.00000000
REDUCED_NO_SLG_FLY_SP,CP01-PROFILE-R0880,1,CP01-R0880,880,881,6,40.21737284,4.17262716,0.00000000
REDUCED_NO_SLG_FLY_SP,CP01-PROFILE-R0881,1,CP01-R0881,881,882,6,22.12704342,-9.94704342,0.00000000
REDUCED_NO_SLG_FLY_SP,CP01-PROFILE-R0882,1,CP01-R0882,882,883,6,33.82464561,-8.26464561,0.00000000
REDUCED_NO_SLG_FLY_SP,CP01-PROFILE-R0883,1,CP01-R0883,883,884,6,23.65833943,12.78166057,0.00000000
REDUCED_NO_SLG_FLY_SP,CP01-PROFILE-R0884,1,CP01-R0884,884,885,6,29.36440872,3.59559128,0.00000000
REDUCED_NO_SLG_FLY_SP,CP01-PROFILE-R0885,1,CP01-R0885,885,886,6,30.21878363,-6.37878363,0.00000000
REDUCED_NO_SLG_FLY_SP,CP01-PROFILE-R0886,1,CP01-R0886,886,887,6,32.52812600,-6.29812600,0.00000000
REDUCED_NO_SLG_FLY_SP,CP01-PROFILE-R0887,1,CP01-R0887,887,888,6,32.39860516,-14.44860516,0.00000000
REDUCED_NO_SLG_FLY_SP,CP01-PROFILE-R0888,1,CP01-R0888,888,889,6,37.73332999,2.94667001,0.00000000
REDUCED_NO_SLG_FLY_SP,CP01-PROFILE-R0889,1,CP01-R0889,889,890,6,23.99214132,-4.98214132,0.00000000
REDUCED_NO_SLG_FLY_SP,CP01-PROFILE-R0890,1,CP01-R0890,890,891,6,34.80701482,-1.08701482,0.00000000
REDUCED_NO_SLG_FLY_SP,CP01-PROFILE-R0891,1,CP01-R0891,891,892,6,19.48236417,-10.94236417,0.00000000
REDUCED_NO_SLG_FLY_SP,CP01-PROFILE-R0892,1,CP01-R0892,892,893,6,35.11000215,-21.65000215,0.00000000
REDUCED_NO_SLG_FLY_SP,CP01-PROFILE-R0893,1,CP01-R0893,893,894,6,28.95169206,3.28830794,0.00000000
REDUCED_NO_SLG_FLY_SP,CP01-PROFILE-R0894,1,CP01-R0894,894,895,6,27.66356324,-4.14356324,0.00000000
REDUCED_NO_SLG_FLY_SP,CP01-PROFILE-R0895,1,CP01-R0895,895,896,6,32.97173290,-3.25173290,0.00000000
REDUCED_NO_SLG_FLY_SP,CP01-PROFILE-R0896,1,CP01-R0896,896,897,6,40.97312014,8.79687986,0.00000000
REDUCED_NO_SLG_FLY_SP,CP01-PROFILE-R0897,1,CP01-R0897,897,898,6,41.80510179,10.63489821,0.00000000
REDUCED_NO_SLG_FLY_SP,CP01-PROFILE-R0898,1,CP01-R0898,898,899,6,39.01912589,1.91087411,0.00000000
REDUCED_NO_SLG_FLY_SP,CP01-PROFILE-R0899,1,CP01-R0899,899,900,6,32.21451105,12.64548895,0.00000000
REDUCED_NO_SLG_FLY_SP,CP01-PROFILE-R0900,1,CP01-R0900,900,901,6,24.33762205,-11.13762205,0.00000000
REDUCED_NO_SLG_FLY_SP,CP01-PROFILE-R0901,1,CP01-R0901,901,902,6,32.14365480,5.28634520,0.00000000
REDUCED_NO_SLG_FLY_SP,CP01-PROFILE-R0902,1,CP01-R0902,902,903,6,30.40630700,-0.53630700,0.00000000
REDUCED_NO_SLG_FLY_SP,CP01-PROFILE-R0903,1,CP01-R0903,903,904,6,38.35984061,18.25015939,0.00000000
REDUCED_NO_SLG_FLY_SP,CP01-PROFILE-R0904,1,CP01-R0904,904,905,6,23.39596523,-10.93596523,0.00000000
REDUCED_NO_SLG_FLY_SP,CP01-PROFILE-R0905,1,CP01-R0905,905,906,6,21.64728496,2.14271504,0.00000000
REDUCED_NO_SLG_FLY_SP,CP01-PROFILE-R0906,1,CP01-R0906,906,907,6,26.02543166,-12.73543166,0.00000000
REDUCED_NO_SLG_FLY_SP,CP01-PROFILE-R0907,1,CP01-R0907,907,908,6,41.05918226,-1.63918226,0.00000000
REDUCED_NO_SLG_FLY_SP,CP01-PROFILE-R0908,1,CP01-R0908,908,909,6,49.70751640,-3.47751640,0.00000000
REDUCED_NO_SLG_FLY_SP,CP01-PROFILE-R0909,1,CP01-R0909,909,910,6,55.59443327,-11.07443327,0.00000000
REDUCED_NO_SLG_FLY_SP,CP01-PROFILE-R0910,1,CP01-R0910,910,911,6,23.05827648,0.68172352,0.00000000
REDUCED_NO_SLG_FLY_SP,CP01-PROFILE-R0911,1,CP01-R0911,911,912,6,30.99021258,-4.85021258,0.00000000
REDUCED_NO_SLG_FLY_SP,CP01-PROFILE-R0912,1,CP01-R0912,912,913,6,28.28288295,-12.76288295,0.00000000
REDUCED_NO_SLG_FLY_SP,CP01-PROFILE-R0913,1,CP01-R0913,913,914,6,39.05787867,4.51212133,0.00000000
REDUCED_NO_SLG_FLY_SP,CP01-PROFILE-R0914,1,CP01-R0914,914,915,6,43.43398903,-7.57398903,0.00000000
REDUCED_NO_SLG_FLY_SP,CP01-PROFILE-R0915,1,CP01-R0915,915,916,6,41.51411726,-0.46411726,0.00000000
REDUCED_NO_SLG_FLY_SP,CP01-PROFILE-R0916,1,CP01-R0916,916,917,6,33.64717608,-4.65717608,0.00000000
REDUCED_NO_SLG_FLY_SP,CP01-PROFILE-R0917,1,CP01-R0917,917,918,6,32.17765484,14.06234516,0.00000000
REDUCED_NO_SLG_FLY_SP,CP01-PROFILE-R0918,1,CP01-R0918,918,919,6,26.55392116,0.36607884,0.00000000
REDUCED_NO_SLG_FLY_SP,CP01-PROFILE-R0919,1,CP01-R0919,919,920,6,20.43306971,-9.89306971,0.00000000
REDUCED_NO_SLG_FLY_SP,CP01-PROFILE-R0920,1,CP01-R0920,920,921,6,31.72656283,-6.62656283,0.00000000
REDUCED_NO_SLG_FLY_SP,CP01-PROFILE-R0921,1,CP01-R0921,921,922,6,35.33860321,-6.26860321,0.00000000
REDUCED_NO_SLG_FLY_SP,CP01-PROFILE-R0922,1,CP01-R0922,922,923,6,21.71934905,-11.97934905,0.00000000
REDUCED_NO_SLG_FLY_SP,CP01-PROFILE-R0923,1,CP01-R0923,923,924,6,34.50760276,-0.70760276,0.00000000
REDUCED_NO_SLG_FLY_SP,CP01-PROFILE-R0924,1,CP01-R0924,924,925,6,31.92261535,7.91738465,0.00000000
REDUCED_NO_SLG_FLY_SP,CP01-PROFILE-R0925,1,CP01-R0925,925,926,6,26.23745406,0.73254594,0.00000000
REDUCED_NO_SLG_FLY_SP,CP01-PROFILE-R0926,1,CP01-R0926,926,927,6,31.73333399,-4.50333399,0.00000000
REDUCED_NO_SLG_FLY_SP,CP01-PROFILE-R0927,1,CP01-R0927,927,928,6,35.60243860,-4.95243860,0.00000000
REDUCED_NO_SLG_FLY_SP,CP01-PROFILE-R0928,1,CP01-R0928,928,929,6,34.52821503,-1.47821503,0.00000000
REDUCED_NO_SLG_FLY_SP,CP01-PROFILE-R0929,1,CP01-R0929,929,930,6,36.46758912,-11.88758912,0.00000000
REDUCED_NO_SLG_FLY_SP,CP01-PROFILE-R0930,1,CP01-R0930,930,931,6,30.42346460,-8.51346460,0.00000000
REDUCED_NO_SLG_FLY_SP,CP01-PROFILE-R0931,1,CP01-R0931,931,932,6,34.90687860,-4.02687860,0.00000000
REDUCED_NO_SLG_FLY_SP,CP01-PROFILE-R0932,1,CP01-R0932,932,933,6,31.62634117,-16.28634117,0.00000000
REDUCED_NO_SLG_FLY_SP,CP01-PROFILE-R0933,1,CP01-R0933,933,934,6,26.51034233,-2.17034233,0.00000000
REDUCED_NO_SLG_FLY_SP,CP01-PROFILE-R0934,1,CP01-R0934,934,935,6,42.12580429,-18.23580429,0.00000000
REDUCED_NO_SLG_FLY_SP,CP01-PROFILE-R0935,1,CP01-R0935,935,936,6,29.07409881,-6.14409881,0.00000000
REDUCED_NO_SLG_FLY_SP,CP01-PROFILE-R0936,1,CP01-R0936,936,937,6,29.10358607,0.30641393,0.00000000
REDUCED_NO_SLG_FLY_SP,CP01-PROFILE-R0937,1,CP01-R0937,937,938,6,14.75791435,13.87208565,0.00000000
REDUCED_NO_SLG_FLY_SP,CP01-PROFILE-R0938,1,CP01-R0938,938,939,6,41.33491199,-4.53491199,0.00000000
REDUCED_NO_SLG_FLY_SP,CP01-PROFILE-R0939,1,CP01-R0939,939,940,6,23.21653000,-4.92653000,0.00000000
REDUCED_NO_SLG_FLY_SP,CP01-PROFILE-R0940,1,CP01-R0940,940,941,6,19.65784391,13.06215609,0.00000000
REDUCED_NO_SLG_FLY_SP,CP01-PROFILE-R0941,1,CP01-R0941,941,942,6,25.63441270,5.78558730,0.00000000
REDUCED_NO_SLG_FLY_SP,CP01-PROFILE-R0942,1,CP01-R0942,942,943,6,20.01955085,8.92044915,0.00000000
REDUCED_NO_SLG_FLY_SP,CP01-PROFILE-R0943,1,CP01-R0943,943,944,6,39.99550999,0.93449001,0.00000000
REDUCED_NO_SLG_FLY_SP,CP01-PROFILE-R0944,1,CP01-R0944,944,945,6,21.92823271,-9.74823271,0.00000000
REDUCED_NO_SLG_FLY_SP,CP01-PROFILE-R0945,1,CP01-R0945,945,946,6,33.62363810,-8.06363810,0.00000000
REDUCED_NO_SLG_FLY_SP,CP01-PROFILE-R0946,1,CP01-R0946,946,947,6,23.48284753,12.95715247,0.00000000
REDUCED_NO_SLG_FLY_SP,CP01-PROFILE-R0947,1,CP01-R0947,947,948,6,29.51830956,3.44169044,0.00000000
REDUCED_NO_SLG_FLY_SP,CP01-PROFILE-R0948,1,CP01-R0948,948,949,6,30.45983670,-6.61983670,0.00000000
REDUCED_NO_SLG_FLY_SP,CP01-PROFILE-R0949,1,CP01-R0949,949,950,6,32.28515551,-6.05515551,0.00000000
REDUCED_NO_SLG_FLY_SP,CP01-PROFILE-R0950,1,CP01-R0950,950,951,6,32.36193915,-14.40193915,0.00000000
REDUCED_NO_SLG_FLY_SP,CP01-PROFILE-R0951,1,CP01-R0951,951,952,6,37.72624596,0.90375404,0.00000000
REDUCED_NO_SLG_FLY_SP,CP01-PROFILE-R0952,1,CP01-R0952,952,953,6,23.93548327,-4.92548327,0.00000000
REDUCED_NO_SLG_FLY_SP,CP01-PROFILE-R0953,1,CP01-R0953,953,954,6,34.63192172,-0.91192172,0.00000000
REDUCED_NO_SLG_FLY_SP,CP01-PROFILE-R0954,1,CP01-R0954,954,955,6,19.66945671,-11.12945671,0.00000000
REDUCED_NO_SLG_FLY_SP,CP01-PROFILE-R0955,1,CP01-R0955,955,956,6,35.20503773,-21.74503773,0.00000000
REDUCED_NO_SLG_FLY_SP,CP01-PROFILE-R0956,1,CP01-R0956,956,957,6,29.03808164,3.21191836,0.00000000
REDUCED_NO_SLG_FLY_SP,CP01-PROFILE-R0957,1,CP01-R0957,957,958,6,27.66171963,-4.14171963,0.00000000
REDUCED_NO_SLG_FLY_SP,CP01-PROFILE-R0958,1,CP01-R0958,958,959,6,33.04877549,-3.31877549,0.00000000
REDUCED_NO_SLG_FLY_SP,CP01-PROFILE-R0959,1,CP01-R0959,959,960,6,41.18192742,8.58807258,0.00000000
REDUCED_NO_SLG_FLY_SP,CP01-PROFILE-R0960,1,CP01-R0960,960,961,6,41.97568381,10.47431619,0.00000000
REDUCED_NO_SLG_FLY_SP,CP01-PROFILE-R0961,1,CP01-R0961,961,962,6,38.83795901,2.09204099,0.00000000
REDUCED_NO_SLG_FLY_SP,CP01-PROFILE-R0962,1,CP01-R0962,962,963,6,32.31360486,12.55639514,0.00000000
REDUCED_NO_SLG_FLY_SP,CP01-PROFILE-R0963,1,CP01-R0963,963,964,6,24.42628307,-11.22628307,0.00000000
REDUCED_NO_SLG_FLY_SP,CP01-PROFILE-R0964,1,CP01-R0964,964,965,6,32.23274530,5.19725470,0.00000000
REDUCED_NO_SLG_FLY_SP,CP01-PROFILE-R0965,1,CP01-R0965,965,966,6,30.55060329,-0.68060329,0.00000000
REDUCED_NO_SLG_FLY_SP,CP01-PROFILE-R0966,1,CP01-R0966,966,967,6,38.35999766,18.26000234,0.00000000
REDUCED_NO_SLG_FLY_SP,CP01-PROFILE-R0967,1,CP01-R0967,967,968,6,23.24225405,-10.78225405,0.00000000
REDUCED_NO_SLG_FLY_SP,CP01-PROFILE-R0968,1,CP01-R0968,968,969,6,21.50627401,2.28372599,0.00000000
REDUCED_NO_SLG_FLY_SP,CP01-PROFILE-R0969,1,CP01-R0969,969,970,6,25.92482279,-12.63482279,0.00000000
REDUCED_NO_SLG_FLY_SP,CP01-PROFILE-R0970,1,CP01-R0970,970,971,6,41.17273424,-1.75273424,0.00000000
REDUCED_NO_SLG_FLY_SP,CP01-PROFILE-R0971,1,CP01-R0971,971,972,6,49.73286296,-3.50286296,0.00000000
REDUCED_NO_SLG_FLY_SP,CP01-PROFILE-R0972,1,CP01-R0972,972,973,6,55.44242824,-10.92242824,0.00000000
REDUCED_NO_SLG_FLY_SP,CP01-PROFILE-R0973,1,CP01-R0973,973,974,6,23.11855504,0.62144496,0.00000000
REDUCED_NO_SLG_FLY_SP,CP01-PROFILE-R0974,1,CP01-R0974,974,975,6,30.87837179,-4.72837179,0.00000000
REDUCED_NO_SLG_FLY_SP,CP01-PROFILE-R0975,1,CP01-R0975,975,976,6,28.08389971,-12.55389971,0.00000000
REDUCED_NO_SLG_FLY_SP,CP01-PROFILE-R0976,1,CP01-R0976,976,977,6,39.24229374,4.33770626,0.00000000
REDUCED_NO_SLG_FLY_SP,CP01-PROFILE-R0977,1,CP01-R0977,977,978,6,43.61304303,-7.74304303,0.00000000
REDUCED_NO_SLG_FLY_SP,CP01-PROFILE-R0978,1,CP01-R0978,978,979,6,41.32376097,-0.27376097,0.00000000
REDUCED_NO_SLG_FLY_SP,CP01-PROFILE-R0979,1,CP01-R0979,979,980,6,33.81497578,-4.82497578,0.00000000
REDUCED_NO_SLG_FLY_SP,CP01-PROFILE-R0980,1,CP01-R0980,980,981,6,32.21047064,14.03952936,0.00000000
REDUCED_NO_SLG_FLY_SP,CP01-PROFILE-R0981,1,CP01-R0981,981,982,6,26.41320258,0.50679742,0.00000000
REDUCED_NO_SLG_FLY_SP,CP01-PROFILE-R0982,1,CP01-R0982,982,983,6,20.61571601,-10.07571601,0.00000000
REDUCED_NO_SLG_FLY_SP,CP01-PROFILE-R0983,1,CP01-R0983,983,984,6,31.66991813,-6.56991813,0.00000000
REDUCED_NO_SLG_FLY_SP,CP01-PROFILE-R0984,1,CP01-R0984,984,985,6,35.54212810,-6.47212810,0.00000000
REDUCED_NO_SLG_FLY_SP,CP01-PROFILE-R0985,1,CP01-R0985,985,986,6,21.57854045,-11.83854045,0.00000000
REDUCED_NO_SLG_FLY_SP,CP01-PROFILE-R0986,1,CP01-R0986,986,987,6,34.68665666,-0.88665666,0.00000000
REDUCED_NO_SLG_FLY_SP,CP01-PROFILE-R0987,1,CP01-R0987,987,988,6,31.83803543,5.33196457,0.00000000
REDUCED_NO_SLG_FLY_SP,CP01-PROFILE-R0988,1,CP01-R0988,988,989,6,40.66907627,-6.90907627,0.00000000
REDUCED_NO_SLG_FLY_SP,CP01-PROFILE-R0989,1,CP01-R0989,989,990,6,21.66313546,-5.16313546,0.00000000
REDUCED_NO_SLG_FLY_SP,CP01-PROFILE-R0990,1,CP01-R0990,990,991,6,21.08388192,-1.09388192,0.00000000
REDUCED_NO_SLG_FLY_SP,CP01-PROFILE-R0991,1,CP01-R0991,991,992,6,42.02938467,-5.67938467,0.00000000
REDUCED_NO_SLG_FLY_SP,CP01-PROFILE-R0992,1,CP01-R0992,992,993,6,54.82383231,-16.60383231,0.00000000
REDUCED_NO_SLG_FLY_SP,CP01-PROFILE-R0993,1,CP01-R0993,993,994,6,34.81471693,-19.39471693,0.00000000
REDUCED_NO_SLG_FLY_SP,CP01-PROFILE-R0994,1,CP01-R0994,994,995,6,28.91629459,4.50370541,0.00000000
REDUCED_NO_SLG_FLY_SP,CP01-PROFILE-R0995,1,CP01-R0995,995,996,6,34.95178688,4.10821312,0.00000000
REDUCED_NO_SLG_FLY_SP,CP01-PROFILE-R0996,1,CP01-R0996,996,997,6,36.32806144,-8.64806144,0.00000000
REDUCED_NO_SLG_FLY_SP,CP01-PROFILE-R0997,1,CP01-R0997,997,998,6,23.87623257,2.98376743,0.00000000
REDUCED_NO_SLG_FLY_SP,CP01-PROFILE-R0998,1,CP01-R0998,998,999,6,43.20361622,2.09638378,0.00000000
REDUCED_NO_SLG_FLY_SP,CP01-PROFILE-R0999,1,CP01-R0999,999,1000,6,34.29415203,-4.17415203,0.00000000
REDUCED_NO_SLG_FLY_SP,CP01-PROFILE-R1000,1,CP01-R1000,1000,1001,6,33.55681810,-17.98681810,0.00000000
REDUCED_NO_SLG_FLY_SP,CP01-PROFILE-R1001,1,CP01-R1001,1001,1002,6,35.88032408,8.72967592,0.00000000
REDUCED_NO_SLG_FLY_SP,CP01-PROFILE-R1002,1,CP01-R1002,1002,1003,6,40.40292726,13.11707274,0.00000000
REDUCED_NO_SLG_FLY_SP,CP01-PROFILE-R1003,1,CP01-R1003,1003,1004,6,38.28225091,18.93774909,0.00000000
REDUCED_NO_SLG_FLY_SP,CP01-PROFILE-R1004,1,CP01-R1004,1004,1005,6,44.26692163,21.64307837,0.00000000
REDUCED_NO_SLG_FLY_SP,CP01-PROFILE-R1005,1,CP01-R1005,1005,1006,6,45.35360061,7.47639939,0.00000000
REDUCED_NO_SLG_FLY_SP,CP01-PROFILE-R1006,1,CP01-R1006,1006,1007,6,32.15653647,1.24346353,0.00000000
REDUCED_NO_SLG_FLY_SP,CP01-PROFILE-R1007,1,CP01-R1007,1007,1008,6,28.32626701,-10.29626701,0.00000000
REDUCED_NO_SLG_FLY_SP,CP01-PROFILE-R1008,1,CP01-R1008,1008,1009,6,30.84873534,6.51126466,0.00000000
REDUCED_NO_SLG_FLY_SP,CP01-PROFILE-R1009,1,CP01-R1009,1009,1010,6,32.09005632,3.21994368,0.00000000
REDUCED_NO_SLG_FLY_SP,CP01-PROFILE-R1010,1,CP01-R1010,1010,1011,6,35.44725036,7.19274964,0.00000000
REDUCED_NO_SLG_FLY_SP,CP01-PROFILE-R1011,1,CP01-R1011,1011,1012,6,32.59273870,7.46726130,0.00000000
REDUCED_NO_SLG_FLY_SP,CP01-PROFILE-R1012,1,CP01-R1012,1012,1013,6,41.62895998,2.17104002,0.00000000
REDUCED_NO_SLG_FLY_SP,CP01-PROFILE-R1013,1,CP01-R1013,1013,1014,6,44.24518891,16.99481109,0.00000000
REDUCED_NO_SLG_FLY_SP,CP01-PROFILE-R1014,1,CP01-R1014,1014,1015,6,42.85753584,-1.98753584,0.00000000
REDUCED_NO_SLG_FLY_SP,CP01-PROFILE-R1015,1,CP01-R1015,1015,1016,6,37.70546432,-4.39546432,0.00000000
REDUCED_NO_SLG_FLY_SP,CP01-PROFILE-R1016,1,CP01-R1016,1016,1017,6,40.10105983,12.32894017,0.00000000
REDUCED_NO_SLG_FLY_SP,CP01-PROFILE-R1017,1,CP01-R1017,1017,1018,6,31.14031837,-16.05031837,0.00000000
REDUCED_NO_SLG_FLY_SP,CP01-PROFILE-R1018,1,CP01-R1018,1018,1019,6,43.32677917,-4.86677917,0.00000000
REDUCED_NO_SLG_FLY_SP,CP01-PROFILE-R1019,1,CP01-R1019,1019,1020,6,41.65508736,-4.38508736,0.00000000
REDUCED_NO_SLG_FLY_SP,CP01-PROFILE-R1020,1,CP01-R1020,1020,1021,6,16.72051737,18.50948263,0.00000000
REDUCED_NO_SLG_FLY_SP,CP01-PROFILE-R1021,1,CP01-R1021,1021,1022,6,36.23332001,5.90667999,0.00000000
REDUCED_NO_SLG_FLY_SP,CP01-PROFILE-R1022,1,CP01-R1022,1022,1023,6,29.85493233,2.02506767,0.00000000
REDUCED_NO_SLG_FLY_SP,CP01-PROFILE-R1023,1,CP01-R1023,1023,1024,6,34.44022533,7.09977467,0.00000000
REDUCED_NO_SLG_FLY_SP,CP01-PROFILE-R1024,1,CP01-R1024,1024,1025,6,35.53867197,3.92132803,0.00000000
REDUCED_NO_SLG_FLY_SP,CP01-PROFILE-R1025,1,CP01-R1025,1025,1026,6,30.99113359,6.92886641,0.00000000
REDUCED_NO_SLG_FLY_SP,CP01-PROFILE-R1026,1,CP01-R1026,1026,1027,6,41.66282732,2.61717268,0.00000000
REDUCED_NO_SLG_FLY_SP,CP01-PROFILE-R1027,1,CP01-R1027,1027,1028,6,36.29567387,-5.11567387,0.00000000
REDUCED_NO_SLG_FLY_SP,CP01-PROFILE-R1028,1,CP01-R1028,1028,1029,6,27.06500050,-3.36500050,0.00000000
REDUCED_NO_SLG_FLY_SP,CP01-PROFILE-R1029,1,CP01-R1029,1029,1030,6,28.53188654,4.23811346,0.00000000
REDUCED_NO_SLG_FLY_SP,CP01-PROFILE-R1030,1,CP01-R1030,1030,1031,6,31.99633358,0.40366642,0.00000000
FULL_ADDITIVE_LOG_AGE_28,CP01-PROFILE-R0001,1,CP01-R0001,1,2,9,58.77108331,21.21891669,0.00000000
FULL_ADDITIVE_LOG_AGE_28,CP01-PROFILE-R0002,1,CP01-R0002,2,3,9,59.47386620,2.41613380,0.00000000
FULL_ADDITIVE_LOG_AGE_28,CP01-PROFILE-R0003,1,CP01-R0003,3,4,9,52.59765753,-12.32765753,0.00000000
FULL_ADDITIVE_LOG_AGE_28,CP01-PROFILE-R0004,1,CP01-R0004,4,5,9,55.26711278,-14.21711278,0.00000000
FULL_ADDITIVE_LOG_AGE_28,CP01-PROFILE-R0005,1,CP01-R0005,5,6,9,50.15671149,-5.85671149,0.00000000
FULL_ADDITIVE_LOG_AGE_28,CP01-PROFILE-R0006,1,CP01-R0006,6,7,9,33.21765599,13.81234401,0.00000000
FULL_ADDITIVE_LOG_AGE_28,CP01-PROFILE-R0007,1,CP01-R0007,7,8,9,56.15247255,-12.45247255,0.00000000
FULL_ADDITIVE_LOG_AGE_28,CP01-PROFILE-R0008,1,CP01-R0008,8,9,9,33.51470068,2.93529932,0.00000000
FULL_ADDITIVE_LOG_AGE_28,CP01-PROFILE-R0009,1,CP01-R0009,9,10,9,22.94403331,22.90596669,0.00000000
FULL_ADDITIVE_LOG_AGE_28,CP01-PROFILE-R0010,1,CP01-R0010,10,11,9,35.28426082,4.00573918,0.00000000
FULL_ADDITIVE_LOG_AGE_28,CP01-PROFILE-R0011,1,CP01-R0011,11,12,9,37.97318438,0.09681562,0.00000000
FULL_ADDITIVE_LOG_AGE_28,CP01-PROFILE-R0012,1,CP01-R0012,12,13,9,27.76008987,0.25991013,0.00000000
FULL_ADDITIVE_LOG_AGE_28,CP01-PROFILE-R0013,1,CP01-R0013,13,14,9,54.40882669,-11.39882669,0.00000000
FULL_ADDITIVE_LOG_AGE_28,CP01-PROFILE-R0014,1,CP01-R0014,14,15,9,31.79511024,10.53488976,0.00000000
FULL_ADDITIVE_LOG_AGE_28,CP01-PROFILE-R0015,1,CP01-R0015,15,16,9,23.64183215,24.16816785,0.00000000
FULL_ADDITIVE_LOG_AGE_28,CP01-PROFILE-R0016,1,CP01-R0016,16,17,9,35.29322877,17.61677123,0.00000000
FULL_ADDITIVE_LOG_AGE_28,CP01-PROFILE-R0017,1,CP01-R0017,17,18,9,40.32546354,-0.96546354,0.00000000
FULL_ADDITIVE_LOG_AGE_28,CP01-PROFILE-R0018,1,CP01-R0018,18,19,9,46.89633267,9.24366733,0.00000000
FULL_ADDITIVE_LOG_AGE_28,CP01-PROFILE-R0019,1,CP01-R0019,19,20,9,43.78479113,-3.22479113,0.00000000
FULL_ADDITIVE_LOG_AGE_28,CP01-PROFILE-R0020,1,CP01-R0020,20,21,9,51.74561341,-9.12561341,0.00000000
FULL_ADDITIVE_LOG_AGE_28,CP01-PROFILE-R0021,1,CP01-R0021,21,22,9,50.82323211,-8.98323211,0.00000000
FULL_ADDITIVE_LOG_AGE_28,CP01-PROFILE-R0022,1,CP01-R0022,22,23,9,30.12256004,-1.88256004,0.00000000
FULL_ADDITIVE_LOG_AGE_28,CP01-PROFILE-R0023,1,CP01-R0023,23,24,9,10.59933845,-2.53933845,0.00000000
FULL_ADDITIVE_LOG_AGE_28,CP01-PROFILE-R0024,1,CP01-R0024,24,25,9,46.41031304,-2.20031304,0.00000000
FULL_ADDITIVE_LOG_AGE_28,CP01-PROFILE-R0025,1,CP01-R0025,25,26,9,47.65796137,4.86203863,0.00000000
FULL_ADDITIVE_LOG_AGE_28,CP01-PROFILE-R0026,1,CP01-R0026,26,27,9,44.98308653,8.31691347,0.00000000
FULL_ADDITIVE_LOG_AGE_28,CP01-PROFILE-R0027,1,CP01-R0027,27,28,9,53.50401103,-12.35401103,0.00000000
FULL_ADDITIVE_LOG_AGE_28,CP01-PROFILE-R0028,1,CP01-R0028,28,29,9,40.70781601,11.41218399,0.00000000
FULL_ADDITIVE_LOG_AGE_28,CP01-PROFILE-R0029,1,CP01-R0029,29,30,9,34.40708232,3.02291768,0.00000000
FULL_ADDITIVE_LOG_AGE_28,CP01-PROFILE-R0030,1,CP01-R0030,30,31,9,22.96129661,15.63870339,0.00000000
FULL_ADDITIVE_LOG_AGE_28,CP01-PROFILE-R0031,1,CP01-R0031,31,32,9,46.18786943,9.07213057,0.00000000
FULL_ADDITIVE_LOG_AGE_28,CP01-PROFILE-R0032,1,CP01-R0032,32,33,9,45.48909920,7.42090080,0.00000000
FULL_ADDITIVE_LOG_AGE_28,CP01-PROFILE-R0033,1,CP01-R0033,33,34,9,44.05355176,-2.33355176,0.00000000
FULL_ADDITIVE_LOG_AGE_28,CP01-PROFILE-R0034,1,CP01-R0034,34,35,9,55.36278844,-13.23278844,0.00000000
FULL_ADDITIVE_LOG_AGE_28,CP01-PROFILE-R0035,1,CP01-R0035,35,36,9,44.01865194,9.67134806,0.00000000
FULL_ADDITIVE_LOG_AGE_28,CP01-PROFILE-R0036,1,CP01-R0036,36,37,9,50.81965935,-12.40965935,0.00000000
FULL_ADDITIVE_LOG_AGE_28,CP01-PROFILE-R0037,1,CP01-R0037,37,38,9,30.85425605,-0.77425605,0.00000000
FULL_ADDITIVE_LOG_AGE_28,CP01-PROFILE-R0038,1,CP01-R0038,38,39,9,42.90120428,-5.18120428,0.00000000
FULL_ADDITIVE_LOG_AGE_28,CP01-PROFILE-R0039,1,CP01-R0039,39,40,9,45.59661076,-3.36661076,0.00000000
FULL_ADDITIVE_LOG_AGE_28,CP01-PROFILE-R0040,1,CP01-R0040,40,41,9,47.24481020,-10.99481020,0.00000000
FULL_ADDITIVE_LOG_AGE_28,CP01-PROFILE-R0041,1,CP01-R0041,41,42,9,34.61768570,15.84231430,0.00000000
FULL_ADDITIVE_LOG_AGE_28,CP01-PROFILE-R0042,1,CP01-R0042,42,43,9,57.08220960,-13.38220960,0.00000000
FULL_ADDITIVE_LOG_AGE_28,CP01-PROFILE-R0043,1,CP01-R0043,43,44,9,53.49512220,-14.49512220,0.00000000
FULL_ADDITIVE_LOG_AGE_28,CP01-PROFILE-R0044,1,CP01-R0044,44,45,9,41.40590946,11.69409054,0.00000000
FULL_ADDITIVE_LOG_AGE_28,CP01-PROFILE-R0045,1,CP01-R0045,45,46,9,44.68744530,-3.14744530,0.00000000
FULL_ADDITIVE_LOG_AGE_28,CP01-PROFILE-R0046,1,CP01-R0046,46,47,9,22.14139053,12.93860947,0.00000000
FULL_ADDITIVE_LOG_AGE_28,CP01-PROFILE-R0047,1,CP01-R0047,47,48,9,14.51827165,0.53172835,0.00000000
FULL_ADDITIVE_LOG_AGE_28,CP01-PROFILE-R0048,1,CP01-R0048,48,49,9,49.91272180,-9.15272180,0.00000000
FULL_ADDITIVE_LOG_AGE_28,CP01-PROFILE-R0049,1,CP01-R0049,49,50,9,18.63338561,7.62661439,0.00000000
FULL_ADDITIVE_LOG_AGE_28,CP01-PROFILE-R0050,1,CP01-R0050,50,51,9,21.28267179,11.53732821,0.00000000
FULL_ADDITIVE_LOG_AGE_28,CP01-PROFILE-R0051,1,CP01-R0051,51,52,9,49.00911975,-9.22911975,0.00000000
FULL_ADDITIVE_LOG_AGE_28,CP01-PROFILE-R0052,1,CP01-R0052,52,53,9,37.85928381,9.07071619,0.00000000
FULL_ADDITIVE_LOG_AGE_28,CP01-PROFILE-R0053,1,CP01-R0053,53,54,9,41.13938641,-8.01938641,0.00000000
FULL_ADDITIVE_LOG_AGE_28,CP01-PROFILE-R0054,1,CP01-R0054,54,55,9,33.91920123,15.27079877,0.00000000
FULL_ADDITIVE_LOG_AGE_28,CP01-PROFILE-R0055,1,CP01-R0055,55,56,9,18.01770897,-3.42770897,0.00000000
FULL_ADDITIVE_LOG_AGE_28,CP01-PROFILE-R0056,1,CP01-R0056,56,57,9,15.64070085,-1.00070085,0.00000000
FULL_ADDITIVE_LOG_AGE_28,CP01-PROFILE-R0057,1,CP01-R0057,57,58,9,58.05677382,-16.12677382,0.00000000
FULL_ADDITIVE_LOG_AGE_28,CP01-PROFILE-R0058,1,CP01-R0058,58,59,9,8.21866483,0.91133517,0.00000000
FULL_ADDITIVE_LOG_AGE_28,CP01-PROFILE-R0059,1,CP01-R0059,59,60,9,40.00410414,10.94589586,0.00000000
FULL_ADDITIVE_LOG_AGE_28,CP01-PROFILE-R0060,1,CP01-R0060,60,61,9,32.64031902,0.37968098,0.00000000
FULL_ADDITIVE_LOG_AGE_28,CP01-PROFILE-R0061,1,CP01-R0061,61,62,9,43.54147332,10.83852668,0.00000000
FULL_ADDITIVE_LOG_AGE_28,CP01-PROFILE-R0062,1,CP01-R0062,62,63,9,42.84490254,8.88509746,0.00000000
FULL_ADDITIVE_LOG_AGE_28,CP01-PROFILE-R0063,1,CP01-R0063,63,64,9,8.57080161,1.29919839,0.00000000
FULL_ADDITIVE_LOG_AGE_28,CP01-PROFILE-R0064,1,CP01-R0064,64,65,9,41.39464429,9.26535571,0.00000000
FULL_ADDITIVE_LOG_AGE_28,CP01-PROFILE-R0065,1,CP01-R0065,65,66,9,39.30259081,9.39740919,0.00000000
FULL_ADDITIVE_LOG_AGE_28,CP01-PROFILE-R0066,1,CP01-R0066,66,67,9,44.25040314,10.80959686,0.00000000
FULL_ADDITIVE_LOG_AGE_28,CP01-PROFILE-R0067,1,CP01-R0067,67,68,9,52.58754512,-7.88754512,0.00000000
FULL_ADDITIVE_LOG_AGE_28,CP01-PROFILE-R0068,1,CP01-R0068,68,69,9,20.41269290,9.86730710,0.00000000
FULL_ADDITIVE_LOG_AGE_28,CP01-PROFILE-R0069,1,CP01-R0069,69,70,9,21.51778818,19.34221182,0.00000000
FULL_ADDITIVE_LOG_AGE_28,CP01-PROFILE-R0070,1,CP01-R0070,70,71,9,60.01484684,11.97515316,0.00000000
FULL_ADDITIVE_LOG_AGE_28,CP01-PROFILE-R0071,1,CP01-R0071,71,72,9,38.48914289,-4.08914289,0.00000000
FULL_ADDITIVE_LOG_AGE_28,CP01-PROFILE-R0072,1,CP01-R0072,72,73,9,36.33635349,-7.53635349,0.00000000
FULL_ADDITIVE_LOG_AGE_28,CP01-PROFILE-R0073,3,CP01-R0073,73,74,9,41.39261760,-7.99261760,0.18488489
FULL_ADDITIVE_LOG_AGE_28,CP01-PROFILE-R0074,1,CP01-R0074,74,75,9,41.18180710,-4.88180710,0.00000000
FULL_ADDITIVE_LOG_AGE_28,CP01-PROFILE-R0075,1,CP01-R0075,75,76,9,41.25210099,-12.25210099,0.00000000
FULL_ADDITIVE_LOG_AGE_28,CP01-PROFILE-R0076,1,CP01-R0076,76,77,9,41.08788525,-3.28788525,0.00000000
FULL_ADDITIVE_LOG_AGE_28,CP01-PROFILE-R0077,1,CP01-R0077,77,78,9,50.86672900,-10.66672900,0.00000000
FULL_ADDITIVE_LOG_AGE_28,CP01-PROFILE-R0073,3,CP01-R0078,78,79,9,41.39261760,-7.99261760,0.18488489
FULL_ADDITIVE_LOG_AGE_28,CP01-PROFILE-R0079,1,CP01-R0079,79,80,9,35.52463175,-7.42463175,0.00000000
FULL_ADDITIVE_LOG_AGE_28,CP01-PROFILE-R0080,1,CP01-R0080,80,81,9,46.41044552,-5.11044552,0.00000000
FULL_ADDITIVE_LOG_AGE_28,CP01-PROFILE-R0073,3,CP01-R0081,81,82,9,41.39261760,-7.99261760,0.18488489
FULL_ADDITIVE_LOG_AGE_28,CP01-PROFILE-R0082,1,CP01-R0082,82,83,9,38.47762900,-13.27762900,0.00000000
FULL_ADDITIVE_LOG_AGE_28,CP01-PROFILE-R0083,1,CP01-R0083,83,84,9,38.35395070,2.74604930,0.00000000
FULL_ADDITIVE_LOG_AGE_28,CP01-PROFILE-R0084,4,CP01-R0084,84,85,9,38.35755624,-3.05755624,0.07040523
FULL_ADDITIVE_LOG_AGE_28,CP01-PROFILE-R0085,1,CP01-R0085,85,86,9,37.91700040,-9.61700040,0.00000000
FULL_ADDITIVE_LOG_AGE_28,CP01-PROFILE-R0086,1,CP01-R0086,86,87,9,38.50663413,-9.90663413,0.00000000
FULL_ADDITIVE_LOG_AGE_28,CP01-PROFILE-R0084,4,CP01-R0087,87,88,9,38.35755624,-3.05755624,0.07040523
FULL_ADDITIVE_LOG_AGE_28,CP01-PROFILE-R0088,1,CP01-R0088,88,89,9,35.51475675,-11.11475675,0.00000000
FULL_ADDITIVE_LOG_AGE_28,CP01-PROFILE-R0084,4,CP01-R0089,89,90,9,38.35755624,-3.05755624,0.07040523
FULL_ADDITIVE_LOG_AGE_28,CP01-PROFILE-R0090,1,CP01-R0090,90,91,9,40.91757140,-1.61757140,0.00000000
FULL_ADDITIVE_LOG_AGE_28,CP01-PROFILE-R0091,1,CP01-R0091,91,92,9,45.70832973,-5.10832973,0.00000000
FULL_ADDITIVE_LOG_AGE_28,CP01-PROFILE-R0084,4,CP01-R0092,92,93,9,38.35755624,-3.05755624,0.07040523
FULL_ADDITIVE_LOG_AGE_28,CP01-PROFILE-R0093,1,CP01-R0093,93,94,9,33.46295863,-9.36295863,0.00000000
FULL_ADDITIVE_LOG_AGE_28,CP01-PROFILE-R0094,1,CP01-R0094,94,95,9,45.86612623,0.33387377,0.00000000
FULL_ADDITIVE_LOG_AGE_28,CP01-PROFILE-R0095,1,CP01-R0095,95,96,9,43.65335321,-0.85335321,0.00000000
FULL_ADDITIVE_LOG_AGE_28,CP01-PROFILE-R0096,3,CP01-R0096,96,97,9,48.50913297,0.69086703,0.01366682
FULL_ADDITIVE_LOG_AGE_28,CP01-PROFILE-R0097,1,CP01-R0097,97,98,9,48.55456037,-1.75456037,0.00000000
FULL_ADDITIVE_LOG_AGE_28,CP01-PROFILE-R0098,1,CP01-R0098,98,99,9,48.47015917,-2.77015917,0.00000000
FULL_ADDITIVE_LOG_AGE_28,CP01-PROFILE-R0099,1,CP01-R0099,99,100,9,48.39644375,7.20355625,0.00000000
FULL_ADDITIVE_LOG_AGE_28,CP01-PROFILE-R0100,1,CP01-R0100,100,101,9,58.03091909,-3.13091909,0.00000000
FULL_ADDITIVE_LOG_AGE_28,CP01-PROFILE-R0096,3,CP01-R0101,101,102,9,48.50913297,0.69086703,0.01366682
FULL_ADDITIVE_LOG_AGE_28,CP01-PROFILE-R0102,1,CP01-R0102,102,103,9,42.93026763,-8.03026763,0.00000000
FULL_ADDITIVE_LOG_AGE_28,CP01-PROFILE-R0103,1,CP01-R0103,103,104,9,53.85989994,-6.95989994,0.00000000
FULL_ADDITIVE_LOG_AGE_28,CP01-PROFILE-R0096,3,CP01-R0104,104,105,9,48.50913297,0.69086703,0.01366682
FULL_ADDITIVE_LOG_AGE_28,CP01-PROFILE-R0105,1,CP01-R0105,105,106,9,45.86095271,-12.46095271,0.00000000
FULL_ADDITIVE_LOG_AGE_28,CP01-PROFILE-R0106,1,CP01-R0106,106,107,9,45.73264188,8.36735812,0.00000000
FULL_ADDITIVE_LOG_AGE_28,CP01-PROFILE-R0107,4,CP01-R0107,107,108,9,45.62753596,10.27246404,0.01298188
FULL_ADDITIVE_LOG_AGE_28,CP01-PROFILE-R0108,1,CP01-R0108,108,109,9,45.15473264,4.64526736,0.00000000
FULL_ADDITIVE_LOG_AGE_28,CP01-PROFILE-R0109,1,CP01-R0109,109,110,9,45.67167557,1.42832443,0.00000000
FULL_ADDITIVE_LOG_AGE_28,CP01-PROFILE-R0107,4,CP01-R0110,110,111,9,45.62753596,10.27246404,0.01298188
FULL_ADDITIVE_LOG_AGE_28,CP01-PROFILE-R0111,1,CP01-R0111,111,112,9,42.86037454,-4.86037454,0.00000000
FULL_ADDITIVE_LOG_AGE_28,CP01-PROFILE-R0107,4,CP01-R0112,112,113,9,45.62753596,10.27246404,0.01298188
FULL_ADDITIVE_LOG_AGE_28,CP01-PROFILE-R0113,1,CP01-R0113,113,114,9,48.24045194,7.85954806,0.00000000
FULL_ADDITIVE_LOG_AGE_28,CP01-PROFILE-R0114,1,CP01-R0114,114,115,9,52.95680959,6.13319041,0.00000000
FULL_ADDITIVE_LOG_AGE_28,CP01-PROFILE-R0107,4,CP01-R0115,115,116,9,45.62753596,-22.72753596,0.18329803
FULL_ADDITIVE_LOG_AGE_28,CP01-PROFILE-R0116,1,CP01-R0116,116,117,9,40.83779229,-5.73779229,0.00000000
FULL_ADDITIVE_LOG_AGE_28,CP01-PROFILE-R0117,1,CP01-R0117,117,118,9,57.97606543,3.11393457,0.00000000
FULL_ADDITIVE_LOG_AGE_28,CP01-PROFILE-R0118,1,CP01-R0118,118,119,9,55.72308466,4.07691534,0.00000000
FULL_ADDITIVE_LOG_AGE_28,CP01-PROFILE-R0119,3,CP01-R0119,119,120,9,60.66530653,-0.37530653,0.00707861
FULL_ADDITIVE_LOG_AGE_28,CP01-PROFILE-R0120,1,CP01-R0120,120,121,9,60.65385079,1.14614921,0.00000000
FULL_ADDITIVE_LOG_AGE_28,CP01-PROFILE-R0121,1,CP01-R0121,121,122,9,60.61578203,-3.91578203,0.00000000
FULL_ADDITIVE_LOG_AGE_28,CP01-PROFILE-R0122,1,CP01-R0122,122,123,9,60.52162833,7.77837167,0.00000000
FULL_ADDITIVE_LOG_AGE_28,CP01-PROFILE-R0123,1,CP01-R0123,123,124,9,70.15597146,-3.25597146,0.00000000
FULL_ADDITIVE_LOG_AGE_28,CP01-PROFILE-R0119,3,CP01-R0124,124,125,9,60.66530653,-0.37530653,0.00707861
FULL_ADDITIVE_LOG_AGE_28,CP01-PROFILE-R0125,1,CP01-R0125,125,126,9,55.01919883,-4.31919883,0.00000000
FULL_ADDITIVE_LOG_AGE_28,CP01-PROFILE-R0126,1,CP01-R0126,126,127,9,66.04508243,-9.64508243,0.00000000
FULL_ADDITIVE_LOG_AGE_28,CP01-PROFILE-R0119,3,CP01-R0127,127,128,9,60.66530653,-0.37530653,0.00707861
FULL_ADDITIVE_LOG_AGE_28,CP01-PROFILE-R0128,1,CP01-R0128,128,129,9,57.88410569,-2.38410569,0.00000000
FULL_ADDITIVE_LOG_AGE_28,CP01-PROFILE-R0129,1,CP01-R0129,129,130,9,57.84526445,10.65473555,0.00000000
FULL_ADDITIVE_LOG_AGE_28,CP01-PROFILE-R0130,4,CP01-R0130,130,131,9,57.50525283,13.79474717,0.22279664
FULL_ADDITIVE_LOG_AGE_28,CP01-PROFILE-R0131,1,CP01-R0131,131,132,9,57.15464184,17.54535816,0.00000000
FULL_ADDITIVE_LOG_AGE_28,CP01-PROFILE-R0132,1,CP01-R0132,132,133,9,57.93206268,-5.73206268,0.00000000
FULL_ADDITIVE_LOG_AGE_28,CP01-PROFILE-R0130,4,CP01-R0133,133,134,9,57.50525283,13.79474717,0.22279664
FULL_ADDITIVE_LOG_AGE_28,CP01-PROFILE-R0134,1,CP01-R0134,134,135,9,54.84649553,12.85350447,0.00000000
FULL_ADDITIVE_LOG_AGE_28,CP01-PROFILE-R0130,4,CP01-R0135,135,136,9,57.50525283,13.79474717,0.22279664
FULL_ADDITIVE_LOG_AGE_28,CP01-PROFILE-R0136,1,CP01-R0136,136,137,9,60.39147463,5.60852537,0.00000000
FULL_ADDITIVE_LOG_AGE_28,CP01-PROFILE-R0137,1,CP01-R0137,137,138,9,65.04497510,9.45502490,0.00000000
FULL_ADDITIVE_LOG_AGE_28,CP01-PROFILE-R0130,4,CP01-R0138,138,139,9,57.50525283,13.79474717,0.22279664
FULL_ADDITIVE_LOG_AGE_28,CP01-PROFILE-R0139,1,CP01-R0139,139,140,9,52.94658174,-3.04658174,0.00000000
FULL_ADDITIVE_LOG_AGE_28,CP01-PROFILE-R0140,1,CP01-R0140,140,141,9,64.06042288,-0.66042288,0.00000000
FULL_ADDITIVE_LOG_AGE_28,CP01-PROFILE-R0141,1,CP01-R0141,141,142,9,61.79463291,3.10536709,0.00000000
FULL_ADDITIVE_LOG_AGE_28,CP01-PROFILE-R0142,3,CP01-R0142,142,143,9,66.79342592,-2.49342592,0.05115979
FULL_ADDITIVE_LOG_AGE_28,CP01-PROFILE-R0143,1,CP01-R0143,143,144,9,66.74306300,-1.84306300,0.00000000
FULL_ADDITIVE_LOG_AGE_28,CP01-PROFILE-R0144,1,CP01-R0144,144,145,9,66.73217879,-6.53217879,0.00000000
FULL_ADDITIVE_LOG_AGE_28,CP01-PROFILE-R0145,1,CP01-R0145,145,146,9,66.59801513,5.70198487,0.00000000
FULL_ADDITIVE_LOG_AGE_28,CP01-PROFILE-R0146,1,CP01-R0146,146,147,9,76.32919238,-7.02919238,0.00000000
FULL_ADDITIVE_LOG_AGE_28,CP01-PROFILE-R0142,3,CP01-R0147,147,148,9,66.79342592,-2.49342592,0.05115979
FULL_ADDITIVE_LOG_AGE_28,CP01-PROFILE-R0148,1,CP01-R0148,148,149,9,61.10213417,-5.90213417,0.00000000
FULL_ADDITIVE_LOG_AGE_28,CP01-PROFILE-R0149,1,CP01-R0149,149,150,9,72.20923048,-13.40923048,0.00000000
FULL_ADDITIVE_LOG_AGE_28,CP01-PROFILE-R0142,3,CP01-R0150,150,151,9,66.79342592,-2.49342592,0.05115979
FULL_ADDITIVE_LOG_AGE_28,CP01-PROFILE-R0151,1,CP01-R0151,151,152,9,63.89907403,2.20092597,0.00000000
FULL_ADDITIVE_LOG_AGE_28,CP01-PROFILE-R0152,1,CP01-R0152,152,153,9,63.90410393,9.79589607,0.00000000
FULL_ADDITIVE_LOG_AGE_28,CP01-PROFILE-R0153,4,CP01-R0153,153,154,9,63.52654890,13.77345110,0.25419402
FULL_ADDITIVE_LOG_AGE_28,CP01-PROFILE-R0154,1,CP01-R0154,154,155,9,63.21247849,16.98752151,0.00000000
FULL_ADDITIVE_LOG_AGE_28,CP01-PROFILE-R0155,1,CP01-R0155,155,156,9,64.06244806,-9.16244806,0.00000000
FULL_ADDITIVE_LOG_AGE_28,CP01-PROFILE-R0153,4,CP01-R0156,156,157,9,63.52654890,13.77345110,0.25419402
FULL_ADDITIVE_LOG_AGE_28,CP01-PROFILE-R0157,1,CP01-R0157,157,158,9,60.90318416,12.08681584,0.00000000
FULL_ADDITIVE_LOG_AGE_28,CP01-PROFILE-R0153,4,CP01-R0158,158,159,9,63.52654890,13.77345110,0.25419402
FULL_ADDITIVE_LOG_AGE_28,CP01-PROFILE-R0159,1,CP01-R0159,159,160,9,66.45417071,5.24582929,0.00000000
FULL_ADDITIVE_LOG_AGE_28,CP01-PROFILE-R0160,1,CP01-R0160,160,161,9,71.11750773,8.28249227,0.00000000
FULL_ADDITIVE_LOG_AGE_28,CP01-PROFILE-R0153,4,CP01-R0161,161,162,9,63.52654890,13.77345110,0.25419402
FULL_ADDITIVE_LOG_AGE_28,CP01-PROFILE-R0162,1,CP01-R0162,162,163,9,58.98982114,0.90017886,0.00000000
FULL_ADDITIVE_LOG_AGE_28,CP01-PROFILE-R0163,1,CP01-R0163,163,164,9,68.32791545,-3.42791545,0.00000000
FULL_ADDITIVE_LOG_AGE_28,CP01-PROFILE-R0164,1,CP01-R0164,164,165,9,66.07104454,0.52895546,0.00000000
FULL_ADDITIVE_LOG_AGE_28,CP01-PROFILE-R0165,3,CP01-R0165,165,166,9,71.16322627,-5.96322627,0.13430935
FULL_ADDITIVE_LOG_AGE_28,CP01-PROFILE-R0166,1,CP01-R0166,166,167,9,71.01582697,-4.31582697,0.00000000
FULL_ADDITIVE_LOG_AGE_28,CP01-PROFILE-R0167,1,CP01-R0167,167,168,9,71.02595516,-8.52595516,0.00000000
FULL_ADDITIVE_LOG_AGE_28,CP01-PROFILE-R0168,1,CP01-R0168,168,169,9,70.86352611,3.32647389,0.00000000
FULL_ADDITIVE_LOG_AGE_28,CP01-PROFILE-R0169,1,CP01-R0169,169,170,9,80.66780339,-9.96780339,0.00000000
FULL_ADDITIVE_LOG_AGE_28,CP01-PROFILE-R0165,3,CP01-R0170,170,171,9,71.16322627,-5.96322627,0.13430935
FULL_ADDITIVE_LOG_AGE_28,CP01-PROFILE-R0171,1,CP01-R0171,171,172,9,65.37617240,-7.77617240,0.00000000
FULL_ADDITIVE_LOG_AGE_28,CP01-PROFILE-R0172,1,CP01-R0172,172,173,9,76.57059667,-17.37059667,0.00000000
FULL_ADDITIVE_LOG_AGE_28,CP01-PROFILE-R0165,3,CP01-R0173,173,174,9,71.16322627,-5.96322627,0.13430935
FULL_ADDITIVE_LOG_AGE_28,CP01-PROFILE-R0174,1,CP01-R0174,174,175,9,68.17045770,-0.07045770,0.00000000
FULL_ADDITIVE_LOG_AGE_28,CP01-PROFILE-R0175,1,CP01-R0175,175,176,9,68.16049927,7.33950073,0.00000000
FULL_ADDITIVE_LOG_AGE_28,CP01-PROFILE-R0176,4,CP01-R0176,176,177,9,67.78483090,11.51516910,0.24556681
FULL_ADDITIVE_LOG_AGE_28,CP01-PROFILE-R0177,1,CP01-R0177,177,178,9,68.36889775,-11.86889775,0.00000000
FULL_ADDITIVE_LOG_AGE_28,CP01-PROFILE-R0176,4,CP01-R0178,178,179,9,67.78483090,11.51516910,0.24556681
FULL_ADDITIVE_LOG_AGE_28,CP01-PROFILE-R0179,1,CP01-R0179,179,180,9,65.14058535,11.65941465,0.00000000
FULL_ADDITIVE_LOG_AGE_28,CP01-PROFILE-R0176,4,CP01-R0180,180,181,9,67.78483090,11.51516910,0.24556681
FULL_ADDITIVE_LOG_AGE_28,CP01-PROFILE-R0181,1,CP01-R0181,181,182,9,70.72140419,2.57859581,0.00000000
FULL_ADDITIVE_LOG_AGE_28,CP01-PROFILE-R0182,1,CP01-R0182,182,183,9,75.37205081,7.22794919,0.00000000
FULL_ADDITIVE_LOG_AGE_28,CP01-PROFILE-R0176,4,CP01-R0183,183,184,9,67.78483090,11.51516910,0.24556681
FULL_ADDITIVE_LOG_AGE_28,CP01-PROFILE-R0184,1,CP01-R0184,184,185,9,63.21199371,4.58800629,0.00000000
FULL_ADDITIVE_LOG_AGE_28,CP01-PROFILE-R0185,1,CP01-R0185,185,186,9,7.33452630,4.24547370,0.00000000
FULL_ADDITIVE_LOG_AGE_28,CP01-PROFILE-R0186,1,CP01-R0186,186,187,9,20.82301196,3.62698804,0.00000000
FULL_ADDITIVE_LOG_AGE_28,CP01-PROFILE-R0187,1,CP01-R0187,187,188,9,26.91825881,-2.02825881,0.00000000
FULL_ADDITIVE_LOG_AGE_28,CP01-PROFILE-R0188,1,CP01-R0188,188,189,9,32.99175345,-3.54175345,0.00000000
FULL_ADDITIVE_LOG_AGE_28,CP01-PROFILE-R0189,1,CP01-R0189,189,190,9,38.02097819,2.68902181,0.00000000
FULL_ADDITIVE_LOG_AGE_28,CP01-PROFILE-R0190,1,CP01-R0190,190,191,9,6.32776263,4.05223737,0.00000000
FULL_ADDITIVE_LOG_AGE_28,CP01-PROFILE-R0191,1,CP01-R0191,191,192,9,19.82440713,2.31559287,0.00000000
FULL_ADDITIVE_LOG_AGE_28,CP01-PROFILE-R0192,1,CP01-R0192,192,193,9,25.92099619,-3.08099619,0.00000000
FULL_ADDITIVE_LOG_AGE_28,CP01-PROFILE-R0193,1,CP01-R0193,193,194,9,31.99355138,-4.33355138,0.00000000
FULL_ADDITIVE_LOG_AGE_28,CP01-PROFILE-R0194,1,CP01-R0194,194,195,9,37.05504498,-2.49504498,0.00000000
FULL_ADDITIVE_LOG_AGE_28,CP01-PROFILE-R0195,1,CP01-R0195,195,196,9,9.83192219,2.61807781,0.00000000
FULL_ADDITIVE_LOG_AGE_28,CP01-PROFILE-R0196,1,CP01-R0196,196,197,9,23.31612723,1.67387277,0.00000000
FULL_ADDITIVE_LOG_AGE_28,CP01-PROFILE-R0197,1,CP01-R0197,197,198,9,29.40506022,-3.68506022,0.00000000
FULL_ADDITIVE_LOG_AGE_28,CP01-PROFILE-R0198,1,CP01-R0198,198,199,9,35.45813093,-1.49813093,0.00000000
FULL_ADDITIVE_LOG_AGE_28,CP01-PROFILE-R0199,1,CP01-R0199,199,200,9,40.54308505,-3.20308505,0.00000000
FULL_ADDITIVE_LOG_AGE_28,CP01-PROFILE-R0200,1,CP01-R0200,200,201,9,10.93143487,4.10856513,0.00000000
FULL_ADDITIVE_LOG_AGE_28,CP01-PROFILE-R0201,1,CP01-R0201,201,202,9,24.45238299,-3.39238299,0.00000000
FULL_ADDITIVE_LOG_AGE_28,CP01-PROFILE-R0202,1,CP01-R0202,202,203,9,30.51853588,-4.11853588,0.00000000
FULL_ADDITIVE_LOG_AGE_28,CP01-PROFILE-R0203,1,CP01-R0203,203,204,9,36.56788247,-1.22788247,0.00000000
FULL_ADDITIVE_LOG_AGE_28,CP01-PROFILE-R0204,1,CP01-R0204,204,205,9,41.63960633,-1.06960633,0.00000000
FULL_ADDITIVE_LOG_AGE_28,CP01-PROFILE-R0205,1,CP01-R0205,205,206,9,9.02106079,3.44893921,0.00000000
FULL_ADDITIVE_LOG_AGE_28,CP01-PROFILE-R0206,1,CP01-R0206,206,207,9,22.52486287,-1.60486287,0.00000000
FULL_ADDITIVE_LOG_AGE_28,CP01-PROFILE-R0207,1,CP01-R0207,207,208,9,28.59542359,-3.69542359,0.00000000
FULL_ADDITIVE_LOG_AGE_28,CP01-PROFILE-R0208,1,CP01-R0208,208,209,9,34.64570458,-0.44570458,0.00000000
FULL_ADDITIVE_LOG_AGE_28,CP01-PROFILE-R0209,1,CP01-R0209,209,210,9,39.71574090,-0.10574090,0.00000000
FULL_ADDITIVE_LOG_AGE_28,CP01-PROFILE-R0210,1,CP01-R0210,210,211,9,7.45498925,2.57501075,0.00000000
FULL_ADDITIVE_LOG_AGE_28,CP01-PROFILE-R0211,1,CP01-R0211,211,212,9,20.95472557,-0.87472557,0.00000000
FULL_ADDITIVE_LOG_AGE_28,CP01-PROFILE-R0212,1,CP01-R0212,212,213,9,27.02543950,-2.54543950,0.00000000
FULL_ADDITIVE_LOG_AGE_28,CP01-PROFILE-R0213,1,CP01-R0213,213,214,9,33.08378171,-1.54378171,0.00000000
FULL_ADDITIVE_LOG_AGE_28,CP01-PROFILE-R0214,1,CP01-R0214,214,215,9,38.16456146,-2.82456146,0.00000000
FULL_ADDITIVE_LOG_AGE_28,CP01-PROFILE-R0215,1,CP01-R0215,215,216,9,11.07086823,-1.62086823,0.00000000
FULL_ADDITIVE_LOG_AGE_28,CP01-PROFILE-R0216,1,CP01-R0216,216,217,9,24.54125096,-1.82125096,0.00000000
FULL_ADDITIVE_LOG_AGE_28,CP01-PROFILE-R0217,1,CP01-R0217,217,218,9,30.60543244,-2.13543244,0.00000000
FULL_ADDITIVE_LOG_AGE_28,CP01-PROFILE-R0218,1,CP01-R0218,218,219,9,36.64540071,1.91459929,0.00000000
FULL_ADDITIVE_LOG_AGE_28,CP01-PROFILE-R0219,1,CP01-R0219,219,220,9,41.73755341,-1.34755341,0.00000000
FULL_ADDITIVE_LOG_AGE_28,CP01-PROFILE-R0220,1,CP01-R0220,220,221,9,7.15229591,3.60770409,0.00000000
FULL_ADDITIVE_LOG_AGE_28,CP01-PROFILE-R0221,1,CP01-R0221,221,222,9,20.62809539,4.85190461,0.00000000
FULL_ADDITIVE_LOG_AGE_28,CP01-PROFILE-R0222,1,CP01-R0222,222,223,9,26.74926951,-5.20926951,0.00000000
FULL_ADDITIVE_LOG_AGE_28,CP01-PROFILE-R0223,1,CP01-R0223,223,224,9,32.80862689,-4.17862689,0.00000000
FULL_ADDITIVE_LOG_AGE_28,CP01-PROFILE-R0224,1,CP01-R0224,224,225,9,37.88574620,-4.34574620,0.00000000
FULL_ADDITIVE_LOG_AGE_28,CP01-PROFILE-R0225,1,CP01-R0225,225,226,9,20.00519984,-12.25519984,0.00000000
FULL_ADDITIVE_LOG_AGE_28,CP01-PROFILE-R0226,1,CP01-R0226,226,227,9,33.57635158,-15.75635158,0.00000000
FULL_ADDITIVE_LOG_AGE_28,CP01-PROFILE-R0227,1,CP01-R0227,227,228,9,39.63044364,-15.39044364,0.00000000
FULL_ADDITIVE_LOG_AGE_28,CP01-PROFILE-R0228,1,CP01-R0228,228,229,9,45.61403836,-12.76403836,0.00000000
FULL_ADDITIVE_LOG_AGE_28,CP01-PROFILE-R0229,1,CP01-R0229,229,230,9,50.65278149,-11.42278149,0.00000000
FULL_ADDITIVE_LOG_AGE_28,CP01-PROFILE-R0230,1,CP01-R0230,230,231,9,11.84276463,6.15723537,0.00000000
FULL_ADDITIVE_LOG_AGE_28,CP01-PROFILE-R0231,1,CP01-R0231,231,232,9,25.34000208,5.04999792,0.00000000
FULL_ADDITIVE_LOG_AGE_28,CP01-PROFILE-R0232,1,CP01-R0232,232,233,9,31.35313397,14.35686603,0.00000000
FULL_ADDITIVE_LOG_AGE_28,CP01-PROFILE-R0233,1,CP01-R0233,233,234,9,37.41409111,13.35590889,0.00000000
FULL_ADDITIVE_LOG_AGE_28,CP01-PROFILE-R0234,1,CP01-R0234,234,235,9,42.48590009,11.41409991,0.00000000
FULL_ADDITIVE_LOG_AGE_28,CP01-PROFILE-R0235,1,CP01-R0235,235,236,9,11.88301933,1.29698067,0.00000000
FULL_ADDITIVE_LOG_AGE_28,CP01-PROFILE-R0236,1,CP01-R0236,236,237,9,25.40853653,-7.56853653,0.00000000
FULL_ADDITIVE_LOG_AGE_28,CP01-PROFILE-R0237,1,CP01-R0237,237,238,9,31.38327503,8.84672497,0.00000000
FULL_ADDITIVE_LOG_AGE_28,CP01-PROFILE-R0238,1,CP01-R0238,238,239,9,37.43623087,9.69376913,0.00000000
FULL_ADDITIVE_LOG_AGE_28,CP01-PROFILE-R0239,1,CP01-R0239,239,240,9,42.51336849,7.45663151,0.00000000
FULL_ADDITIVE_LOG_AGE_28,CP01-PROFILE-R0240,1,CP01-R0240,240,241,9,7.51697978,5.84302022,0.00000000
FULL_ADDITIVE_LOG_AGE_28,CP01-PROFILE-R0241,1,CP01-R0241,241,242,9,21.03526544,1.28473456,0.00000000
FULL_ADDITIVE_LOG_AGE_28,CP01-PROFILE-R0242,1,CP01-R0242,242,243,9,27.11899157,-2.57899157,0.00000000
FULL_ADDITIVE_LOG_AGE_28,CP01-PROFILE-R0243,1,CP01-R0243,243,244,9,33.17832133,-1.82832133,0.00000000
FULL_ADDITIVE_LOG_AGE_28,CP01-PROFILE-R0244,1,CP01-R0244,244,245,9,38.22211502,2.63788498,0.00000000
FULL_ADDITIVE_LOG_AGE_28,CP01-PROFILE-R0245,1,CP01-R0245,245,246,9,8.45022083,11.47977917,0.00000000
FULL_ADDITIVE_LOG_AGE_28,CP01-PROFILE-R0246,1,CP01-R0246,246,247,9,21.98573547,3.70426453,0.00000000
FULL_ADDITIVE_LOG_AGE_28,CP01-PROFILE-R0247,1,CP01-R0247,247,248,9,28.05430746,2.17569254,0.00000000
FULL_ADDITIVE_LOG_AGE_28,CP01-PROFILE-R0248,1,CP01-R0248,248,249,9,34.10362675,5.48637325,0.00000000
FULL_ADDITIVE_LOG_AGE_28,CP01-PROFILE-R0249,1,CP01-R0249,249,250,9,39.17172375,5.12827625,0.00000000
FULL_ADDITIVE_LOG_AGE_28,CP01-PROFILE-R0250,1,CP01-R0250,250,251,9,10.70710062,3.11289938,0.00000000
FULL_ADDITIVE_LOG_AGE_28,CP01-PROFILE-R0251,1,CP01-R0251,251,252,9,24.20130486,0.71869514,0.00000000
FULL_ADDITIVE_LOG_AGE_28,CP01-PROFILE-R0252,1,CP01-R0252,252,253,9,30.27297461,-1.05297461,0.00000000
FULL_ADDITIVE_LOG_AGE_28,CP01-PROFILE-R0253,1,CP01-R0253,253,254,9,36.31897724,2.01102276,0.00000000
FULL_ADDITIVE_LOG_AGE_28,CP01-PROFILE-R0254,1,CP01-R0254,254,255,9,41.39539096,0.95460904,0.00000000
FULL_ADDITIVE_LOG_AGE_28,CP01-PROFILE-R0255,1,CP01-R0255,255,256,9,13.15189112,0.38810888,0.00000000
FULL_ADDITIVE_LOG_AGE_28,CP01-PROFILE-R0256,1,CP01-R0256,256,257,9,26.62958987,-0.31958987,0.00000000
FULL_ADDITIVE_LOG_AGE_28,CP01-PROFILE-R0257,1,CP01-R0257,257,258,9,32.69571417,-1.05571417,0.00000000
FULL_ADDITIVE_LOG_AGE_28,CP01-PROFILE-R0258,1,CP01-R0258,258,259,9,38.73272900,3.81727100,0.00000000
FULL_ADDITIVE_LOG_AGE_28,CP01-PROFILE-R0259,1,CP01-R0259,259,260,9,43.83100316,-0.91100316,0.00000000
FULL_ADDITIVE_LOG_AGE_28,CP01-PROFILE-R0260,1,CP01-R0260,260,261,9,13.24497948,0.08502052,0.00000000
FULL_ADDITIVE_LOG_AGE_28,CP01-PROFILE-R0261,1,CP01-R0261,261,262,9,26.72557722,-1.35557722,0.00000000
FULL_ADDITIVE_LOG_AGE_28,CP01-PROFILE-R0262,1,CP01-R0262,262,263,9,32.75985965,4.64014035,0.00000000
FULL_ADDITIVE_LOG_AGE_28,CP01-PROFILE-R0263,1,CP01-R0263,263,264,9,38.81381399,5.58618601,0.00000000
FULL_ADDITIVE_LOG_AGE_28,CP01-PROFILE-R0264,1,CP01-R0264,264,265,9,43.89033081,3.84966919,0.00000000
FULL_ADDITIVE_LOG_AGE_28,CP01-PROFILE-R0265,1,CP01-R0265,265,266,9,13.83824648,5.68175352,0.00000000
FULL_ADDITIVE_LOG_AGE_28,CP01-PROFILE-R0266,1,CP01-R0266,266,267,9,27.33355039,4.01644961,0.00000000
FULL_ADDITIVE_LOG_AGE_28,CP01-PROFILE-R0267,1,CP01-R0267,267,268,9,33.39102049,5.10897951,0.00000000
FULL_ADDITIVE_LOG_AGE_28,CP01-PROFILE-R0268,1,CP01-R0268,268,269,9,39.44723585,5.63276415,0.00000000
FULL_ADDITIVE_LOG_AGE_28,CP01-PROFILE-R0269,1,CP01-R0269,269,270,9,44.52763030,3.29236970,0.00000000
FULL_ADDITIVE_LOG_AGE_28,CP01-PROFILE-R0270,1,CP01-R0270,270,271,9,12.54920516,2.89079484,0.00000000
FULL_ADDITIVE_LOG_AGE_28,CP01-PROFILE-R0271,1,CP01-R0271,271,272,9,26.03840591,0.73159409,0.00000000
FULL_ADDITIVE_LOG_AGE_28,CP01-PROFILE-R0272,1,CP01-R0272,272,273,9,32.09805385,1.63194615,0.00000000
FULL_ADDITIVE_LOG_AGE_28,CP01-PROFILE-R0273,1,CP01-R0273,273,274,9,38.14799042,4.55200958,0.00000000
FULL_ADDITIVE_LOG_AGE_28,CP01-PROFILE-R0274,1,CP01-R0274,274,275,9,43.22457799,2.61542201,0.00000000
FULL_ADDITIVE_LOG_AGE_28,CP01-PROFILE-R0275,1,CP01-R0275,275,276,9,11.30224073,5.91775927,0.00000000
FULL_ADDITIVE_LOG_AGE_28,CP01-PROFILE-R0276,1,CP01-R0276,276,277,9,24.79693437,5.13306563,0.00000000
FULL_ADDITIVE_LOG_AGE_28,CP01-PROFILE-R0277,1,CP01-R0277,277,278,9,30.88583660,-1.23583660,0.00000000
FULL_ADDITIVE_LOG_AGE_28,CP01-PROFILE-R0278,1,CP01-R0278,278,279,9,36.94354516,0.02645484,0.00000000
FULL_ADDITIVE_LOG_AGE_28,CP01-PROFILE-R0279,1,CP01-R0279,279,280,9,42.00676704,1.57323296,0.00000000
FULL_ADDITIVE_LOG_AGE_28,CP01-PROFILE-R0280,1,CP01-R0280,280,281,9,11.40322747,1.71677253,0.00000000
FULL_ADDITIVE_LOG_AGE_28,CP01-PROFILE-R0281,1,CP01-R0281,281,282,9,24.89161636,-0.46161636,0.00000000
FULL_ADDITIVE_LOG_AGE_28,CP01-PROFILE-R0282,1,CP01-R0282,282,283,9,30.94521658,1.71478342,0.00000000
FULL_ADDITIVE_LOG_AGE_28,CP01-PROFILE-R0283,1,CP01-R0283,283,284,9,37.01667078,-0.37667078,0.00000000
FULL_ADDITIVE_LOG_AGE_28,CP01-PROFILE-R0284,1,CP01-R0284,284,285,9,42.07474236,2.13525764,0.00000000
FULL_ADDITIVE_LOG_AGE_28,CP01-PROFILE-R0285,1,CP01-R0285,285,286,9,10.65708194,2.96291806,0.00000000
FULL_ADDITIVE_LOG_AGE_28,CP01-PROFILE-R0286,1,CP01-R0286,286,287,9,24.16805948,-2.56805948,0.00000000
FULL_ADDITIVE_LOG_AGE_28,CP01-PROFILE-R0287,1,CP01-R0287,287,288,9,30.22996943,-2.45996943,0.00000000
FULL_ADDITIVE_LOG_AGE_28,CP01-PROFILE-R0288,1,CP01-R0288,288,289,9,36.28391823,-0.71391823,0.00000000
FULL_ADDITIVE_LOG_AGE_28,CP01-PROFILE-R0289,1,CP01-R0289,289,290,9,41.32320480,4.04679520,0.00000000
FULL_ADDITIVE_LOG_AGE_28,CP01-PROFILE-R0290,1,CP01-R0290,290,291,9,11.99647433,-4.67647433,0.00000000
FULL_ADDITIVE_LOG_AGE_28,CP01-PROFILE-R0291,1,CP01-R0291,291,292,9,25.45487999,-3.95487999,0.00000000
FULL_ADDITIVE_LOG_AGE_28,CP01-PROFILE-R0292,1,CP01-R0292,292,293,9,31.50311697,-0.23311697,0.00000000
FULL_ADDITIVE_LOG_AGE_28,CP01-PROFILE-R0293,1,CP01-R0293,293,294,9,37.53866578,5.96133422,0.00000000
FULL_ADDITIVE_LOG_AGE_28,CP01-PROFILE-R0294,1,CP01-R0294,294,295,9,42.60331864,6.06668136,0.00000000
FULL_ADDITIVE_LOG_AGE_28,CP01-PROFILE-R0295,1,CP01-R0295,295,296,9,13.14916229,-5.74916229,0.00000000
FULL_ADDITIVE_LOG_AGE_28,CP01-PROFILE-R0296,1,CP01-R0296,296,297,9,26.59365114,-3.08365114,0.00000000
FULL_ADDITIVE_LOG_AGE_28,CP01-PROFILE-R0297,1,CP01-R0297,297,298,9,32.64788479,-1.52788479,0.00000000
FULL_ADDITIVE_LOG_AGE_28,CP01-PROFILE-R0298,1,CP01-R0298,298,299,9,38.69970440,0.45029560,0.00000000
FULL_ADDITIVE_LOG_AGE_28,CP01-PROFILE-R0299,1,CP01-R0299,299,300,9,43.74270478,4.40729522,0.00000000
FULL_ADDITIVE_LOG_AGE_28,CP01-PROFILE-R0300,1,CP01-R0300,300,301,9,19.42274895,3.07725105,0.00000000
FULL_ADDITIVE_LOG_AGE_28,CP01-PROFILE-R0301,1,CP01-R0301,301,302,9,32.90835954,1.76164046,0.00000000
FULL_ADDITIVE_LOG_AGE_28,CP01-PROFILE-R0302,1,CP01-R0302,302,303,9,38.99155149,-4.25155149,0.00000000
FULL_ADDITIVE_LOG_AGE_28,CP01-PROFILE-R0303,1,CP01-R0303,303,304,9,45.03953301,0.04046699,0.00000000
FULL_ADDITIVE_LOG_AGE_28,CP01-PROFILE-R0304,1,CP01-R0304,304,305,9,50.11716815,-1.14716815,0.00000000
FULL_ADDITIVE_LOG_AGE_28,CP01-PROFILE-R0305,1,CP01-R0305,305,306,9,19.74941654,3.39058346,0.00000000
FULL_ADDITIVE_LOG_AGE_28,CP01-PROFILE-R0306,1,CP01-R0306,306,307,9,33.21200989,8.67799011,0.00000000
FULL_ADDITIVE_LOG_AGE_28,CP01-PROFILE-R0307,1,CP01-R0307,307,308,9,39.27333656,9.00666344,0.00000000
FULL_ADDITIVE_LOG_AGE_28,CP01-PROFILE-R0308,1,CP01-R0308,308,309,9,45.34413889,5.69586111,0.00000000
FULL_ADDITIVE_LOG_AGE_28,CP01-PROFILE-R0309,1,CP01-R0309,309,310,9,50.41174578,5.22825422,0.00000000
FULL_ADDITIVE_LOG_AGE_28,CP01-PROFILE-R0310,1,CP01-R0310,310,311,9,19.18921879,3.76078121,0.00000000
FULL_ADDITIVE_LOG_AGE_28,CP01-PROFILE-R0311,1,CP01-R0311,311,312,9,32.67640153,2.55359847,0.00000000
FULL_ADDITIVE_LOG_AGE_28,CP01-PROFILE-R0312,1,CP01-R0312,312,313,9,38.74379890,1.19620110,0.00000000
FULL_ADDITIVE_LOG_AGE_28,CP01-PROFILE-R0313,1,CP01-R0313,313,314,9,44.79428662,3.92571338,0.00000000
FULL_ADDITIVE_LOG_AGE_28,CP01-PROFILE-R0314,1,CP01-R0314,314,315,9,49.87063067,2.16936933,0.00000000
FULL_ADDITIVE_LOG_AGE_28,CP01-PROFILE-R0315,1,CP01-R0315,315,316,9,20.35231259,0.66768741,0.00000000
FULL_ADDITIVE_LOG_AGE_28,CP01-PROFILE-R0316,1,CP01-R0316,316,317,9,33.83297939,-0.47297939,0.00000000
FULL_ADDITIVE_LOG_AGE_28,CP01-PROFILE-R0317,1,CP01-R0317,317,318,9,39.92361575,-5.98361575,0.00000000
FULL_ADDITIVE_LOG_AGE_28,CP01-PROFILE-R0318,1,CP01-R0318,318,319,9,45.96680855,-1.82680855,0.00000000
FULL_ADDITIVE_LOG_AGE_28,CP01-PROFILE-R0319,1,CP01-R0319,319,320,9,51.06819210,-5.69819210,0.00000000
FULL_ADDITIVE_LOG_AGE_28,CP01-PROFILE-R0320,1,CP01-R0320,320,321,9,17.47667431,-2.11667431,0.00000000
FULL_ADDITIVE_LOG_AGE_28,CP01-PROFILE-R0321,1,CP01-R0321,321,322,9,30.94578105,-2.26578105,0.00000000
FULL_ADDITIVE_LOG_AGE_28,CP01-PROFILE-R0322,1,CP01-R0322,322,323,9,37.02610924,-6.17610924,0.00000000
FULL_ADDITIVE_LOG_AGE_28,CP01-PROFILE-R0323,1,CP01-R0323,323,324,9,43.06633248,-1.03633248,0.00000000
FULL_ADDITIVE_LOG_AGE_28,CP01-PROFILE-R0324,1,CP01-R0324,324,325,9,48.11373480,2.94626520,0.00000000
FULL_ADDITIVE_LOG_AGE_28,CP01-PROFILE-R0325,1,CP01-R0325,325,326,9,19.56245888,2.21754112,0.00000000
FULL_ADDITIVE_LOG_AGE_28,CP01-PROFILE-R0326,1,CP01-R0326,326,327,9,33.00333415,9.28666585,0.00000000
FULL_ADDITIVE_LOG_AGE_28,CP01-PROFILE-R0327,1,CP01-R0327,327,328,9,39.05362147,11.54637853,0.00000000
FULL_ADDITIVE_LOG_AGE_28,CP01-PROFILE-R0328,1,CP01-R0328,328,329,9,45.11320707,10.71679293,0.00000000
FULL_ADDITIVE_LOG_AGE_28,CP01-PROFILE-R0329,1,CP01-R0329,329,330,9,50.17215699,10.77784301,0.00000000
FULL_ADDITIVE_LOG_AGE_28,CP01-PROFILE-R0330,1,CP01-R0330,330,331,9,21.19325328,2.32674672,0.00000000
FULL_ADDITIVE_LOG_AGE_28,CP01-PROFILE-R0331,1,CP01-R0331,331,332,9,34.63896445,7.58103555,0.00000000
FULL_ADDITIVE_LOG_AGE_28,CP01-PROFILE-R0332,1,CP01-R0332,332,333,9,40.67390272,11.82609728,0.00000000
FULL_ADDITIVE_LOG_AGE_28,CP01-PROFILE-R0333,1,CP01-R0333,333,334,9,46.71484411,13.60515589,0.00000000
FULL_ADDITIVE_LOG_AGE_28,CP01-PROFILE-R0334,1,CP01-R0334,334,335,9,51.76162831,14.65837169,0.00000000
FULL_ADDITIVE_LOG_AGE_28,CP01-PROFILE-R0335,1,CP01-R0335,335,336,9,20.49595996,3.30404004,0.00000000
FULL_ADDITIVE_LOG_AGE_28,CP01-PROFILE-R0336,1,CP01-R0336,336,337,9,33.97245072,4.79754928,0.00000000
FULL_ADDITIVE_LOG_AGE_28,CP01-PROFILE-R0337,1,CP01-R0337,337,338,9,40.01109521,11.31890479,0.00000000
FULL_ADDITIVE_LOG_AGE_28,CP01-PROFILE-R0338,1,CP01-R0338,338,339,9,46.06865806,10.78134194,0.00000000
FULL_ADDITIVE_LOG_AGE_28,CP01-PROFILE-R0339,1,CP01-R0339,339,340,9,51.14650575,7.46349425,0.00000000
FULL_ADDITIVE_LOG_AGE_28,CP01-PROFILE-R0340,1,CP01-R0340,340,341,9,19.31619581,2.59380419,0.00000000
FULL_ADDITIVE_LOG_AGE_28,CP01-PROFILE-R0341,1,CP01-R0341,341,342,9,32.79186639,4.19813361,0.00000000
FULL_ADDITIVE_LOG_AGE_28,CP01-PROFILE-R0342,1,CP01-R0342,342,343,9,38.84119989,8.55880011,0.00000000
FULL_ADDITIVE_LOG_AGE_28,CP01-PROFILE-R0343,1,CP01-R0343,343,344,9,44.90522784,7.05477216,0.00000000
FULL_ADDITIVE_LOG_AGE_28,CP01-PROFILE-R0344,1,CP01-R0344,344,345,9,49.97130463,6.76869537,0.00000000
FULL_ADDITIVE_LOG_AGE_28,CP01-PROFILE-R0345,1,CP01-R0345,345,346,9,17.86868485,-0.29868485,0.00000000
FULL_ADDITIVE_LOG_AGE_28,CP01-PROFILE-R0346,1,CP01-R0346,346,347,9,31.32496538,2.40503462,0.00000000
FULL_ADDITIVE_LOG_AGE_28,CP01-PROFILE-R0347,1,CP01-R0347,347,348,9,37.38538493,2.76461507,0.00000000
FULL_ADDITIVE_LOG_AGE_28,CP01-PROFILE-R0348,1,CP01-R0348,348,349,9,43.44313009,3.19686991,0.00000000
FULL_ADDITIVE_LOG_AGE_28,CP01-PROFILE-R0349,1,CP01-R0349,349,350,9,48.52410651,1.55589349,0.00000000
FULL_ADDITIVE_LOG_AGE_28,CP01-PROFILE-R0350,1,CP01-R0350,350,351,9,17.93279307,-0.56279307,0.00000000
FULL_ADDITIVE_LOG_AGE_28,CP01-PROFILE-R0351,1,CP01-R0351,351,352,9,31.38755380,2.31244620,0.00000000
FULL_ADDITIVE_LOG_AGE_28,CP01-PROFILE-R0352,1,CP01-R0352,352,353,9,37.41279480,8.52720520,0.00000000
FULL_ADDITIVE_LOG_AGE_28,CP01-PROFILE-R0353,1,CP01-R0353,353,354,9,43.47367614,7.95632386,0.00000000
FULL_ADDITIVE_LOG_AGE_28,CP01-PROFILE-R0354,1,CP01-R0354,354,355,9,48.51449254,10.78550746,0.00000000
FULL_ADDITIVE_LOG_AGE_28,CP01-PROFILE-R0355,1,CP01-R0355,355,356,9,23.35956808,7.09043192,0.00000000
FULL_ADDITIVE_LOG_AGE_28,CP01-PROFILE-R0356,1,CP01-R0356,356,357,9,36.83262274,10.87737726,0.00000000
FULL_ADDITIVE_LOG_AGE_28,CP01-PROFILE-R0357,1,CP01-R0357,357,358,9,42.84932403,20.29067597,0.00000000
FULL_ADDITIVE_LOG_AGE_28,CP01-PROFILE-R0358,1,CP01-R0358,358,359,9,48.91213250,17.90786750,0.00000000
FULL_ADDITIVE_LOG_AGE_28,CP01-PROFILE-R0359,1,CP01-R0359,359,360,9,53.99731423,12.95268577,0.00000000
FULL_ADDITIVE_LOG_AGE_28,CP01-PROFILE-R0360,1,CP01-R0360,360,361,9,23.21346890,4.20653110,0.00000000
FULL_ADDITIVE_LOG_AGE_28,CP01-PROFILE-R0361,1,CP01-R0361,361,362,9,36.72869134,-0.76869134,0.00000000
FULL_ADDITIVE_LOG_AGE_28,CP01-PROFILE-R0362,1,CP01-R0362,362,363,9,42.70058113,12.80941887,0.00000000
FULL_ADDITIVE_LOG_AGE_28,CP01-PROFILE-R0363,1,CP01-R0363,363,364,9,48.74920671,13.24079329,0.00000000
FULL_ADDITIVE_LOG_AGE_28,CP01-PROFILE-R0364,1,CP01-R0364,364,365,9,53.83538307,9.69461693,0.00000000
FULL_ADDITIVE_LOG_AGE_28,CP01-PROFILE-R0365,1,CP01-R0365,365,366,9,18.09582284,-0.07582284,0.00000000
FULL_ADDITIVE_LOG_AGE_28,CP01-PROFILE-R0366,1,CP01-R0366,366,367,9,31.53384917,7.06615083,0.00000000
FULL_ADDITIVE_LOG_AGE_28,CP01-PROFILE-R0367,1,CP01-R0367,367,368,9,37.55969056,14.64030944,0.00000000
FULL_ADDITIVE_LOG_AGE_28,CP01-PROFILE-R0368,1,CP01-R0368,368,369,9,43.63693803,10.32306197,0.00000000
FULL_ADDITIVE_LOG_AGE_28,CP01-PROFILE-R0369,1,CP01-R0369,369,370,9,48.71327448,7.91672552,0.00000000
FULL_ADDITIVE_LOG_AGE_28,CP01-PROFILE-R0370,1,CP01-R0370,370,371,9,14.85521285,0.48478715,0.00000000
FULL_ADDITIVE_LOG_AGE_28,CP01-PROFILE-R0371,1,CP01-R0371,371,372,9,28.34454625,-2.29454625,0.00000000
FULL_ADDITIVE_LOG_AGE_28,CP01-PROFILE-R0372,1,CP01-R0372,372,373,9,34.41667467,-4.19667467,0.00000000
FULL_ADDITIVE_LOG_AGE_28,CP01-PROFILE-R0373,1,CP01-R0373,373,374,9,40.47623962,-3.20623962,0.00000000
FULL_ADDITIVE_LOG_AGE_28,CP01-PROFILE-R0374,1,CP01-R0374,374,375,9,45.52473151,0.70526849,0.00000000
FULL_ADDITIVE_LOG_AGE_28,CP01-PROFILE-R0375,1,CP01-R0375,375,376,9,12.30916425,3.97083575,0.00000000
FULL_ADDITIVE_LOG_AGE_28,CP01-PROFILE-R0376,1,CP01-R0376,376,377,9,25.83589962,-0.21589962,0.00000000
FULL_ADDITIVE_LOG_AGE_28,CP01-PROFILE-R0377,1,CP01-R0377,377,378,9,31.89581469,0.07418531,0.00000000
FULL_ADDITIVE_LOG_AGE_28,CP01-PROFILE-R0378,1,CP01-R0378,378,379,9,37.97529893,-1.67529893,0.00000000
FULL_ADDITIVE_LOG_AGE_28,CP01-PROFILE-R0379,1,CP01-R0379,379,380,9,43.03030745,0.02969255,0.00000000
FULL_ADDITIVE_LOG_AGE_28,CP01-PROFILE-R0380,1,CP01-R0380,380,381,9,60.73629499,6.83370501,0.00000000
FULL_ADDITIVE_LOG_AGE_28,CP01-PROFILE-R0381,1,CP01-R0381,381,382,9,58.87416894,-1.64416894,0.00000000
FULL_ADDITIVE_LOG_AGE_28,CP01-PROFILE-R0382,1,CP01-R0382,382,383,9,52.03724606,29.71275394,0.00000000
FULL_ADDITIVE_LOG_AGE_28,CP01-PROFILE-R0383,1,CP01-R0383,383,384,9,53.36367412,10.65632588,0.00000000
FULL_ADDITIVE_LOG_AGE_28,CP01-PROFILE-R0384,1,CP01-R0384,384,385,9,49.70110144,29.09889856,0.00000000
FULL_ADDITIVE_LOG_AGE_28,CP01-PROFILE-R0385,1,CP01-R0385,385,386,9,54.28582690,-12.91582690,0.00000000
FULL_ADDITIVE_LOG_AGE_28,CP01-PROFILE-R0386,1,CP01-R0386,386,387,9,56.56005938,3.71994062,0.00000000
FULL_ADDITIVE_LOG_AGE_28,CP01-PROFILE-R0387,1,CP01-R0387,387,388,9,52.99530297,3.83469703,0.00000000
FULL_ADDITIVE_LOG_AGE_28,CP01-PROFILE-R0388,1,CP01-R0388,388,389,9,54.64092201,-3.62092201,0.00000000
FULL_ADDITIVE_LOG_AGE_28,CP01-PROFILE-R0389,1,CP01-R0389,389,390,9,52.80973361,2.74026639,0.00000000
FULL_ADDITIVE_LOG_AGE_28,CP01-PROFILE-R0390,1,CP01-R0390,390,391,9,49.17010086,-5.04010086,0.00000000
FULL_ADDITIVE_LOG_AGE_28,CP01-PROFILE-R0391,1,CP01-R0391,391,392,9,48.27950176,-8.89950176,0.00000000
FULL_ADDITIVE_LOG_AGE_28,CP01-PROFILE-R0392,1,CP01-R0392,392,393,9,54.48211779,1.16788221,0.00000000
FULL_ADDITIVE_LOG_AGE_28,CP01-PROFILE-R0393,1,CP01-R0393,393,394,9,47.57859809,-0.29859809,0.00000000
FULL_ADDITIVE_LOG_AGE_28,CP01-PROFILE-R0394,1,CP01-R0394,394,395,9,42.54200335,1.78799665,0.00000000
FULL_ADDITIVE_LOG_AGE_28,CP01-PROFILE-R0395,1,CP01-R0395,395,396,9,41.86023925,10.43976075,0.00000000
FULL_ADDITIVE_LOG_AGE_28,CP01-PROFILE-R0396,1,CP01-R0396,396,397,9,34.86525871,14.38474129,0.00000000
FULL_ADDITIVE_LOG_AGE_28,CP01-PROFILE-R0397,1,CP01-R0397,397,398,9,54.29653311,-12.92653311,0.00000000
FULL_ADDITIVE_LOG_AGE_28,CP01-PROFILE-R0398,1,CP01-R0398,398,399,9,29.21797600,-0.05797600,0.00000000
FULL_ADDITIVE_LOG_AGE_28,CP01-PROFILE-R0399,1,CP01-R0399,399,400,9,32.89306835,6.50693165,0.00000000
FULL_ADDITIVE_LOG_AGE_28,CP01-PROFILE-R0400,1,CP01-R0400,400,401,9,34.06307476,5.23692524,0.00000000
FULL_ADDITIVE_LOG_AGE_28,CP01-PROFILE-R0401,1,CP01-R0401,401,402,9,49.96397417,17.90602583,0.00000000
FULL_ADDITIVE_LOG_AGE_28,CP01-PROFILE-R0402,1,CP01-R0402,402,403,9,50.61997856,7.90002144,0.00000000
FULL_ADDITIVE_LOG_AGE_28,CP01-PROFILE-R0403,1,CP01-R0403,403,404,9,47.18157448,6.39842552,0.00000000
FULL_ADDITIVE_LOG_AGE_28,CP01-PROFILE-R0404,1,CP01-R0404,404,405,9,48.89907549,10.10092451,0.00000000
FULL_ADDITIVE_LOG_AGE_28,CP01-PROFILE-R0405,1,CP01-R0405,405,406,9,53.16076774,23.07923226,0.00000000
FULL_ADDITIVE_LOG_AGE_28,CP01-PROFILE-R0406,1,CP01-R0406,406,407,9,54.52362540,15.31637460,0.00000000
FULL_ADDITIVE_LOG_AGE_28,CP01-PROFILE-R0407,1,CP01-R0407,407,408,9,8.97682742,5.42317258,0.00000000
FULL_ADDITIVE_LOG_AGE_28,CP01-PROFILE-R0408,1,CP01-R0408,408,409,9,16.80498825,2.61501175,0.00000000
FULL_ADDITIVE_LOG_AGE_28,CP01-PROFILE-R0409,1,CP01-R0409,409,410,9,16.31731134,4.41268866,0.00000000
FULL_ADDITIVE_LOG_AGE_28,CP01-PROFILE-R0410,1,CP01-R0410,410,411,9,16.92094328,-1.98094328,0.00000000
FULL_ADDITIVE_LOG_AGE_28,CP01-PROFILE-R0411,1,CP01-R0411,411,412,9,14.06834196,7.22165804,0.00000000
FULL_ADDITIVE_LOG_AGE_28,CP01-PROFILE-R0412,1,CP01-R0412,412,413,9,15.55917666,7.52082334,0.00000000
FULL_ADDITIVE_LOG_AGE_28,CP01-PROFILE-R0413,1,CP01-R0413,413,414,9,16.53552542,-1.01552542,0.00000000
FULL_ADDITIVE_LOG_AGE_28,CP01-PROFILE-R0414,1,CP01-R0414,414,415,9,17.16768662,-1.34768662,0.00000000
FULL_ADDITIVE_LOG_AGE_28,CP01-PROFILE-R0415,1,CP01-R0415,415,416,9,10.02861235,2.52138765,0.00000000
FULL_ADDITIVE_LOG_AGE_28,CP01-PROFILE-R0416,1,CP01-R0416,416,417,9,9.77033162,-1.28033162,0.00000000
FULL_ADDITIVE_LOG_AGE_28,CP01-PROFILE-R0417,1,CP01-R0417,417,418,9,16.95884576,-1.34884576,0.00000000
FULL_ADDITIVE_LOG_AGE_28,CP01-PROFILE-R0418,1,CP01-R0418,418,419,9,8.83679349,3.34320651,0.00000000
FULL_ADDITIVE_LOG_AGE_28,CP01-PROFILE-R0419,1,CP01-R0419,419,420,9,11.09799498,0.88200502,0.00000000
FULL_ADDITIVE_LOG_AGE_28,CP01-PROFILE-R0420,1,CP01-R0420,420,421,9,22.59252972,-5.71252972,0.00000000
FULL_ADDITIVE_LOG_AGE_28,CP01-PROFILE-R0421,1,CP01-R0421,421,422,9,30.28439037,2.80560963,0.00000000
FULL_ADDITIVE_LOG_AGE_28,CP01-PROFILE-R0422,1,CP01-R0422,422,423,9,29.80104346,4.43895654,0.00000000
FULL_ADDITIVE_LOG_AGE_28,CP01-PROFILE-R0423,1,CP01-R0423,423,424,9,30.37410789,1.43589211,0.00000000
FULL_ADDITIVE_LOG_AGE_28,CP01-PROFILE-R0424,1,CP01-R0424,424,425,9,27.60464820,2.14535180,0.00000000
FULL_ADDITIVE_LOG_AGE_28,CP01-PROFILE-R0425,1,CP01-R0425,425,426,9,29.07246798,3.93753202,0.00000000
FULL_ADDITIVE_LOG_AGE_28,CP01-PROFILE-R0426,1,CP01-R0426,426,427,9,29.98438878,2.91561122,0.00000000
FULL_ADDITIVE_LOG_AGE_28,CP01-PROFILE-R0427,1,CP01-R0427,427,428,9,30.63647449,-1.08647449,0.00000000
FULL_ADDITIVE_LOG_AGE_28,CP01-PROFILE-R0428,1,CP01-R0428,428,429,9,23.54457492,-4.12457492,0.00000000
FULL_ADDITIVE_LOG_AGE_28,CP01-PROFILE-R0429,1,CP01-R0429,429,430,9,23.22471327,1.43528673,0.00000000
FULL_ADDITIVE_LOG_AGE_28,CP01-PROFILE-R0430,1,CP01-R0430,430,431,9,30.42599286,-0.83599286,0.00000000
FULL_ADDITIVE_LOG_AGE_28,CP01-PROFILE-R0431,1,CP01-R0431,431,432,9,22.32525051,1.95474949,0.00000000
FULL_ADDITIVE_LOG_AGE_28,CP01-PROFILE-R0432,1,CP01-R0432,432,433,9,24.60676277,-3.87676277,0.00000000
FULL_ADDITIVE_LOG_AGE_28,CP01-PROFILE-R0433,1,CP01-R0433,433,434,9,28.61671326,-2.41671326,0.00000000
FULL_ADDITIVE_LOG_AGE_28,CP01-PROFILE-R0434,1,CP01-R0434,434,435,9,36.31377599,10.07622401,0.00000000
FULL_ADDITIVE_LOG_AGE_28,CP01-PROFILE-R0435,1,CP01-R0435,435,436,9,35.86984508,3.29015492,0.00000000
FULL_ADDITIVE_LOG_AGE_28,CP01-PROFILE-R0436,1,CP01-R0436,436,437,9,36.42173273,4.77826727,0.00000000
FULL_ADDITIVE_LOG_AGE_28,CP01-PROFILE-R0437,1,CP01-R0437,437,438,9,33.68831390,0.00168610,0.00000000
FULL_ADDITIVE_LOG_AGE_28,CP01-PROFILE-R0438,1,CP01-R0438,438,439,9,35.14041733,3.05958267,0.00000000
FULL_ADDITIVE_LOG_AGE_28,CP01-PROFILE-R0439,1,CP01-R0439,439,440,9,36.03277398,5.37722602,0.00000000
FULL_ADDITIVE_LOG_AGE_28,CP01-PROFILE-R0440,1,CP01-R0440,440,441,9,36.68776453,1.12223547,0.00000000
FULL_ADDITIVE_LOG_AGE_28,CP01-PROFILE-R0441,1,CP01-R0441,441,442,9,29.60993601,-4.75993601,0.00000000
FULL_ADDITIVE_LOG_AGE_28,CP01-PROFILE-R0442,1,CP01-R0442,442,443,9,29.30753932,-2.08753932,0.00000000
FULL_ADDITIVE_LOG_AGE_28,CP01-PROFILE-R0443,1,CP01-R0443,443,444,9,36.43809237,8.20190763,0.00000000
FULL_ADDITIVE_LOG_AGE_28,CP01-PROFILE-R0444,1,CP01-R0444,444,445,9,28.35360335,8.91639665,0.00000000
FULL_ADDITIVE_LOG_AGE_28,CP01-PROFILE-R0445,1,CP01-R0445,445,446,9,30.62552436,2.64447564,0.00000000
FULL_ADDITIVE_LOG_AGE_28,CP01-PROFILE-R0446,1,CP01-R0446,446,447,9,34.62366950,1.93633050,0.00000000
FULL_ADDITIVE_LOG_AGE_28,CP01-PROFILE-R0447,1,CP01-R0447,447,448,9,42.36300948,11.35699052,0.00000000
FULL_ADDITIVE_LOG_AGE_28,CP01-PROFILE-R0448,1,CP01-R0448,448,449,9,41.90838798,6.68161202,0.00000000
FULL_ADDITIVE_LOG_AGE_28,CP01-PROFILE-R0449,1,CP01-R0449,449,450,9,42.45795249,9.26204751,0.00000000
FULL_ADDITIVE_LOG_AGE_28,CP01-PROFILE-R0450,1,CP01-R0450,450,451,9,39.79479346,-3.94479346,0.00000000
FULL_ADDITIVE_LOG_AGE_28,CP01-PROFILE-R0451,1,CP01-R0451,451,452,9,41.13003912,12.63996088,0.00000000
FULL_ADDITIVE_LOG_AGE_28,CP01-PROFILE-R0452,1,CP01-R0452,452,453,9,42.05232241,11.40767759,0.00000000
FULL_ADDITIVE_LOG_AGE_28,CP01-PROFILE-R0453,1,CP01-R0453,453,454,9,42.72005054,6.26994946,0.00000000
FULL_ADDITIVE_LOG_AGE_28,CP01-PROFILE-R0454,1,CP01-R0454,454,455,9,35.67060176,-3.95060176,0.00000000
FULL_ADDITIVE_LOG_AGE_28,CP01-PROFILE-R0455,1,CP01-R0455,455,456,9,35.33152588,4.30847412,0.00000000
FULL_ADDITIVE_LOG_AGE_28,CP01-PROFILE-R0456,1,CP01-R0456,456,457,9,42.49226888,8.76773112,0.00000000
FULL_ADDITIVE_LOG_AGE_28,CP01-PROFILE-R0457,1,CP01-R0457,457,458,9,34.40943202,8.98056798,0.00000000
FULL_ADDITIVE_LOG_AGE_28,CP01-PROFILE-R0458,1,CP01-R0458,458,459,9,36.68741061,2.58258939,0.00000000
FULL_ADDITIVE_LOG_AGE_28,CP01-PROFILE-R0459,1,CP01-R0459,459,460,9,39.74752090,-1.78752090,0.00000000
FULL_ADDITIVE_LOG_AGE_28,CP01-PROFILE-R0460,1,CP01-R0460,460,461,9,47.44607976,7.57392024,0.00000000
FULL_ADDITIVE_LOG_AGE_28,CP01-PROFILE-R0461,1,CP01-R0461,461,462,9,46.99985510,2.99014490,0.00000000
FULL_ADDITIVE_LOG_AGE_28,CP01-PROFILE-R0462,1,CP01-R0462,462,463,9,47.53897803,6.12102197,0.00000000
FULL_ADDITIVE_LOG_AGE_28,CP01-PROFILE-R0463,1,CP01-R0463,463,464,9,44.91262184,-7.23262184,0.00000000
FULL_ADDITIVE_LOG_AGE_28,CP01-PROFILE-R0464,1,CP01-R0464,464,465,9,46.21008118,9.84991882,0.00000000
FULL_ADDITIVE_LOG_AGE_28,CP01-PROFILE-R0465,1,CP01-R0465,465,466,9,47.12375532,9.68624468,0.00000000
FULL_ADDITIVE_LOG_AGE_28,CP01-PROFILE-R0466,1,CP01-R0466,466,467,9,47.80623337,3.13376663,0.00000000
FULL_ADDITIVE_LOG_AGE_28,CP01-PROFILE-R0467,1,CP01-R0467,467,468,9,40.76776818,-7.20776818,0.00000000
FULL_ADDITIVE_LOG_AGE_28,CP01-PROFILE-R0468,1,CP01-R0468,468,469,9,40.42449804,0.73550196,0.00000000
FULL_ADDITIVE_LOG_AGE_28,CP01-PROFILE-R0469,1,CP01-R0469,469,470,9,47.57909414,5.38090586,0.00000000
FULL_ADDITIVE_LOG_AGE_28,CP01-PROFILE-R0470,1,CP01-R0470,470,471,9,39.49913875,4.78086125,0.00000000
FULL_ADDITIVE_LOG_AGE_28,CP01-PROFILE-R0471,1,CP01-R0471,471,472,9,41.79018561,-1.64018561,0.00000000
FULL_ADDITIVE_LOG_AGE_28,CP01-PROFILE-R0472,3,CP01-R0472,472,473,9,56.93644154,0.09355846,0.10462918
FULL_ADDITIVE_LOG_AGE_28,CP01-PROFILE-R0472,3,CP01-R0473,473,474,9,56.93644154,-12.51644154,0.03305199
FULL_ADDITIVE_LOG_AGE_28,CP01-PROFILE-R0472,3,CP01-R0474,474,475,9,56.93644154,-5.91644154,0.07051507
FULL_ADDITIVE_LOG_AGE_28,CP01-PROFILE-R0475,1,CP01-R0475,475,476,9,56.69810031,-3.30810031,0.00000000
FULL_ADDITIVE_LOG_AGE_28,CP01-PROFILE-R0476,3,CP01-R0476,476,477,9,37.54386643,-2.18386643,0.23055091
FULL_ADDITIVE_LOG_AGE_28,CP01-PROFILE-R0476,3,CP01-R0477,477,478,9,37.54386643,-12.52386643,0.14132566
FULL_ADDITIVE_LOG_AGE_28,CP01-PROFILE-R0476,3,CP01-R0478,478,479,9,37.54386643,-14.19386643,0.12691500
FULL_ADDITIVE_LOG_AGE_28,CP01-PROFILE-R0479,3,CP01-R0479,479,480,9,44.73987054,7.27012946,0.08084676
FULL_ADDITIVE_LOG_AGE_28,CP01-PROFILE-R0479,3,CP01-R0480,480,481,9,44.73987054,-6.71987054,0.01216889
FULL_ADDITIVE_LOG_AGE_28,CP01-PROFILE-R0479,3,CP01-R0481,481,482,9,44.73987054,-5.43987054,0.00365852
FULL_ADDITIVE_LOG_AGE_28,CP01-PROFILE-R0482,3,CP01-R0482,482,483,9,62.99815929,-1.92815929,0.09115711
FULL_ADDITIVE_LOG_AGE_28,CP01-PROFILE-R0482,3,CP01-R0483,483,484,9,62.99815929,-6.85815929,0.06038929
FULL_ADDITIVE_LOG_AGE_28,CP01-PROFILE-R0482,3,CP01-R0484,484,485,9,62.99815929,-7.74815929,0.05483486
FULL_ADDITIVE_LOG_AGE_28,CP01-PROFILE-R0485,1,CP01-R0485,485,486,9,62.79353417,-8.02353417,0.00000000
FULL_ADDITIVE_LOG_AGE_28,CP01-PROFILE-R0486,1,CP01-R0486,486,487,9,54.74869476,-4.50869476,0.00000000
FULL_ADDITIVE_LOG_AGE_28,CP01-PROFILE-R0487,1,CP01-R0487,487,488,9,54.72346703,-8.04346703,0.00000000
FULL_ADDITIVE_LOG_AGE_28,CP01-PROFILE-R0488,1,CP01-R0488,488,489,9,54.44746180,-7.76746180,0.00000000
FULL_ADDITIVE_LOG_AGE_28,CP01-PROFILE-R0489,1,CP01-R0489,489,490,9,35.29026688,-12.54026688,0.00000000
FULL_ADDITIVE_LOG_AGE_28,CP01-PROFILE-R0490,1,CP01-R0490,490,491,9,35.21706309,-9.70706309,0.00000000
FULL_ADDITIVE_LOG_AGE_28,CP01-PROFILE-R0491,1,CP01-R0491,491,492,9,34.86273978,-0.09273978,0.00000000
FULL_ADDITIVE_LOG_AGE_28,CP01-PROFILE-R0492,1,CP01-R0492,492,493,9,42.63410259,-5.79410259,0.00000000
FULL_ADDITIVE_LOG_AGE_28,CP01-PROFILE-R0493,1,CP01-R0493,493,494,9,42.52319129,3.37680871,0.00000000
FULL_ADDITIVE_LOG_AGE_28,CP01-PROFILE-R0494,1,CP01-R0494,494,495,9,42.27695490,-0.60695490,0.00000000
FULL_ADDITIVE_LOG_AGE_28,CP01-PROFILE-R0495,1,CP01-R0495,495,496,9,60.81489536,-4.47489536,0.00000000
FULL_ADDITIVE_LOG_AGE_28,CP01-PROFILE-R0496,1,CP01-R0496,496,497,9,60.82808772,-12.85808772,0.00000000
FULL_ADDITIVE_LOG_AGE_28,CP01-PROFILE-R0497,1,CP01-R0497,497,498,9,60.45370920,1.00629080,0.00000000
FULL_ADDITIVE_LOG_AGE_28,CP01-PROFILE-R0498,1,CP01-R0498,498,499,9,53.83223174,-9.80223174,0.00000000
FULL_ADDITIVE_LOG_AGE_28,CP01-PROFILE-R0499,1,CP01-R0499,499,500,9,53.66408550,1.78591450,0.00000000
FULL_ADDITIVE_LOG_AGE_28,CP01-PROFILE-R0500,1,CP01-R0500,500,501,9,57.24800690,-1.69800690,0.00000000
FULL_ADDITIVE_LOG_AGE_28,CP01-PROFILE-R0501,1,CP01-R0501,501,502,9,56.54980535,1.37019465,0.00000000
FULL_ADDITIVE_LOG_AGE_28,CP01-PROFILE-R0502,1,CP01-R0502,502,503,9,38.06099712,-12.45099712,0.00000000
FULL_ADDITIVE_LOG_AGE_28,CP01-PROFILE-R0503,1,CP01-R0503,503,504,9,45.43436264,-11.94436264,0.00000000
FULL_ADDITIVE_LOG_AGE_28,CP01-PROFILE-R0504,1,CP01-R0504,504,505,9,63.37510911,-3.78510911,0.00000000
FULL_ADDITIVE_LOG_AGE_28,CP01-PROFILE-R0505,1,CP01-R0505,505,506,9,37.20946149,-7.65946149,0.00000000
FULL_ADDITIVE_LOG_AGE_28,CP01-PROFILE-R0506,1,CP01-R0506,506,507,9,44.58558117,-6.66558117,0.00000000
FULL_ADDITIVE_LOG_AGE_28,CP01-PROFILE-R0507,1,CP01-R0507,507,508,9,62.65469259,-0.79469259,0.00000000
FULL_ADDITIVE_LOG_AGE_28,CP01-PROFILE-R0508,1,CP01-R0508,508,509,9,53.16713854,8.88286146,0.00000000
FULL_ADDITIVE_LOG_AGE_28,CP01-PROFILE-R0509,1,CP01-R0509,509,510,9,35.55965771,-3.54965771,0.00000000
FULL_ADDITIVE_LOG_AGE_28,CP01-PROFILE-R0510,1,CP01-R0510,510,511,9,54.34222011,17.75777989,0.00000000
FULL_ADDITIVE_LOG_AGE_28,CP01-PROFILE-R0511,1,CP01-R0511,511,512,9,41.17362733,-2.17362733,0.00000000
FULL_ADDITIVE_LOG_AGE_28,CP01-PROFILE-R0512,1,CP01-R0512,512,513,9,59.25486323,6.44513677,0.00000000
FULL_ADDITIVE_LOG_AGE_28,CP01-PROFILE-R0513,1,CP01-R0513,513,514,9,35.12432159,-3.01432159,0.00000000
FULL_ADDITIVE_LOG_AGE_28,CP01-PROFILE-R0514,1,CP01-R0514,514,515,9,42.51699114,-2.22699114,0.00000000
FULL_ADDITIVE_LOG_AGE_28,CP01-PROFILE-R0515,1,CP01-R0515,515,516,9,60.45438732,13.90561268,0.00000000
FULL_ADDITIVE_LOG_AGE_28,CP01-PROFILE-R0516,1,CP01-R0516,516,517,9,23.90515007,-1.93515007,0.00000000
FULL_ADDITIVE_LOG_AGE_28,CP01-PROFILE-R0517,1,CP01-R0517,517,518,9,4.29078921,5.55921079,0.00000000
FULL_ADDITIVE_LOG_AGE_28,CP01-PROFILE-R0518,1,CP01-R0518,518,519,9,11.73357494,3.33642506,0.00000000
FULL_ADDITIVE_LOG_AGE_28,CP01-PROFILE-R0519,1,CP01-R0519,519,520,9,30.00990217,-6.75990217,0.00000000
FULL_ADDITIVE_LOG_AGE_28,CP01-PROFILE-R0520,1,CP01-R0520,520,521,9,36.28998078,7.44001922,0.00000000
FULL_ADDITIVE_LOG_AGE_28,CP01-PROFILE-R0521,1,CP01-R0521,521,522,9,16.88677138,-3.48677138,0.00000000
FULL_ADDITIVE_LOG_AGE_28,CP01-PROFILE-R0522,1,CP01-R0522,522,523,9,24.24920105,-0.11920105,0.00000000
FULL_ADDITIVE_LOG_AGE_28,CP01-PROFILE-R0523,1,CP01-R0523,523,524,9,42.41120547,2.10879453,0.00000000
FULL_ADDITIVE_LOG_AGE_28,CP01-PROFILE-R0524,2,CP01-R0524,524,525,9,53.67524795,9.26475205,0.04116299
FULL_ADDITIVE_LOG_AGE_28,CP01-PROFILE-R0524,2,CP01-R0525,525,526,9,53.67524795,5.81475205,0.06558576
FULL_ADDITIVE_LOG_AGE_28,CP01-PROFILE-R0526,2,CP01-R0526,526,527,9,34.42324392,-9.30324392,0.09658922
FULL_ADDITIVE_LOG_AGE_28,CP01-PROFILE-R0526,2,CP01-R0527,527,528,9,34.42324392,-10.78324392,0.08333235
FULL_ADDITIVE_LOG_AGE_28,CP01-PROFILE-R0528,2,CP01-R0528,528,529,9,41.72248756,-5.97248756,0.02298431
FULL_ADDITIVE_LOG_AGE_28,CP01-PROFILE-R0528,2,CP01-R0529,529,530,9,41.72248756,-3.11248756,0.04410411
FULL_ADDITIVE_LOG_AGE_28,CP01-PROFILE-R0530,2,CP01-R0530,530,531,9,59.71648218,9.03351782,0.05636885
FULL_ADDITIVE_LOG_AGE_28,CP01-PROFILE-R0530,2,CP01-R0531,531,532,9,59.71648218,7.06351782,0.07209001
FULL_ADDITIVE_LOG_AGE_28,CP01-PROFILE-R0532,1,CP01-R0532,532,533,9,33.23212890,-9.38212890,0.00000000
FULL_ADDITIVE_LOG_AGE_28,CP01-PROFILE-R0533,1,CP01-R0533,533,534,9,35.41862345,-3.34862345,0.00000000
FULL_ADDITIVE_LOG_AGE_28,CP01-PROFILE-R0534,1,CP01-R0534,534,535,9,5.57888725,6.07111275,0.00000000
FULL_ADDITIVE_LOG_AGE_28,CP01-PROFILE-R0535,1,CP01-R0535,535,536,9,16.50878331,2.69121669,0.00000000
FULL_ADDITIVE_LOG_AGE_28,CP01-PROFILE-R0536,1,CP01-R0536,536,537,9,46.26445396,2.58554604,0.00000000
FULL_ADDITIVE_LOG_AGE_28,CP01-PROFILE-R0537,1,CP01-R0537,537,538,9,36.04964941,3.55035059,0.00000000
FULL_ADDITIVE_LOG_AGE_28,CP01-PROFILE-R0538,1,CP01-R0538,538,539,9,45.03809243,-1.09809243,0.00000000
FULL_ADDITIVE_LOG_AGE_28,CP01-PROFILE-R0539,1,CP01-R0539,539,540,9,32.88671247,1.68328753,0.00000000
FULL_ADDITIVE_LOG_AGE_28,CP01-PROFILE-R0540,1,CP01-R0540,540,541,9,55.25017745,-0.93017745,0.00000000
FULL_ADDITIVE_LOG_AGE_28,CP01-PROFILE-R0541,1,CP01-R0541,541,542,9,25.50572030,-1.10572030,0.00000000
FULL_ADDITIVE_LOG_AGE_28,CP01-PROFILE-R0542,1,CP01-R0542,542,543,9,10.16537573,5.45462427,0.00000000
FULL_ADDITIVE_LOG_AGE_28,CP01-PROFILE-R0543,1,CP01-R0543,543,544,9,32.01428911,-10.15428911,0.00000000
FULL_ADDITIVE_LOG_AGE_28,CP01-PROFILE-R0544,1,CP01-R0544,544,545,9,9.55423491,0.66576509,0.00000000
FULL_ADDITIVE_LOG_AGE_28,CP01-PROFILE-R0545,1,CP01-R0545,545,546,9,13.03966926,1.56033074,0.00000000
FULL_ADDITIVE_LOG_AGE_28,CP01-PROFILE-R0546,1,CP01-R0546,546,547,9,21.71667677,-2.96667677,0.00000000
FULL_ADDITIVE_LOG_AGE_28,CP01-PROFILE-R0547,1,CP01-R0547,547,548,9,29.73713683,2.23286317,0.00000000
FULL_ADDITIVE_LOG_AGE_28,CP01-PROFILE-R0548,1,CP01-R0548,548,549,9,17.58535601,5.81464399,0.00000000
FULL_ADDITIVE_LOG_AGE_28,CP01-PROFILE-R0549,1,CP01-R0549,549,550,9,25.17512800,0.39487200,0.00000000
FULL_ADDITIVE_LOG_AGE_28,CP01-PROFILE-R0550,1,CP01-R0550,550,551,9,39.95046445,1.72953555,0.00000000
FULL_ADDITIVE_LOG_AGE_28,CP01-PROFILE-R0551,1,CP01-R0551,551,552,9,23.91810973,3.82189027,0.00000000
FULL_ADDITIVE_LOG_AGE_28,CP01-PROFILE-R0552,1,CP01-R0552,552,553,9,2.07068015,6.12931985,0.00000000
FULL_ADDITIVE_LOG_AGE_28,CP01-PROFILE-R0553,1,CP01-R0553,553,554,9,22.01566189,-12.39566189,0.00000000
FULL_ADDITIVE_LOG_AGE_28,CP01-PROFILE-R0554,1,CP01-R0554,554,555,9,41.71188807,-16.29188807,0.00000000
FULL_ADDITIVE_LOG_AGE_28,CP01-PROFILE-R0555,1,CP01-R0555,555,556,9,23.45122072,-7.76122072,0.00000000
FULL_ADDITIVE_LOG_AGE_28,CP01-PROFILE-R0556,1,CP01-R0556,556,557,9,39.71865587,-11.77865587,0.00000000
FULL_ADDITIVE_LOG_AGE_28,CP01-PROFILE-R0557,1,CP01-R0557,557,558,9,42.51369859,-9.88369859,0.00000000
FULL_ADDITIVE_LOG_AGE_28,CP01-PROFILE-R0558,1,CP01-R0558,558,559,9,26.35088603,-9.11088603,0.00000000
FULL_ADDITIVE_LOG_AGE_28,CP01-PROFILE-R0559,1,CP01-R0559,559,560,9,29.25413545,-9.48413545,0.00000000
FULL_ADDITIVE_LOG_AGE_28,CP01-PROFILE-R0560,1,CP01-R0560,560,561,9,53.79853101,-14.35853101,0.00000000
FULL_ADDITIVE_LOG_AGE_28,CP01-PROFILE-R0561,1,CP01-R0561,561,562,9,32.66308493,-6.91308493,0.00000000
FULL_ADDITIVE_LOG_AGE_28,CP01-PROFILE-R0562,1,CP01-R0562,562,563,9,38.56550688,-5.48550688,0.00000000
FULL_ADDITIVE_LOG_AGE_28,CP01-PROFILE-R0563,1,CP01-R0563,563,564,9,24.85828457,-0.78828457,0.00000000
FULL_ADDITIVE_LOG_AGE_28,CP01-PROFILE-R0564,1,CP01-R0564,564,565,9,34.60832900,-12.78832900,0.00000000
FULL_ADDITIVE_LOG_AGE_28,CP01-PROFILE-R0565,1,CP01-R0565,565,566,9,34.13919544,-13.06919544,0.00000000
FULL_ADDITIVE_LOG_AGE_28,CP01-PROFILE-R0566,1,CP01-R0566,566,567,9,15.53999615,-0.69999615,0.00000000
FULL_ADDITIVE_LOG_AGE_28,CP01-PROFILE-R0567,1,CP01-R0567,567,568,9,38.45768087,-6.40768087,0.00000000
FULL_ADDITIVE_LOG_AGE_28,CP01-PROFILE-R0568,1,CP01-R0568,568,569,9,18.04569069,-6.08569069,0.00000000
FULL_ADDITIVE_LOG_AGE_28,CP01-PROFILE-R0569,1,CP01-R0569,569,570,9,26.42119919,-0.97119919,0.00000000
FULL_ADDITIVE_LOG_AGE_28,CP01-PROFILE-R0570,1,CP01-R0570,570,571,9,40.32825806,-17.83825806,0.00000000
FULL_ADDITIVE_LOG_AGE_28,CP01-PROFILE-R0571,1,CP01-R0571,571,572,9,27.67319437,-2.45319437,0.00000000
FULL_ADDITIVE_LOG_AGE_28,CP01-PROFILE-R0572,1,CP01-R0572,572,573,9,50.92291127,-11.22291127,0.00000000
FULL_ADDITIVE_LOG_AGE_28,CP01-PROFILE-R0573,1,CP01-R0573,573,574,9,20.54602161,-7.45602161,0.00000000
FULL_ADDITIVE_LOG_AGE_28,CP01-PROFILE-R0574,1,CP01-R0574,574,575,9,48.62906237,-9.92906237,0.00000000
FULL_ADDITIVE_LOG_AGE_28,CP01-PROFILE-R0575,1,CP01-R0575,575,576,9,16.80908632,-9.29908632,0.00000000
FULL_ADDITIVE_LOG_AGE_28,CP01-PROFILE-R0576,1,CP01-R0576,576,577,9,21.43976207,-3.85976207,0.00000000
FULL_ADDITIVE_LOG_AGE_28,CP01-PROFILE-R0577,1,CP01-R0577,577,578,9,20.18435397,0.99564603,0.00000000
FULL_ADDITIVE_LOG_AGE_28,CP01-PROFILE-R0578,1,CP01-R0578,578,579,9,28.94016212,-10.74016212,0.00000000
FULL_ADDITIVE_LOG_AGE_28,CP01-PROFILE-R0579,1,CP01-R0579,579,580,9,30.42963038,-13.22963038,0.00000000
FULL_ADDITIVE_LOG_AGE_28,CP01-PROFILE-R0580,1,CP01-R0580,580,581,9,30.17346665,-7.54346665,0.00000000
FULL_ADDITIVE_LOG_AGE_28,CP01-PROFILE-R0581,1,CP01-R0581,581,582,9,32.17698200,-10.31698200,0.00000000
FULL_ADDITIVE_LOG_AGE_28,CP01-PROFILE-R0582,1,CP01-R0582,582,583,9,27.63336857,-15.26336857,0.00000000
FULL_ADDITIVE_LOG_AGE_28,CP01-PROFILE-R0583,1,CP01-R0583,583,584,9,25.21844298,0.51155702,0.00000000
FULL_ADDITIVE_LOG_AGE_28,CP01-PROFILE-R0584,1,CP01-R0584,584,585,9,46.67791788,-8.86791788,0.00000000
FULL_ADDITIVE_LOG_AGE_28,CP01-PROFILE-R0585,1,CP01-R0585,585,586,9,38.89531939,-16.97531939,0.00000000
FULL_ADDITIVE_LOG_AGE_28,CP01-PROFILE-R0586,1,CP01-R0586,586,587,9,44.30163959,-11.26163959,0.00000000
FULL_ADDITIVE_LOG_AGE_28,CP01-PROFILE-R0587,1,CP01-R0587,587,588,9,28.16435438,-13.62435438,0.00000000
FULL_ADDITIVE_LOG_AGE_28,CP01-PROFILE-R0588,1,CP01-R0588,588,589,9,35.57454214,-8.66454214,0.00000000
FULL_ADDITIVE_LOG_AGE_28,CP01-PROFILE-R0589,1,CP01-R0589,589,590,9,14.76738431,-6.76738431,0.00000000
FULL_ADDITIVE_LOG_AGE_28,CP01-PROFILE-R0590,1,CP01-R0590,590,591,9,32.31686282,-0.41686282,0.00000000
FULL_ADDITIVE_LOG_AGE_28,CP01-PROFILE-R0591,1,CP01-R0591,591,592,9,9.27878086,1.06121914,0.00000000
FULL_ADDITIVE_LOG_AGE_28,CP01-PROFILE-R0592,1,CP01-R0592,592,593,9,22.98152175,-3.21152175,0.00000000
FULL_ADDITIVE_LOG_AGE_28,CP01-PROFILE-R0593,1,CP01-R0593,593,594,9,36.97741210,0.46258790,0.00000000
FULL_ADDITIVE_LOG_AGE_28,CP01-PROFILE-R0594,1,CP01-R0594,594,595,9,10.83087019,0.64912981,0.00000000
FULL_ADDITIVE_LOG_AGE_28,CP01-PROFILE-R0595,1,CP01-R0595,595,596,9,36.52652698,-12.08652698,0.00000000
FULL_ADDITIVE_LOG_AGE_28,CP01-PROFILE-R0596,1,CP01-R0596,596,597,9,26.89956238,-9.29956238,0.00000000
FULL_ADDITIVE_LOG_AGE_28,CP01-PROFILE-R0597,1,CP01-R0597,597,598,9,13.12285464,-2.39285464,0.00000000
FULL_ADDITIVE_LOG_AGE_28,CP01-PROFILE-R0598,1,CP01-R0598,598,599,9,41.37586016,-9.99586016,0.00000000
FULL_ADDITIVE_LOG_AGE_28,CP01-PROFILE-R0599,1,CP01-R0599,599,600,9,9.21973796,4.00026204,0.00000000
FULL_ADDITIVE_LOG_AGE_28,CP01-PROFILE-R0600,1,CP01-R0600,600,601,9,16.63780202,4.33219798,0.00000000
FULL_ADDITIVE_LOG_AGE_28,CP01-PROFILE-R0601,1,CP01-R0601,601,602,9,22.70522025,4.33477975,0.00000000
FULL_ADDITIVE_LOG_AGE_28,CP01-PROFILE-R0602,1,CP01-R0602,602,603,9,28.77459999,3.26540001,0.00000000
FULL_ADDITIVE_LOG_AGE_28,CP01-PROFILE-R0603,1,CP01-R0603,603,604,9,39.02350003,-3.85350003,0.00000000
FULL_ADDITIVE_LOG_AGE_28,CP01-PROFILE-R0604,1,CP01-R0604,604,605,9,45.12534606,-8.67534606,0.00000000
FULL_ADDITIVE_LOG_AGE_28,CP01-PROFILE-R0605,1,CP01-R0605,605,606,9,51.36248292,-12.47248292,0.00000000
FULL_ADDITIVE_LOG_AGE_28,CP01-PROFILE-R0606,1,CP01-R0606,606,607,9,-0.57763308,7.04763308,0.00000000
FULL_ADDITIVE_LOG_AGE_28,CP01-PROFILE-R0607,1,CP01-R0607,607,608,9,12.96693394,-0.12693394,0.00000000
FULL_ADDITIVE_LOG_AGE_28,CP01-PROFILE-R0608,1,CP01-R0608,608,609,9,19.03275511,-0.61275511,0.00000000
FULL_ADDITIVE_LOG_AGE_28,CP01-PROFILE-R0609,1,CP01-R0609,609,610,9,29.29738143,-7.34738143,0.00000000
FULL_ADDITIVE_LOG_AGE_28,CP01-PROFILE-R0610,1,CP01-R0610,610,611,9,35.53911852,-11.43911852,0.00000000
FULL_ADDITIVE_LOG_AGE_28,CP01-PROFILE-R0611,1,CP01-R0611,611,612,9,41.81045701,-16.73045701,0.00000000
FULL_ADDITIVE_LOG_AGE_28,CP01-PROFILE-R0612,1,CP01-R0612,612,613,9,17.81849267,3.44150733,0.00000000
FULL_ADDITIVE_LOG_AGE_28,CP01-PROFILE-R0613,1,CP01-R0613,613,614,9,23.88943187,2.08056813,0.00000000
FULL_ADDITIVE_LOG_AGE_28,CP01-PROFILE-R0614,1,CP01-R0614,614,615,9,4.30266600,7.05733400,0.00000000
FULL_ADDITIVE_LOG_AGE_28,CP01-PROFILE-R0615,1,CP01-R0615,615,616,9,34.13195008,-2.88195008,0.00000000
FULL_ADDITIVE_LOG_AGE_28,CP01-PROFILE-R0616,1,CP01-R0616,616,617,9,40.23988328,-7.90988328,0.00000000
FULL_ADDITIVE_LOG_AGE_28,CP01-PROFILE-R0617,1,CP01-R0617,617,618,9,46.36997356,-12.66997356,0.00000000
FULL_ADDITIVE_LOG_AGE_28,CP01-PROFILE-R0618,1,CP01-R0618,618,619,9,0.53156887,8.77843113,0.00000000
FULL_ADDITIVE_LOG_AGE_28,CP01-PROFILE-R0619,1,CP01-R0619,619,620,9,30.38484385,-3.44484385,0.00000000
FULL_ADDITIVE_LOG_AGE_28,CP01-PROFILE-R0620,1,CP01-R0620,620,621,9,36.49746395,-8.86746395,0.00000000
FULL_ADDITIVE_LOG_AGE_28,CP01-PROFILE-R0621,1,CP01-R0621,621,622,9,42.74386299,-12.95386299,0.00000000
FULL_ADDITIVE_LOG_AGE_28,CP01-PROFILE-R0622,1,CP01-R0622,622,623,9,42.44247509,-7.95247509,0.00000000
FULL_ADDITIVE_LOG_AGE_28,CP01-PROFILE-R0623,1,CP01-R0623,623,624,9,48.68963682,-12.53963682,0.00000000
FULL_ADDITIVE_LOG_AGE_28,CP01-PROFILE-R0624,1,CP01-R0624,624,625,9,6.51466321,6.02533679,0.00000000
FULL_ADDITIVE_LOG_AGE_28,CP01-PROFILE-R0625,1,CP01-R0625,625,626,9,26.09754432,1.43245568,0.00000000
FULL_ADDITIVE_LOG_AGE_28,CP01-PROFILE-R0626,1,CP01-R0626,626,627,9,36.33933119,-3.41933119,0.00000000
FULL_ADDITIVE_LOG_AGE_28,CP01-PROFILE-R0627,1,CP01-R0627,627,628,9,7.00871536,2.98128464,0.00000000
FULL_ADDITIVE_LOG_AGE_28,CP01-PROFILE-R0628,1,CP01-R0628,628,629,9,7.06507272,0.77492728,0.00000000
FULL_ADDITIVE_LOG_AGE_28,CP01-PROFILE-R0629,1,CP01-R0629,629,630,9,19.25636016,-7.00636016,0.00000000
FULL_ADDITIVE_LOG_AGE_28,CP01-PROFILE-R0630,1,CP01-R0630,630,631,9,9.51359571,1.65640429,0.00000000
FULL_ADDITIVE_LOG_AGE_28,CP01-PROFILE-R0631,1,CP01-R0631,631,632,9,21.68283981,-4.34283981,0.00000000
FULL_ADDITIVE_LOG_AGE_28,CP01-PROFILE-R0632,1,CP01-R0632,632,633,9,19.35174636,-1.81174636,0.00000000
FULL_ADDITIVE_LOG_AGE_28,CP01-PROFILE-R0633,1,CP01-R0633,633,634,9,31.47158537,-0.90158537,0.00000000
FULL_ADDITIVE_LOG_AGE_28,CP01-PROFILE-R0634,1,CP01-R0634,634,635,9,14.37137009,-0.17137009,0.00000000
FULL_ADDITIVE_LOG_AGE_28,CP01-PROFILE-R0635,1,CP01-R0635,635,636,9,26.50579197,-2.00579197,0.00000000
FULL_ADDITIVE_LOG_AGE_28,CP01-PROFILE-R0636,1,CP01-R0636,636,637,9,16.76562912,-1.18562912,0.00000000
FULL_ADDITIVE_LOG_AGE_28,CP01-PROFILE-R0637,1,CP01-R0637,637,638,9,28.89351606,-2.04351606,0.00000000
FULL_ADDITIVE_LOG_AGE_28,CP01-PROFILE-R0638,1,CP01-R0638,638,639,9,24.17679705,1.88320295,0.00000000
FULL_ADDITIVE_LOG_AGE_28,CP01-PROFILE-R0639,1,CP01-R0639,639,640,9,36.30407455,1.90592545,0.00000000
FULL_ADDITIVE_LOG_AGE_28,CP01-PROFILE-R0640,1,CP01-R0640,640,641,9,38.67948838,5.02051162,0.00000000
FULL_ADDITIVE_LOG_AGE_28,CP01-PROFILE-R0641,1,CP01-R0641,641,642,9,26.55618569,3.58381431,0.00000000
FULL_ADDITIVE_LOG_AGE_28,CP01-PROFILE-R0642,1,CP01-R0642,642,643,9,11.91010958,0.81989042,0.00000000
FULL_ADDITIVE_LOG_AGE_28,CP01-PROFILE-R0643,1,CP01-R0643,643,644,9,24.05998390,-3.18998390,0.00000000
FULL_ADDITIVE_LOG_AGE_28,CP01-PROFILE-R0644,1,CP01-R0644,644,645,9,21.60909010,-1.32909010,0.00000000
FULL_ADDITIVE_LOG_AGE_28,CP01-PROFILE-R0645,1,CP01-R0645,645,646,9,33.72593826,0.56406174,0.00000000
FULL_ADDITIVE_LOG_AGE_28,CP01-PROFILE-R0646,1,CP01-R0646,646,647,9,27.47127012,-7.93127012,0.00000000
FULL_ADDITIVE_LOG_AGE_28,CP01-PROFILE-R0647,1,CP01-R0647,647,648,9,42.66362505,5.04637495,0.00000000
FULL_ADDITIVE_LOG_AGE_28,CP01-PROFILE-R0648,1,CP01-R0648,648,649,9,41.48901819,1.89098181,0.00000000
FULL_ADDITIVE_LOG_AGE_28,CP01-PROFILE-R0649,1,CP01-R0649,649,650,9,24.78588352,5.10411648,0.00000000
FULL_ADDITIVE_LOG_AGE_28,CP01-PROFILE-R0650,1,CP01-R0650,650,651,9,11.29075809,-4.39075809,0.00000000
FULL_ADDITIVE_LOG_AGE_28,CP01-PROFILE-R0651,1,CP01-R0651,651,652,9,30.68284358,2.50715642,0.00000000
FULL_ADDITIVE_LOG_AGE_28,CP01-PROFILE-R0652,1,CP01-R0652,652,653,9,2.11584344,2.78415656,0.00000000
FULL_ADDITIVE_LOG_AGE_28,CP01-PROFILE-R0653,1,CP01-R0653,653,654,9,-1.01273893,5.58273893,0.00000000
FULL_ADDITIVE_LOG_AGE_28,CP01-PROFILE-R0654,1,CP01-R0654,654,655,9,28.85949707,-3.39949707,0.00000000
FULL_ADDITIVE_LOG_AGE_28,CP01-PROFILE-R0655,1,CP01-R0655,655,656,9,20.46518682,3.82481318,0.00000000
FULL_ADDITIVE_LOG_AGE_28,CP01-PROFILE-R0656,1,CP01-R0656,656,657,9,30.76245204,3.18754796,0.00000000
FULL_ADDITIVE_LOG_AGE_28,CP01-PROFILE-R0657,1,CP01-R0657,657,658,9,7.37515802,4.03484198,0.00000000
FULL_ADDITIVE_LOG_AGE_28,CP01-PROFILE-R0658,1,CP01-R0658,658,659,9,17.20838538,3.38161462,0.00000000
FULL_ADDITIVE_LOG_AGE_28,CP01-PROFILE-R0659,1,CP01-R0659,659,660,9,29.42761823,-3.53761823,0.00000000
FULL_ADDITIVE_LOG_AGE_28,CP01-PROFILE-R0660,1,CP01-R0660,660,661,9,27.43044648,1.79955352,0.00000000
FULL_ADDITIVE_LOG_AGE_28,CP01-PROFILE-R0661,1,CP01-R0661,661,662,9,31.90456443,-0.88456443,0.00000000
FULL_ADDITIVE_LOG_AGE_28,CP01-PROFILE-R0662,1,CP01-R0662,662,663,9,12.70515708,-2.31515708,0.00000000
FULL_ADDITIVE_LOG_AGE_28,CP01-PROFILE-R0663,1,CP01-R0663,663,664,9,31.27585982,2.38414018,0.00000000
FULL_ADDITIVE_LOG_AGE_28,CP01-PROFILE-R0664,1,CP01-R0664,664,665,9,25.71641234,2.15358766,0.00000000
FULL_ADDITIVE_LOG_AGE_28,CP01-PROFILE-R0665,1,CP01-R0665,665,666,9,20.35379222,-1.00379222,0.00000000
FULL_ADDITIVE_LOG_AGE_28,CP01-PROFILE-R0666,1,CP01-R0666,666,667,9,10.46461767,0.92538233,0.00000000
FULL_ADDITIVE_LOG_AGE_28,CP01-PROFILE-R0667,1,CP01-R0667,667,668,9,20.08327294,-7.29327294,0.00000000
FULL_ADDITIVE_LOG_AGE_28,CP01-PROFILE-R0668,1,CP01-R0668,668,669,9,39.53446111,-0.21446111,0.00000000
FULL_ADDITIVE_LOG_AGE_28,CP01-PROFILE-R0669,1,CP01-R0669,669,670,9,0.03927948,4.74072052,0.00000000
FULL_ADDITIVE_LOG_AGE_28,CP01-PROFILE-R0670,1,CP01-R0670,670,671,9,21.98657507,-5.87657507,0.00000000
FULL_ADDITIVE_LOG_AGE_28,CP01-PROFILE-R0671,1,CP01-R0671,671,672,9,41.51567503,1.86432497,0.00000000
FULL_ADDITIVE_LOG_AGE_28,CP01-PROFILE-R0672,1,CP01-R0672,672,673,9,20.61086288,-0.19086288,0.00000000
FULL_ADDITIVE_LOG_AGE_28,CP01-PROFILE-R0673,1,CP01-R0673,673,674,9,3.02689099,3.91310901,0.00000000
FULL_ADDITIVE_LOG_AGE_28,CP01-PROFILE-R0674,1,CP01-R0674,674,675,9,14.12361892,0.90638108,0.00000000
FULL_ADDITIVE_LOG_AGE_28,CP01-PROFILE-R0675,1,CP01-R0675,675,676,9,13.19655631,0.37344369,0.00000000
FULL_ADDITIVE_LOG_AGE_28,CP01-PROFILE-R0676,1,CP01-R0676,676,677,9,31.88276874,0.64723126,0.00000000
FULL_ADDITIVE_LOG_AGE_28,CP01-PROFILE-R0677,1,CP01-R0677,677,678,9,18.68114333,-2.93114333,0.00000000
FULL_ADDITIVE_LOG_AGE_28,CP01-PROFILE-R0678,1,CP01-R0678,678,679,9,6.46199006,1.21800994,0.00000000
FULL_ADDITIVE_LOG_AGE_28,CP01-PROFILE-R0679,1,CP01-R0679,679,680,9,41.48915576,-2.68915576,0.00000000
FULL_ADDITIVE_LOG_AGE_28,CP01-PROFILE-R0680,1,CP01-R0680,680,681,9,26.23089917,6.76910083,0.00000000
FULL_ADDITIVE_LOG_AGE_28,CP01-PROFILE-R0681,1,CP01-R0681,681,682,9,18.61781738,-1.33781738,0.00000000
FULL_ADDITIVE_LOG_AGE_28,CP01-PROFILE-R0682,1,CP01-R0682,682,683,9,22.58677436,1.69322564,0.00000000
FULL_ADDITIVE_LOG_AGE_28,CP01-PROFILE-R0683,1,CP01-R0683,683,684,9,21.66366563,2.38633437,0.00000000
FULL_ADDITIVE_LOG_AGE_28,CP01-PROFILE-R0684,1,CP01-R0684,684,685,9,35.93870332,0.65129668,0.00000000
FULL_ADDITIVE_LOG_AGE_28,CP01-PROFILE-R0685,1,CP01-R0685,685,686,9,49.73398782,0.99601218,0.00000000
FULL_ADDITIVE_LOG_AGE_28,CP01-PROFILE-R0686,1,CP01-R0686,686,687,9,13.60595646,0.05404354,0.00000000
FULL_ADDITIVE_LOG_AGE_28,CP01-PROFILE-R0687,1,CP01-R0687,687,688,9,22.06596383,-7.92596383,0.00000000
FULL_ADDITIVE_LOG_AGE_28,CP01-PROFILE-R0688,1,CP01-R0688,688,689,9,42.92438945,4.85561055,0.00000000
FULL_ADDITIVE_LOG_AGE_28,CP01-PROFILE-R0689,1,CP01-R0689,689,690,9,-2.35274562,4.68274562,0.00000000
FULL_ADDITIVE_LOG_AGE_28,CP01-PROFILE-R0690,1,CP01-R0690,690,691,9,19.18474214,-2.29474214,0.00000000
FULL_ADDITIVE_LOG_AGE_28,CP01-PROFILE-R0691,1,CP01-R0691,691,692,9,29.38631258,-5.86631258,0.00000000
FULL_ADDITIVE_LOG_AGE_28,CP01-PROFILE-R0692,1,CP01-R0692,692,693,9,6.71622550,0.09377450,0.00000000
FULL_ADDITIVE_LOG_AGE_28,CP01-PROFILE-R0693,1,CP01-R0693,693,694,9,36.45181577,3.24818423,0.00000000
FULL_ADDITIVE_LOG_AGE_28,CP01-PROFILE-R0694,1,CP01-R0694,694,695,9,19.65316855,-1.69316855,0.00000000
FULL_ADDITIVE_LOG_AGE_28,CP01-PROFILE-R0695,1,CP01-R0695,695,696,9,32.73482460,0.14517540,0.00000000
FULL_ADDITIVE_LOG_AGE_28,CP01-PROFILE-R0696,1,CP01-R0696,696,697,9,21.67698613,0.67301387,0.00000000
FULL_ADDITIVE_LOG_AGE_28,CP01-PROFILE-R0697,1,CP01-R0697,697,698,9,9.54132687,1.24867313,0.00000000
FULL_ADDITIVE_LOG_AGE_28,CP01-PROFILE-R0698,1,CP01-R0698,698,699,9,5.08538222,2.63461778,0.00000000
FULL_ADDITIVE_LOG_AGE_28,CP01-PROFILE-R0699,1,CP01-R0699,699,700,9,39.48374909,2.19625091,0.00000000
FULL_ADDITIVE_LOG_AGE_28,CP01-PROFILE-R0700,1,CP01-R0700,700,701,9,20.11146020,-10.55146020,0.00000000
FULL_ADDITIVE_LOG_AGE_28,CP01-PROFILE-R0701,1,CP01-R0701,701,702,9,6.18867805,0.69132195,0.00000000
FULL_ADDITIVE_LOG_AGE_28,CP01-PROFILE-R0702,1,CP01-R0702,702,703,9,51.69503955,-1.16503955,0.00000000
FULL_ADDITIVE_LOG_AGE_28,CP01-PROFILE-R0703,1,CP01-R0703,703,704,9,14.80223252,2.36776748,0.00000000
FULL_ADDITIVE_LOG_AGE_28,CP01-PROFILE-R0704,1,CP01-R0704,704,705,9,26.92559081,3.51440919,0.00000000
FULL_ADDITIVE_LOG_AGE_28,CP01-PROFILE-R0705,1,CP01-R0705,705,706,9,12.96088826,-3.23088826,0.00000000
FULL_ADDITIVE_LOG_AGE_28,CP01-PROFILE-R0706,1,CP01-R0706,706,707,9,0.92952571,2.39047429,0.00000000
FULL_ADDITIVE_LOG_AGE_28,CP01-PROFILE-R0707,1,CP01-R0707,707,708,9,29.88983961,-3.56983961,0.00000000
FULL_ADDITIVE_LOG_AGE_28,CP01-PROFILE-R0708,1,CP01-R0708,708,709,9,37.12019538,6.12980462,0.00000000
FULL_ADDITIVE_LOG_AGE_28,CP01-PROFILE-R0709,1,CP01-R0709,709,710,9,2.09898626,4.18101374,0.00000000
FULL_ADDITIVE_LOG_AGE_28,CP01-PROFILE-R0710,1,CP01-R0710,710,711,9,32.81319861,-0.71319861,0.00000000
FULL_ADDITIVE_LOG_AGE_28,CP01-PROFILE-R0711,1,CP01-R0711,711,712,9,32.45808582,4.50191418,0.00000000
FULL_ADDITIVE_LOG_AGE_28,CP01-PROFILE-R0712,1,CP01-R0712,712,713,9,51.71902894,2.88097106,0.00000000
FULL_ADDITIVE_LOG_AGE_28,CP01-PROFILE-R0713,1,CP01-R0713,713,714,9,27.46796663,-5.98796663,0.00000000
FULL_ADDITIVE_LOG_AGE_28,CP01-PROFILE-R0714,1,CP01-R0714,714,715,9,11.77598904,-2.08598904,0.00000000
FULL_ADDITIVE_LOG_AGE_28,CP01-PROFILE-R0715,1,CP01-R0715,715,716,9,7.50128972,0.86871028,0.00000000
FULL_ADDITIVE_LOG_AGE_28,CP01-PROFILE-R0716,1,CP01-R0716,716,717,9,34.99571484,4.66428516,0.00000000
FULL_ADDITIVE_LOG_AGE_28,CP01-PROFILE-R0717,1,CP01-R0717,717,718,9,9.55240804,0.53759196,0.00000000
FULL_ADDITIVE_LOG_AGE_28,CP01-PROFILE-R0718,1,CP01-R0718,718,719,9,5.28236844,-0.45236844,0.00000000
FULL_ADDITIVE_LOG_AGE_28,CP01-PROFILE-R0719,1,CP01-R0719,719,720,9,8.34833766,2.00166234,0.00000000
FULL_ADDITIVE_LOG_AGE_28,CP01-PROFILE-R0720,1,CP01-R0720,720,721,9,40.97598004,2.59401996,0.00000000
FULL_ADDITIVE_LOG_AGE_28,CP01-PROFILE-R0721,1,CP01-R0721,721,722,9,49.69394524,2.16605476,0.00000000
FULL_ADDITIVE_LOG_AGE_28,CP01-PROFILE-R0722,1,CP01-R0722,722,723,9,9.03620651,2.81379349,0.00000000
FULL_ADDITIVE_LOG_AGE_28,CP01-PROFILE-R0723,1,CP01-R0723,723,724,9,16.46307002,0.77692998,0.00000000
FULL_ADDITIVE_LOG_AGE_28,CP01-PROFILE-R0724,1,CP01-R0724,724,725,9,28.59540652,-0.76540652,0.00000000
FULL_ADDITIVE_LOG_AGE_28,CP01-PROFILE-R0725,1,CP01-R0725,725,726,9,38.82106322,-3.06106322,0.00000000
FULL_ADDITIVE_LOG_AGE_28,CP01-PROFILE-R0726,1,CP01-R0726,726,727,9,41.33668506,-2.63668506,0.00000000
FULL_ADDITIVE_LOG_AGE_28,CP01-PROFILE-R0727,1,CP01-R0727,727,728,9,11.93221833,2.37778167,0.00000000
FULL_ADDITIVE_LOG_AGE_28,CP01-PROFILE-R0728,1,CP01-R0728,728,729,9,19.37161336,-1.93161336,0.00000000
FULL_ADDITIVE_LOG_AGE_28,CP01-PROFILE-R0729,1,CP01-R0729,729,730,9,31.48510866,0.25489134,0.00000000
FULL_ADDITIVE_LOG_AGE_28,CP01-PROFILE-R0730,1,CP01-R0730,730,731,9,41.72163894,-3.81163894,0.00000000
FULL_ADDITIVE_LOG_AGE_28,CP01-PROFILE-R0731,1,CP01-R0731,731,732,9,44.24729932,-4.86729932,0.00000000
FULL_ADDITIVE_LOG_AGE_28,CP01-PROFILE-R0732,1,CP01-R0732,732,733,9,14.85572373,1.01427627,0.00000000
FULL_ADDITIVE_LOG_AGE_28,CP01-PROFILE-R0733,1,CP01-R0733,733,734,9,22.38249626,-13.37249626,0.00000000
FULL_ADDITIVE_LOG_AGE_28,CP01-PROFILE-R0734,1,CP01-R0734,734,735,9,34.40764792,-0.79764792,0.00000000
FULL_ADDITIVE_LOG_AGE_28,CP01-PROFILE-R0735,1,CP01-R0735,735,736,9,44.64905365,-3.98905365,0.00000000
FULL_ADDITIVE_LOG_AGE_28,CP01-PROFILE-R0736,1,CP01-R0736,736,737,9,47.18981738,-6.32981738,0.00000000
FULL_ADDITIVE_LOG_AGE_28,CP01-PROFILE-R0737,1,CP01-R0737,737,738,9,9.20714338,2.84285662,0.00000000
FULL_ADDITIVE_LOG_AGE_28,CP01-PROFILE-R0738,1,CP01-R0738,738,739,9,21.38265636,-3.84265636,0.00000000
FULL_ADDITIVE_LOG_AGE_28,CP01-PROFILE-R0739,1,CP01-R0739,739,740,9,15.45051879,3.45948121,0.00000000
FULL_ADDITIVE_LOG_AGE_28,CP01-PROFILE-R0740,1,CP01-R0740,740,741,9,27.60897460,-2.42897460,0.00000000
FULL_ADDITIVE_LOG_AGE_28,CP01-PROFILE-R0741,1,CP01-R0741,741,742,9,12.62003379,18.33996621,0.00000000
FULL_ADDITIVE_LOG_AGE_28,CP01-PROFILE-R0742,1,CP01-R0742,742,743,9,45.35104437,-1.46104437,0.00000000
FULL_ADDITIVE_LOG_AGE_28,CP01-PROFILE-R0743,1,CP01-R0743,743,744,9,55.56359555,-1.28359555,0.00000000
FULL_ADDITIVE_LOG_AGE_28,CP01-PROFILE-R0744,1,CP01-R0744,744,745,9,38.48071213,-1.54071213,0.00000000
FULL_ADDITIVE_LOG_AGE_28,CP01-PROFILE-R0745,1,CP01-R0745,745,746,9,14.04127083,0.45872917,0.00000000
FULL_ADDITIVE_LOG_AGE_28,CP01-PROFILE-R0746,1,CP01-R0746,746,747,9,26.31970921,-3.87970921,0.00000000
FULL_ADDITIVE_LOG_AGE_28,CP01-PROFILE-R0747,1,CP01-R0747,747,748,9,19.74231459,-7.10231459,0.00000000
FULL_ADDITIVE_LOG_AGE_28,CP01-PROFILE-R0748,1,CP01-R0748,748,749,9,29.25047205,-3.19047205,0.00000000
FULL_ADDITIVE_LOG_AGE_28,CP01-PROFILE-R0749,1,CP01-R0749,749,750,9,36.65898395,-3.44898395,0.00000000
FULL_ADDITIVE_LOG_AGE_28,CP01-PROFILE-R0750,1,CP01-R0750,750,751,9,42.75426815,-5.81426815,0.00000000
FULL_ADDITIVE_LOG_AGE_28,CP01-PROFILE-R0751,1,CP01-R0751,751,752,9,48.79911744,-4.70911744,0.00000000
FULL_ADDITIVE_LOG_AGE_28,CP01-PROFILE-R0752,1,CP01-R0752,752,753,9,45.36258112,7.24741888,0.00000000
FULL_ADDITIVE_LOG_AGE_28,CP01-PROFILE-R0753,1,CP01-R0753,753,754,9,51.41410182,8.34589818,0.00000000
FULL_ADDITIVE_LOG_AGE_28,CP01-PROFILE-R0754,1,CP01-R0754,754,755,9,57.45454999,9.85545001,0.00000000
FULL_ADDITIVE_LOG_AGE_28,CP01-PROFILE-R0755,1,CP01-R0755,755,756,9,67.78304137,1.87695863,0.00000000
FULL_ADDITIVE_LOG_AGE_28,CP01-PROFILE-R0756,1,CP01-R0756,756,757,9,73.91840973,-2.29840973,0.00000000
FULL_ADDITIVE_LOG_AGE_28,CP01-PROFILE-R0757,1,CP01-R0757,757,758,9,77.48805415,-3.31805415,0.00000000
FULL_ADDITIVE_LOG_AGE_28,CP01-PROFILE-R0758,1,CP01-R0758,758,759,9,17.33276974,0.79723026,0.00000000
FULL_ADDITIVE_LOG_AGE_28,CP01-PROFILE-R0759,1,CP01-R0759,759,760,9,23.40340731,-0.87340731,0.00000000
FULL_ADDITIVE_LOG_AGE_28,CP01-PROFILE-R0760,1,CP01-R0760,760,761,9,29.47056423,-2.13056423,0.00000000
FULL_ADDITIVE_LOG_AGE_28,CP01-PROFILE-R0761,1,CP01-R0761,761,762,9,35.54806850,-5.56806850,0.00000000
FULL_ADDITIVE_LOG_AGE_28,CP01-PROFILE-R0762,1,CP01-R0762,762,763,9,39.71452222,-8.36452222,0.00000000
FULL_ADDITIVE_LOG_AGE_28,CP01-PROFILE-R0763,1,CP01-R0763,763,764,9,45.81868465,-13.09868465,0.00000000
FULL_ADDITIVE_LOG_AGE_28,CP01-PROFILE-R0764,1,CP01-R0764,764,765,9,6.56185597,-0.29185597,0.00000000
FULL_ADDITIVE_LOG_AGE_28,CP01-PROFILE-R0765,1,CP01-R0765,765,766,9,16.18232839,-1.48232839,0.00000000
FULL_ADDITIVE_LOG_AGE_28,CP01-PROFILE-R0766,1,CP01-R0766,766,767,9,23.58062322,-0.36062322,0.00000000
FULL_ADDITIVE_LOG_AGE_28,CP01-PROFILE-R0767,1,CP01-R0767,767,768,9,29.65314608,-1.73314608,0.00000000
FULL_ADDITIVE_LOG_AGE_28,CP01-PROFILE-R0768,1,CP01-R0768,768,769,9,35.73417764,-4.38417764,0.00000000
FULL_ADDITIVE_LOG_AGE_28,CP01-PROFILE-R0769,1,CP01-R0769,769,770,9,46.56102832,-7.56102832,0.00000000
FULL_ADDITIVE_LOG_AGE_28,CP01-PROFILE-R0770,1,CP01-R0770,770,771,9,52.67634730,-11.43634730,0.00000000
FULL_ADDITIVE_LOG_AGE_28,CP01-PROFILE-R0771,1,CP01-R0771,771,772,9,14.48616453,0.50383547,0.00000000
FULL_ADDITIVE_LOG_AGE_28,CP01-PROFILE-R0772,1,CP01-R0772,772,773,9,10.67904926,2.84095074,0.00000000
FULL_ADDITIVE_LOG_AGE_28,CP01-PROFILE-R0773,1,CP01-R0773,773,774,9,24.71728184,-0.71728184,0.00000000
FULL_ADDITIVE_LOG_AGE_28,CP01-PROFILE-R0774,1,CP01-R0774,774,775,9,36.83629106,0.58370894,0.00000000
FULL_ADDITIVE_LOG_AGE_28,CP01-PROFILE-R0775,1,CP01-R0775,775,776,9,28.44299080,-16.97299080,0.00000000
FULL_ADDITIVE_LOG_AGE_28,CP01-PROFILE-R0776,1,CP01-R0776,776,777,9,26.18999007,-3.74999007,0.00000000
FULL_ADDITIVE_LOG_AGE_28,CP01-PROFILE-R0777,1,CP01-R0777,777,778,9,20.23108627,0.92891373,0.00000000
FULL_ADDITIVE_LOG_AGE_28,CP01-PROFILE-R0778,1,CP01-R0778,778,779,9,32.36383891,-0.52383891,0.00000000
FULL_ADDITIVE_LOG_AGE_28,CP01-PROFILE-R0779,1,CP01-R0779,779,780,9,14.84262837,-0.04262837,0.00000000
FULL_ADDITIVE_LOG_AGE_28,CP01-PROFILE-R0780,1,CP01-R0780,780,781,9,26.97744772,-1.79744772,0.00000000
FULL_ADDITIVE_LOG_AGE_28,CP01-PROFILE-R0781,1,CP01-R0781,781,782,9,21.48268265,-3.94268265,0.00000000
FULL_ADDITIVE_LOG_AGE_28,CP01-PROFILE-R0782,1,CP01-R0782,782,783,9,14.40768070,-0.20768070,0.00000000
FULL_ADDITIVE_LOG_AGE_28,CP01-PROFILE-R0783,1,CP01-R0783,783,784,9,26.55524707,-4.90524707,0.00000000
FULL_ADDITIVE_LOG_AGE_28,CP01-PROFILE-R0784,1,CP01-R0784,784,785,9,36.78757583,-7.39757583,0.00000000
FULL_ADDITIVE_LOG_AGE_28,CP01-PROFILE-R0785,1,CP01-R0785,785,786,9,7.65904788,5.86095212,0.00000000
FULL_ADDITIVE_LOG_AGE_28,CP01-PROFILE-R0786,1,CP01-R0786,786,787,9,18.11908764,-1.85908764,0.00000000
FULL_ADDITIVE_LOG_AGE_28,CP01-PROFILE-R0787,1,CP01-R0787,787,788,9,30.23057382,1.21942618,0.00000000
FULL_ADDITIVE_LOG_AGE_28,CP01-PROFILE-R0788,1,CP01-R0788,788,789,9,40.46410751,-3.23410751,0.00000000
FULL_ADDITIVE_LOG_AGE_28,CP01-PROFILE-R0789,1,CP01-R0789,789,790,9,21.92721947,-3.79721947,0.00000000
FULL_ADDITIVE_LOG_AGE_28,CP01-PROFILE-R0790,1,CP01-R0790,790,791,9,34.03466140,-1.31466140,0.00000000
FULL_ADDITIVE_LOG_AGE_28,CP01-PROFILE-R0791,1,CP01-R0791,791,792,9,44.27478158,-4.78478158,0.00000000
FULL_ADDITIVE_LOG_AGE_28,CP01-PROFILE-R0792,1,CP01-R0792,792,793,9,50.38781139,-9.33781139,0.00000000
FULL_ADDITIVE_LOG_AGE_28,CP01-PROFILE-R0793,1,CP01-R0793,793,794,9,56.53271177,-14.40271177,0.00000000
FULL_ADDITIVE_LOG_AGE_28,CP01-PROFILE-R0794,1,CP01-R0794,794,795,9,18.43958443,-0.30958443,0.00000000
FULL_ADDITIVE_LOG_AGE_28,CP01-PROFILE-R0795,1,CP01-R0795,795,796,9,40.87226548,-14.13226548,0.00000000
FULL_ADDITIVE_LOG_AGE_28,CP01-PROFILE-R0796,1,CP01-R0796,796,797,9,69.92967285,-8.00967285,0.00000000
FULL_ADDITIVE_LOG_AGE_28,CP01-PROFILE-R0797,1,CP01-R0797,797,798,9,59.13299250,-11.91299250,0.00000000
FULL_ADDITIVE_LOG_AGE_28,CP01-PROFILE-R0798,1,CP01-R0798,798,799,9,65.25577684,-14.21577684,0.00000000
FULL_ADDITIVE_LOG_AGE_28,CP01-PROFILE-R0799,1,CP01-R0799,799,800,9,68.80954577,-13.64954577,0.00000000
FULL_ADDITIVE_LOG_AGE_28,CP01-PROFILE-R0800,1,CP01-R0800,800,801,9,38.00140914,3.63859086,0.00000000
FULL_ADDITIVE_LOG_AGE_28,CP01-PROFILE-R0801,1,CP01-R0801,801,802,9,10.80769804,2.90230196,0.00000000
FULL_ADDITIVE_LOG_AGE_28,CP01-PROFILE-R0802,2,CP01-R0802,802,803,9,22.99778866,-3.30778866,0.02139126
FULL_ADDITIVE_LOG_AGE_28,CP01-PROFILE-R0803,1,CP01-R0803,803,804,9,32.09643554,-0.44643554,0.00000000
FULL_ADDITIVE_LOG_AGE_28,CP01-PROFILE-R0804,1,CP01-R0804,804,805,9,15.48053892,3.62946108,0.00000000
FULL_ADDITIVE_LOG_AGE_28,CP01-PROFILE-R0805,1,CP01-R0805,805,806,9,35.02354306,4.55645694,0.00000000
FULL_ADDITIVE_LOG_AGE_28,CP01-PROFILE-R0806,1,CP01-R0806,806,807,9,45.24032393,3.54967607,0.00000000
FULL_ADDITIVE_LOG_AGE_28,CP01-PROFILE-R0807,1,CP01-R0807,807,808,9,24.84692192,-0.84692192,0.00000000
FULL_ADDITIVE_LOG_AGE_28,CP01-PROFILE-R0808,1,CP01-R0808,808,809,9,36.96558752,0.45441248,0.00000000
FULL_ADDITIVE_LOG_AGE_28,CP01-PROFILE-R0809,1,CP01-R0809,809,810,9,10.69522918,0.77477082,0.00000000
FULL_ADDITIVE_LOG_AGE_28,CP01-PROFILE-R0802,2,CP01-R0810,810,811,9,22.99778866,-3.30778866,0.02139126
FULL_ADDITIVE_LOG_AGE_28,CP01-PROFILE-R0811,1,CP01-R0811,811,812,9,15.94536895,-0.95536895,0.00000000
FULL_ADDITIVE_LOG_AGE_28,CP01-PROFILE-R0812,1,CP01-R0812,812,813,9,28.06616469,-0.14616469,0.00000000
FULL_ADDITIVE_LOG_AGE_28,CP01-PROFILE-R0813,1,CP01-R0813,813,814,9,38.29835566,-3.61835566,0.00000000
FULL_ADDITIVE_LOG_AGE_28,CP01-PROFILE-R0814,1,CP01-R0814,814,815,9,44.39206973,-7.06206973,0.00000000
FULL_ADDITIVE_LOG_AGE_28,CP01-PROFILE-R0815,1,CP01-R0815,815,816,9,50.52286773,-12.41286773,0.00000000
FULL_ADDITIVE_LOG_AGE_28,CP01-PROFILE-R0816,1,CP01-R0816,816,817,9,33.98412820,-0.18412820,0.00000000
FULL_ADDITIVE_LOG_AGE_28,CP01-PROFILE-R0817,1,CP01-R0817,817,818,9,41.37636691,1.04363309,0.00000000
FULL_ADDITIVE_LOG_AGE_28,CP01-PROFILE-R0818,1,CP01-R0818,818,819,9,47.44109589,0.95890411,0.00000000
FULL_ADDITIVE_LOG_AGE_28,CP01-PROFILE-R0819,1,CP01-R0819,819,820,9,53.48287973,2.45712027,0.00000000
FULL_ADDITIVE_LOG_AGE_28,CP01-PROFILE-R0820,1,CP01-R0820,820,821,9,63.80723523,-5.02723523,0.00000000
FULL_ADDITIVE_LOG_AGE_28,CP01-PROFILE-R0821,1,CP01-R0821,821,822,9,73.45611332,-6.34611332,0.00000000
FULL_ADDITIVE_LOG_AGE_28,CP01-PROFILE-R0822,1,CP01-R0822,822,823,9,20.52233617,0.24766383,0.00000000
FULL_ADDITIVE_LOG_AGE_28,CP01-PROFILE-R0823,1,CP01-R0823,823,824,9,26.59182167,-1.41182167,0.00000000
FULL_ADDITIVE_LOG_AGE_28,CP01-PROFILE-R0824,1,CP01-R0824,824,825,9,42.94734591,-13.35734591,0.00000000
FULL_ADDITIVE_LOG_AGE_28,CP01-PROFILE-R0825,1,CP01-R0825,825,826,9,24.51292451,-2.76292451,0.00000000
FULL_ADDITIVE_LOG_AGE_28,CP01-PROFILE-R0826,1,CP01-R0826,826,827,9,38.60049338,0.48950662,0.00000000
FULL_ADDITIVE_LOG_AGE_28,CP01-PROFILE-R0827,1,CP01-R0827,827,828,9,25.81933380,-1.42933380,0.00000000
FULL_ADDITIVE_LOG_AGE_28,CP01-PROFILE-R0828,1,CP01-R0828,828,829,9,49.89832299,0.61167701,0.00000000
FULL_ADDITIVE_LOG_AGE_28,CP01-PROFILE-R0829,1,CP01-R0829,829,830,9,61.68224566,13.30775434,0.00000000
FULL_ADDITIVE_LOG_AGE_28,CP01-PROFILE-R0830,1,CP01-R0830,830,831,9,33.64203039,3.52796961,0.00000000
FULL_ADDITIVE_LOG_AGE_28,CP01-PROFILE-R0831,1,CP01-R0831,831,832,9,40.27116661,-6.51116661,0.00000000
FULL_ADDITIVE_LOG_AGE_28,CP01-PROFILE-R0832,1,CP01-R0832,832,833,9,23.66124394,-7.16124394,0.00000000
FULL_ADDITIVE_LOG_AGE_28,CP01-PROFILE-R0833,1,CP01-R0833,833,834,9,23.60349660,-3.61349660,0.00000000
FULL_ADDITIVE_LOG_AGE_28,CP01-PROFILE-R0834,1,CP01-R0834,834,835,9,39.43159727,-3.08159727,0.00000000
FULL_ADDITIVE_LOG_AGE_28,CP01-PROFILE-R0835,1,CP01-R0835,835,836,9,52.27438377,-18.58438377,0.00000000
FULL_ADDITIVE_LOG_AGE_28,CP01-PROFILE-R0836,1,CP01-R0836,836,837,9,27.84697798,-12.42697798,0.00000000
FULL_ADDITIVE_LOG_AGE_28,CP01-PROFILE-R0837,1,CP01-R0837,837,838,9,34.54139452,-1.12139452,0.00000000
FULL_ADDITIVE_LOG_AGE_28,CP01-PROFILE-R0838,1,CP01-R0838,838,839,9,34.71601935,4.33398065,0.00000000
FULL_ADDITIVE_LOG_AGE_28,CP01-PROFILE-R0839,1,CP01-R0839,839,840,9,34.77107056,-7.09107056,0.00000000
FULL_ADDITIVE_LOG_AGE_28,CP01-PROFILE-R0840,1,CP01-R0840,840,841,9,29.28215700,-2.42215700,0.00000000
FULL_ADDITIVE_LOG_AGE_28,CP01-PROFILE-R0841,1,CP01-R0841,841,842,9,45.60909273,-0.30909273,0.00000000
FULL_ADDITIVE_LOG_AGE_28,CP01-PROFILE-R0842,1,CP01-R0842,842,843,9,31.96973212,-1.84973212,0.00000000
FULL_ADDITIVE_LOG_AGE_28,CP01-PROFILE-R0843,1,CP01-R0843,843,844,9,26.55129123,-10.98129123,0.00000000
FULL_ADDITIVE_LOG_AGE_28,CP01-PROFILE-R0844,1,CP01-R0844,844,845,9,35.69351672,8.91648328,0.00000000
FULL_ADDITIVE_LOG_AGE_28,CP01-PROFILE-R0845,1,CP01-R0845,845,846,9,42.16150969,11.35849031,0.00000000
FULL_ADDITIVE_LOG_AGE_28,CP01-PROFILE-R0846,1,CP01-R0846,846,847,9,43.65930141,13.55069859,0.00000000
FULL_ADDITIVE_LOG_AGE_28,CP01-PROFILE-R0847,1,CP01-R0847,847,848,9,50.48282560,15.42717440,0.00000000
FULL_ADDITIVE_LOG_AGE_28,CP01-PROFILE-R0848,1,CP01-R0848,848,849,9,46.08816790,6.73183210,0.00000000
FULL_ADDITIVE_LOG_AGE_28,CP01-PROFILE-R0849,1,CP01-R0849,849,850,9,34.31065729,-0.91065729,0.00000000
FULL_ADDITIVE_LOG_AGE_28,CP01-PROFILE-R0850,1,CP01-R0850,850,851,9,22.64787753,-4.61787753,0.00000000
FULL_ADDITIVE_LOG_AGE_28,CP01-PROFILE-R0851,1,CP01-R0851,851,852,9,34.36385284,2.99614716,0.00000000
FULL_ADDITIVE_LOG_AGE_28,CP01-PROFILE-R0852,1,CP01-R0852,852,853,9,34.09459019,-1.25459019,0.00000000
FULL_ADDITIVE_LOG_AGE_28,CP01-PROFILE-R0853,1,CP01-R0853,853,854,9,34.03077480,8.60922520,0.00000000
FULL_ADDITIVE_LOG_AGE_28,CP01-PROFILE-R0854,1,CP01-R0854,854,855,9,32.07002053,7.98997947,0.00000000
FULL_ADDITIVE_LOG_AGE_28,CP01-PROFILE-R0855,1,CP01-R0855,855,856,9,41.94936868,-0.00936868,0.00000000
FULL_ADDITIVE_LOG_AGE_28,CP01-PROFILE-R0856,1,CP01-R0856,856,857,9,48.03179447,13.19820553,0.00000000
FULL_ADDITIVE_LOG_AGE_28,CP01-PROFILE-R0857,1,CP01-R0857,857,858,9,41.24706731,-0.37706731,0.00000000
FULL_ADDITIVE_LOG_AGE_28,CP01-PROFILE-R0858,1,CP01-R0858,858,859,9,38.44000142,-5.14000142,0.00000000
FULL_ADDITIVE_LOG_AGE_28,CP01-PROFILE-R0859,1,CP01-R0859,859,860,9,43.01327960,9.40672040,0.00000000
FULL_ADDITIVE_LOG_AGE_28,CP01-PROFILE-R0860,1,CP01-R0860,860,861,9,26.59624522,-11.50624522,0.00000000
FULL_ADDITIVE_LOG_AGE_28,CP01-PROFILE-R0861,1,CP01-R0861,861,862,9,39.55153193,-1.09153193,0.00000000
FULL_ADDITIVE_LOG_AGE_28,CP01-PROFILE-R0862,1,CP01-R0862,862,863,9,38.74729307,-1.48729307,0.00000000
FULL_ADDITIVE_LOG_AGE_28,CP01-PROFILE-R0863,1,CP01-R0863,863,864,9,20.94936187,14.28063813,0.00000000
FULL_ADDITIVE_LOG_AGE_28,CP01-PROFILE-R0864,1,CP01-R0864,864,865,9,39.28646391,2.84353609,0.00000000
FULL_ADDITIVE_LOG_AGE_28,CP01-PROFILE-R0865,1,CP01-R0865,865,866,9,29.02220505,2.84779495,0.00000000
FULL_ADDITIVE_LOG_AGE_28,CP01-PROFILE-R0866,1,CP01-R0866,866,867,9,37.06279537,4.47720463,0.00000000
FULL_ADDITIVE_LOG_AGE_28,CP01-PROFILE-R0867,1,CP01-R0867,867,868,9,37.83244662,1.61755338,0.00000000
FULL_ADDITIVE_LOG_AGE_28,CP01-PROFILE-R0868,1,CP01-R0868,868,869,9,37.36805442,0.54194558,0.00000000
FULL_ADDITIVE_LOG_AGE_28,CP01-PROFILE-R0869,1,CP01-R0869,869,870,9,42.11324349,2.16675651,0.00000000
FULL_ADDITIVE_LOG_AGE_28,CP01-PROFILE-R0870,1,CP01-R0870,870,871,9,35.49589953,-4.31589953,0.00000000
FULL_ADDITIVE_LOG_AGE_28,CP01-PROFILE-R0871,1,CP01-R0871,871,872,9,28.52933709,-4.83933709,0.00000000
FULL_ADDITIVE_LOG_AGE_28,CP01-PROFILE-R0872,1,CP01-R0872,872,873,9,31.13652103,1.62347897,0.00000000
FULL_ADDITIVE_LOG_AGE_28,CP01-PROFILE-R0873,1,CP01-R0873,873,874,9,33.98208031,-1.58208031,0.00000000
FULL_ADDITIVE_LOG_AGE_28,CP01-PROFILE-R0874,1,CP01-R0874,874,875,9,20.00381521,8.62618479,0.00000000
FULL_ADDITIVE_LOG_AGE_28,CP01-PROFILE-R0875,1,CP01-R0875,875,876,9,37.04734419,-0.24734419,0.00000000
FULL_ADDITIVE_LOG_AGE_28,CP01-PROFILE-R0876,1,CP01-R0876,876,877,9,26.19447401,-7.91447401,0.00000000
FULL_ADDITIVE_LOG_AGE_28,CP01-PROFILE-R0877,1,CP01-R0877,877,878,9,28.18008651,4.87991349,0.00000000
FULL_ADDITIVE_LOG_AGE_28,CP01-PROFILE-R0878,1,CP01-R0878,878,879,9,26.70698791,4.71301209,0.00000000
FULL_ADDITIVE_LOG_AGE_28,CP01-PROFILE-R0879,1,CP01-R0879,879,880,9,25.75279981,5.27720019,0.00000000
FULL_ADDITIVE_LOG_AGE_28,CP01-PROFILE-R0880,1,CP01-R0880,880,881,9,44.04179340,0.34820660,0.00000000
FULL_ADDITIVE_LOG_AGE_28,CP01-PROFILE-R0881,1,CP01-R0881,881,882,9,18.77890220,-6.59890220,0.00000000
FULL_ADDITIVE_LOG_AGE_28,CP01-PROFILE-R0882,1,CP01-R0882,882,883,9,32.32260419,-6.76260419,0.00000000
FULL_ADDITIVE_LOG_AGE_28,CP01-PROFILE-R0883,1,CP01-R0883,883,884,9,24.93883386,11.50116614,0.00000000
FULL_ADDITIVE_LOG_AGE_28,CP01-PROFILE-R0884,1,CP01-R0884,884,885,9,35.24463120,-2.28463120,0.00000000
FULL_ADDITIVE_LOG_AGE_28,CP01-PROFILE-R0885,1,CP01-R0885,885,886,9,29.58780622,-5.74780622,0.00000000
FULL_ADDITIVE_LOG_AGE_28,CP01-PROFILE-R0886,1,CP01-R0886,886,887,9,33.17229780,-6.94229780,0.00000000
FULL_ADDITIVE_LOG_AGE_28,CP01-PROFILE-R0887,1,CP01-R0887,887,888,9,25.75214751,-7.80214751,0.00000000
FULL_ADDITIVE_LOG_AGE_28,CP01-PROFILE-R0888,1,CP01-R0888,888,889,9,36.51104148,4.16895852,0.00000000
FULL_ADDITIVE_LOG_AGE_28,CP01-PROFILE-R0889,1,CP01-R0889,889,890,9,26.39308547,-7.38308547,0.00000000
FULL_ADDITIVE_LOG_AGE_28,CP01-PROFILE-R0890,1,CP01-R0890,890,891,9,36.35922340,-2.63922340,0.00000000
FULL_ADDITIVE_LOG_AGE_28,CP01-PROFILE-R0891,1,CP01-R0891,891,892,9,16.74227910,-8.20227910,0.00000000
FULL_ADDITIVE_LOG_AGE_28,CP01-PROFILE-R0892,1,CP01-R0892,892,893,9,26.34176990,-12.88176990,0.00000000
FULL_ADDITIVE_LOG_AGE_28,CP01-PROFILE-R0893,1,CP01-R0893,893,894,9,27.61901875,4.62098125,0.00000000
FULL_ADDITIVE_LOG_AGE_28,CP01-PROFILE-R0894,1,CP01-R0894,894,895,9,27.69982829,-4.17982829,0.00000000
FULL_ADDITIVE_LOG_AGE_28,CP01-PROFILE-R0895,1,CP01-R0895,895,896,9,32.19791635,-2.47791635,0.00000000
FULL_ADDITIVE_LOG_AGE_28,CP01-PROFILE-R0896,1,CP01-R0896,896,897,9,40.11994807,9.65005193,0.00000000
FULL_ADDITIVE_LOG_AGE_28,CP01-PROFILE-R0897,1,CP01-R0897,897,898,9,45.25554433,7.18445567,0.00000000
FULL_ADDITIVE_LOG_AGE_28,CP01-PROFILE-R0898,1,CP01-R0898,898,899,9,40.37839609,0.55160391,0.00000000
FULL_ADDITIVE_LOG_AGE_28,CP01-PROFILE-R0899,1,CP01-R0899,899,900,9,32.45354183,12.40645817,0.00000000
FULL_ADDITIVE_LOG_AGE_28,CP01-PROFILE-R0900,1,CP01-R0900,900,901,9,20.13670388,-6.93670388,0.00000000
FULL_ADDITIVE_LOG_AGE_28,CP01-PROFILE-R0901,1,CP01-R0901,901,902,9,34.30324111,3.12675889,0.00000000
FULL_ADDITIVE_LOG_AGE_28,CP01-PROFILE-R0902,1,CP01-R0902,902,903,9,32.66877537,-2.79877537,0.00000000
FULL_ADDITIVE_LOG_AGE_28,CP01-PROFILE-R0903,1,CP01-R0903,903,904,9,44.65043105,11.95956895,0.00000000
FULL_ADDITIVE_LOG_AGE_28,CP01-PROFILE-R0904,1,CP01-R0904,904,905,9,18.44349070,-5.98349070,0.00000000
FULL_ADDITIVE_LOG_AGE_28,CP01-PROFILE-R0905,1,CP01-R0905,905,906,9,27.23829246,-3.44829246,0.00000000
FULL_ADDITIVE_LOG_AGE_28,CP01-PROFILE-R0906,1,CP01-R0906,906,907,9,21.03594277,-7.74594277,0.00000000
FULL_ADDITIVE_LOG_AGE_28,CP01-PROFILE-R0907,1,CP01-R0907,907,908,9,40.76566424,-1.34566424,0.00000000
FULL_ADDITIVE_LOG_AGE_28,CP01-PROFILE-R0908,1,CP01-R0908,908,909,9,49.98292990,-3.75292990,0.00000000
FULL_ADDITIVE_LOG_AGE_28,CP01-PROFILE-R0909,1,CP01-R0909,909,910,9,54.67934266,-10.15934266,0.00000000
FULL_ADDITIVE_LOG_AGE_28,CP01-PROFILE-R0910,1,CP01-R0910,910,911,9,26.95650688,-3.21650688,0.00000000
FULL_ADDITIVE_LOG_AGE_28,CP01-PROFILE-R0911,1,CP01-R0911,911,912,9,30.51127046,-4.37127046,0.00000000
FULL_ADDITIVE_LOG_AGE_28,CP01-PROFILE-R0912,1,CP01-R0912,912,913,9,24.02999620,-8.50999620,0.00000000
FULL_ADDITIVE_LOG_AGE_28,CP01-PROFILE-R0913,1,CP01-R0913,913,914,9,39.38064752,4.18935248,0.00000000
FULL_ADDITIVE_LOG_AGE_28,CP01-PROFILE-R0914,1,CP01-R0914,914,915,9,38.83542160,-2.97542160,0.00000000
FULL_ADDITIVE_LOG_AGE_28,CP01-PROFILE-R0915,1,CP01-R0915,915,916,9,43.20209084,-2.15209084,0.00000000
FULL_ADDITIVE_LOG_AGE_28,CP01-PROFILE-R0916,1,CP01-R0916,916,917,9,34.74337481,-5.75337481,0.00000000
FULL_ADDITIVE_LOG_AGE_28,CP01-PROFILE-R0917,1,CP01-R0917,917,918,9,36.46718060,9.77281940,0.00000000
FULL_ADDITIVE_LOG_AGE_28,CP01-PROFILE-R0918,1,CP01-R0918,918,919,9,29.57033390,-2.65033390,0.00000000
FULL_ADDITIVE_LOG_AGE_28,CP01-PROFILE-R0919,1,CP01-R0919,919,920,9,18.82049121,-8.28049121,0.00000000
FULL_ADDITIVE_LOG_AGE_28,CP01-PROFILE-R0920,1,CP01-R0920,920,921,9,31.14423585,-6.04423585,0.00000000
FULL_ADDITIVE_LOG_AGE_28,CP01-PROFILE-R0921,1,CP01-R0921,921,922,9,34.58341676,-5.51341676,0.00000000
FULL_ADDITIVE_LOG_AGE_28,CP01-PROFILE-R0922,1,CP01-R0922,922,923,9,19.56474038,-9.82474038,0.00000000
FULL_ADDITIVE_LOG_AGE_28,CP01-PROFILE-R0923,1,CP01-R0923,923,924,9,35.34912456,-1.54912456,0.00000000
FULL_ADDITIVE_LOG_AGE_28,CP01-PROFILE-R0924,1,CP01-R0924,924,925,9,34.33164988,5.50835012,0.00000000
FULL_ADDITIVE_LOG_AGE_28,CP01-PROFILE-R0925,1,CP01-R0925,925,926,9,30.34854415,-3.37854415,0.00000000
FULL_ADDITIVE_LOG_AGE_28,CP01-PROFILE-R0926,1,CP01-R0926,926,927,9,31.90875752,-4.67875752,0.00000000
FULL_ADDITIVE_LOG_AGE_28,CP01-PROFILE-R0927,1,CP01-R0927,927,928,9,37.81745972,-7.16745972,0.00000000
FULL_ADDITIVE_LOG_AGE_28,CP01-PROFILE-R0928,1,CP01-R0928,928,929,9,36.93792629,-3.88792629,0.00000000
FULL_ADDITIVE_LOG_AGE_28,CP01-PROFILE-R0929,1,CP01-R0929,929,930,9,34.26552709,-9.68552709,0.00000000
FULL_ADDITIVE_LOG_AGE_28,CP01-PROFILE-R0930,1,CP01-R0930,930,931,9,27.51561767,-5.60561767,0.00000000
FULL_ADDITIVE_LOG_AGE_28,CP01-PROFILE-R0931,1,CP01-R0931,931,932,9,36.73798436,-5.85798436,0.00000000
FULL_ADDITIVE_LOG_AGE_28,CP01-PROFILE-R0932,1,CP01-R0932,932,933,9,25.14035637,-9.80035637,0.00000000
FULL_ADDITIVE_LOG_AGE_28,CP01-PROFILE-R0933,1,CP01-R0933,933,934,9,28.65942409,-4.31942409,0.00000000
FULL_ADDITIVE_LOG_AGE_28,CP01-PROFILE-R0934,1,CP01-R0934,934,935,9,41.02676644,-17.13676644,0.00000000
FULL_ADDITIVE_LOG_AGE_28,CP01-PROFILE-R0935,1,CP01-R0935,935,936,9,27.47539617,-4.54539617,0.00000000
FULL_ADDITIVE_LOG_AGE_28,CP01-PROFILE-R0936,1,CP01-R0936,936,937,9,30.76832643,-1.35832643,0.00000000
FULL_ADDITIVE_LOG_AGE_28,CP01-PROFILE-R0937,1,CP01-R0937,937,938,9,20.02784563,8.60215437,0.00000000
FULL_ADDITIVE_LOG_AGE_28,CP01-PROFILE-R0938,1,CP01-R0938,938,939,9,37.00937465,-0.20937465,0.00000000
FULL_ADDITIVE_LOG_AGE_28,CP01-PROFILE-R0939,1,CP01-R0939,939,940,9,26.18930234,-7.89930234,0.00000000
FULL_ADDITIVE_LOG_AGE_28,CP01-PROFILE-R0940,1,CP01-R0940,940,941,9,28.20411193,4.51588807,0.00000000
FULL_ADDITIVE_LOG_AGE_28,CP01-PROFILE-R0941,1,CP01-R0941,941,942,9,26.58819536,4.83180464,0.00000000
FULL_ADDITIVE_LOG_AGE_28,CP01-PROFILE-R0942,1,CP01-R0942,942,943,9,25.87524568,3.06475432,0.00000000
FULL_ADDITIVE_LOG_AGE_28,CP01-PROFILE-R0943,1,CP01-R0943,943,944,9,44.03803785,-3.10803785,0.00000000
FULL_ADDITIVE_LOG_AGE_28,CP01-PROFILE-R0944,1,CP01-R0944,944,945,9,18.64752697,-6.46752697,0.00000000
FULL_ADDITIVE_LOG_AGE_28,CP01-PROFILE-R0945,1,CP01-R0945,945,946,9,32.25677205,-6.69677205,0.00000000
FULL_ADDITIVE_LOG_AGE_28,CP01-PROFILE-R0946,1,CP01-R0946,946,947,9,24.92874635,11.51125365,0.00000000
FULL_ADDITIVE_LOG_AGE_28,CP01-PROFILE-R0947,1,CP01-R0947,947,948,9,35.27322319,-2.31322319,0.00000000
FULL_ADDITIVE_LOG_AGE_28,CP01-PROFILE-R0948,1,CP01-R0948,948,949,9,29.58469733,-5.74469733,0.00000000
FULL_ADDITIVE_LOG_AGE_28,CP01-PROFILE-R0949,1,CP01-R0949,949,950,9,33.12631974,-6.89631974,0.00000000
FULL_ADDITIVE_LOG_AGE_28,CP01-PROFILE-R0950,1,CP01-R0950,950,951,9,25.72489691,-7.76489691,0.00000000
FULL_ADDITIVE_LOG_AGE_28,CP01-PROFILE-R0951,1,CP01-R0951,951,952,9,36.58676639,2.04323361,0.00000000
FULL_ADDITIVE_LOG_AGE_28,CP01-PROFILE-R0952,1,CP01-R0952,952,953,9,26.30283456,-7.29283456,0.00000000
FULL_ADDITIVE_LOG_AGE_28,CP01-PROFILE-R0953,1,CP01-R0953,953,954,9,36.23677998,-2.51677998,0.00000000
FULL_ADDITIVE_LOG_AGE_28,CP01-PROFILE-R0954,1,CP01-R0954,954,955,9,16.81304057,-8.27304057,0.00000000
FULL_ADDITIVE_LOG_AGE_28,CP01-PROFILE-R0955,1,CP01-R0955,955,956,9,26.33132396,-12.87132396,0.00000000
FULL_ADDITIVE_LOG_AGE_28,CP01-PROFILE-R0956,1,CP01-R0956,956,957,9,27.53586135,4.71413865,0.00000000
FULL_ADDITIVE_LOG_AGE_28,CP01-PROFILE-R0957,1,CP01-R0957,957,958,9,27.67251339,-4.15251339,0.00000000
FULL_ADDITIVE_LOG_AGE_28,CP01-PROFILE-R0958,1,CP01-R0958,958,959,9,32.33299478,-2.60299478,0.00000000
FULL_ADDITIVE_LOG_AGE_28,CP01-PROFILE-R0959,1,CP01-R0959,959,960,9,40.18347357,9.58652643,0.00000000
FULL_ADDITIVE_LOG_AGE_28,CP01-PROFILE-R0960,1,CP01-R0960,960,961,9,45.19422029,7.25577971,0.00000000
FULL_ADDITIVE_LOG_AGE_28,CP01-PROFILE-R0961,1,CP01-R0961,961,962,9,40.34776599,0.58223401,0.00000000
FULL_ADDITIVE_LOG_AGE_28,CP01-PROFILE-R0962,1,CP01-R0962,962,963,9,32.56916543,12.30083457,0.00000000
FULL_ADDITIVE_LOG_AGE_28,CP01-PROFILE-R0963,1,CP01-R0963,963,964,9,20.10727056,-6.90727056,0.00000000
FULL_ADDITIVE_LOG_AGE_28,CP01-PROFILE-R0964,1,CP01-R0964,964,965,9,34.29565730,3.13434270,0.00000000
FULL_ADDITIVE_LOG_AGE_28,CP01-PROFILE-R0965,1,CP01-R0965,965,966,9,32.73852648,-2.86852648,0.00000000
FULL_ADDITIVE_LOG_AGE_28,CP01-PROFILE-R0966,1,CP01-R0966,966,967,9,44.57182624,12.04817376,0.00000000
FULL_ADDITIVE_LOG_AGE_28,CP01-PROFILE-R0967,1,CP01-R0967,967,968,9,18.37193921,-5.91193921,0.00000000
FULL_ADDITIVE_LOG_AGE_28,CP01-PROFILE-R0968,1,CP01-R0968,968,969,9,27.22641884,-3.43641884,0.00000000
FULL_ADDITIVE_LOG_AGE_28,CP01-PROFILE-R0969,1,CP01-R0969,969,970,9,20.93724868,-7.64724868,0.00000000
FULL_ADDITIVE_LOG_AGE_28,CP01-PROFILE-R0970,1,CP01-R0970,970,971,9,40.90859043,-1.48859043,0.00000000
FULL_ADDITIVE_LOG_AGE_28,CP01-PROFILE-R0971,1,CP01-R0971,971,972,9,50.06032955,-3.83032955,0.00000000
FULL_ADDITIVE_LOG_AGE_28,CP01-PROFILE-R0972,1,CP01-R0972,972,973,9,54.55943928,-10.03943928,0.00000000
FULL_ADDITIVE_LOG_AGE_28,CP01-PROFILE-R0973,1,CP01-R0973,973,974,9,26.91672273,-3.17672273,0.00000000
FULL_ADDITIVE_LOG_AGE_28,CP01-PROFILE-R0974,1,CP01-R0974,974,975,9,30.60953955,-4.45953955,0.00000000
FULL_ADDITIVE_LOG_AGE_28,CP01-PROFILE-R0975,1,CP01-R0975,975,976,9,24.00889081,-8.47889081,0.00000000
FULL_ADDITIVE_LOG_AGE_28,CP01-PROFILE-R0976,1,CP01-R0976,976,977,9,39.40924209,4.17075791,0.00000000
FULL_ADDITIVE_LOG_AGE_28,CP01-PROFILE-R0977,1,CP01-R0977,977,978,9,38.93033250,-3.06033250,0.00000000
FULL_ADDITIVE_LOG_AGE_28,CP01-PROFILE-R0978,1,CP01-R0978,978,979,9,43.16398693,-2.11398693,0.00000000
FULL_ADDITIVE_LOG_AGE_28,CP01-PROFILE-R0979,1,CP01-R0979,979,980,9,34.79784584,-5.80784584,0.00000000
FULL_ADDITIVE_LOG_AGE_28,CP01-PROFILE-R0980,1,CP01-R0980,980,981,9,36.39348620,9.85651380,0.00000000
FULL_ADDITIVE_LOG_AGE_28,CP01-PROFILE-R0981,1,CP01-R0981,981,982,9,29.57042068,-2.65042068,0.00000000
FULL_ADDITIVE_LOG_AGE_28,CP01-PROFILE-R0982,1,CP01-R0982,982,983,9,18.86894315,-8.32894315,0.00000000
FULL_ADDITIVE_LOG_AGE_28,CP01-PROFILE-R0983,1,CP01-R0983,983,984,9,31.08889978,-5.98889978,0.00000000
FULL_ADDITIVE_LOG_AGE_28,CP01-PROFILE-R0984,1,CP01-R0984,984,985,9,34.67427537,-5.60427537,0.00000000
FULL_ADDITIVE_LOG_AGE_28,CP01-PROFILE-R0985,1,CP01-R0985,985,986,9,19.48726994,-9.74726994,0.00000000
FULL_ADDITIVE_LOG_AGE_28,CP01-PROFILE-R0986,1,CP01-R0986,986,987,9,35.48832719,-1.68832719,0.00000000
FULL_ADDITIVE_LOG_AGE_28,CP01-PROFILE-R0987,1,CP01-R0987,987,988,9,33.63580638,3.53419362,0.00000000
FULL_ADDITIVE_LOG_AGE_28,CP01-PROFILE-R0988,1,CP01-R0988,988,989,9,40.31070753,-6.55070753,0.00000000
FULL_ADDITIVE_LOG_AGE_28,CP01-PROFILE-R0989,1,CP01-R0989,989,990,9,23.66143934,-7.16143934,0.00000000
FULL_ADDITIVE_LOG_AGE_28,CP01-PROFILE-R0990,1,CP01-R0990,990,991,9,23.52415640,-3.53415640,0.00000000
FULL_ADDITIVE_LOG_AGE_28,CP01-PROFILE-R0991,1,CP01-R0991,991,992,9,39.47535849,-3.12535849,0.00000000
FULL_ADDITIVE_LOG_AGE_28,CP01-PROFILE-R0992,1,CP01-R0992,992,993,9,52.23406848,-14.01406848,0.00000000
FULL_ADDITIVE_LOG_AGE_28,CP01-PROFILE-R0993,1,CP01-R0993,993,994,9,27.72597958,-12.30597958,0.00000000
FULL_ADDITIVE_LOG_AGE_28,CP01-PROFILE-R0994,1,CP01-R0994,994,995,9,34.59719014,-1.17719014,0.00000000
FULL_ADDITIVE_LOG_AGE_28,CP01-PROFILE-R0995,1,CP01-R0995,995,996,9,34.71646156,4.34353844,0.00000000
FULL_ADDITIVE_LOG_AGE_28,CP01-PROFILE-R0996,1,CP01-R0996,996,997,9,34.69039633,-7.01039633,0.00000000
FULL_ADDITIVE_LOG_AGE_28,CP01-PROFILE-R0997,1,CP01-R0997,997,998,9,29.21957320,-2.35957320,0.00000000
FULL_ADDITIVE_LOG_AGE_28,CP01-PROFILE-R0998,1,CP01-R0998,998,999,9,45.60768832,-0.30768832,0.00000000
FULL_ADDITIVE_LOG_AGE_28,CP01-PROFILE-R0999,1,CP01-R0999,999,1000,9,31.89963462,-1.77963462,0.00000000
FULL_ADDITIVE_LOG_AGE_28,CP01-PROFILE-R1000,1,CP01-R1000,1000,1001,9,26.54631818,-10.97631818,0.00000000
FULL_ADDITIVE_LOG_AGE_28,CP01-PROFILE-R1001,1,CP01-R1001,1001,1002,9,35.65525299,8.95474701,0.00000000
FULL_ADDITIVE_LOG_AGE_28,CP01-PROFILE-R1002,1,CP01-R1002,1002,1003,9,42.13254936,11.38745064,0.00000000
FULL_ADDITIVE_LOG_AGE_28,CP01-PROFILE-R1003,1,CP01-R1003,1003,1004,9,43.60921653,13.61078347,0.00000000
FULL_ADDITIVE_LOG_AGE_28,CP01-PROFILE-R1004,1,CP01-R1004,1004,1005,9,50.39990202,15.51009798,0.00000000
FULL_ADDITIVE_LOG_AGE_28,CP01-PROFILE-R1005,1,CP01-R1005,1005,1006,9,46.09774837,6.73225163,0.00000000
FULL_ADDITIVE_LOG_AGE_28,CP01-PROFILE-R1006,1,CP01-R1006,1006,1007,9,34.38896676,-0.98896676,0.00000000
FULL_ADDITIVE_LOG_AGE_28,CP01-PROFILE-R1007,1,CP01-R1007,1007,1008,9,22.65202416,-4.62202416,0.00000000
FULL_ADDITIVE_LOG_AGE_28,CP01-PROFILE-R1008,1,CP01-R1008,1008,1009,9,34.28267156,3.07732844,0.00000000
FULL_ADDITIVE_LOG_AGE_28,CP01-PROFILE-R1009,1,CP01-R1009,1009,1010,9,34.12547081,1.18452919,0.00000000
FULL_ADDITIVE_LOG_AGE_28,CP01-PROFILE-R1010,1,CP01-R1010,1010,1011,9,34.01262748,8.62737252,0.00000000
FULL_ADDITIVE_LOG_AGE_28,CP01-PROFILE-R1011,1,CP01-R1011,1011,1012,9,32.07767648,7.98232352,0.00000000
FULL_ADDITIVE_LOG_AGE_28,CP01-PROFILE-R1012,1,CP01-R1012,1012,1013,9,41.99918632,1.80081368,0.00000000
FULL_ADDITIVE_LOG_AGE_28,CP01-PROFILE-R1013,1,CP01-R1013,1013,1014,9,47.99977885,13.24022115,0.00000000
FULL_ADDITIVE_LOG_AGE_28,CP01-PROFILE-R1014,1,CP01-R1014,1014,1015,9,41.18281639,-0.31281639,0.00000000
FULL_ADDITIVE_LOG_AGE_28,CP01-PROFILE-R1015,1,CP01-R1015,1015,1016,9,38.42412145,-5.11412145,0.00000000
FULL_ADDITIVE_LOG_AGE_28,CP01-PROFILE-R1016,1,CP01-R1016,1016,1017,9,43.13645422,9.29354578,0.00000000
FULL_ADDITIVE_LOG_AGE_28,CP01-PROFILE-R1017,1,CP01-R1017,1017,1018,9,26.56681766,-11.47681766,0.00000000
FULL_ADDITIVE_LOG_AGE_28,CP01-PROFILE-R1018,1,CP01-R1018,1018,1019,9,39.51673643,-1.05673643,0.00000000
FULL_ADDITIVE_LOG_AGE_28,CP01-PROFILE-R1019,1,CP01-R1019,1019,1020,9,38.77905432,-1.50905432,0.00000000
FULL_ADDITIVE_LOG_AGE_28,CP01-PROFILE-R1020,1,CP01-R1020,1020,1021,9,20.86199549,14.36800451,0.00000000
FULL_ADDITIVE_LOG_AGE_28,CP01-PROFILE-R1021,1,CP01-R1021,1021,1022,9,39.30416400,2.83583600,0.00000000
FULL_ADDITIVE_LOG_AGE_28,CP01-PROFILE-R1022,1,CP01-R1022,1022,1023,9,29.09558850,2.78441150,0.00000000
FULL_ADDITIVE_LOG_AGE_28,CP01-PROFILE-R1023,1,CP01-R1023,1023,1024,9,36.96796869,4.57203131,0.00000000
FULL_ADDITIVE_LOG_AGE_28,CP01-PROFILE-R1024,1,CP01-R1024,1024,1025,9,37.79302952,1.66697048,0.00000000
FULL_ADDITIVE_LOG_AGE_28,CP01-PROFILE-R1025,1,CP01-R1025,1025,1026,9,37.25766561,0.66233439,0.00000000
FULL_ADDITIVE_LOG_AGE_28,CP01-PROFILE-R1026,1,CP01-R1026,1026,1027,9,42.24925647,2.03074353,0.00000000
FULL_ADDITIVE_LOG_AGE_28,CP01-PROFILE-R1027,1,CP01-R1027,1027,1028,9,35.54484820,-4.36484820,0.00000000
FULL_ADDITIVE_LOG_AGE_28,CP01-PROFILE-R1028,1,CP01-R1028,1028,1029,9,28.53279970,-4.83279970,0.00000000
FULL_ADDITIVE_LOG_AGE_28,CP01-PROFILE-R1029,1,CP01-R1029,1029,1030,9,31.18677345,1.58322655,0.00000000
FULL_ADDITIVE_LOG_AGE_28,CP01-PROFILE-R1030,1,CP01-R1030,1030,1031,9,34.09178792,-1.69178792,0.00000000
